customer_id,segment,years_with_kite,policies_held,auto_renew,switches_last_3_years,comparison_quotes_last_renewal,days_letter_to_action,support_contacts_per_year,claims_last_5_years,premium_annual_eur,contents_sum_insured_eur,age_band,region,home_type,works_from_home
K-10000,Switcher,1,1,no,3,3,3,0,0,404,31000,65+,Ulster,semi-detached,no
K-10001,Payer,3,1,yes,0,0,12,0,0,526,49000,55-64,Dublin,detached,no
K-10002,Payer,2,1,yes,0,0,16,0,2,472,33000,45-54,Dublin,semi-detached,yes
K-10003,Switcher,1,1,no,3,4,5,2,0,386,35000,65+,Rest of Leinster,terrace,no
K-10004,Juggler,3,4,yes,0,2,9,1,0,1484,35500,45-54,Dublin,terrace,no
K-10005,Payer,4,1,yes,0,0,26,0,0,671,54000,65+,Rest of Leinster,detached,no
K-10006,Payer,4,2,yes,0,0,23,1,0,397,23500,55-64,Dublin,apartment,no
K-10007,Payer,1,1,yes,0,0,17,0,1,456,36500,25-34,Dublin,bungalow,no
K-10008,Switcher,1,1,no,2,4,1,0,0,264,25500,65+,Dublin,apartment,no
K-10009,Payer,4,1,yes,0,0,27,1,0,405,26500,25-34,Rest of Leinster,terrace,yes
K-10010,Juggler,3,3,no,1,2,7,1,0,1338,45000,35-44,Connacht,detached,yes
K-10011,Juggler,3,4,no,2,1,8,4,0,1457,34500,35-44,Munster,semi-detached,yes
K-10012,Switcher,4,1,no,1,3,4,0,1,336,32000,25-34,Connacht,terrace,yes
K-10013,Payer,3,1,yes,0,0,11,0,0,349,27500,45-54,Dublin,apartment,no
K-10014,Switcher,1,2,yes,2,3,3,1,0,370,36500,35-44,Dublin,terrace,yes
K-10015,Juggler,1,2,no,0,1,6,2,0,992,41500,25-34,Rest of Leinster,detached,yes
K-10016,Juggler,1,2,no,2,2,2,3,0,537,23000,55-64,Munster,apartment,no
K-10017,Switcher,2,1,no,3,3,3,0,0,416,40500,35-44,Rest of Leinster,semi-detached,no
K-10018,Juggler,1,2,no,0,2,7,2,0,632,31000,35-44,Dublin,terrace,no
K-10019,Switcher,1,1,no,3,2,5,1,0,395,29500,45-54,Munster,terrace,yes
K-10020,Switcher,1,1,yes,3,5,3,2,0,400,36500,45-54,Rest of Leinster,semi-detached,no
K-10021,Payer,2,1,yes,0,0,18,0,0,371,33000,55-64,Dublin,terrace,no
K-10022,Switcher,1,1,no,2,5,5,0,0,366,25500,45-54,Rest of Leinster,terrace,no
K-10023,Juggler,4,2,yes,1,1,7,2,0,819,41000,35-44,Munster,semi-detached,yes
K-10024,Juggler,3,2,no,1,1,11,1,0,688,31500,55-64,Dublin,semi-detached,no
K-10025,Payer,3,1,yes,0,0,18,0,0,470,28000,35-44,Connacht,terrace,
K-10026,Juggler,4,3,yes,0,1,12,1,0,1043,40500,35-44,Rest of Leinster,bungalow,yes
K-10027,Payer,2,1,yes,0,0,5,0,0,534,40500,55-64,Rest of Leinster,detached,
K-10028,Switcher,4,1,yes,2,3,3,0,0,482,46500,55-64,Munster,detached,no
K-10029,Payer,4,1,yes,0,0,20,2,0,364,29500,65+,Dublin,apartment,no
K-10030,Payer,3,1,yes,0,0,8,2,0,329,22000,65+,Rest of Leinster,apartment,no
K-10031,Switcher,1,1,no,3,5,4,1,0,328,27000,55-64,Rest of Leinster,terrace,no
K-10032,Juggler,4,2,no,2,1,13,2,0,690,44000,35-44,Connacht,semi-detached,yes
K-10033,Payer,3,1,yes,0,0,7,1,0,465,30500,35-44,Dublin,semi-detached,yes
K-10034,Juggler,2,3,yes,1,2,9,2,0,1016,33500,45-54,Dublin,semi-detached,no
K-10035,Payer,3,1,yes,0,1,14,0,0,423,31000,35-44,Connacht,terrace,yes
K-10036,Juggler,2,4,no,1,1,9,0,0,1749,44000,35-44,Dublin,detached,yes
K-10037,Switcher,1,1,no,3,4,8,1,0,431,50000,45-54,Rest of Leinster,detached,no
K-10038,Payer,1,1,yes,0,0,5,0,0,455,36000,45-54,Dublin,semi-detached,no
K-10039,Switcher,1,1,no,2,3,5,1,0,356,34500,25-34,Dublin,semi-detached,no
K-10040,Payer,1,1,yes,0,0,5,1,2,370,21000,65+,Rest of Leinster,apartment,no
K-10041,Payer,4,1,yes,0,0,13,0,0,489,43500,45-54,Dublin,semi-detached,yes
K-10042,Payer,3,2,yes,0,0,19,0,0,634,56000,45-54,Connacht,detached,
K-10043,Juggler,2,3,no,2,1,10,1,0,904,25000,35-44,Munster,apartment,no
K-10044,Juggler,1,2,yes,1,2,3,1,0,951,49000,35-44,Dublin,detached,no
K-10045,Payer,3,1,yes,0,1,10,0,0,516,36000,35-44,Connacht,semi-detached,yes
K-10046,Payer,2,2,yes,0,1,13,1,0,427,38000,65+,Dublin,semi-detached,no
K-10047,Payer,4,1,yes,0,0,16,1,0,560,43000,45-54,Rest of Leinster,semi-detached,yes
K-10048,Switcher,2,1,no,2,4,3,0,0,491,46000,35-44,Rest of Leinster,detached,yes
K-10049,Switcher,4,1,no,2,2,4,1,1,360,32000,55-64,Connacht,semi-detached,no
K-10050,Payer,3,1,yes,0,0,25,1,0,456,38000,45-54,Dublin,semi-detached,yes
K-10051,Juggler,1,3,no,1,0,8,2,0,1077,39000,25-34,Connacht,bungalow,no
K-10052,Juggler,3,3,no,0,1,9,0,0,963,25000,65+,Dublin,apartment,no
K-10053,Payer,4,1,yes,0,0,5,0,0,488,43000,45-54,Munster,semi-detached,
K-10054,Switcher,4,1,no,2,2,2,0,0,478,44500,25-34,Connacht,detached,yes
K-10055,Payer,1,2,yes,0,0,12,1,0,420,39000,35-44,Rest of Leinster,semi-detached,yes
K-10056,Juggler,2,3,no,0,0,10,1,0,936,24000,25-34,Connacht,apartment,no
K-10057,Juggler,2,2,no,0,1,13,3,0,651,28500,25-34,Rest of Leinster,terrace,no
K-10058,Switcher,2,1,no,2,4,4,1,0,408,30000,55-64,Rest of Leinster,semi-detached,yes
K-10059,Juggler,3,2,yes,1,2,10,0,2,671,36500,65+,Dublin,semi-detached,no
K-10060,Payer,3,1,yes,0,0,19,0,0,527,34500,35-44,Munster,semi-detached,
K-10061,Switcher,1,1,no,2,5,3,0,0,394,28000,45-54,Connacht,semi-detached,no
K-10062,Switcher,2,1,no,2,3,6,0,0,267,22500,25-34,Dublin,apartment,no
K-10063,Switcher,1,1,no,2,3,5,1,0,354,37500,25-34,Rest of Leinster,semi-detached,yes
K-10064,Switcher,1,1,no,3,3,5,0,1,355,27500,45-54,Dublin,terrace,no
K-10065,Switcher,2,1,no,2,4,3,1,0,269,22500,35-44,Munster,apartment,no
K-10066,Payer,2,1,yes,0,0,14,1,0,519,53000,35-44,Rest of Leinster,detached,yes
K-10067,Payer,4,2,yes,0,0,21,1,0,604,36500,65+,Ulster,detached,no
K-10068,Switcher,3,1,no,2,2,4,1,0,425,31500,45-54,Munster,semi-detached,yes
K-10069,Payer,4,1,yes,0,1,18,1,0,533,34500,65+,Munster,semi-detached,no
K-10070,Juggler,2,2,yes,2,1,8,2,0,935,45000,45-54,Rest of Leinster,detached,no
K-10071,Payer,3,2,yes,0,1,14,1,0,343,22500,35-44,Dublin,apartment,no
K-10072,Switcher,2,2,yes,3,3,8,0,0,357,34500,25-34,Dublin,terrace,no
K-10073,Switcher,4,1,no,2,4,5,0,2,432,37500,65+,Rest of Leinster,semi-detached,no
K-10074,Juggler,2,2,no,2,2,10,2,1,706,32000,35-44,Ulster,terrace,yes
K-10075,Switcher,1,2,no,2,4,2,0,0,397,35500,25-34,Rest of Leinster,semi-detached,yes
K-10076,Switcher,4,1,no,1,4,4,0,0,416,32500,55-64,Dublin,semi-detached,no
K-10077,Payer,3,1,yes,0,0,17,0,0,662,45000,25-34,Dublin,detached,yes
K-10078,Payer,3,1,yes,0,1,12,0,0,462,25500,65+,Ulster,terrace,
K-10079,Switcher,1,1,no,1,3,3,2,0,313,26000,35-44,Rest of Leinster,terrace,yes
K-10080,Switcher,1,1,no,2,4,4,0,0,361,34500,45-54,Ulster,terrace,yes
K-10081,Payer,4,2,yes,0,1,12,1,0,340,22500,35-44,Rest of Leinster,apartment,no
K-10082,Payer,3,1,yes,0,0,21,0,1,447,39500,35-44,Connacht,semi-detached,
K-10083,Switcher,2,1,no,1,4,4,0,0,338,30000,45-54,Dublin,terrace,no
K-10084,Juggler,2,2,no,2,1,12,4,0,787,35500,25-34,Rest of Leinster,semi-detached,yes
K-10085,Switcher,1,1,no,1,5,2,0,0,430,37000,25-34,Munster,semi-detached,no
K-10086,Juggler,2,2,no,0,3,12,4,0,744,36000,65+,Dublin,bungalow,no
K-10087,Juggler,4,3,no,1,2,9,2,1,836,21000,25-34,Connacht,apartment,no
K-10088,Payer,4,1,yes,0,0,11,0,2,536,42000,35-44,Munster,semi-detached,
K-10089,Switcher,2,1,yes,3,4,2,0,0,479,45000,35-44,Rest of Leinster,detached,yes
K-10090,Switcher,1,1,no,1,4,1,0,0,263,26500,45-54,Dublin,apartment,no
K-10091,Juggler,3,2,yes,0,2,12,1,0,714,37000,35-44,Dublin,bungalow,no
K-10092,Payer,3,2,yes,0,0,8,1,0,587,56500,45-54,Rest of Leinster,detached,yes
K-10093,Switcher,3,1,no,3,5,5,0,1,436,35000,25-34,Ulster,semi-detached,no
K-10094,Payer,2,1,yes,0,1,12,1,0,361,23500,25-34,Ulster,apartment,
K-10095,Payer,3,1,yes,0,0,16,0,0,386,36000,45-54,Dublin,terrace,
K-10096,Payer,4,1,no,1,0,13,0,1,553,38500,45-54,Connacht,semi-detached,no
K-10097,Switcher,2,1,no,2,5,4,0,0,279,30000,45-54,Munster,apartment,no
K-10098,Switcher,4,1,no,2,4,4,0,0,386,30000,55-64,Connacht,terrace,no
K-10099,Switcher,2,1,no,1,5,8,0,0,408,40500,35-44,Dublin,semi-detached,yes
K-10100,Payer,3,1,yes,0,0,20,0,0,527,33000,35-44,Munster,semi-detached,no
K-10101,Payer,3,2,yes,0,0,23,1,0,387,29500,55-64,Rest of Leinster,terrace,no
K-10102,Payer,2,1,yes,0,0,12,0,0,553,40500,45-54,Dublin,detached,yes
K-10103,Payer,3,1,yes,0,0,14,1,0,341,27500,55-64,Dublin,apartment,no
K-10104,Switcher,3,2,no,2,5,3,2,1,269,21500,25-34,Ulster,apartment,no
K-10105,Payer,4,1,yes,0,0,16,0,0,488,29500,35-44,Dublin,bungalow,yes
K-10106,Switcher,3,1,no,2,4,6,0,0,386,29000,45-54,Connacht,bungalow,no
K-10107,Switcher,2,1,no,1,3,4,1,0,440,40000,35-44,Dublin,detached,yes
K-10108,Switcher,1,1,no,2,4,2,0,2,370,31000,45-54,Munster,semi-detached,no
K-10109,Juggler,1,2,no,0,1,9,3,1,690,39000,45-54,Dublin,bungalow,
K-10110,Switcher,4,1,no,1,5,5,0,1,353,39000,45-54,Munster,bungalow,no
K-10111,Juggler,2,4,no,0,3,12,1,0,1654,46500,45-54,Munster,detached,yes
K-10112,Payer,3,1,yes,0,0,8,0,0,383,30000,25-34,Rest of Leinster,apartment,
K-10113,Payer,4,1,yes,0,0,9,1,0,593,47000,45-54,Dublin,detached,no
K-10114,Switcher,1,1,no,2,2,4,0,0,403,38500,35-44,Ulster,semi-detached,yes
K-10115,Switcher,4,1,no,3,2,5,0,0,411,41000,45-54,Connacht,semi-detached,no
K-10116,Juggler,4,3,no,2,2,14,2,1,1122,33500,25-34,Munster,semi-detached,no
K-10117,Payer,3,1,yes,0,0,6,0,0,470,32000,55-64,Rest of Leinster,semi-detached,
K-10118,Payer,4,1,yes,0,0,24,0,0,514,38500,35-44,Ulster,semi-detached,no
K-10119,Switcher,1,1,no,2,5,2,1,0,368,35500,55-64,Rest of Leinster,semi-detached,
K-10120,Switcher,1,1,no,1,4,3,0,0,351,36500,45-54,Munster,semi-detached,no
K-10121,Switcher,2,1,no,3,3,5,0,0,374,38000,45-54,Dublin,semi-detached,no
K-10122,Switcher,1,1,no,2,5,7,0,0,429,31500,35-44,Rest of Leinster,semi-detached,no
K-10123,Payer,4,1,yes,0,0,20,1,0,669,37500,25-34,Dublin,detached,
K-10124,Payer,3,2,yes,0,0,10,1,0,352,29500,25-34,Dublin,apartment,no
K-10125,Juggler,3,3,no,0,0,12,1,0,931,30500,45-54,Connacht,apartment,yes
K-10126,Payer,4,1,no,0,1,19,1,0,497,33000,45-54,Munster,terrace,no
K-10127,Switcher,4,1,no,1,5,3,1,0,349,31500,35-44,Dublin,semi-detached,yes
K-10128,Juggler,1,2,yes,1,1,3,1,1,976,51500,35-44,Dublin,detached,no
K-10129,Payer,3,2,yes,0,0,22,1,0,343,26500,65+,Munster,apartment,no
K-10130,Payer,4,1,yes,0,0,15,0,0,428,29500,55-64,Munster,terrace,yes
K-10131,Payer,4,1,yes,0,0,13,1,1,476,26500,25-34,Connacht,terrace,
K-10132,Payer,1,1,yes,0,1,20,0,0,519,51500,35-44,Munster,detached,yes
K-10133,Switcher,2,1,no,2,4,2,2,0,357,40000,35-44,Rest of Leinster,semi-detached,yes
K-10134,Juggler,3,4,no,2,2,2,3,0,1533,41500,35-44,Rest of Leinster,semi-detached,yes
K-10135,Juggler,1,3,yes,1,2,11,2,1,904,29000,45-54,Rest of Leinster,terrace,yes
K-10136,Juggler,1,4,yes,0,2,4,2,0,1770,50000,45-54,Connacht,detached,yes
K-10137,Juggler,4,4,yes,2,0,11,2,0,2000,51000,35-44,Dublin,detached,
K-10138,Payer,1,1,yes,0,1,21,1,0,449,31000,25-34,Connacht,semi-detached,yes
K-10139,Payer,4,1,yes,0,0,14,0,0,489,37500,35-44,Rest of Leinster,semi-detached,
K-10140,Switcher,3,1,no,3,5,7,0,0,426,31500,35-44,Connacht,semi-detached,yes
K-10141,Juggler,4,3,no,0,1,6,4,1,905,35000,45-54,Dublin,terrace,yes
K-10142,Payer,4,1,yes,0,0,8,1,0,419,24500,25-34,Dublin,terrace,no
K-10143,Switcher,1,1,yes,3,4,2,0,0,401,32500,65+,Dublin,semi-detached,no
K-10144,Payer,4,1,yes,0,0,23,0,0,663,53000,25-34,Munster,detached,
K-10145,Payer,2,1,yes,0,0,19,0,0,472,34000,25-34,Rest of Leinster,semi-detached,
K-10146,Switcher,2,1,no,2,3,4,1,0,289,24000,25-34,Munster,apartment,yes
K-10147,Switcher,1,1,no,3,2,6,0,0,414,42500,35-44,Munster,semi-detached,yes
K-10148,Payer,2,1,yes,0,0,10,1,1,460,40000,55-64,Munster,semi-detached,no
K-10149,Switcher,1,1,no,2,2,3,1,1,360,41000,35-44,Dublin,semi-detached,yes
K-10150,Payer,4,1,no,1,0,22,1,0,462,35000,35-44,Dublin,terrace,yes
K-10151,Payer,3,1,yes,0,0,17,0,0,328,21000,35-44,Munster,apartment,no
K-10152,Switcher,3,1,no,1,5,1,0,0,348,28000,35-44,Dublin,semi-detached,no
K-10153,Juggler,2,2,no,0,1,4,0,0,707,35500,45-54,Connacht,semi-detached,no
K-10154,Payer,2,1,yes,0,0,19,1,1,521,38500,45-54,Connacht,detached,no
K-10155,Payer,3,1,yes,0,0,20,0,0,454,30500,35-44,Munster,semi-detached,
K-10156,Juggler,1,3,no,1,2,11,3,1,1537,40500,45-54,Rest of Leinster,detached,yes
K-10157,Payer,1,1,yes,0,0,5,0,1,443,32000,45-54,Rest of Leinster,semi-detached,no
K-10158,Switcher,1,1,no,2,3,6,0,0,386,36500,65+,Rest of Leinster,semi-detached,no
K-10159,Juggler,2,3,no,0,1,6,3,1,920,24000,45-54,Munster,apartment,no
K-10160,Payer,3,1,yes,0,0,17,1,0,469,29000,45-54,Ulster,terrace,no
K-10161,Switcher,1,1,no,3,2,6,0,0,412,42500,55-64,Munster,semi-detached,yes
K-10162,Juggler,1,2,no,0,3,7,1,0,623,29500,25-34,Dublin,terrace,no
K-10163,Payer,2,1,yes,0,1,16,1,0,604,52000,35-44,Ulster,detached,yes
K-10164,Juggler,2,3,no,1,0,9,0,0,819,29000,45-54,Dublin,apartment,no
K-10165,Payer,4,2,yes,0,0,10,0,0,521,35000,35-44,Connacht,bungalow,
K-10166,Switcher,2,1,no,2,3,5,0,0,428,33500,65+,Munster,semi-detached,no
K-10167,Switcher,3,1,no,1,3,2,0,1,455,36500,55-64,Munster,detached,no
K-10168,Payer,2,1,yes,1,1,7,0,0,379,37000,25-34,Munster,terrace,yes
K-10169,Switcher,1,1,no,1,3,2,0,0,388,30000,45-54,Rest of Leinster,semi-detached,yes
K-10170,Payer,4,1,yes,0,0,21,0,0,496,39500,45-54,Rest of Leinster,semi-detached,yes
K-10171,Juggler,2,2,no,2,2,6,1,0,556,28500,45-54,Dublin,apartment,no
K-10172,Switcher,2,1,no,3,4,3,0,0,383,43500,35-44,Connacht,semi-detached,yes
K-10173,Payer,1,1,yes,0,0,20,0,0,546,40000,25-34,Connacht,detached,no
K-10174,Payer,4,1,yes,0,1,21,1,0,506,32500,45-54,Dublin,terrace,no
K-10175,Payer,3,2,yes,0,0,27,0,0,384,30000,25-34,Connacht,apartment,yes
K-10176,Juggler,1,4,no,1,0,10,3,0,1741,42500,35-44,Dublin,detached,yes
K-10177,Switcher,2,1,no,2,3,4,1,0,294,28500,45-54,Connacht,apartment,no
K-10178,Juggler,4,3,no,2,3,3,2,1,881,24000,55-64,Rest of Leinster,apartment,no
K-10179,Switcher,3,1,no,3,4,6,0,0,447,40000,55-64,Connacht,bungalow,no
K-10180,Payer,4,1,yes,0,0,10,0,0,587,42500,35-44,Ulster,detached,
K-10181,Payer,4,1,yes,0,0,19,0,0,411,26000,55-64,Dublin,apartment,
K-10182,Payer,2,1,yes,0,1,15,2,0,569,49500,35-44,Rest of Leinster,detached,yes
K-10183,Payer,2,1,yes,0,0,22,0,0,378,25000,65+,Dublin,terrace,no
K-10184,Switcher,3,1,yes,1,3,3,0,0,427,32500,65+,Rest of Leinster,semi-detached,no
K-10185,Payer,4,2,no,0,0,16,1,0,508,25000,35-44,Munster,terrace,no
K-10186,Switcher,1,1,no,2,5,4,1,0,398,35500,55-64,Munster,semi-detached,no
K-10187,Switcher,1,1,no,1,4,5,0,0,410,37000,55-64,Connacht,semi-detached,yes
K-10188,Payer,1,2,no,0,0,20,0,1,427,30000,45-54,Rest of Leinster,bungalow,no
K-10189,Switcher,2,1,no,1,3,5,2,0,510,41000,35-44,Dublin,detached,no
K-10190,Switcher,2,1,no,2,4,3,0,0,494,52000,65+,Connacht,detached,no
K-10191,Juggler,2,2,no,2,1,12,4,0,709,37000,45-54,Rest of Leinster,bungalow,no
K-10192,Payer,4,1,yes,0,0,20,0,1,572,37000,65+,Munster,bungalow,
K-10193,Payer,4,2,yes,0,0,12,2,0,512,34500,25-34,Munster,semi-detached,yes
K-10194,Switcher,1,1,no,1,4,1,0,0,400,35500,35-44,Dublin,bungalow,yes
K-10195,Switcher,2,1,no,3,3,1,0,0,416,39500,45-54,Rest of Leinster,bungalow,no
K-10196,Juggler,1,4,no,1,2,10,3,1,1032,26000,35-44,Munster,apartment,no
K-10197,Juggler,4,2,yes,1,1,21,0,0,1022,46000,55-64,Rest of Leinster,detached,yes
K-10198,Switcher,1,2,no,3,4,3,1,0,410,41000,45-54,Munster,semi-detached,no
K-10199,Payer,2,1,no,0,0,18,1,0,511,56000,25-34,Rest of Leinster,detached,
K-10200,Switcher,1,1,no,1,3,5,1,0,481,37500,35-44,Dublin,detached,no
K-10201,Switcher,1,1,no,3,3,4,0,0,372,35000,35-44,Connacht,terrace,
K-10202,Switcher,3,1,no,3,2,6,1,1,430,29000,25-34,Connacht,semi-detached,no
K-10203,Payer,2,1,yes,0,0,32,0,1,420,39500,45-54,Rest of Leinster,semi-detached,yes
K-10204,Juggler,1,3,no,1,2,10,0,0,1331,44500,45-54,Munster,detached,yes
K-10205,Juggler,4,3,no,2,2,9,1,0,1272,49000,45-54,Ulster,detached,
K-10206,Switcher,1,1,no,2,5,4,1,0,469,44000,55-64,Connacht,detached,yes
K-10207,Switcher,1,1,no,1,3,6,1,0,294,25000,25-34,Dublin,apartment,no
K-10208,Payer,3,2,yes,0,0,6,0,1,458,24000,45-54,Munster,terrace,no
K-10209,Juggler,2,2,yes,1,2,8,0,0,868,51500,35-44,Munster,detached,yes
K-10210,Payer,3,1,yes,0,1,18,0,0,517,37000,35-44,Munster,bungalow,no
K-10211,Payer,4,1,no,0,1,12,1,0,356,28000,65+,Dublin,apartment,no
K-10212,Switcher,2,1,no,1,5,7,0,0,319,35500,35-44,Connacht,terrace,no
K-10213,Switcher,1,1,no,2,3,6,1,0,325,27500,65+,Munster,terrace,no
K-10214,Switcher,1,1,no,3,5,5,0,1,376,39000,35-44,Ulster,semi-detached,no
K-10215,Switcher,2,1,no,2,4,10,0,0,485,51000,35-44,Rest of Leinster,detached,yes
K-10216,Payer,2,2,no,0,0,10,0,0,464,31000,25-34,Connacht,terrace,yes
K-10217,Juggler,3,2,yes,1,1,12,1,0,569,23500,45-54,Connacht,apartment,no
K-10218,Payer,2,1,yes,0,0,15,1,0,499,28000,45-54,Dublin,semi-detached,no
K-10219,Juggler,4,3,no,0,1,13,1,1,1415,43000,25-34,Dublin,detached,no
K-10220,Switcher,2,2,no,1,4,6,0,2,350,38500,35-44,Connacht,semi-detached,yes
K-10221,Payer,3,1,yes,0,1,15,2,0,515,31500,45-54,Munster,semi-detached,no
K-10222,Payer,4,1,yes,1,0,12,1,0,486,35500,45-54,Munster,terrace,
K-10223,Juggler,2,3,no,2,3,13,3,0,1166,38000,35-44,Munster,semi-detached,no
K-10224,Payer,4,1,yes,0,0,11,0,0,547,35000,35-44,Rest of Leinster,bungalow,
K-10225,Switcher,3,1,no,3,4,5,0,0,429,39500,45-54,Dublin,semi-detached,no
K-10226,Switcher,3,1,no,2,3,4,1,0,387,33500,55-64,Munster,terrace,no
K-10227,Juggler,2,4,yes,0,2,7,1,1,1663,30000,35-44,Munster,semi-detached,no
K-10228,Payer,2,1,yes,0,0,11,1,0,327,24500,55-64,Rest of Leinster,apartment,no
K-10229,Switcher,1,1,no,2,4,2,0,0,504,38000,35-44,Rest of Leinster,detached,yes
K-10230,Payer,4,1,yes,0,1,13,1,0,535,28000,55-64,Connacht,semi-detached,
K-10231,Juggler,2,3,yes,1,1,9,3,0,1273,56000,35-44,Dublin,detached,yes
K-10232,Payer,2,2,yes,0,0,23,0,0,429,25500,45-54,Munster,terrace,no
K-10233,Payer,4,1,yes,0,0,20,2,0,420,21500,35-44,Rest of Leinster,apartment,
K-10234,Payer,3,1,yes,0,0,19,0,0,571,40000,65+,Rest of Leinster,detached,no
K-10235,Payer,4,1,yes,0,0,19,0,1,484,36500,45-54,Dublin,semi-detached,no
K-10236,Juggler,2,3,no,1,2,8,1,0,1038,36000,35-44,Rest of Leinster,semi-detached,yes
K-10237,Payer,2,1,yes,0,1,11,0,0,429,28000,35-44,Connacht,semi-detached,no
K-10238,Switcher,1,1,no,2,2,6,0,0,417,35000,35-44,Dublin,semi-detached,yes
K-10239,Payer,4,1,yes,0,0,15,0,2,406,30500,35-44,Connacht,terrace,
K-10240,Payer,2,2,yes,0,0,7,0,0,506,44500,35-44,Rest of Leinster,detached,yes
K-10241,Switcher,3,2,no,1,4,3,0,0,370,39500,35-44,Rest of Leinster,semi-detached,yes
K-10242,Juggler,1,3,no,1,1,9,2,0,1189,32000,35-44,Dublin,semi-detached,no
K-10243,Switcher,1,1,no,2,4,1,0,0,302,29500,45-54,Rest of Leinster,apartment,no
K-10244,Payer,4,1,yes,0,0,11,2,1,557,43500,25-34,Rest of Leinster,semi-detached,
K-10245,Switcher,1,1,no,2,4,5,0,0,285,27500,45-54,Munster,apartment,yes
K-10246,Payer,2,1,yes,0,0,13,0,1,577,42500,45-54,Munster,detached,yes
K-10247,Switcher,2,1,no,3,3,2,0,0,411,30000,35-44,Connacht,semi-detached,yes
K-10248,Switcher,2,2,no,2,5,3,0,0,347,32500,55-64,Munster,semi-detached,yes
K-10249,Switcher,1,1,no,2,5,4,0,0,525,49000,35-44,Munster,detached,yes
K-10250,Payer,4,1,yes,1,1,19,1,1,524,33000,45-54,Rest of Leinster,semi-detached,
K-10251,Switcher,4,1,no,2,3,6,2,0,441,44500,35-44,Connacht,detached,yes
K-10252,Payer,2,1,no,0,0,12,0,0,338,27500,55-64,Rest of Leinster,apartment,yes
K-10253,Switcher,2,1,no,1,3,3,0,0,530,54000,65+,Munster,detached,
K-10254,Payer,4,1,yes,0,0,18,2,0,428,28500,55-64,Dublin,terrace,
K-10255,Payer,2,1,yes,1,0,15,0,0,438,42500,35-44,Rest of Leinster,semi-detached,
K-10256,Juggler,3,3,yes,0,2,4,2,0,1060,34500,35-44,Munster,semi-detached,yes
K-10257,Juggler,2,3,yes,1,1,10,2,1,1198,36500,35-44,Rest of Leinster,semi-detached,yes
K-10258,Switcher,2,1,no,2,4,5,2,1,358,39500,45-54,Munster,semi-detached,no
K-10259,Juggler,2,2,no,2,3,16,4,0,677,27000,25-34,Rest of Leinster,terrace,yes
K-10260,Juggler,1,2,yes,0,2,2,1,0,775,36000,25-34,Dublin,semi-detached,yes
K-10261,Switcher,3,1,no,3,3,3,0,0,454,44500,35-44,Connacht,detached,yes
K-10262,Switcher,1,1,no,2,4,3,0,1,320,27000,45-54,Rest of Leinster,apartment,no
K-10263,Juggler,3,3,no,0,2,7,4,0,1103,32500,25-34,Connacht,semi-detached,yes
K-10264,Juggler,3,3,no,0,3,9,1,0,986,29500,45-54,Rest of Leinster,terrace,no
K-10265,Juggler,1,2,no,0,3,10,1,0,829,31500,35-44,Dublin,semi-detached,yes
K-10266,Juggler,4,4,no,0,2,14,0,1,1535,44000,45-54,Dublin,semi-detached,yes
K-10267,Payer,3,1,yes,0,0,16,1,0,489,27500,35-44,Munster,terrace,
K-10268,Payer,3,1,yes,0,0,16,0,1,586,53000,45-54,Munster,detached,
K-10269,Juggler,3,2,no,1,3,7,3,0,762,31500,35-44,Munster,semi-detached,no
K-10270,Payer,3,1,yes,1,1,26,1,0,612,43500,65+,Rest of Leinster,detached,no
K-10271,Switcher,3,1,no,3,5,5,0,0,396,36000,35-44,Dublin,terrace,no
K-10272,Payer,3,1,yes,0,1,16,1,0,507,37000,55-64,Munster,semi-detached,
K-10273,Switcher,4,1,no,2,3,9,0,0,366,29000,35-44,Rest of Leinster,terrace,yes
K-10274,Payer,1,1,yes,0,0,10,2,0,413,30500,45-54,Rest of Leinster,semi-detached,yes
K-10275,Switcher,2,1,no,3,3,5,0,0,317,26000,25-34,Dublin,apartment,no
K-10276,Payer,3,1,yes,0,0,21,0,0,425,35500,55-64,Munster,semi-detached,yes
K-10277,Payer,4,2,yes,0,1,24,1,0,542,41500,65+,Connacht,semi-detached,no
K-10278,Switcher,1,1,no,3,3,2,1,0,422,37000,55-64,Rest of Leinster,semi-detached,no
K-10279,Switcher,2,1,no,1,4,5,0,0,388,33500,35-44,Munster,semi-detached,yes
K-10280,Payer,2,1,no,0,0,15,1,0,426,25500,25-34,Munster,terrace,no
K-10281,Payer,3,1,yes,0,0,25,0,0,462,29500,45-54,Dublin,terrace,
K-10282,Switcher,4,1,no,2,3,1,0,0,374,35500,35-44,Ulster,terrace,no
K-10283,Payer,4,1,yes,0,1,20,1,0,338,25000,45-54,Munster,apartment,no
K-10284,Payer,4,1,yes,0,1,24,0,0,563,42000,55-64,Rest of Leinster,semi-detached,yes
K-10285,Payer,2,1,yes,0,0,32,1,0,510,38500,45-54,Rest of Leinster,semi-detached,yes
K-10286,Switcher,1,1,no,2,4,6,2,0,425,36000,45-54,Rest of Leinster,semi-detached,yes
K-10287,Juggler,3,3,no,0,2,9,1,1,1083,34000,65+,Connacht,semi-detached,no
K-10288,Switcher,1,1,no,3,3,8,0,0,324,31500,55-64,Dublin,terrace,yes
K-10289,Payer,2,1,yes,0,0,20,2,0,358,25000,35-44,Rest of Leinster,apartment,yes
K-10290,Juggler,3,4,yes,2,2,7,1,1,1539,32000,45-54,Dublin,semi-detached,no
K-10291,Payer,3,1,yes,0,1,21,2,0,498,41500,45-54,Rest of Leinster,bungalow,yes
K-10292,Payer,3,1,yes,0,0,5,1,1,499,35500,65+,Dublin,semi-detached,no
K-10293,Juggler,4,3,yes,2,2,11,2,1,965,25500,35-44,Ulster,apartment,no
K-10294,Payer,2,1,yes,0,0,11,0,0,510,38000,25-34,Dublin,semi-detached,no
K-10295,Switcher,1,1,no,2,4,5,1,0,410,35000,25-34,Munster,bungalow,yes
K-10296,Payer,4,1,yes,0,0,14,0,0,445,31500,25-34,Rest of Leinster,terrace,no
K-10297,Switcher,1,2,no,3,5,7,1,0,362,42500,55-64,Rest of Leinster,semi-detached,yes
K-10298,Switcher,1,1,no,2,5,1,0,0,368,29500,25-34,Rest of Leinster,semi-detached,yes
K-10299,Switcher,1,1,no,3,5,6,0,0,466,53000,45-54,Dublin,detached,no
K-10300,Juggler,1,2,yes,0,2,15,0,0,1035,50500,65+,Dublin,detached,no
K-10301,Payer,4,1,yes,0,0,16,1,1,611,48500,45-54,Dublin,detached,no
K-10302,Payer,1,1,yes,0,0,5,1,0,325,24000,35-44,Dublin,apartment,no
K-10303,Switcher,1,1,no,3,4,6,0,1,515,39000,65+,Ulster,detached,no
K-10304,Switcher,3,1,no,3,3,6,0,1,270,27500,45-54,Rest of Leinster,apartment,
K-10305,Switcher,1,1,no,3,4,4,0,0,378,37000,55-64,Rest of Leinster,semi-detached,no
K-10306,Payer,4,1,yes,0,0,19,0,0,496,38000,35-44,Munster,bungalow,
K-10307,Payer,4,1,yes,0,1,24,2,0,598,44000,45-54,Dublin,detached,no
K-10308,Switcher,3,1,no,2,2,4,2,0,454,54000,45-54,Dublin,detached,yes
K-10309,Switcher,2,1,no,3,5,5,2,0,419,40500,25-34,Rest of Leinster,semi-detached,yes
K-10310,Juggler,2,4,no,1,0,6,2,0,1210,37500,45-54,Connacht,terrace,yes
K-10311,Payer,2,1,no,1,0,17,0,0,508,35500,35-44,Dublin,semi-detached,no
K-10312,Switcher,2,1,no,3,4,1,0,0,374,29000,45-54,Connacht,terrace,no
K-10313,Payer,3,1,yes,0,0,19,1,0,479,32000,45-54,Munster,bungalow,no
K-10314,Juggler,3,2,yes,2,1,13,1,0,817,36000,35-44,Munster,semi-detached,no
K-10315,Payer,4,2,yes,0,0,26,0,0,537,35000,35-44,Munster,semi-detached,
K-10316,Payer,3,1,yes,0,1,21,0,0,518,35500,65+,Munster,semi-detached,no
K-10317,Switcher,1,1,no,3,5,6,0,0,313,23000,35-44,Connacht,apartment,yes
K-10318,Payer,1,1,yes,0,0,18,0,0,384,31000,55-64,Dublin,terrace,no
K-10319,Switcher,1,1,no,3,2,6,1,0,324,24000,25-34,Dublin,apartment,no
K-10320,Payer,4,1,yes,0,0,18,0,0,649,46000,65+,Munster,detached,no
K-10321,Payer,2,2,yes,0,0,12,0,0,450,28000,45-54,Dublin,terrace,yes
K-10322,Juggler,2,3,yes,2,2,6,2,0,1427,51500,35-44,Rest of Leinster,detached,yes
K-10323,Juggler,2,2,no,1,1,8,2,0,780,31000,35-44,Dublin,semi-detached,no
K-10324,Switcher,2,1,no,3,2,6,1,0,377,43000,35-44,Ulster,semi-detached,yes
K-10325,Juggler,3,2,yes,1,1,4,0,0,719,29500,45-54,Dublin,semi-detached,no
K-10326,Switcher,1,1,yes,3,4,1,2,0,458,41500,25-34,Rest of Leinster,detached,no
K-10327,Payer,2,1,yes,0,0,21,1,0,457,43000,35-44,Connacht,semi-detached,yes
K-10328,Switcher,3,1,no,2,5,7,1,0,403,39500,35-44,Connacht,bungalow,yes
K-10329,Juggler,4,3,no,0,2,11,1,0,1051,35000,45-54,Munster,semi-detached,no
K-10330,Switcher,1,1,no,3,4,6,0,1,430,54500,45-54,Ulster,detached,yes
K-10331,Payer,4,2,yes,0,0,15,0,0,554,38500,65+,Rest of Leinster,semi-detached,no
K-10332,Payer,4,1,yes,0,0,5,0,0,561,40500,35-44,Dublin,semi-detached,no
K-10333,Switcher,1,1,no,2,5,4,0,0,267,25500,65+,Rest of Leinster,apartment,no
K-10334,Payer,3,1,yes,0,0,15,1,0,503,41000,45-54,Rest of Leinster,semi-detached,
K-10335,Switcher,2,1,no,3,3,5,0,0,424,33500,35-44,Munster,semi-detached,no
K-10336,Payer,1,1,yes,0,0,26,1,0,333,28000,25-34,Dublin,apartment,no
K-10337,Switcher,3,1,no,2,3,9,1,0,421,35500,35-44,Rest of Leinster,semi-detached,no
K-10338,Switcher,2,1,no,2,4,6,1,0,309,20500,35-44,Rest of Leinster,apartment,no
K-10339,Payer,1,1,yes,0,0,15,1,0,352,29000,45-54,Munster,apartment,
K-10340,Juggler,2,3,no,0,2,12,3,2,865,22500,65+,Dublin,apartment,no
K-10341,Payer,4,2,no,0,0,25,0,0,557,50000,35-44,Rest of Leinster,detached,no
K-10342,Payer,4,2,yes,0,0,22,1,0,591,47000,45-54,Dublin,detached,no
K-10343,Juggler,1,2,yes,2,1,6,2,0,625,28500,45-54,Connacht,terrace,no
K-10344,Juggler,2,3,no,1,2,6,1,0,1336,49000,35-44,Rest of Leinster,detached,yes
K-10345,Juggler,3,3,yes,1,2,11,1,0,859,24500,25-34,Munster,apartment,no
K-10346,Juggler,1,3,yes,1,2,6,1,0,1536,43000,45-54,Rest of Leinster,detached,yes
K-10347,Switcher,1,1,no,2,3,4,0,0,505,41000,25-34,Rest of Leinster,detached,yes
K-10348,Juggler,1,2,no,1,1,14,2,0,794,41000,45-54,Munster,semi-detached,yes
K-10349,Payer,3,1,yes,0,0,17,1,0,442,42000,25-34,Rest of Leinster,semi-detached,yes
K-10350,Payer,3,1,yes,0,1,13,0,0,521,30500,25-34,Munster,semi-detached,
K-10351,Juggler,4,2,yes,0,2,4,2,0,708,33500,65+,Munster,terrace,no
K-10352,Switcher,2,1,no,3,5,7,0,0,385,42500,45-54,Munster,semi-detached,yes
K-10353,Switcher,3,1,no,2,2,4,0,0,423,39000,35-44,Rest of Leinster,semi-detached,yes
K-10354,Payer,4,1,no,0,0,7,1,1,413,20500,35-44,Rest of Leinster,apartment,
K-10355,Juggler,4,3,no,0,1,14,3,0,1293,31500,35-44,Munster,bungalow,no
K-10356,Payer,4,1,yes,0,0,21,0,2,556,40500,45-54,Munster,detached,
K-10357,Switcher,3,1,no,2,5,2,1,0,376,36000,65+,Connacht,semi-detached,no
K-10358,Payer,4,2,yes,0,0,11,0,0,690,46500,45-54,Rest of Leinster,detached,yes
K-10359,Juggler,2,2,no,0,2,12,3,0,578,24500,65+,Munster,apartment,no
K-10360,Payer,4,2,yes,0,0,20,2,0,506,40000,45-54,Munster,semi-detached,
K-10361,Switcher,4,2,no,2,5,3,0,0,520,51500,45-54,Rest of Leinster,detached,
K-10362,Switcher,1,1,no,2,5,6,0,0,362,29000,25-34,Dublin,terrace,no
K-10363,Juggler,1,2,yes,1,1,11,0,0,808,30000,25-34,Rest of Leinster,bungalow,no
K-10364,Juggler,4,2,no,2,1,12,1,0,709,38000,35-44,Dublin,semi-detached,no
K-10365,Switcher,1,1,no,3,5,2,0,1,351,41000,35-44,Dublin,semi-detached,yes
K-10366,Juggler,2,2,no,1,1,4,2,0,652,24500,55-64,Connacht,terrace,no
K-10367,Switcher,1,1,yes,3,4,1,0,0,478,38500,65+,Rest of Leinster,detached,no
K-10368,Payer,2,1,yes,1,1,21,1,0,357,27500,45-54,Dublin,apartment,
K-10369,Payer,4,1,yes,0,0,23,1,0,481,30500,55-64,Rest of Leinster,semi-detached,
K-10370,Switcher,1,2,no,3,4,3,0,0,427,44500,35-44,Dublin,detached,no
K-10371,Payer,2,2,yes,0,0,17,0,0,432,37500,35-44,Dublin,terrace,yes
K-10372,Switcher,2,1,yes,2,4,4,1,0,501,39500,55-64,Munster,detached,no
K-10373,Payer,2,1,yes,1,0,18,0,0,611,51500,45-54,Dublin,detached,
K-10374,Juggler,3,2,yes,2,0,2,1,1,673,37500,45-54,Munster,semi-detached,no
K-10375,Payer,3,2,no,0,0,20,0,0,496,37000,45-54,Ulster,semi-detached,yes
K-10376,Payer,4,1,yes,0,1,23,0,0,489,39500,65+,Munster,semi-detached,no
K-10377,Switcher,2,1,no,2,3,1,1,0,455,36500,55-64,Rest of Leinster,detached,no
K-10378,Switcher,4,1,no,2,4,5,1,0,409,44000,35-44,Munster,bungalow,yes
K-10379,Juggler,1,2,no,1,1,10,3,0,719,30500,35-44,Munster,semi-detached,no
K-10380,Payer,1,1,yes,0,0,20,2,0,347,20500,65+,Dublin,apartment,
K-10381,Juggler,2,3,no,1,1,11,1,0,1027,32500,35-44,Connacht,terrace,yes
K-10382,Payer,3,1,yes,0,0,17,0,1,561,50000,65+,Rest of Leinster,detached,no
K-10383,Juggler,1,2,yes,1,1,12,0,0,828,37500,65+,Munster,semi-detached,no
K-10384,Switcher,1,1,no,3,3,6,0,0,417,41000,35-44,Munster,semi-detached,yes
K-10385,Payer,3,1,yes,0,0,17,0,0,545,50000,35-44,Dublin,detached,no
K-10386,Switcher,1,2,no,2,4,5,1,0,395,27500,35-44,Munster,terrace,yes
K-10387,Switcher,1,1,no,2,5,5,1,2,378,32500,25-34,Rest of Leinster,terrace,no
K-10388,Payer,2,1,yes,0,0,16,0,0,419,34000,35-44,Munster,semi-detached,
K-10389,Juggler,1,4,yes,1,2,8,1,0,1857,51500,35-44,Munster,detached,yes
K-10390,Juggler,3,4,no,1,2,9,0,0,1973,50500,45-54,Munster,detached,no
K-10391,Payer,4,1,yes,0,0,15,0,1,448,41500,45-54,Rest of Leinster,semi-detached,yes
K-10392,Payer,3,2,yes,0,0,21,0,0,472,39500,55-64,Dublin,semi-detached,no
K-10393,Payer,2,1,yes,0,1,13,0,0,453,27000,45-54,Rest of Leinster,terrace,yes
K-10394,Juggler,4,2,yes,2,2,11,1,0,921,40500,45-54,Munster,detached,yes
K-10395,Payer,4,1,yes,0,0,19,1,0,500,28500,55-64,Munster,semi-detached,no
K-10396,Switcher,2,1,no,1,3,4,1,0,374,40000,55-64,Dublin,semi-detached,no
K-10397,Juggler,2,4,no,0,1,11,1,0,1080,27000,25-34,Munster,apartment,no
K-10398,Payer,4,1,yes,0,0,17,1,0,481,33500,25-34,Rest of Leinster,semi-detached,
K-10399,Switcher,2,1,yes,2,3,4,0,0,429,35500,45-54,Rest of Leinster,semi-detached,no
K-10400,Juggler,2,2,no,1,0,7,3,0,762,33000,25-34,Dublin,semi-detached,no
K-10401,Payer,4,1,yes,0,0,22,1,0,564,43000,35-44,Rest of Leinster,semi-detached,yes
K-10402,Payer,1,1,yes,0,0,20,1,0,463,39500,45-54,Munster,semi-detached,no
K-10403,Switcher,1,2,no,2,5,6,0,0,413,33000,35-44,Rest of Leinster,semi-detached,yes
K-10404,Payer,4,1,yes,0,0,21,1,0,449,28500,25-34,Munster,terrace,yes
K-10405,Payer,4,1,yes,0,0,18,0,0,558,30500,65+,Munster,semi-detached,no
K-10406,Payer,4,1,yes,0,0,25,1,0,562,42500,55-64,Munster,semi-detached,yes
K-10407,Payer,4,1,yes,0,0,16,0,0,489,38000,55-64,Munster,semi-detached,no
K-10408,Switcher,2,1,no,1,4,2,1,0,312,24500,25-34,Dublin,terrace,no
K-10409,Payer,4,1,yes,0,0,20,2,2,538,32500,55-64,Dublin,semi-detached,yes
K-10410,Payer,4,2,yes,0,0,13,2,0,455,37000,25-34,Rest of Leinster,terrace,yes
K-10411,Switcher,2,1,no,3,4,4,0,0,417,35000,45-54,Rest of Leinster,semi-detached,yes
K-10412,Juggler,3,3,yes,2,3,9,3,0,1146,38000,55-64,Ulster,semi-detached,no
K-10413,Juggler,4,2,yes,1,2,15,1,0,555,30000,65+,Dublin,apartment,no
K-10414,Juggler,2,2,no,0,0,9,2,0,692,31000,55-64,Rest of Leinster,terrace,no
K-10415,Switcher,1,1,no,3,4,5,0,0,359,30000,45-54,Munster,semi-detached,no
K-10416,Switcher,1,1,no,3,4,7,2,0,399,41500,25-34,Rest of Leinster,semi-detached,no
K-10417,Payer,4,1,yes,0,0,18,0,0,638,45500,45-54,Dublin,detached,
K-10418,Switcher,2,1,no,2,3,1,0,0,311,34000,45-54,Dublin,terrace,no
K-10419,Switcher,1,1,no,3,5,8,1,0,316,28500,25-34,Connacht,terrace,no
K-10420,Switcher,1,1,no,2,5,7,0,1,507,45000,45-54,Dublin,detached,yes
K-10421,Switcher,4,1,no,1,3,5,0,0,314,32000,35-44,Rest of Leinster,terrace,yes
K-10422,Payer,4,1,yes,0,0,17,0,1,535,34500,35-44,Dublin,semi-detached,no
K-10423,Payer,4,1,yes,0,0,27,2,0,441,24500,35-44,Dublin,terrace,no
K-10424,Juggler,1,3,no,0,0,13,1,0,1335,39000,55-64,Munster,detached,no
K-10425,Payer,2,2,yes,0,0,22,1,0,487,38000,45-54,Dublin,semi-detached,yes
K-10426,Switcher,2,1,no,3,5,4,0,0,428,35500,35-44,Rest of Leinster,semi-detached,yes
K-10427,Payer,2,1,yes,0,0,16,0,0,430,33500,25-34,Ulster,semi-detached,yes
K-10428,Switcher,4,1,no,3,4,5,0,0,391,30500,45-54,Dublin,terrace,no
K-10429,Switcher,1,1,no,2,4,3,1,2,433,33000,55-64,Dublin,semi-detached,no
K-10430,Juggler,4,2,no,2,2,6,3,0,753,35000,55-64,Munster,terrace,no
K-10431,Switcher,2,1,no,1,5,3,0,0,421,34500,55-64,Dublin,bungalow,no
K-10432,Switcher,2,2,no,2,3,2,0,0,410,33500,45-54,Connacht,semi-detached,yes
K-10433,Payer,3,1,yes,0,1,23,0,2,500,37000,25-34,Dublin,semi-detached,
K-10434,Juggler,4,4,no,1,2,11,2,1,1736,53500,25-34,Dublin,detached,yes
K-10435,Switcher,1,1,no,2,3,3,0,0,529,49500,25-34,Dublin,detached,yes
K-10436,Payer,1,1,yes,0,0,25,0,0,347,23000,45-54,Dublin,apartment,no
K-10437,Payer,4,1,yes,0,0,15,2,0,404,33500,55-64,Munster,terrace,
K-10438,Switcher,1,1,no,3,5,4,0,0,364,29500,65+,Rest of Leinster,terrace,no
K-10439,Payer,4,1,no,0,0,9,1,1,520,40000,25-34,Connacht,semi-detached,yes
K-10440,Switcher,2,1,no,1,3,4,1,0,332,28000,45-54,Munster,apartment,no
K-10441,Switcher,2,1,no,3,3,4,0,0,365,31500,45-54,Connacht,terrace,no
K-10442,Payer,3,1,yes,0,1,8,0,0,423,36500,35-44,Dublin,terrace,
K-10443,Payer,3,2,yes,0,0,16,0,0,409,20000,35-44,Munster,apartment,
K-10444,Switcher,1,1,yes,1,4,3,1,0,382,30500,25-34,Dublin,terrace,no
K-10445,Payer,4,1,yes,0,0,17,0,0,431,29000,55-64,Munster,terrace,
K-10446,Switcher,4,1,no,2,3,4,1,0,313,28000,55-64,Connacht,apartment,no
K-10447,Switcher,2,2,no,2,2,4,0,0,479,37000,55-64,Dublin,detached,no
K-10448,Payer,4,1,yes,0,0,11,2,0,489,31500,35-44,Ulster,terrace,
K-10449,Switcher,3,1,no,2,3,2,0,0,409,44000,35-44,Dublin,semi-detached,yes
K-10450,Switcher,2,1,no,3,4,5,1,0,380,40000,65+,Rest of Leinster,semi-detached,no
K-10451,Payer,1,1,yes,0,0,14,0,0,596,36000,55-64,Ulster,detached,no
K-10452,Payer,4,1,yes,0,0,9,0,0,536,38000,35-44,Rest of Leinster,semi-detached,yes
K-10453,Juggler,4,2,no,2,0,11,1,1,714,40000,55-64,Dublin,semi-detached,no
K-10454,Switcher,2,1,no,3,4,2,1,0,513,51500,25-34,Ulster,detached,yes
K-10455,Juggler,2,4,no,1,3,5,1,0,1284,29500,35-44,Dublin,terrace,no
K-10456,Payer,4,1,yes,0,0,9,0,0,693,47500,45-54,Connacht,detached,
K-10457,Switcher,1,1,no,3,5,1,0,0,481,43000,35-44,Munster,detached,yes
K-10458,Juggler,2,2,yes,1,1,4,1,0,517,26000,25-34,Dublin,apartment,no
K-10459,Switcher,4,1,no,2,4,2,0,0,358,33500,55-64,Dublin,terrace,no
K-10460,Payer,4,2,yes,0,0,21,0,0,486,41000,35-44,Dublin,semi-detached,
K-10461,Payer,1,1,yes,0,0,21,1,0,487,56500,35-44,Munster,detached,yes
K-10462,Payer,4,1,yes,1,0,10,0,0,375,20500,65+,Rest of Leinster,apartment,no
K-10463,Switcher,1,2,no,2,3,1,0,0,392,36000,45-54,Munster,semi-detached,no
K-10464,Juggler,4,2,yes,2,0,14,2,0,969,54000,45-54,Connacht,detached,yes
K-10465,Payer,1,2,yes,0,0,19,2,0,355,28000,35-44,Dublin,terrace,no
K-10466,Payer,4,1,yes,0,1,23,0,0,463,30500,45-54,Munster,semi-detached,
K-10467,Switcher,1,2,no,2,4,2,0,2,365,32000,35-44,Munster,semi-detached,yes
K-10468,Payer,3,1,yes,0,0,15,0,1,503,40000,35-44,Rest of Leinster,semi-detached,yes
K-10469,Switcher,1,1,no,3,2,7,0,0,381,34000,45-54,Rest of Leinster,semi-detached,no
K-10470,Switcher,1,1,no,2,3,8,1,0,292,23500,35-44,Munster,apartment,
K-10471,Juggler,1,2,no,0,0,9,2,0,710,33000,45-54,Connacht,terrace,no
K-10472,Juggler,3,3,no,2,2,11,2,0,1072,25500,25-34,Rest of Leinster,terrace,yes
K-10473,Juggler,1,3,no,2,2,10,3,1,1571,44000,65+,Rest of Leinster,detached,no
K-10474,Switcher,3,1,no,2,3,4,2,0,356,28500,45-54,Connacht,terrace,no
K-10475,Switcher,1,1,no,2,4,4,0,0,328,26000,55-64,Connacht,apartment,no
K-10476,Switcher,1,1,yes,2,3,5,0,0,407,42000,35-44,Dublin,semi-detached,yes
K-10477,Switcher,1,1,no,3,3,6,1,0,384,33500,45-54,Dublin,semi-detached,no
K-10478,Juggler,3,4,yes,0,1,5,3,0,1085,21500,35-44,Munster,apartment,
K-10479,Switcher,1,1,no,2,4,3,2,0,344,44000,35-44,Dublin,semi-detached,yes
K-10480,Juggler,1,4,no,1,0,9,4,1,1247,31000,35-44,Dublin,terrace,no
K-10481,Switcher,2,1,no,3,5,4,0,1,393,37500,35-44,Rest of Leinster,semi-detached,yes
K-10482,Payer,3,1,yes,0,0,19,0,1,501,41000,55-64,Connacht,semi-detached,yes
K-10483,Payer,4,1,yes,0,0,21,1,0,442,27500,65+,Rest of Leinster,terrace,
K-10484,Payer,4,1,yes,0,0,28,0,1,693,52500,65+,Munster,detached,no
K-10485,Switcher,2,1,yes,3,3,4,0,0,365,36500,65+,Rest of Leinster,bungalow,no
K-10486,Payer,4,1,yes,0,0,18,0,0,524,38500,25-34,Dublin,semi-detached,
K-10487,Payer,4,1,yes,0,0,11,0,0,651,43500,45-54,Dublin,detached,
K-10488,Juggler,3,3,no,1,3,13,1,0,934,20500,35-44,Dublin,apartment,no
K-10489,Payer,4,2,yes,0,0,20,1,0,471,32500,25-34,Connacht,semi-detached,
K-10490,Payer,1,1,yes,0,0,16,0,0,485,28500,35-44,Rest of Leinster,semi-detached,no
K-10491,Juggler,4,3,yes,1,1,14,2,2,1309,48500,45-54,Dublin,detached,no
K-10492,Switcher,2,1,no,2,3,5,0,0,364,24500,55-64,Rest of Leinster,terrace,no
K-10493,Payer,4,1,no,0,0,12,1,1,481,34500,45-54,Rest of Leinster,semi-detached,
K-10494,Juggler,2,3,no,1,2,7,2,0,1039,41500,55-64,Rest of Leinster,semi-detached,yes
K-10495,Juggler,2,3,yes,2,1,11,4,0,1250,52500,55-64,Munster,detached,
K-10496,Payer,2,2,yes,0,0,23,0,0,530,48500,65+,Connacht,detached,no
K-10497,Switcher,1,1,no,1,5,2,0,2,327,28500,25-34,Dublin,apartment,no
K-10498,Switcher,1,1,no,2,2,4,1,0,474,45500,35-44,Rest of Leinster,detached,yes
K-10499,Payer,3,1,no,0,0,16,1,0,498,39000,65+,Ulster,semi-detached,no
K-10500,Switcher,1,1,yes,2,3,4,1,0,532,47500,35-44,Rest of Leinster,detached,yes
K-10501,Juggler,2,4,no,0,1,6,2,0,1686,30500,25-34,Dublin,bungalow,no
K-10502,Switcher,2,1,no,2,3,4,0,0,367,26000,35-44,Rest of Leinster,terrace,yes
K-10503,Payer,4,1,yes,0,0,15,1,0,685,49500,25-34,Rest of Leinster,detached,yes
K-10504,Juggler,4,2,yes,1,2,8,4,0,780,32500,35-44,Dublin,semi-detached,yes
K-10505,Payer,1,2,yes,0,0,10,1,0,518,42500,45-54,Munster,detached,no
K-10506,Switcher,1,1,no,2,3,7,0,0,262,23500,25-34,Dublin,apartment,yes
K-10507,Juggler,1,3,no,2,0,2,3,0,1151,37500,45-54,Rest of Leinster,semi-detached,yes
K-10508,Payer,4,1,yes,0,0,10,0,0,667,47500,25-34,Dublin,detached,yes
K-10509,Switcher,4,1,no,2,5,3,2,0,432,43000,55-64,Rest of Leinster,semi-detached,yes
K-10510,Juggler,1,3,no,1,0,11,2,0,1425,40500,45-54,Rest of Leinster,detached,yes
K-10511,Payer,3,1,yes,0,0,16,2,0,635,48000,45-54,Dublin,detached,
K-10512,Payer,4,1,yes,0,1,25,0,0,587,41500,45-54,Dublin,detached,yes
K-10513,Payer,3,1,yes,1,1,25,2,1,576,55500,45-54,Dublin,detached,
K-10514,Switcher,2,1,no,3,2,6,0,1,346,35500,45-54,Connacht,semi-detached,no
K-10515,Payer,4,1,yes,0,0,25,0,0,445,32500,35-44,Munster,semi-detached,yes
K-10516,Switcher,1,1,no,3,2,6,1,0,405,34000,35-44,Connacht,semi-detached,yes
K-10517,Payer,3,2,yes,1,0,20,2,0,655,36500,55-64,Rest of Leinster,detached,
K-10518,Payer,3,1,yes,0,0,5,2,0,355,24500,35-44,Ulster,apartment,no
K-10519,Switcher,1,1,no,1,4,3,1,0,447,38000,25-34,Dublin,detached,no
K-10520,Switcher,4,1,no,3,2,6,0,0,443,38500,55-64,Munster,bungalow,no
K-10521,Payer,4,2,yes,0,0,7,0,0,552,28500,45-54,Munster,semi-detached,
K-10522,Payer,2,1,yes,0,0,30,2,0,591,41000,35-44,Munster,detached,yes
K-10523,Switcher,4,1,no,2,3,4,0,0,429,39500,35-44,Connacht,bungalow,
K-10524,Juggler,1,2,no,1,1,13,0,0,575,21500,45-54,Dublin,apartment,yes
K-10525,Payer,4,1,yes,1,0,8,0,0,610,39000,25-34,Rest of Leinster,detached,yes
K-10526,Switcher,3,1,no,2,5,4,0,0,428,56500,45-54,Dublin,detached,yes
K-10527,Juggler,4,2,no,0,1,7,0,0,925,40000,25-34,Dublin,detached,
K-10528,Switcher,2,1,no,3,5,6,1,0,393,32500,65+,Dublin,terrace,no
K-10529,Juggler,3,3,yes,1,2,10,3,1,1118,30000,45-54,Connacht,terrace,no
K-10530,Juggler,3,4,no,2,0,7,2,0,1542,36500,35-44,Dublin,semi-detached,no
K-10531,Juggler,2,2,yes,1,1,7,1,0,684,34000,35-44,Connacht,terrace,no
K-10532,Switcher,1,1,no,1,5,2,0,0,498,42500,45-54,Munster,detached,no
K-10533,Switcher,4,1,no,3,4,3,0,0,382,26500,35-44,Rest of Leinster,terrace,no
K-10534,Switcher,1,1,no,3,4,4,0,0,412,40500,35-44,Ulster,semi-detached,
K-10535,Juggler,4,3,no,1,0,10,3,0,1155,35500,55-64,Rest of Leinster,semi-detached,no
K-10536,Payer,2,1,yes,1,0,8,0,1,407,42500,55-64,Rest of Leinster,semi-detached,yes
K-10537,Juggler,2,4,yes,1,0,7,3,0,1646,41000,35-44,Rest of Leinster,semi-detached,yes
K-10538,Payer,1,1,yes,0,0,27,0,0,371,21000,25-34,Munster,apartment,
K-10539,Juggler,1,4,no,0,0,14,1,0,1541,36500,35-44,Ulster,semi-detached,no
K-10540,Switcher,2,1,no,1,4,4,2,0,346,34500,55-64,Dublin,semi-detached,no
K-10541,Switcher,1,1,no,2,4,4,0,0,385,32000,55-64,Connacht,terrace,no
K-10542,Payer,2,1,yes,0,1,14,2,0,569,50500,35-44,Rest of Leinster,detached,yes
K-10543,Payer,3,1,no,0,0,12,1,1,499,32500,35-44,Dublin,semi-detached,yes
K-10544,Juggler,3,3,no,1,2,9,2,0,1109,34500,35-44,Connacht,semi-detached,no
K-10545,Payer,4,1,yes,0,0,16,1,1,465,34500,35-44,Connacht,semi-detached,
K-10546,Switcher,1,1,no,1,4,5,0,0,374,24500,25-34,Rest of Leinster,terrace,no
K-10547,Switcher,1,1,no,2,2,2,0,0,371,37000,25-34,Dublin,semi-detached,no
K-10548,Payer,4,1,yes,0,0,24,0,0,372,30000,65+,Munster,apartment,no
K-10549,Payer,3,2,yes,0,0,20,0,0,534,48000,45-54,Rest of Leinster,detached,
K-10550,Payer,1,1,yes,0,0,22,1,0,426,33000,25-34,Dublin,semi-detached,no
K-10551,Juggler,3,2,no,1,1,9,2,2,691,39500,35-44,Rest of Leinster,semi-detached,yes
K-10552,Payer,4,2,no,0,0,16,0,0,534,36000,35-44,Munster,semi-detached,yes
K-10553,Payer,3,2,yes,0,0,13,1,0,608,54500,45-54,Connacht,detached,yes
K-10554,Juggler,3,3,yes,1,2,5,1,0,1329,48000,45-54,Munster,detached,yes
K-10555,Juggler,3,3,no,0,3,12,0,0,1192,41000,55-64,Munster,semi-detached,no
K-10556,Juggler,2,2,no,0,2,12,3,0,543,21000,25-34,Rest of Leinster,apartment,no
K-10557,Juggler,4,2,no,2,2,12,1,0,854,53000,25-34,Ulster,detached,yes
K-10558,Switcher,1,1,no,1,4,1,0,1,347,34500,45-54,Ulster,semi-detached,yes
K-10559,Payer,3,1,yes,0,0,11,1,1,431,40000,45-54,Munster,semi-detached,
K-10560,Juggler,3,2,no,1,0,9,4,1,643,29000,55-64,Connacht,terrace,yes
K-10561,Switcher,2,1,yes,3,3,4,0,0,385,28500,65+,Dublin,terrace,no
K-10562,Payer,3,1,yes,0,0,19,0,2,528,39000,45-54,Dublin,semi-detached,yes
K-10563,Payer,4,1,yes,0,0,12,2,0,458,37500,45-54,Munster,semi-detached,no
K-10564,Juggler,2,3,no,1,2,11,1,0,1344,49500,65+,Connacht,detached,no
K-10565,Payer,3,2,yes,1,0,10,0,0,618,45500,35-44,Dublin,detached,
K-10566,Juggler,1,3,no,2,2,20,1,0,1126,27500,65+,Munster,terrace,no
K-10567,Switcher,1,1,no,2,2,5,0,0,377,38000,65+,Dublin,semi-detached,no
K-10568,Switcher,3,1,yes,2,3,6,1,0,358,27000,55-64,Connacht,terrace,no
K-10569,Payer,2,1,yes,0,0,6,2,0,606,42000,55-64,Dublin,detached,no
K-10570,Payer,4,1,no,0,0,11,0,0,492,40500,65+,Dublin,semi-detached,no
K-10571,Payer,4,1,yes,1,0,26,0,0,510,31500,25-34,Munster,semi-detached,no
K-10572,Payer,4,2,yes,0,0,12,1,0,466,41500,25-34,Ulster,bungalow,yes
K-10573,Payer,3,1,yes,0,0,12,0,1,416,30500,25-34,Dublin,terrace,
K-10574,Payer,2,1,yes,0,0,20,1,0,429,31000,35-44,Dublin,terrace,no
K-10575,Switcher,4,1,no,3,4,3,1,0,485,46000,35-44,Ulster,detached,
K-10576,Juggler,3,3,yes,0,0,8,1,0,958,27000,35-44,Munster,apartment,no
K-10577,Switcher,1,2,no,1,5,2,1,0,516,44500,35-44,Dublin,detached,no
K-10578,Switcher,4,1,no,3,3,4,1,0,537,50000,45-54,Rest of Leinster,detached,no
K-10579,Juggler,2,2,yes,0,1,3,3,0,553,30500,25-34,Rest of Leinster,apartment,yes
K-10580,Switcher,2,1,no,2,5,6,2,0,372,35500,35-44,Connacht,semi-detached,yes
K-10581,Payer,3,1,yes,0,0,27,0,0,453,30000,45-54,Munster,semi-detached,yes
K-10582,Payer,3,1,yes,0,0,23,1,0,426,41000,35-44,Connacht,semi-detached,yes
K-10583,Payer,4,1,yes,0,1,22,2,0,407,25500,35-44,Rest of Leinster,terrace,yes
K-10584,Switcher,4,1,no,1,3,1,1,1,379,36500,25-34,Connacht,semi-detached,yes
K-10585,Payer,4,1,yes,0,0,17,0,0,554,31000,35-44,Munster,semi-detached,yes
K-10586,Juggler,4,4,yes,0,2,12,3,0,1400,30000,65+,Connacht,semi-detached,no
K-10587,Juggler,1,3,yes,2,2,7,1,0,1000,41500,55-64,Rest of Leinster,semi-detached,
K-10588,Payer,4,1,yes,0,1,11,0,1,420,32000,65+,Munster,terrace,no
K-10589,Payer,4,1,yes,0,0,17,1,0,504,32500,55-64,Connacht,semi-detached,
K-10590,Juggler,2,3,yes,0,3,4,0,0,932,26000,65+,Dublin,apartment,no
K-10591,Juggler,3,2,no,1,1,4,0,1,714,28500,45-54,Munster,terrace,no
K-10592,Juggler,4,2,yes,0,2,8,2,0,730,35000,55-64,Munster,terrace,no
K-10593,Switcher,2,1,no,1,4,5,0,0,352,36500,55-64,Ulster,semi-detached,no
K-10594,Juggler,3,2,no,0,1,6,0,0,876,41500,25-34,Dublin,detached,no
K-10595,Payer,4,1,yes,0,0,15,1,0,417,35000,35-44,Munster,terrace,
K-10596,Payer,3,1,yes,0,0,16,1,0,567,51500,35-44,Rest of Leinster,detached,
K-10597,Switcher,2,1,no,3,3,6,0,0,439,45000,45-54,Connacht,detached,yes
K-10598,Payer,4,2,yes,0,0,15,0,0,681,53500,35-44,Dublin,detached,yes
K-10599,Payer,2,1,yes,0,1,17,1,0,399,25000,45-54,Dublin,terrace,no
K-10600,Payer,2,1,yes,0,0,12,0,1,482,39000,25-34,Rest of Leinster,semi-detached,yes
K-10601,Switcher,3,1,no,1,3,1,0,1,301,25000,55-64,Dublin,apartment,no
K-10602,Switcher,4,1,no,1,3,5,0,0,350,32500,55-64,Rest of Leinster,terrace,no
K-10603,Juggler,4,2,no,2,1,11,4,0,1038,48000,55-64,Dublin,detached,no
K-10604,Switcher,1,1,no,3,4,7,1,0,460,46000,65+,Rest of Leinster,detached,no
K-10605,Payer,3,1,yes,1,1,16,2,0,401,26000,45-54,Rest of Leinster,apartment,no
K-10606,Juggler,2,2,yes,1,3,10,2,0,806,38000,35-44,Dublin,semi-detached,yes
K-10607,Switcher,1,1,no,3,3,4,1,0,355,32000,35-44,Dublin,semi-detached,yes
K-10608,Payer,2,1,yes,0,0,21,0,0,464,28000,45-54,Dublin,terrace,no
K-10609,Switcher,4,1,no,3,4,4,1,0,393,33000,45-54,Rest of Leinster,semi-detached,yes
K-10610,Payer,4,1,yes,0,1,7,0,0,664,53500,45-54,Dublin,detached,no
K-10611,Switcher,1,1,no,1,4,1,0,0,444,54000,35-44,Dublin,detached,yes
K-10612,Payer,2,1,yes,0,0,22,0,1,354,26000,65+,Dublin,apartment,no
K-10613,Payer,3,1,yes,0,0,19,0,0,537,38500,25-34,Connacht,semi-detached,yes
K-10614,Payer,1,2,yes,0,0,20,0,0,558,52000,45-54,Connacht,detached,yes
K-10615,Payer,3,2,yes,0,1,7,0,0,466,34500,65+,Munster,semi-detached,
K-10616,Switcher,2,1,no,3,3,4,0,0,499,39000,55-64,Rest of Leinster,detached,no
K-10617,Juggler,3,3,no,1,1,11,0,0,1235,29500,65+,Dublin,semi-detached,no
K-10618,Juggler,4,2,yes,1,2,7,2,2,825,39000,55-64,Connacht,semi-detached,yes
K-10619,Payer,1,1,no,0,0,26,1,0,444,39500,45-54,Connacht,semi-detached,yes
K-10620,Juggler,3,3,no,0,1,10,3,1,1083,30000,35-44,Dublin,semi-detached,no
K-10621,Payer,3,1,yes,0,1,5,0,1,388,34500,35-44,Munster,terrace,
K-10622,Payer,3,1,yes,0,1,17,2,0,632,45000,35-44,Ulster,detached,yes
K-10623,Juggler,4,2,no,2,1,13,3,0,765,39000,35-44,Dublin,bungalow,no
K-10624,Payer,4,1,yes,0,1,25,0,0,494,36000,35-44,Connacht,terrace,
K-10625,Payer,3,1,yes,1,0,21,1,0,456,25500,35-44,Ulster,terrace,
K-10626,Switcher,2,1,no,2,4,5,0,0,450,43000,35-44,Munster,detached,yes
K-10627,Juggler,2,4,no,1,2,13,3,0,1592,42000,25-34,Rest of Leinster,semi-detached,no
K-10628,Payer,3,2,yes,0,0,17,1,0,645,40500,35-44,Munster,detached,
K-10629,Juggler,2,3,no,2,2,11,0,0,1339,51500,55-64,Dublin,detached,yes
K-10630,Payer,1,2,yes,0,0,18,1,0,490,37000,25-34,Munster,semi-detached,yes
K-10631,Payer,4,1,yes,0,1,16,0,0,656,52500,45-54,Rest of Leinster,detached,yes
K-10632,Juggler,3,3,yes,1,1,14,2,0,1307,45000,25-34,Dublin,detached,no
K-10633,Juggler,1,2,yes,1,2,17,3,0,849,37000,25-34,Connacht,bungalow,yes
K-10634,Switcher,2,1,no,2,5,2,0,0,384,32500,45-54,Munster,semi-detached,no
K-10635,Switcher,2,1,no,2,5,4,0,0,403,34000,35-44,Dublin,bungalow,no
K-10636,Switcher,1,1,no,3,5,4,0,0,368,29000,55-64,Munster,terrace,yes
K-10637,Switcher,3,1,no,2,4,2,1,0,375,28000,25-34,Connacht,terrace,yes
K-10638,Switcher,3,1,no,2,3,4,2,0,370,40000,35-44,Connacht,semi-detached,no
K-10639,Juggler,3,2,no,1,1,13,1,1,615,21500,25-34,Connacht,apartment,no
K-10640,Switcher,1,2,no,1,4,10,0,0,397,30000,45-54,Rest of Leinster,semi-detached,yes
K-10641,Switcher,1,2,no,3,3,7,2,0,360,35000,25-34,Dublin,semi-detached,no
K-10642,Juggler,2,4,yes,1,3,12,3,0,1329,28000,45-54,Munster,terrace,yes
K-10643,Switcher,2,1,no,1,3,1,0,0,452,49000,65+,Munster,detached,no
K-10644,Switcher,2,1,no,2,3,3,1,0,419,36500,55-64,Rest of Leinster,semi-detached,no
K-10645,Switcher,3,1,no,3,5,3,0,0,505,38000,55-64,Dublin,detached,no
K-10646,Switcher,2,1,no,2,4,6,0,0,269,31500,55-64,Munster,apartment,yes
K-10647,Payer,3,1,no,1,0,18,1,0,391,34000,45-54,Munster,terrace,no
K-10648,Payer,2,1,yes,0,0,16,1,0,445,32000,35-44,Munster,semi-detached,no
K-10649,Payer,3,1,yes,0,0,16,1,0,417,28500,65+,Connacht,terrace,no
K-10650,Payer,4,2,yes,0,0,14,0,1,562,38000,35-44,Dublin,detached,
K-10651,Payer,2,1,yes,0,0,24,0,0,516,39500,55-64,Dublin,semi-detached,yes
K-10652,Payer,2,1,yes,0,1,18,0,0,508,35500,35-44,Munster,semi-detached,yes
K-10653,Juggler,2,2,yes,2,1,13,2,0,937,49000,45-54,Ulster,detached,yes
K-10654,Payer,2,2,yes,0,0,25,0,1,495,34500,65+,Ulster,semi-detached,no
K-10655,Switcher,3,1,no,2,5,4,0,1,404,33000,35-44,Rest of Leinster,semi-detached,no
K-10656,Payer,3,1,yes,0,0,5,0,0,403,27500,25-34,Munster,terrace,
K-10657,Switcher,3,1,no,1,4,4,0,0,291,26000,35-44,Connacht,apartment,no
K-10658,Switcher,4,1,no,2,5,7,0,0,353,39000,25-34,Rest of Leinster,bungalow,no
K-10659,Juggler,2,3,no,0,2,4,2,0,1081,30000,35-44,Rest of Leinster,semi-detached,yes
K-10660,Juggler,2,2,yes,2,2,7,3,0,867,30000,25-34,Rest of Leinster,bungalow,yes
K-10661,Payer,3,1,yes,0,0,28,1,2,484,31000,65+,Connacht,semi-detached,no
K-10662,Juggler,2,2,no,1,2,3,2,2,710,38000,65+,Rest of Leinster,semi-detached,no
K-10663,Switcher,1,1,no,3,4,3,2,0,395,35000,45-54,Connacht,semi-detached,yes
K-10664,Payer,4,1,yes,0,0,9,1,1,484,31000,35-44,Rest of Leinster,semi-detached,no
K-10665,Payer,4,1,no,0,0,16,1,0,402,29500,35-44,Connacht,terrace,
K-10666,Payer,4,1,no,0,1,16,0,1,561,36500,25-34,Rest of Leinster,semi-detached,
K-10667,Switcher,1,1,no,1,3,4,1,0,439,42500,35-44,Munster,bungalow,yes
K-10668,Payer,3,1,yes,0,1,19,2,0,482,38500,25-34,Connacht,semi-detached,
K-10669,Payer,4,1,yes,0,0,7,0,0,397,22500,35-44,Munster,apartment,
K-10670,Juggler,4,4,yes,1,1,9,2,0,1851,51000,45-54,Dublin,detached,no
K-10671,Switcher,1,1,no,2,3,4,0,0,488,40500,35-44,Dublin,detached,yes
K-10672,Switcher,3,1,no,2,3,3,0,0,331,35000,45-54,Rest of Leinster,terrace,yes
K-10673,Payer,2,1,yes,0,0,19,0,0,517,40000,35-44,Connacht,detached,no
K-10674,Juggler,3,2,no,0,1,9,1,0,631,30000,65+,Rest of Leinster,apartment,no
K-10675,Payer,4,1,yes,0,0,16,0,0,484,39500,25-34,Dublin,semi-detached,yes
K-10676,Payer,4,1,yes,0,0,18,0,0,418,26500,25-34,Munster,apartment,no
K-10677,Switcher,2,1,no,2,5,4,0,1,421,30000,25-34,Rest of Leinster,bungalow,yes
K-10678,Switcher,2,1,no,2,3,5,1,0,416,37000,25-34,Rest of Leinster,semi-detached,yes
K-10679,Juggler,4,4,no,0,0,10,2,0,1679,42500,35-44,Dublin,bungalow,yes
K-10680,Switcher,1,2,no,2,4,5,0,0,296,25500,55-64,Dublin,apartment,yes
K-10681,Payer,4,1,yes,0,0,16,0,1,601,38000,35-44,Rest of Leinster,detached,
K-10682,Payer,3,2,yes,0,0,11,2,0,533,33000,45-54,Dublin,bungalow,no
K-10683,Switcher,1,1,no,2,4,5,0,2,315,26500,45-54,Connacht,apartment,yes
K-10684,Switcher,1,1,yes,2,3,7,0,0,358,28500,55-64,Rest of Leinster,semi-detached,no
K-10685,Switcher,4,1,no,2,3,4,0,0,330,25000,25-34,Munster,apartment,yes
K-10686,Payer,3,1,yes,0,0,12,0,0,480,41500,45-54,Munster,semi-detached,
K-10687,Switcher,3,1,no,3,5,6,0,0,409,38000,35-44,Connacht,semi-detached,yes
K-10688,Payer,4,1,yes,0,0,19,0,1,559,41000,55-64,Munster,detached,
K-10689,Juggler,4,2,yes,1,2,8,2,2,730,30500,65+,Munster,semi-detached,no
K-10690,Switcher,2,2,no,2,4,6,0,0,537,48000,45-54,Ulster,detached,no
K-10691,Payer,1,1,yes,0,0,12,0,1,330,27000,35-44,Munster,apartment,
K-10692,Payer,4,2,yes,0,0,14,0,0,395,21500,45-54,Rest of Leinster,apartment,
K-10693,Juggler,3,3,yes,1,0,7,2,0,1536,50500,45-54,Rest of Leinster,detached,no
K-10694,Payer,1,1,yes,0,1,12,0,0,433,28500,65+,Munster,terrace,
K-10695,Payer,4,1,yes,1,0,13,1,0,549,56000,25-34,Rest of Leinster,detached,yes
K-10696,Payer,2,1,yes,0,0,18,2,0,324,23000,45-54,Rest of Leinster,apartment,no
K-10697,Switcher,2,1,no,2,4,3,0,1,316,36500,35-44,Dublin,terrace,yes
K-10698,Switcher,3,1,no,3,2,4,1,0,377,29500,65+,Dublin,terrace,no
K-10699,Switcher,3,1,no,3,5,7,0,0,384,38000,55-64,Dublin,bungalow,no
K-10700,Payer,4,1,yes,0,1,10,0,0,490,29500,25-34,Rest of Leinster,semi-detached,
K-10701,Payer,3,1,yes,0,0,24,1,0,435,40500,45-54,Rest of Leinster,semi-detached,
K-10702,Switcher,1,1,no,2,4,4,0,0,345,36000,25-34,Munster,semi-detached,no
K-10703,Payer,2,1,yes,0,0,15,0,0,506,33000,25-34,Munster,semi-detached,no
K-10704,Switcher,1,1,no,3,3,2,0,0,390,29500,25-34,Munster,terrace,no
K-10705,Payer,4,1,yes,0,0,13,0,0,416,32500,35-44,Rest of Leinster,terrace,no
K-10706,Switcher,2,1,no,3,2,6,1,0,321,35000,35-44,Connacht,terrace,yes
K-10707,Payer,2,1,yes,0,0,21,0,0,350,24500,65+,Rest of Leinster,apartment,no
K-10708,Switcher,1,1,no,1,3,2,1,0,410,37500,35-44,Dublin,semi-detached,no
K-10709,Juggler,4,3,no,1,1,12,2,0,1010,41500,35-44,Dublin,semi-detached,yes
K-10710,Payer,1,2,yes,0,0,5,0,0,545,47000,35-44,Dublin,detached,yes
K-10711,Payer,2,1,no,0,0,8,0,0,504,45000,65+,Dublin,detached,no
K-10712,Payer,3,1,yes,0,1,11,0,1,588,52000,25-34,Munster,detached,yes
K-10713,Switcher,1,1,no,3,4,2,0,0,409,35000,55-64,Ulster,semi-detached,yes
K-10714,Payer,4,1,yes,0,0,17,1,1,484,30500,65+,Dublin,semi-detached,no
K-10715,Payer,3,2,yes,0,0,19,0,0,493,31000,35-44,Munster,semi-detached,
K-10716,Payer,2,1,yes,0,0,21,0,0,412,30500,55-64,Connacht,terrace,no
K-10717,Payer,4,1,yes,0,0,18,1,0,631,50500,25-34,Munster,detached,yes
K-10718,Payer,3,1,yes,0,1,11,1,1,536,35500,35-44,Munster,semi-detached,
K-10719,Switcher,1,1,no,3,5,2,0,2,412,28500,65+,Munster,semi-detached,no
K-10720,Juggler,1,4,yes,1,3,18,2,0,1350,38000,35-44,Dublin,semi-detached,yes
K-10721,Switcher,2,1,no,1,4,5,0,1,315,26500,55-64,Ulster,apartment,no
K-10722,Switcher,2,1,no,3,5,4,0,0,384,36000,45-54,Munster,semi-detached,yes
K-10723,Payer,3,2,yes,0,0,23,2,0,434,40000,55-64,Dublin,semi-detached,
K-10724,Payer,4,1,yes,0,0,14,0,0,388,23000,55-64,Dublin,apartment,
K-10725,Payer,4,1,yes,0,0,16,2,1,654,48500,35-44,Rest of Leinster,detached,no
K-10726,Payer,4,1,yes,0,1,12,0,0,683,53000,45-54,Dublin,detached,
K-10727,Juggler,1,3,yes,1,3,12,3,1,1090,28000,45-54,Rest of Leinster,semi-detached,no
K-10728,Payer,3,2,yes,0,0,16,0,0,376,24500,25-34,Dublin,apartment,
K-10729,Payer,4,1,yes,0,1,22,0,0,476,36500,35-44,Dublin,semi-detached,
K-10730,Switcher,4,1,no,2,3,5,2,0,303,20500,45-54,Munster,apartment,no
K-10731,Switcher,2,1,no,1,5,4,0,0,471,49500,65+,Dublin,detached,no
K-10732,Juggler,3,3,no,1,0,5,1,1,1175,31000,45-54,Dublin,semi-detached,yes
K-10733,Switcher,2,1,no,3,4,4,0,0,371,38000,35-44,Ulster,semi-detached,no
K-10734,Payer,3,1,yes,0,0,16,1,0,509,42000,25-34,Connacht,semi-detached,
K-10735,Payer,4,1,yes,0,0,17,0,0,520,37500,55-64,Connacht,semi-detached,no
K-10736,Payer,2,1,yes,0,0,14,0,0,442,31000,55-64,Munster,bungalow,no
K-10737,Switcher,1,1,no,3,5,5,1,0,426,38500,35-44,Munster,semi-detached,yes
K-10738,Payer,3,1,yes,0,0,19,1,1,449,42000,35-44,Dublin,semi-detached,yes
K-10739,Payer,4,1,yes,0,0,20,0,0,624,43000,35-44,Connacht,detached,
K-10740,Switcher,1,1,no,2,2,4,1,1,348,26000,45-54,Rest of Leinster,terrace,yes
K-10741,Juggler,2,2,no,0,1,11,3,1,575,21000,35-44,Dublin,apartment,no
K-10742,Payer,2,1,yes,0,0,27,0,0,351,26000,35-44,Rest of Leinster,apartment,no
K-10743,Switcher,1,1,no,1,4,4,0,0,443,45000,65+,Ulster,detached,no
K-10744,Payer,3,1,yes,0,0,23,0,0,520,38000,35-44,Rest of Leinster,semi-detached,yes
K-10745,Juggler,1,2,no,2,1,3,1,0,579,22000,55-64,Dublin,apartment,no
K-10746,Payer,4,1,yes,1,1,7,0,0,378,22500,35-44,Dublin,apartment,
K-10747,Payer,4,1,yes,0,1,27,0,0,524,42000,25-34,Ulster,semi-detached,
K-10748,Juggler,2,2,no,0,1,16,1,0,717,29500,25-34,Ulster,semi-detached,no
K-10749,Payer,4,2,yes,0,0,10,1,1,505,32000,35-44,Connacht,terrace,yes
K-10750,Payer,4,2,yes,0,0,13,1,0,601,49000,65+,Rest of Leinster,detached,no
K-10751,Juggler,1,4,no,1,3,10,0,0,1534,42000,25-34,Dublin,semi-detached,no
K-10752,Switcher,2,1,no,3,4,3,0,0,409,33500,35-44,Rest of Leinster,semi-detached,yes
K-10753,Payer,4,1,yes,0,1,20,2,0,400,26500,35-44,Dublin,apartment,
K-10754,Payer,4,1,no,0,0,5,0,0,509,33500,45-54,Munster,semi-detached,yes
K-10755,Payer,4,1,yes,0,0,14,0,0,557,41500,25-34,Munster,semi-detached,
K-10756,Payer,3,1,yes,0,0,21,1,0,480,38000,35-44,Rest of Leinster,semi-detached,
K-10757,Juggler,4,2,yes,1,2,12,1,0,828,34000,45-54,Munster,bungalow,no
K-10758,Switcher,3,1,no,3,5,5,1,0,375,31000,45-54,Dublin,terrace,yes
K-10759,Payer,4,1,yes,0,0,13,0,0,385,23000,45-54,Rest of Leinster,apartment,
K-10760,Payer,3,1,yes,0,0,21,1,0,481,37000,55-64,Munster,semi-detached,
K-10761,Payer,3,1,yes,0,0,26,2,0,435,32000,55-64,Dublin,terrace,no
K-10762,Switcher,2,1,yes,2,4,5,0,0,376,34000,35-44,Connacht,semi-detached,yes
K-10763,Switcher,2,1,no,3,5,2,1,0,437,40500,45-54,Dublin,semi-detached,yes
K-10764,Switcher,3,1,no,2,3,4,0,0,290,20500,35-44,Munster,apartment,no
K-10765,Payer,4,2,yes,0,0,14,0,0,532,39000,35-44,Munster,semi-detached,no
K-10766,Juggler,1,3,no,1,0,6,4,1,1171,28000,35-44,Munster,semi-detached,no
K-10767,Switcher,1,1,yes,2,5,3,0,0,422,36000,35-44,Munster,semi-detached,yes
K-10768,Payer,4,2,no,0,0,18,0,0,449,34500,35-44,Connacht,semi-detached,
K-10769,Payer,2,1,yes,0,0,6,0,0,408,36500,25-34,Rest of Leinster,semi-detached,
K-10770,Payer,3,2,yes,0,0,20,1,1,516,38500,55-64,Munster,semi-detached,
K-10771,Payer,2,1,yes,0,0,14,1,0,434,28500,45-54,Munster,semi-detached,no
K-10772,Switcher,2,1,no,1,5,2,2,0,464,39500,45-54,Dublin,detached,no
K-10773,Juggler,3,3,yes,2,2,10,0,2,988,33000,35-44,Ulster,terrace,yes
K-10774,Juggler,4,2,no,2,1,15,1,0,741,27500,45-54,Ulster,terrace,no
K-10775,Juggler,1,2,no,1,2,16,3,0,520,27000,45-54,Connacht,apartment,no
K-10776,Switcher,3,1,no,1,3,4,0,0,377,40500,45-54,Rest of Leinster,semi-detached,yes
K-10777,Payer,4,1,yes,0,1,21,2,0,449,34000,35-44,Rest of Leinster,semi-detached,yes
K-10778,Switcher,1,1,no,3,5,3,0,0,428,31500,45-54,Munster,semi-detached,yes
K-10779,Payer,3,1,yes,0,0,13,0,0,404,30000,25-34,Munster,terrace,yes
K-10780,Switcher,2,1,no,2,3,4,0,0,362,28000,45-54,Munster,terrace,yes
K-10781,Juggler,1,3,yes,0,2,4,2,0,1117,28000,35-44,Dublin,semi-detached,no
K-10782,Juggler,1,4,yes,2,2,13,2,0,1666,32500,45-54,Dublin,semi-detached,yes
K-10783,Switcher,2,1,no,2,4,5,1,0,522,46500,25-34,Rest of Leinster,detached,yes
K-10784,Switcher,2,1,no,1,5,1,0,1,378,25500,35-44,Rest of Leinster,terrace,yes
K-10785,Payer,2,1,yes,0,0,24,0,0,510,38000,35-44,Rest of Leinster,detached,yes
K-10786,Juggler,3,2,yes,0,2,10,1,0,749,39500,35-44,Dublin,semi-detached,yes
K-10787,Switcher,1,1,no,2,4,4,0,0,318,26500,45-54,Rest of Leinster,apartment,no
K-10788,Juggler,4,3,no,1,1,9,1,1,1298,45000,45-54,Dublin,detached,yes
K-10789,Juggler,3,4,yes,0,0,5,0,0,2072,53500,25-34,Dublin,detached,no
K-10790,Payer,1,1,yes,0,1,24,0,0,354,22500,45-54,Munster,apartment,no
K-10791,Payer,2,1,yes,0,0,11,1,2,436,35000,35-44,Munster,semi-detached,no
K-10792,Juggler,2,3,no,2,2,7,2,0,1094,41000,35-44,Dublin,semi-detached,no
K-10793,Switcher,3,1,no,3,3,4,0,0,425,31500,35-44,Rest of Leinster,semi-detached,
K-10794,Payer,1,1,yes,0,0,12,1,1,474,33500,35-44,Munster,semi-detached,no
K-10795,Switcher,2,1,no,3,3,5,0,0,432,41500,45-54,Munster,semi-detached,no
K-10796,Payer,3,1,yes,0,0,12,0,0,407,29000,35-44,Rest of Leinster,terrace,
K-10797,Payer,3,1,yes,0,0,33,1,1,433,33000,55-64,Munster,semi-detached,no
K-10798,Juggler,1,3,no,2,2,10,3,0,1160,40500,35-44,Rest of Leinster,semi-detached,yes
K-10799,Juggler,3,2,yes,1,3,7,1,1,707,33000,45-54,Rest of Leinster,bungalow,no
K-10800,Switcher,1,1,no,2,4,5,1,0,405,36000,35-44,Rest of Leinster,bungalow,yes
K-10801,Payer,4,1,yes,0,0,23,0,1,503,41000,25-34,Dublin,semi-detached,no
K-10802,Juggler,1,3,yes,0,2,6,2,0,1159,35000,45-54,Dublin,semi-detached,no
K-10803,Payer,3,1,yes,0,0,5,0,0,650,43000,35-44,Dublin,detached,yes
K-10804,Juggler,3,2,yes,1,1,5,0,0,1046,48500,25-34,Dublin,detached,yes
K-10805,Payer,3,1,yes,0,0,11,1,0,501,30500,35-44,Dublin,semi-detached,yes
K-10806,Payer,3,1,yes,0,0,24,1,0,642,49500,45-54,Rest of Leinster,detached,
K-10807,Payer,3,2,yes,1,1,10,0,0,342,29000,25-34,Munster,apartment,no
K-10808,Switcher,1,1,no,2,2,5,0,0,352,28500,25-34,Rest of Leinster,terrace,yes
K-10809,Payer,4,1,yes,0,0,25,0,1,529,38500,35-44,Munster,semi-detached,no
K-10810,Payer,3,1,yes,0,1,7,0,0,544,42000,45-54,Connacht,detached,
K-10811,Switcher,3,1,no,3,4,7,0,0,379,35000,45-54,Rest of Leinster,semi-detached,yes
K-10812,Payer,2,1,yes,0,0,9,0,0,598,46000,55-64,Rest of Leinster,detached,no
K-10813,Payer,3,1,yes,0,0,5,1,0,536,31500,45-54,Munster,semi-detached,yes
K-10814,Payer,4,1,yes,0,0,13,0,0,358,21000,35-44,Munster,apartment,
K-10815,Payer,3,1,yes,1,1,17,0,1,472,34500,65+,Munster,semi-detached,
K-10816,Juggler,1,2,yes,1,2,5,1,0,957,43000,55-64,Munster,detached,no
K-10817,Payer,3,1,yes,0,1,21,1,2,448,32500,45-54,Rest of Leinster,terrace,no
K-10818,Switcher,1,1,no,1,5,5,0,1,316,32500,55-64,Munster,terrace,no
K-10819,Juggler,3,2,yes,0,0,8,0,0,900,53500,35-44,Rest of Leinster,detached,yes
K-10820,Switcher,1,1,no,3,3,1,0,0,378,36500,55-64,Rest of Leinster,semi-detached,no
K-10821,Payer,3,2,yes,0,0,25,0,0,488,35000,45-54,Munster,semi-detached,no
K-10822,Switcher,1,1,no,2,3,2,0,0,320,28000,25-34,Dublin,terrace,yes
K-10823,Switcher,1,1,yes,3,3,7,0,0,406,36000,35-44,Dublin,bungalow,no
K-10824,Switcher,1,1,no,2,4,3,0,0,399,32000,65+,Ulster,bungalow,no
K-10825,Juggler,2,2,no,1,1,13,1,0,753,28000,55-64,Connacht,terrace,no
K-10826,Payer,2,1,yes,0,0,14,1,0,469,29500,55-64,Rest of Leinster,semi-detached,no
K-10827,Payer,4,1,yes,0,1,24,0,1,546,41000,55-64,Dublin,semi-detached,
K-10828,Payer,1,1,yes,0,1,20,0,0,606,46500,55-64,Dublin,detached,
K-10829,Payer,3,1,yes,0,1,19,2,0,509,39000,35-44,Ulster,semi-detached,no
K-10830,Switcher,1,1,no,2,5,6,0,0,426,31000,65+,Connacht,semi-detached,
K-10831,Juggler,2,2,yes,2,3,10,1,0,640,24000,35-44,Munster,terrace,no
K-10832,Juggler,1,2,yes,1,2,5,3,0,766,33000,45-54,Munster,semi-detached,no
K-10833,Switcher,4,1,no,3,4,6,0,1,447,45000,35-44,Connacht,detached,yes
K-10834,Switcher,1,1,no,1,2,6,0,0,348,31500,25-34,Munster,semi-detached,no
K-10835,Payer,4,1,yes,0,0,19,0,0,586,50500,35-44,Dublin,detached,yes
K-10836,Juggler,3,3,no,0,1,19,2,1,1420,40500,25-34,Munster,detached,yes
K-10837,Juggler,1,4,no,1,0,10,2,0,1661,44500,25-34,Dublin,detached,yes
K-10838,Switcher,1,2,no,1,5,4,0,0,487,51500,55-64,Dublin,detached,no
K-10839,Juggler,4,3,no,2,2,10,1,0,1389,55000,45-54,Rest of Leinster,detached,yes
K-10840,Payer,3,2,yes,0,0,15,0,0,466,44000,25-34,Rest of Leinster,semi-detached,
K-10841,Payer,3,1,yes,0,0,21,2,0,437,25000,45-54,Munster,terrace,
K-10842,Juggler,2,3,no,1,0,8,4,0,1112,30500,25-34,Munster,terrace,no
K-10843,Payer,3,1,yes,1,0,5,0,0,549,47000,65+,Ulster,detached,no
K-10844,Juggler,3,2,no,2,1,7,2,0,604,25500,45-54,Connacht,apartment,no
K-10845,Switcher,1,1,no,3,4,2,0,0,400,32000,45-54,Dublin,semi-detached,no
K-10846,Switcher,3,1,no,3,5,3,0,0,300,28000,35-44,Connacht,apartment,no
K-10847,Payer,1,1,no,0,0,8,1,0,315,20500,45-54,Rest of Leinster,apartment,no
K-10848,Switcher,3,1,no,3,4,7,0,1,485,42000,45-54,Rest of Leinster,detached,yes
K-10849,Switcher,1,2,no,1,5,3,1,0,312,35500,45-54,Dublin,terrace,no
K-10850,Payer,4,2,yes,0,0,21,0,0,430,29500,35-44,Dublin,terrace,
K-10851,Juggler,1,2,no,1,1,13,4,1,618,32500,35-44,Rest of Leinster,terrace,no
K-10852,Switcher,1,1,no,2,3,5,1,0,499,52000,45-54,Munster,detached,yes
K-10853,Switcher,1,1,no,1,4,4,0,0,537,43000,35-44,Rest of Leinster,detached,yes
K-10854,Switcher,2,1,yes,2,3,5,0,0,424,37500,35-44,Munster,semi-detached,yes
K-10855,Switcher,1,1,no,1,4,5,1,0,387,40500,65+,Dublin,bungalow,no
K-10856,Payer,1,1,yes,1,0,19,1,0,600,49500,45-54,Connacht,detached,yes
K-10857,Switcher,1,2,no,3,3,3,0,1,399,30000,35-44,Rest of Leinster,semi-detached,yes
K-10858,Payer,2,1,yes,0,0,20,1,0,455,33500,55-64,Dublin,terrace,no
K-10859,Switcher,3,1,no,3,3,4,1,0,363,30500,35-44,Dublin,semi-detached,no
K-10860,Juggler,3,2,no,2,1,10,2,2,1044,43500,65+,Connacht,detached,no
K-10861,Payer,4,1,yes,0,0,32,1,0,405,35000,35-44,Connacht,terrace,yes
K-10862,Switcher,1,1,no,2,4,8,0,2,385,30500,45-54,Munster,semi-detached,
K-10863,Switcher,3,1,no,2,3,3,0,0,365,35500,35-44,Munster,semi-detached,no
K-10864,Switcher,2,1,no,3,5,6,1,0,388,37500,65+,Rest of Leinster,semi-detached,no
K-10865,Switcher,1,1,no,2,4,4,0,0,388,38000,35-44,Munster,semi-detached,yes
K-10866,Switcher,1,1,no,2,5,3,0,1,404,28000,25-34,Connacht,semi-detached,no
K-10867,Juggler,2,3,yes,1,1,13,0,0,1411,52500,55-64,Ulster,detached,yes
K-10868,Switcher,1,1,no,2,3,8,1,0,357,40500,55-64,Dublin,bungalow,no
K-10869,Payer,4,1,yes,0,0,20,0,0,571,45500,45-54,Connacht,detached,yes
K-10870,Payer,3,1,yes,0,1,9,0,1,365,26500,45-54,Rest of Leinster,apartment,no
K-10871,Juggler,2,4,no,0,2,12,2,0,1821,46500,35-44,Munster,detached,yes
K-10872,Juggler,4,2,no,0,2,9,0,0,841,44000,25-34,Dublin,semi-detached,yes
K-10873,Switcher,2,1,yes,1,4,6,0,0,476,45500,35-44,Munster,detached,yes
K-10874,Switcher,4,1,no,2,4,4,0,0,372,35500,35-44,Munster,bungalow,no
K-10875,Payer,4,1,yes,1,0,12,2,0,462,31500,35-44,Munster,semi-detached,no
K-10876,Payer,4,1,yes,0,0,19,0,0,348,26500,35-44,Rest of Leinster,apartment,no
K-10877,Juggler,1,3,yes,1,3,10,2,0,946,34000,35-44,Dublin,terrace,no
K-10878,Payer,4,1,yes,0,0,10,0,0,417,28500,45-54,Munster,terrace,no
K-10879,Switcher,1,1,yes,3,2,6,0,0,318,20500,45-54,Munster,apartment,no
K-10880,Payer,4,1,no,0,1,17,2,0,494,30500,35-44,Ulster,semi-detached,
K-10881,Switcher,2,1,no,2,5,2,0,0,427,30500,35-44,Rest of Leinster,semi-detached,no
K-10882,Switcher,2,1,no,2,2,5,0,1,531,50500,35-44,Dublin,detached,no
K-10883,Juggler,3,3,yes,2,2,4,1,0,861,26000,45-54,Munster,apartment,no
K-10884,Juggler,2,3,yes,1,0,11,2,0,1338,46500,35-44,Rest of Leinster,detached,yes
K-10885,Payer,4,1,no,0,0,6,0,0,545,41000,25-34,Dublin,bungalow,no
K-10886,Juggler,4,3,no,0,0,8,2,1,938,20000,25-34,Munster,apartment,no
K-10887,Payer,4,1,yes,0,0,35,2,2,519,33500,45-54,Rest of Leinster,semi-detached,
K-10888,Juggler,3,2,no,1,2,16,1,0,750,38000,45-54,Ulster,semi-detached,yes
K-10889,Switcher,1,1,no,1,3,5,1,0,437,31500,55-64,Dublin,semi-detached,yes
K-10890,Switcher,1,1,no,1,3,4,1,0,507,48500,35-44,Munster,detached,yes
K-10891,Payer,4,1,yes,0,0,20,0,0,512,36500,45-54,Munster,semi-detached,yes
K-10892,Juggler,1,3,no,1,1,16,3,2,1153,41500,25-34,Rest of Leinster,semi-detached,no
K-10893,Payer,4,1,yes,0,1,25,0,0,384,27500,65+,Connacht,apartment,no
K-10894,Switcher,2,2,yes,3,4,1,0,0,509,49000,65+,Ulster,detached,no
K-10895,Juggler,1,3,yes,2,3,3,2,0,1471,39500,55-64,Rest of Leinster,detached,no
K-10896,Payer,4,1,yes,0,0,13,0,0,462,44000,45-54,Dublin,semi-detached,yes
K-10897,Payer,3,1,yes,0,0,17,0,0,347,29500,35-44,Munster,apartment,
K-10898,Payer,3,1,yes,0,0,5,0,0,381,25000,55-64,Munster,apartment,
K-10899,Payer,4,2,no,1,0,17,1,0,469,42000,45-54,Rest of Leinster,semi-detached,
K-10900,Payer,4,1,yes,1,0,16,0,0,555,40000,45-54,Connacht,detached,yes
K-10901,Juggler,1,2,no,1,1,4,2,0,675,29500,35-44,Munster,terrace,no
K-10902,Switcher,1,1,no,2,4,3,0,0,411,32000,25-34,Connacht,semi-detached,yes
K-10903,Juggler,1,2,yes,1,2,4,3,0,807,36500,65+,Dublin,semi-detached,no
K-10904,Juggler,3,3,no,1,2,2,4,0,1051,38000,55-64,Munster,semi-detached,yes
K-10905,Payer,3,1,yes,0,1,11,1,0,332,22000,55-64,Rest of Leinster,apartment,no
K-10906,Payer,1,1,yes,0,0,20,2,0,345,28000,25-34,Dublin,apartment,no
K-10907,Payer,4,2,no,0,0,17,0,0,367,28000,25-34,Dublin,apartment,yes
K-10908,Payer,4,1,yes,0,0,21,1,0,500,28000,65+,Rest of Leinster,bungalow,no
K-10909,Switcher,1,2,no,2,2,5,1,0,375,33500,35-44,Dublin,bungalow,no
K-10910,Payer,4,1,yes,0,0,18,2,0,461,28000,45-54,Rest of Leinster,bungalow,no
K-10911,Switcher,1,2,no,1,4,6,0,1,425,41500,35-44,Dublin,semi-detached,no
K-10912,Juggler,2,4,no,1,3,15,2,0,1089,25000,25-34,Munster,apartment,no
K-10913,Switcher,2,1,no,3,4,4,0,1,429,33000,45-54,Dublin,semi-detached,yes
K-10914,Switcher,1,1,no,3,5,1,0,0,411,44000,45-54,Rest of Leinster,semi-detached,yes
K-10915,Payer,3,1,yes,0,0,17,1,0,440,39500,45-54,Rest of Leinster,semi-detached,
K-10916,Switcher,3,1,no,1,3,3,0,0,438,34000,35-44,Connacht,bungalow,no
K-10917,Payer,1,1,yes,0,0,12,0,0,588,43500,25-34,Dublin,detached,no
K-10918,Juggler,1,2,yes,0,3,12,1,0,555,20500,45-54,Dublin,apartment,no
K-10919,Juggler,3,3,yes,2,1,7,2,0,1002,30500,35-44,Dublin,semi-detached,yes
K-10920,Juggler,2,2,yes,0,1,10,0,1,660,35500,35-44,Rest of Leinster,terrace,no
K-10921,Payer,3,1,yes,0,0,13,0,0,487,33500,65+,Dublin,terrace,no
K-10922,Payer,3,1,yes,0,0,10,0,1,431,36000,55-64,Dublin,semi-detached,
K-10923,Juggler,3,2,no,1,3,9,0,0,704,37000,35-44,Dublin,semi-detached,yes
K-10924,Switcher,1,1,no,3,5,4,1,1,316,26000,25-34,Connacht,apartment,no
K-10925,Payer,2,1,yes,0,0,19,2,0,397,34500,25-34,Dublin,terrace,no
K-10926,Switcher,3,2,no,1,2,6,0,0,363,41500,45-54,Dublin,semi-detached,no
K-10927,Juggler,1,2,yes,1,2,12,2,1,741,38500,45-54,Connacht,semi-detached,no
K-10928,Switcher,4,1,no,2,4,2,0,0,524,42500,45-54,Ulster,detached,
K-10929,Payer,2,1,yes,0,0,17,1,0,500,31500,35-44,Dublin,semi-detached,yes
K-10930,Switcher,1,1,no,2,4,4,0,0,334,29500,45-54,Munster,terrace,no
K-10931,Payer,3,1,yes,0,0,15,1,0,387,32000,25-34,Munster,terrace,no
K-10932,Payer,4,1,yes,0,0,6,0,0,514,33000,35-44,Rest of Leinster,semi-detached,
K-10933,Switcher,2,1,no,1,3,3,0,0,438,41000,45-54,Connacht,detached,yes
K-10934,Juggler,4,2,yes,2,1,7,1,0,600,29000,45-54,Dublin,apartment,no
K-10935,Switcher,1,1,no,1,4,5,0,0,435,35000,35-44,Rest of Leinster,semi-detached,yes
K-10936,Payer,4,1,yes,0,1,23,1,1,564,36000,45-54,Munster,semi-detached,
K-10937,Switcher,4,1,no,3,5,6,0,0,510,47500,25-34,Munster,detached,yes
K-10938,Switcher,1,1,no,3,4,5,1,0,499,42500,65+,Munster,detached,no
K-10939,Payer,3,1,yes,0,0,15,1,1,448,33000,45-54,Munster,semi-detached,yes
K-10940,Switcher,4,1,no,2,2,1,1,0,411,40000,45-54,Ulster,semi-detached,yes
K-10941,Switcher,4,1,no,3,5,6,1,0,361,41000,45-54,Rest of Leinster,semi-detached,no
K-10942,Switcher,3,1,no,2,4,7,0,0,429,36000,35-44,Rest of Leinster,semi-detached,yes
K-10943,Payer,1,1,yes,0,0,13,1,0,316,24500,45-54,Rest of Leinster,apartment,
K-10944,Switcher,2,2,no,1,5,5,0,0,320,29000,65+,Rest of Leinster,terrace,no
K-10945,Payer,4,1,yes,1,0,10,1,1,481,36000,45-54,Munster,bungalow,
K-10946,Payer,4,1,yes,0,0,13,1,0,468,37000,25-34,Dublin,bungalow,
K-10947,Switcher,1,1,no,2,3,7,1,2,520,50000,25-34,Ulster,detached,yes
K-10948,Juggler,4,4,no,1,2,4,1,0,1211,33000,35-44,Dublin,terrace,no
K-10949,Juggler,2,2,no,0,2,10,2,0,763,41000,65+,Dublin,semi-detached,
K-10950,Switcher,1,1,no,3,5,4,0,1,420,37000,35-44,Munster,bungalow,yes
K-10951,Switcher,1,1,no,2,4,4,0,0,434,29500,35-44,Dublin,bungalow,yes
K-10952,Payer,4,1,yes,0,0,19,2,0,578,40000,25-34,Rest of Leinster,bungalow,yes
K-10953,Switcher,3,1,no,3,5,5,0,1,428,46000,45-54,Rest of Leinster,detached,yes
K-10954,Switcher,1,1,no,3,4,6,0,0,426,36500,35-44,Munster,semi-detached,yes
K-10955,Payer,4,1,yes,0,1,14,1,0,664,36500,55-64,Connacht,detached,
K-10956,Switcher,4,1,no,2,5,2,0,2,369,39500,25-34,Dublin,semi-detached,
K-10957,Switcher,4,1,no,2,2,6,0,0,534,47000,35-44,Munster,detached,no
K-10958,Payer,3,1,yes,0,0,23,1,0,538,35000,25-34,Munster,bungalow,no
K-10959,Switcher,1,1,yes,2,4,3,0,0,350,36000,65+,Munster,semi-detached,no
K-10960,Juggler,3,4,no,0,3,13,2,0,2025,39500,45-54,Connacht,detached,yes
K-10961,Switcher,3,1,yes,3,3,7,1,0,369,36500,35-44,Munster,semi-detached,yes
K-10962,Juggler,3,3,no,1,1,9,0,0,882,20500,65+,Rest of Leinster,apartment,no
K-10963,Switcher,2,1,no,2,2,1,0,0,356,37000,35-44,Munster,terrace,yes
K-10964,Juggler,1,4,no,0,1,18,1,0,1366,32000,35-44,Rest of Leinster,terrace,yes
K-10965,Switcher,1,1,no,3,5,6,0,0,374,31000,35-44,Connacht,bungalow,yes
K-10966,Switcher,1,1,no,3,4,5,0,1,531,42000,55-64,Rest of Leinster,detached,
K-10967,Payer,1,1,yes,0,0,21,0,0,515,40000,35-44,Dublin,detached,yes
K-10968,Juggler,2,3,no,1,0,11,2,0,1138,32000,65+,Ulster,terrace,no
K-10969,Juggler,3,3,no,1,1,9,2,0,1212,33500,65+,Rest of Leinster,semi-detached,no
K-10970,Payer,4,2,yes,0,0,27,0,0,550,32500,55-64,Munster,semi-detached,no
K-10971,Switcher,1,1,no,1,4,4,0,1,316,25000,25-34,Rest of Leinster,apartment,yes
K-10972,Payer,2,1,yes,0,0,25,2,0,389,27000,45-54,Connacht,apartment,
K-10973,Juggler,4,2,no,0,1,9,1,1,632,29500,25-34,Dublin,apartment,no
K-10974,Juggler,2,2,yes,0,0,8,1,0,722,30000,35-44,Rest of Leinster,terrace,yes
K-10975,Juggler,2,3,no,1,1,13,4,0,1448,43500,55-64,Ulster,detached,no
K-10976,Payer,3,2,yes,0,1,21,1,0,527,46500,65+,Rest of Leinster,detached,no
K-10977,Payer,2,1,no,0,0,10,1,0,427,30000,55-64,Munster,semi-detached,yes
K-10978,Payer,4,2,yes,0,0,24,0,0,474,34000,55-64,Rest of Leinster,terrace,
K-10979,Payer,2,1,yes,0,0,17,1,0,450,32000,25-34,Dublin,semi-detached,no
K-10980,Switcher,1,1,no,3,4,2,2,0,336,33000,25-34,Munster,terrace,yes
K-10981,Payer,4,1,yes,0,0,14,0,1,362,22000,35-44,Dublin,apartment,no
K-10982,Switcher,4,1,no,3,5,7,1,0,271,25500,35-44,Rest of Leinster,apartment,yes
K-10983,Payer,2,1,yes,0,1,18,0,0,517,33500,25-34,Ulster,bungalow,no
K-10984,Juggler,4,3,no,0,2,4,2,0,1069,34500,35-44,Munster,bungalow,no
K-10985,Switcher,2,1,no,2,5,4,0,0,343,32500,35-44,Dublin,terrace,no
K-10986,Payer,3,1,no,0,0,19,0,1,498,30500,25-34,Ulster,semi-detached,yes
K-10987,Payer,4,1,yes,1,0,20,0,0,451,29500,35-44,Connacht,terrace,
K-10988,Payer,3,1,yes,0,0,14,0,0,441,36000,35-44,Dublin,terrace,yes
K-10989,Switcher,2,2,no,1,2,4,1,0,485,46000,35-44,Munster,detached,no
K-10990,Juggler,4,2,no,1,2,11,3,0,666,32500,45-54,Dublin,semi-detached,no
K-10991,Juggler,1,2,yes,1,1,4,2,0,632,32000,25-34,Rest of Leinster,terrace,no
K-10992,Juggler,3,3,no,2,2,12,0,0,1251,53000,45-54,Dublin,detached,yes
K-10993,Switcher,1,1,no,3,3,6,2,0,425,43500,45-54,Munster,semi-detached,yes
K-10994,Juggler,2,2,no,1,0,9,2,0,677,39500,55-64,Rest of Leinster,semi-detached,no
K-10995,Juggler,3,2,yes,1,1,13,3,1,770,32000,35-44,Connacht,semi-detached,yes
K-10996,Payer,3,1,yes,0,0,11,0,0,488,28500,55-64,Rest of Leinster,semi-detached,
K-10997,Payer,4,1,yes,1,0,20,1,1,478,26000,65+,Ulster,terrace,no
K-10998,Switcher,1,1,no,3,4,5,0,1,393,34500,35-44,Dublin,semi-detached,yes
K-10999,Payer,3,1,yes,1,0,16,0,0,395,28500,45-54,Dublin,apartment,no
K-11000,Switcher,1,2,no,2,3,6,0,0,371,38000,55-64,Rest of Leinster,semi-detached,no
K-11001,Switcher,2,1,no,2,5,4,0,0,424,42000,45-54,Rest of Leinster,semi-detached,yes
K-11002,Juggler,1,3,no,0,2,10,0,0,1168,39500,25-34,Munster,semi-detached,no
K-11003,Juggler,3,3,no,2,1,9,0,0,1558,44000,25-34,Dublin,detached,no
K-11004,Switcher,3,1,no,1,2,1,0,0,313,30500,45-54,Munster,terrace,yes
K-11005,Payer,3,1,yes,0,1,15,1,0,567,49500,35-44,Connacht,detached,
K-11006,Payer,2,1,yes,0,0,5,0,1,445,37000,45-54,Rest of Leinster,semi-detached,yes
K-11007,Juggler,3,2,yes,1,0,11,1,0,866,40000,35-44,Rest of Leinster,bungalow,yes
K-11008,Juggler,2,3,no,2,1,9,2,0,1077,34500,65+,Ulster,terrace,no
K-11009,Switcher,2,1,no,3,5,2,1,0,395,31000,55-64,Connacht,bungalow,no
K-11010,Juggler,1,4,no,2,1,12,4,0,1246,27500,45-54,Ulster,apartment,yes
K-11011,Payer,4,1,no,0,0,14,0,0,496,31000,55-64,Connacht,semi-detached,
K-11012,Juggler,1,2,yes,1,1,8,1,0,621,31000,45-54,Dublin,terrace,no
K-11013,Switcher,1,1,no,1,4,5,0,0,305,30000,35-44,Connacht,apartment,no
K-11014,Switcher,2,1,no,2,4,7,0,0,315,33000,35-44,Rest of Leinster,terrace,yes
K-11015,Switcher,4,2,no,1,3,3,0,0,357,30000,35-44,Connacht,terrace,no
K-11016,Switcher,2,1,no,2,3,4,2,0,520,42000,35-44,Dublin,detached,no
K-11017,Switcher,3,1,no,1,2,6,0,0,429,31500,45-54,Connacht,semi-detached,no
K-11018,Payer,3,2,no,0,0,7,0,0,404,25500,25-34,Connacht,terrace,yes
K-11019,Payer,3,1,yes,0,0,16,0,0,577,48000,45-54,Munster,detached,
K-11020,Switcher,3,1,no,1,5,2,1,0,323,30000,45-54,Connacht,terrace,no
K-11021,Payer,4,1,yes,0,0,12,1,0,453,35000,35-44,Dublin,semi-detached,yes
K-11022,Switcher,1,1,no,3,3,2,0,0,375,40500,45-54,Rest of Leinster,semi-detached,no
K-11023,Switcher,3,1,no,2,5,1,1,0,316,22000,55-64,Munster,apartment,no
K-11024,Juggler,3,3,yes,1,1,6,1,2,1203,31500,25-34,Munster,semi-detached,
K-11025,Payer,4,1,yes,0,0,12,2,1,544,29500,55-64,Rest of Leinster,semi-detached,no
K-11026,Juggler,1,2,yes,1,1,7,2,0,1018,51500,65+,Dublin,detached,no
K-11027,Payer,3,1,yes,0,0,20,0,0,346,29000,35-44,Munster,apartment,no
K-11028,Payer,3,1,yes,0,0,19,1,0,538,30000,25-34,Dublin,semi-detached,
K-11029,Switcher,1,1,no,2,4,1,0,0,282,28500,35-44,Munster,apartment,no
K-11030,Payer,2,1,yes,0,0,25,1,0,484,39500,45-54,Munster,semi-detached,yes
K-11031,Switcher,1,1,yes,1,2,7,0,0,378,25000,25-34,Rest of Leinster,terrace,no
K-11032,Juggler,3,4,yes,0,1,8,1,0,1080,25500,35-44,Dublin,apartment,no
K-11033,Payer,4,1,yes,0,0,13,0,0,665,39000,55-64,Rest of Leinster,detached,
K-11034,Payer,4,1,yes,0,0,21,0,0,421,27000,35-44,Dublin,terrace,no
K-11035,Payer,3,2,no,0,1,25,0,0,464,37000,45-54,Rest of Leinster,semi-detached,yes
K-11036,Payer,4,1,yes,0,0,10,1,0,520,40000,45-54,Rest of Leinster,bungalow,no
K-11037,Payer,3,2,yes,0,0,12,0,0,397,25000,45-54,Rest of Leinster,apartment,no
K-11038,Juggler,3,2,no,1,0,17,3,0,774,40000,55-64,Munster,semi-detached,no
K-11039,Juggler,1,3,yes,1,2,6,2,0,1277,50000,35-44,Munster,detached,yes
K-11040,Juggler,3,3,yes,1,1,14,1,0,1223,36000,35-44,Munster,semi-detached,no
K-11041,Payer,2,1,yes,0,0,11,2,0,461,39500,35-44,Rest of Leinster,semi-detached,yes
K-11042,Payer,3,2,yes,0,0,8,0,0,444,34000,35-44,Rest of Leinster,semi-detached,yes
K-11043,Switcher,4,2,no,2,4,4,0,0,328,24000,55-64,Connacht,terrace,no
K-11044,Payer,2,2,yes,0,0,18,0,0,431,33500,55-64,Connacht,terrace,
K-11045,Juggler,2,3,no,1,2,4,2,0,1184,34000,55-64,Rest of Leinster,bungalow,yes
K-11046,Switcher,1,1,no,1,4,2,0,0,415,36000,35-44,Munster,semi-detached,yes
K-11047,Payer,4,1,yes,1,1,8,1,0,501,31000,35-44,Connacht,bungalow,no
K-11048,Payer,3,1,yes,0,0,22,0,1,452,39000,55-64,Connacht,bungalow,yes
K-11049,Juggler,3,2,no,1,0,3,1,0,878,43000,55-64,Dublin,detached,no
K-11050,Switcher,1,1,yes,2,5,7,0,0,368,40500,55-64,Munster,semi-detached,no
K-11051,Payer,4,1,yes,0,0,17,1,0,590,38000,45-54,Dublin,detached,no
K-11052,Switcher,1,1,no,3,3,5,0,1,433,40500,35-44,Dublin,bungalow,no
K-11053,Switcher,1,1,no,2,5,5,1,0,364,31000,35-44,Munster,semi-detached,no
K-11054,Switcher,2,1,no,3,3,4,2,0,334,28000,35-44,Dublin,terrace,no
K-11055,Switcher,1,1,no,3,3,1,1,1,527,46000,55-64,Munster,detached,no
K-11056,Switcher,1,1,no,1,4,3,0,0,468,49500,55-64,Rest of Leinster,detached,no
K-11057,Juggler,1,3,yes,0,0,12,2,1,1206,37500,45-54,Rest of Leinster,semi-detached,yes
K-11058,Payer,4,1,yes,0,0,19,0,1,490,34000,35-44,Munster,semi-detached,
K-11059,Switcher,1,1,no,1,2,4,0,0,522,45500,35-44,Dublin,detached,no
K-11060,Juggler,4,2,no,0,1,10,2,0,620,29000,55-64,Munster,apartment,no
K-11061,Payer,4,1,yes,0,1,11,0,0,578,43000,35-44,Dublin,detached,no
K-11062,Switcher,3,1,no,2,4,2,0,0,274,22000,55-64,Dublin,apartment,no
K-11063,Payer,3,1,yes,0,0,28,0,0,540,51000,65+,Munster,detached,
K-11064,Juggler,2,2,yes,1,2,4,1,0,640,31500,25-34,Connacht,terrace,yes
K-11065,Payer,2,1,yes,0,1,21,1,2,486,35000,25-34,Munster,semi-detached,no
K-11066,Switcher,2,1,no,2,3,3,0,0,320,32500,25-34,Munster,terrace,no
K-11067,Payer,2,1,yes,0,0,10,0,0,455,30000,35-44,Rest of Leinster,semi-detached,no
K-11068,Switcher,2,1,yes,1,4,6,0,2,416,32500,25-34,Munster,bungalow,
K-11069,Payer,2,1,yes,0,0,18,0,0,351,30000,65+,Connacht,apartment,no
K-11070,Payer,2,1,yes,0,0,17,0,0,373,20000,55-64,Dublin,apartment,no
K-11071,Juggler,4,2,yes,0,0,8,3,1,759,24000,65+,Munster,terrace,no
K-11072,Switcher,1,2,no,3,5,6,0,0,369,29000,45-54,Dublin,terrace,no
K-11073,Payer,3,1,yes,0,0,14,0,0,393,26500,35-44,Dublin,terrace,yes
K-11074,Payer,4,1,yes,0,1,11,0,1,533,31000,45-54,Rest of Leinster,semi-detached,no
K-11075,Juggler,1,2,no,0,2,9,1,1,761,43000,45-54,Rest of Leinster,semi-detached,yes
K-11076,Payer,4,2,yes,0,1,21,2,0,548,34500,65+,Dublin,bungalow,
K-11077,Juggler,2,3,no,0,2,18,2,0,1267,42000,35-44,Dublin,semi-detached,yes
K-11078,Switcher,2,1,no,2,3,1,0,1,394,31000,45-54,Connacht,semi-detached,no
K-11079,Juggler,1,4,yes,2,1,4,3,0,1471,40500,45-54,Ulster,semi-detached,no
K-11080,Juggler,3,3,yes,1,0,8,4,0,1105,29500,55-64,Dublin,semi-detached,no
K-11081,Payer,2,2,yes,0,0,23,0,0,633,48000,45-54,Dublin,detached,no
K-11082,Switcher,1,1,no,3,3,5,0,0,499,48000,45-54,Munster,detached,yes
K-11083,Payer,4,1,yes,0,0,12,0,0,431,34500,35-44,Ulster,terrace,yes
K-11084,Switcher,2,1,yes,1,5,1,1,1,391,34000,45-54,Ulster,terrace,yes
K-11085,Juggler,1,2,yes,0,2,2,1,0,753,38500,35-44,Connacht,semi-detached,yes
K-11086,Juggler,2,4,yes,1,1,12,2,1,1299,29000,35-44,Rest of Leinster,terrace,yes
K-11087,Switcher,2,1,no,2,4,3,2,0,366,28500,35-44,Rest of Leinster,terrace,yes
K-11088,Switcher,1,1,no,1,3,2,0,0,366,31500,35-44,Dublin,semi-detached,no
K-11089,Juggler,2,4,yes,2,2,20,1,0,1568,31500,25-34,Dublin,semi-detached,no
K-11090,Switcher,3,1,no,3,3,4,0,0,363,33000,65+,Rest of Leinster,semi-detached,no
K-11091,Switcher,2,1,no,3,4,4,1,1,396,35500,25-34,Dublin,terrace,no
K-11092,Switcher,4,1,no,3,4,1,1,0,317,21000,55-64,Munster,apartment,no
K-11093,Switcher,1,1,no,2,4,5,0,0,374,34500,35-44,Rest of Leinster,semi-detached,yes
K-11094,Switcher,1,1,no,2,3,4,0,0,368,34500,45-54,Ulster,terrace,no
K-11095,Payer,3,1,yes,0,0,20,0,1,537,38000,25-34,Connacht,bungalow,no
K-11096,Payer,4,1,yes,0,0,20,0,0,505,33000,35-44,Ulster,bungalow,no
K-11097,Juggler,1,3,yes,1,1,9,2,0,1534,52000,65+,Dublin,detached,no
K-11098,Payer,1,1,yes,0,0,20,1,0,586,53000,45-54,Rest of Leinster,detached,yes
K-11099,Payer,2,2,yes,0,1,11,0,0,608,48500,35-44,Connacht,detached,yes
K-11100,Payer,1,1,yes,0,0,23,1,0,602,50000,25-34,Munster,detached,yes
K-11101,Juggler,2,2,no,1,1,6,2,1,1035,50000,45-54,Connacht,detached,yes
K-11102,Payer,4,2,no,0,0,19,1,0,474,26000,45-54,Munster,terrace,yes
K-11103,Payer,4,1,yes,0,0,19,1,0,471,41500,35-44,Dublin,semi-detached,
K-11104,Juggler,4,4,yes,0,2,12,2,0,1554,30000,45-54,Dublin,semi-detached,yes
K-11105,Switcher,1,1,yes,3,4,6,0,1,421,38500,45-54,Ulster,semi-detached,yes
K-11106,Switcher,2,1,no,2,4,5,0,0,333,35000,25-34,Munster,terrace,yes
K-11107,Switcher,2,1,no,3,5,8,0,0,441,46000,55-64,Dublin,detached,no
K-11108,Payer,2,1,yes,0,0,12,2,0,328,27500,65+,Munster,apartment,no
K-11109,Payer,4,1,yes,0,0,23,2,0,458,44000,45-54,Rest of Leinster,semi-detached,yes
K-11110,Payer,2,1,yes,0,0,20,0,1,464,30500,25-34,Ulster,semi-detached,no
K-11111,Payer,3,1,yes,0,0,13,0,0,463,31500,35-44,Dublin,semi-detached,yes
K-11112,Juggler,2,2,no,0,1,15,0,0,680,40000,55-64,Munster,semi-detached,no
K-11113,Switcher,2,1,no,2,4,3,1,0,408,38500,35-44,Rest of Leinster,semi-detached,yes
K-11114,Payer,3,1,no,0,0,13,0,0,441,33000,45-54,Rest of Leinster,terrace,yes
K-11115,Switcher,2,1,no,3,4,1,0,0,353,27500,45-54,Munster,terrace,no
K-11116,Juggler,1,4,yes,2,2,8,2,0,2009,44500,45-54,Munster,detached,yes
K-11117,Juggler,4,2,yes,2,2,9,1,0,687,36000,35-44,Dublin,semi-detached,no
K-11118,Juggler,2,2,yes,0,0,7,4,0,764,29500,65+,Rest of Leinster,semi-detached,no
K-11119,Juggler,2,2,yes,0,2,11,2,0,840,54500,55-64,Rest of Leinster,detached,yes
K-11120,Juggler,4,2,no,1,1,6,2,0,649,29500,45-54,Rest of Leinster,terrace,yes
K-11121,Switcher,3,1,no,1,5,4,0,0,461,51000,45-54,Connacht,detached,yes
K-11122,Payer,4,1,no,0,0,17,1,0,496,29500,35-44,Rest of Leinster,terrace,yes
K-11123,Payer,4,1,yes,0,0,9,2,0,484,30500,45-54,Ulster,semi-detached,yes
K-11124,Payer,3,1,yes,0,0,25,1,1,387,30000,35-44,Rest of Leinster,apartment,no
K-11125,Switcher,1,1,no,1,2,5,0,1,305,28500,55-64,Connacht,apartment,no
K-11126,Switcher,1,1,no,2,3,2,1,0,286,22000,65+,Dublin,apartment,no
K-11127,Juggler,1,2,yes,1,1,10,0,0,749,35500,45-54,Munster,bungalow,no
K-11128,Payer,2,1,yes,0,0,19,0,1,454,33000,45-54,Rest of Leinster,semi-detached,no
K-11129,Switcher,4,1,no,3,4,5,0,0,399,39000,55-64,Rest of Leinster,semi-detached,yes
K-11130,Payer,3,1,yes,0,1,7,2,2,663,54500,45-54,Munster,detached,
K-11131,Switcher,3,1,no,2,4,4,1,0,514,40500,65+,Munster,detached,no
K-11132,Payer,4,2,no,0,0,17,1,0,525,36000,65+,Rest of Leinster,semi-detached,no
K-11133,Payer,2,1,yes,0,0,10,0,0,392,22500,25-34,Dublin,apartment,no
K-11134,Switcher,1,1,no,2,2,4,1,0,410,40500,65+,Dublin,semi-detached,no
K-11135,Payer,4,2,yes,0,1,10,1,1,632,54000,45-54,Munster,detached,yes
K-11136,Payer,4,1,yes,1,0,14,1,0,393,25500,25-34,Connacht,apartment,yes
K-11137,Switcher,1,1,no,3,4,1,0,2,341,38000,35-44,Connacht,terrace,yes
K-11138,Juggler,4,2,no,2,2,2,3,0,799,32500,35-44,Connacht,semi-detached,no
K-11139,Switcher,1,1,no,2,3,5,0,0,427,38000,45-54,Rest of Leinster,semi-detached,yes
K-11140,Payer,2,1,yes,0,1,29,1,0,509,44000,35-44,Ulster,detached,yes
K-11141,Juggler,4,3,no,2,2,3,4,0,977,31000,35-44,Rest of Leinster,terrace,yes
K-11142,Switcher,1,2,no,3,3,1,0,0,393,34000,45-54,Rest of Leinster,semi-detached,yes
K-11143,Payer,3,1,yes,0,0,15,2,0,429,32500,25-34,Dublin,semi-detached,
K-11144,Payer,4,1,no,0,0,24,0,0,485,26500,55-64,Dublin,terrace,
K-11145,Switcher,1,1,no,1,4,5,0,0,327,26500,45-54,Munster,terrace,no
K-11146,Payer,4,2,no,0,0,18,0,1,445,27500,25-34,Dublin,terrace,
K-11147,Switcher,3,1,no,3,4,5,0,1,441,55000,45-54,Ulster,detached,yes
K-11148,Payer,4,1,yes,0,0,24,1,1,426,31000,35-44,Dublin,terrace,no
K-11149,Payer,2,1,no,0,0,24,1,0,445,39500,55-64,Dublin,bungalow,no
K-11150,Juggler,2,2,no,0,2,8,0,1,854,37000,25-34,Munster,detached,no
K-11151,Switcher,1,1,no,2,3,3,1,0,354,25500,55-64,Connacht,terrace,no
K-11152,Payer,2,2,yes,0,0,27,0,0,384,21500,35-44,Munster,apartment,
K-11153,Juggler,1,2,yes,1,2,15,3,0,697,36500,25-34,Dublin,terrace,yes
K-11154,Juggler,3,2,no,2,2,9,2,0,643,35500,45-54,Dublin,terrace,no
K-11155,Juggler,3,2,yes,2,2,14,0,1,557,30000,55-64,Dublin,apartment,no
K-11156,Payer,2,1,yes,0,0,16,1,1,405,35500,55-64,Dublin,terrace,no
K-11157,Payer,2,2,yes,0,0,15,1,0,462,28000,35-44,Rest of Leinster,terrace,
K-11158,Switcher,2,2,no,3,5,8,0,0,389,31000,35-44,Munster,terrace,no
K-11159,Payer,3,1,yes,0,0,14,0,2,486,31000,45-54,Dublin,terrace,yes
K-11160,Payer,2,1,yes,0,0,24,0,0,602,51000,35-44,Munster,detached,
K-11161,Payer,2,1,yes,0,0,16,1,0,549,50000,35-44,Munster,detached,yes
K-11162,Switcher,1,1,yes,2,5,3,1,0,317,29500,55-64,Munster,apartment,no
K-11163,Payer,3,2,yes,0,0,14,1,1,494,38500,35-44,Munster,semi-detached,
K-11164,Switcher,3,1,yes,3,5,2,2,1,469,41000,35-44,Munster,detached,no
K-11165,Switcher,2,1,no,2,3,6,0,0,354,38500,35-44,Rest of Leinster,bungalow,no
K-11166,Juggler,3,3,yes,0,0,7,1,2,1369,50000,55-64,Connacht,detached,no
K-11167,Payer,2,1,yes,0,0,17,0,0,429,39000,35-44,Dublin,semi-detached,no
K-11168,Payer,4,1,yes,0,0,9,0,0,355,24000,45-54,Munster,apartment,
K-11169,Payer,4,1,yes,0,1,18,0,0,475,31000,45-54,Connacht,semi-detached,yes
K-11170,Juggler,3,2,no,1,1,12,3,1,605,29000,45-54,Dublin,terrace,no
K-11171,Switcher,2,1,no,1,4,6,0,1,291,21500,35-44,Dublin,apartment,no
K-11172,Juggler,1,4,yes,1,0,4,3,0,1268,31500,35-44,Rest of Leinster,terrace,no
K-11173,Juggler,2,2,yes,1,1,12,1,0,935,53500,55-64,Rest of Leinster,detached,no
K-11174,Switcher,1,2,no,2,5,2,0,0,440,39500,25-34,Dublin,detached,yes
K-11175,Juggler,1,3,yes,0,2,4,1,0,1216,31500,25-34,Connacht,semi-detached,yes
K-11176,Juggler,3,2,yes,0,0,8,2,0,751,34000,35-44,Dublin,semi-detached,yes
K-11177,Juggler,3,3,no,2,1,12,3,0,988,34000,35-44,Dublin,terrace,no
K-11178,Payer,1,2,yes,0,1,13,1,0,352,25500,55-64,Dublin,terrace,no
K-11179,Juggler,2,2,yes,2,1,4,3,1,944,47000,55-64,Rest of Leinster,detached,no
K-11180,Payer,2,2,yes,1,0,10,1,0,636,39000,65+,Dublin,detached,no
K-11181,Switcher,3,1,yes,2,4,4,0,0,267,26500,35-44,Rest of Leinster,apartment,no
K-11182,Juggler,1,2,no,0,1,8,3,0,1047,52500,65+,Rest of Leinster,detached,no
K-11183,Payer,3,1,yes,1,1,19,0,2,377,31500,25-34,Ulster,apartment,yes
K-11184,Juggler,1,3,yes,0,1,5,3,1,1060,28000,55-64,Ulster,terrace,no
K-11185,Juggler,4,3,yes,1,1,12,1,0,1009,34500,25-34,Connacht,semi-detached,no
K-11186,Switcher,1,1,no,2,5,7,0,0,339,25500,25-34,Dublin,terrace,no
K-11187,Switcher,1,1,no,2,4,1,0,0,379,36500,25-34,Dublin,semi-detached,no
K-11188,Juggler,3,3,no,1,2,9,1,0,1059,30500,55-64,Rest of Leinster,terrace,no
K-11189,Switcher,2,1,no,2,4,2,0,0,303,21500,25-34,Dublin,apartment,no
K-11190,Juggler,2,3,yes,1,0,15,2,1,1426,47000,35-44,Munster,detached,yes
K-11191,Payer,3,1,yes,0,0,11,0,0,527,34000,25-34,Munster,semi-detached,
K-11192,Payer,2,1,yes,0,0,12,2,0,420,40500,25-34,Munster,semi-detached,yes
K-11193,Switcher,2,1,yes,2,5,2,0,0,451,52000,25-34,Munster,detached,yes
K-11194,Payer,2,1,yes,0,0,21,1,0,482,40500,35-44,Connacht,semi-detached,yes
K-11195,Payer,2,1,no,0,0,19,1,0,409,41500,55-64,Dublin,semi-detached,no
K-11196,Payer,3,2,yes,0,0,20,1,0,450,28000,35-44,Rest of Leinster,terrace,yes
K-11197,Switcher,1,1,no,1,4,6,1,0,474,54500,25-34,Ulster,detached,yes
K-11198,Payer,2,2,yes,0,0,28,0,0,476,36500,25-34,Rest of Leinster,semi-detached,no
K-11199,Juggler,4,2,no,1,1,11,1,0,735,32000,35-44,Munster,bungalow,yes
K-11200,Payer,3,1,yes,0,1,9,0,0,512,32500,35-44,Rest of Leinster,semi-detached,
K-11201,Payer,4,1,yes,0,0,11,0,0,409,32000,25-34,Dublin,terrace,
K-11202,Switcher,1,1,no,2,5,6,0,0,402,40000,45-54,Dublin,semi-detached,no
K-11203,Switcher,4,1,no,1,3,5,0,0,414,36000,65+,Dublin,semi-detached,no
K-11204,Payer,1,2,yes,0,0,21,1,1,487,55000,35-44,Dublin,detached,
K-11205,Payer,4,1,yes,1,0,15,1,0,475,43000,45-54,Dublin,semi-detached,yes
K-11206,Juggler,3,2,yes,2,2,8,1,0,753,30000,25-34,Rest of Leinster,terrace,yes
K-11207,Juggler,1,3,yes,0,0,7,1,1,1159,28500,55-64,Dublin,semi-detached,no
K-11208,Juggler,2,2,no,1,1,7,2,0,916,56500,35-44,Rest of Leinster,detached,yes
K-11209,Switcher,1,1,no,2,4,5,1,1,348,34000,45-54,Rest of Leinster,semi-detached,yes
K-11210,Juggler,4,2,yes,1,1,10,2,0,589,27500,35-44,Dublin,apartment,no
K-11211,Payer,4,1,yes,0,0,14,0,0,481,30500,55-64,Dublin,semi-detached,no
K-11212,Payer,2,1,yes,0,0,20,0,0,465,33500,35-44,Rest of Leinster,terrace,yes
K-11213,Switcher,1,1,no,2,2,4,0,0,397,41500,45-54,Munster,semi-detached,no
K-11214,Switcher,2,1,no,3,5,6,1,0,332,22000,25-34,Dublin,apartment,no
K-11215,Switcher,1,2,no,3,5,4,0,1,346,32000,65+,Dublin,semi-detached,no
K-11216,Juggler,4,3,yes,1,2,8,3,0,1115,34500,35-44,Dublin,semi-detached,no
K-11217,Payer,3,1,yes,0,0,18,0,0,441,37000,65+,Dublin,semi-detached,
K-11218,Payer,4,2,yes,0,0,12,0,0,481,40500,55-64,Dublin,semi-detached,no
K-11219,Switcher,3,1,no,1,5,3,1,0,345,39000,35-44,Dublin,semi-detached,no
K-11220,Juggler,2,4,yes,2,3,12,1,0,1472,28500,45-54,Munster,semi-detached,no
K-11221,Switcher,2,1,no,1,2,2,0,0,429,40500,25-34,Munster,detached,yes
K-11222,Payer,3,1,yes,0,0,10,0,0,533,40000,45-54,Ulster,semi-detached,yes
K-11223,Juggler,2,4,yes,1,2,8,0,0,1529,32500,35-44,Rest of Leinster,semi-detached,yes
K-11224,Switcher,4,1,no,3,2,6,0,1,512,49500,35-44,Dublin,detached,yes
K-11225,Switcher,1,1,no,3,4,4,0,0,385,40000,35-44,Connacht,semi-detached,no
K-11226,Juggler,1,3,yes,0,1,9,2,0,1269,41500,55-64,Connacht,bungalow,no
K-11227,Switcher,2,1,no,1,4,4,1,2,285,23500,25-34,Connacht,apartment,yes
K-11228,Switcher,3,1,no,2,3,4,0,0,436,41000,45-54,Rest of Leinster,semi-detached,yes
K-11229,Juggler,3,3,yes,0,1,10,3,1,1157,31000,35-44,Dublin,semi-detached,no
K-11230,Juggler,1,3,no,1,0,7,1,0,1116,41500,45-54,Rest of Leinster,semi-detached,
K-11231,Payer,1,1,yes,0,0,15,2,1,302,26000,25-34,Rest of Leinster,apartment,no
K-11232,Switcher,1,1,no,1,4,3,0,0,265,29500,55-64,Rest of Leinster,apartment,no
K-11233,Payer,1,1,yes,0,0,8,0,0,320,28500,35-44,Dublin,apartment,yes
K-11234,Juggler,3,2,no,1,1,6,2,0,712,31500,65+,Rest of Leinster,terrace,no
K-11235,Juggler,4,3,yes,1,0,7,0,0,946,30000,65+,Ulster,terrace,no
K-11236,Payer,3,1,yes,0,0,7,0,0,431,35500,35-44,Dublin,semi-detached,
K-11237,Juggler,2,2,yes,1,1,13,1,0,763,31000,35-44,Rest of Leinster,terrace,yes
K-11238,Payer,2,1,yes,0,0,14,1,0,569,49000,35-44,Munster,detached,yes
K-11239,Switcher,2,1,no,2,5,5,0,0,488,39500,65+,Munster,detached,no
K-11240,Switcher,1,1,no,3,2,7,1,0,315,35000,55-64,Dublin,terrace,no
K-11241,Payer,3,2,yes,1,0,15,0,0,516,33000,25-34,Connacht,semi-detached,
K-11242,Juggler,2,3,no,1,1,10,4,0,801,27000,55-64,Munster,apartment,no
K-11243,Juggler,3,3,yes,0,2,6,4,0,1126,34000,35-44,Munster,semi-detached,yes
K-11244,Switcher,1,1,no,2,4,4,0,0,388,39000,45-54,Rest of Leinster,bungalow,no
K-11245,Switcher,1,1,no,2,5,5,0,0,332,24500,35-44,Connacht,terrace,no
K-11246,Juggler,1,3,yes,1,1,9,1,0,1083,35500,55-64,Munster,terrace,no
K-11247,Payer,4,1,no,0,0,13,0,0,525,29000,25-34,Rest of Leinster,semi-detached,
K-11248,Payer,3,1,yes,0,1,15,0,0,484,35000,55-64,Dublin,semi-detached,no
K-11249,Payer,2,2,yes,0,0,33,0,0,447,32000,55-64,Dublin,semi-detached,
K-11250,Juggler,4,2,no,2,2,8,2,0,700,27000,65+,Rest of Leinster,terrace,no
K-11251,Payer,3,1,yes,0,0,7,2,0,384,21500,65+,Rest of Leinster,apartment,
K-11252,Switcher,4,1,yes,1,5,1,0,1,366,33500,35-44,Connacht,semi-detached,yes
K-11253,Payer,3,1,yes,0,1,13,2,0,441,25500,35-44,Dublin,terrace,no
K-11254,Juggler,1,4,yes,1,1,6,2,0,1665,28500,45-54,Munster,semi-detached,no
K-11255,Switcher,2,2,no,2,2,3,0,0,347,37500,55-64,Munster,semi-detached,no
K-11256,Switcher,1,1,no,2,2,1,0,0,368,34500,65+,Munster,semi-detached,no
K-11257,Switcher,1,2,no,3,3,4,0,0,286,27000,35-44,Dublin,apartment,no
K-11258,Switcher,3,1,no,3,5,7,1,1,432,52500,35-44,Ulster,detached,yes
K-11259,Payer,1,1,no,0,0,6,0,0,453,31500,25-34,Munster,semi-detached,no
K-11260,Switcher,2,1,no,1,3,1,1,1,358,27500,55-64,Dublin,terrace,no
K-11261,Switcher,2,1,no,3,5,3,0,0,375,33000,55-64,Dublin,terrace,no
K-11262,Payer,3,1,yes,0,0,25,1,0,508,39000,55-64,Munster,bungalow,no
K-11263,Juggler,2,2,yes,1,1,2,1,1,841,32500,25-34,Rest of Leinster,semi-detached,no
K-11264,Payer,3,1,yes,0,1,14,2,0,421,36000,25-34,Dublin,terrace,yes
K-11265,Switcher,1,1,no,2,3,3,0,1,504,38500,65+,Rest of Leinster,detached,no
K-11266,Payer,2,2,no,0,0,11,1,0,588,43000,25-34,Munster,detached,
K-11267,Payer,1,1,yes,0,0,16,2,0,392,40000,25-34,Dublin,semi-detached,no
K-11268,Switcher,2,2,no,2,5,2,0,0,352,35500,35-44,Munster,semi-detached,no
K-11269,Switcher,1,2,no,2,3,4,0,0,302,28000,35-44,Connacht,apartment,no
K-11270,Payer,4,1,no,1,0,21,1,0,450,28500,55-64,Rest of Leinster,terrace,
K-11271,Switcher,2,1,no,3,3,2,0,0,492,39000,35-44,Munster,detached,no
K-11272,Switcher,4,2,no,3,4,3,0,0,319,24500,55-64,Ulster,apartment,no
K-11273,Payer,4,1,yes,0,0,19,2,1,387,21500,45-54,Dublin,apartment,yes
K-11274,Switcher,2,1,no,2,5,1,1,1,353,27500,55-64,Munster,terrace,no
K-11275,Switcher,1,1,no,2,5,3,0,0,419,35000,45-54,Rest of Leinster,semi-detached,yes
K-11276,Juggler,4,4,yes,2,2,7,0,0,1388,33000,55-64,Dublin,terrace,no
K-11277,Juggler,1,2,yes,1,1,11,4,0,759,36500,35-44,Rest of Leinster,semi-detached,yes
K-11278,Payer,4,1,no,0,0,9,0,0,392,21000,65+,Connacht,apartment,
K-11279,Juggler,2,2,no,0,1,10,0,0,554,27500,25-34,Dublin,apartment,no
K-11280,Payer,3,1,yes,0,1,13,1,0,510,33000,55-64,Munster,semi-detached,
K-11281,Switcher,2,1,no,3,3,2,0,0,365,35500,25-34,Munster,semi-detached,yes
K-11282,Switcher,1,2,no,2,4,6,0,0,489,43000,45-54,Rest of Leinster,detached,no
K-11283,Payer,2,1,yes,0,0,15,1,0,407,37000,45-54,Munster,terrace,yes
K-11284,Payer,4,1,yes,0,0,11,1,0,651,50000,45-54,Rest of Leinster,detached,no
K-11285,Switcher,1,1,no,3,4,7,1,0,391,38000,25-34,Dublin,semi-detached,no
K-11286,Juggler,1,2,no,2,2,4,3,0,810,30000,65+,Connacht,semi-detached,no
K-11287,Juggler,2,3,no,0,1,14,2,2,1384,53500,35-44,Dublin,detached,no
K-11288,Payer,4,1,yes,0,0,25,0,0,471,28000,25-34,Dublin,semi-detached,no
K-11289,Switcher,1,1,no,3,4,8,0,0,345,40000,55-64,Rest of Leinster,semi-detached,yes
K-11290,Payer,3,2,yes,0,1,13,0,1,517,33500,35-44,Dublin,semi-detached,
K-11291,Switcher,3,1,no,2,4,1,1,0,338,26000,35-44,Ulster,terrace,yes
K-11292,Juggler,4,3,yes,0,1,8,3,0,1135,27500,45-54,Munster,terrace,no
K-11293,Switcher,3,1,yes,3,4,1,0,0,489,56500,35-44,Connacht,detached,yes
K-11294,Switcher,1,1,no,2,3,3,1,2,372,30500,45-54,Dublin,terrace,yes
K-11295,Juggler,4,2,no,0,0,8,0,0,745,42000,35-44,Munster,semi-detached,yes
K-11296,Payer,3,1,yes,0,0,15,0,0,560,54000,25-34,Dublin,detached,
K-11297,Switcher,3,1,no,3,5,7,1,0,350,31500,25-34,Dublin,semi-detached,no
K-11298,Switcher,1,1,no,2,5,5,0,1,528,47500,35-44,Munster,detached,no
K-11299,Juggler,3,4,no,2,2,20,3,0,1459,31500,35-44,Connacht,semi-detached,no
K-11300,Payer,4,2,yes,0,1,5,0,0,410,27500,25-34,Dublin,terrace,
K-11301,Payer,4,2,yes,0,0,9,1,1,471,24500,25-34,Dublin,terrace,
K-11302,Switcher,1,1,no,3,3,3,0,0,435,40000,45-54,Dublin,semi-detached,no
K-11303,Payer,4,2,yes,1,0,15,0,0,420,27500,45-54,Dublin,terrace,
K-11304,Payer,4,1,yes,0,1,15,0,0,363,24000,65+,Dublin,apartment,no
K-11305,Switcher,1,1,no,3,5,1,1,2,421,39000,25-34,Rest of Leinster,semi-detached,no
K-11306,Payer,2,1,yes,0,0,18,0,1,502,42500,35-44,Munster,semi-detached,
K-11307,Juggler,3,2,no,0,2,2,2,0,828,34000,25-34,Rest of Leinster,semi-detached,yes
K-11308,Switcher,1,2,no,1,5,2,0,0,335,35500,55-64,Ulster,terrace,yes
K-11309,Switcher,3,1,no,1,3,5,0,0,460,41500,25-34,Connacht,detached,yes
K-11310,Juggler,3,3,yes,0,3,8,1,0,1156,41000,35-44,Connacht,semi-detached,no
K-11311,Juggler,2,3,yes,2,1,4,4,0,1125,34500,45-54,Dublin,semi-detached,no
K-11312,Juggler,1,2,yes,2,3,4,1,0,691,39500,35-44,Connacht,semi-detached,no
K-11313,Switcher,3,1,no,1,4,3,2,0,394,41500,55-64,Dublin,semi-detached,no
K-11314,Payer,4,1,yes,0,0,22,1,0,400,29000,55-64,Connacht,apartment,no
K-11315,Switcher,2,1,no,3,4,5,1,0,360,34500,45-54,Ulster,terrace,no
K-11316,Payer,4,1,yes,0,0,15,0,0,482,42500,45-54,Connacht,semi-detached,yes
K-11317,Switcher,3,1,yes,3,4,2,0,0,535,52500,35-44,Dublin,detached,no
K-11318,Payer,4,1,yes,0,0,20,1,0,486,42000,35-44,Munster,semi-detached,
K-11319,Juggler,2,2,yes,0,1,12,3,0,913,54500,45-54,Rest of Leinster,detached,yes
K-11320,Switcher,1,1,no,2,5,7,0,0,324,23000,45-54,Dublin,apartment,no
K-11321,Juggler,3,4,yes,1,2,12,2,1,1293,36000,65+,Dublin,terrace,
K-11322,Payer,4,1,yes,0,1,14,0,0,562,39500,45-54,Dublin,semi-detached,no
K-11323,Juggler,3,2,yes,1,2,6,3,0,651,35500,45-54,Ulster,terrace,yes
K-11324,Switcher,1,1,no,2,5,5,0,0,270,24000,25-34,Ulster,apartment,no
K-11325,Switcher,4,1,yes,2,2,4,0,0,353,33000,25-34,Connacht,terrace,yes
K-11326,Juggler,4,4,no,0,2,14,2,0,1539,30500,35-44,Munster,semi-detached,yes
K-11327,Juggler,2,2,no,2,1,4,0,0,617,29500,45-54,Rest of Leinster,terrace,no
K-11328,Switcher,2,1,yes,1,4,7,1,0,351,40500,35-44,Dublin,semi-detached,no
K-11329,Payer,3,1,yes,0,0,15,1,0,537,34500,65+,Rest of Leinster,semi-detached,no
K-11330,Switcher,2,1,no,1,3,1,0,0,359,34500,45-54,Munster,semi-detached,no
K-11331,Payer,1,2,yes,0,0,11,1,0,340,21000,45-54,Rest of Leinster,apartment,no
K-11332,Juggler,1,2,yes,2,0,15,4,0,970,45500,35-44,Munster,detached,no
K-11333,Switcher,1,1,no,2,4,1,0,0,510,39000,35-44,Dublin,detached,no
K-11334,Switcher,1,1,yes,1,4,1,0,1,388,37500,25-34,Munster,bungalow,yes
K-11335,Payer,4,1,yes,0,0,10,0,0,447,33000,35-44,Connacht,terrace,yes
K-11336,Switcher,2,1,no,2,4,5,0,0,426,38500,45-54,Connacht,detached,no
K-11337,Juggler,3,3,yes,2,0,10,3,1,1166,37000,45-54,Rest of Leinster,bungalow,yes
K-11338,Switcher,1,1,no,1,5,2,0,0,374,40500,35-44,Munster,bungalow,no
K-11339,Switcher,2,1,no,1,4,2,0,0,389,31000,35-44,Rest of Leinster,terrace,yes
K-11340,Juggler,2,4,no,1,1,4,1,1,1291,26500,35-44,Dublin,terrace,yes
K-11341,Juggler,4,3,no,0,3,2,1,1,1174,32000,25-34,Connacht,semi-detached,yes
K-11342,Switcher,1,1,no,2,4,4,0,0,366,36000,25-34,Dublin,terrace,no
K-11343,Switcher,1,1,no,1,4,7,1,0,365,29000,65+,Rest of Leinster,semi-detached,no
K-11344,Payer,4,1,yes,0,0,11,1,0,561,56500,35-44,Dublin,detached,
K-11345,Juggler,1,4,no,2,0,12,2,1,1570,37500,55-64,Rest of Leinster,semi-detached,no
K-11346,Payer,2,1,yes,1,0,16,1,0,460,44000,45-54,Munster,semi-detached,yes
K-11347,Switcher,2,1,no,3,3,9,2,0,398,37000,45-54,Dublin,semi-detached,no
K-11348,Payer,2,1,yes,0,0,17,0,0,387,27500,25-34,Dublin,apartment,yes
K-11349,Payer,4,1,yes,0,0,18,0,0,414,25000,45-54,Connacht,terrace,
K-11350,Payer,2,1,no,0,0,7,0,0,380,26000,55-64,Dublin,terrace,no
K-11351,Payer,1,1,yes,0,1,14,0,1,455,35500,35-44,Ulster,semi-detached,yes
K-11352,Payer,4,1,yes,0,0,19,0,0,503,36500,45-54,Rest of Leinster,semi-detached,
K-11353,Juggler,4,3,no,1,1,10,0,0,1104,34500,35-44,Dublin,bungalow,no
K-11354,Payer,4,1,no,0,1,22,2,0,500,26500,35-44,Rest of Leinster,terrace,yes
K-11355,Switcher,3,1,no,1,3,6,0,0,374,38000,45-54,Connacht,semi-detached,no
K-11356,Juggler,4,3,no,0,0,3,4,0,1472,51500,45-54,Dublin,detached,no
K-11357,Switcher,3,1,no,2,4,2,2,0,352,32500,55-64,Rest of Leinster,terrace,no
K-11358,Switcher,1,1,no,2,3,4,1,0,289,24500,45-54,Dublin,apartment,yes
K-11359,Switcher,2,1,yes,2,4,4,0,0,402,41000,35-44,Dublin,bungalow,
K-11360,Payer,4,2,yes,0,0,19,1,0,678,41500,25-34,Dublin,detached,
K-11361,Payer,3,1,yes,0,0,17,0,0,558,36500,45-54,Connacht,detached,no
K-11362,Switcher,3,1,no,1,2,1,0,0,322,24000,35-44,Rest of Leinster,terrace,no
K-11363,Switcher,1,1,no,2,4,2,1,0,303,28000,45-54,Dublin,apartment,no
K-11364,Switcher,1,1,no,2,3,3,1,0,481,53000,55-64,Connacht,detached,no
K-11365,Switcher,3,1,no,1,4,7,0,0,510,37500,25-34,Dublin,detached,no
K-11366,Juggler,4,2,yes,2,1,4,0,0,639,33000,35-44,Rest of Leinster,terrace,yes
K-11367,Juggler,1,2,yes,0,1,18,3,0,816,35000,45-54,Rest of Leinster,semi-detached,no
K-11368,Payer,2,1,no,0,0,23,0,0,461,32500,65+,Munster,terrace,no
K-11369,Switcher,3,2,no,3,4,4,0,0,539,48000,55-64,Ulster,detached,
K-11370,Payer,3,1,yes,0,0,18,0,0,462,40000,25-34,Munster,semi-detached,
K-11371,Switcher,1,2,no,3,5,5,0,0,361,38500,35-44,Dublin,semi-detached,no
K-11372,Juggler,1,3,no,2,2,10,1,0,1521,42500,55-64,Dublin,detached,no
K-11373,Juggler,3,2,no,0,3,13,0,0,524,25000,45-54,Connacht,apartment,yes
K-11374,Switcher,1,1,no,3,3,3,1,0,408,41500,45-54,Ulster,semi-detached,no
K-11375,Juggler,1,2,no,1,1,9,3,1,835,42500,25-34,Rest of Leinster,semi-detached,yes
K-11376,Payer,4,1,yes,0,1,14,1,0,537,35000,35-44,Rest of Leinster,semi-detached,
K-11377,Payer,2,1,yes,0,0,21,0,1,375,29500,25-34,Rest of Leinster,apartment,yes
K-11378,Payer,4,1,yes,0,0,5,1,2,563,44000,35-44,Munster,semi-detached,yes
K-11379,Payer,3,2,yes,0,0,7,0,0,477,34000,55-64,Munster,bungalow,
K-11380,Payer,3,1,yes,1,0,27,1,0,429,39000,55-64,Connacht,semi-detached,yes
K-11381,Juggler,1,3,no,0,3,5,1,0,866,23500,65+,Munster,apartment,no
K-11382,Switcher,2,2,no,2,4,7,0,1,374,26500,35-44,Rest of Leinster,terrace,no
K-11383,Switcher,1,1,no,3,5,4,0,0,356,29000,45-54,Munster,terrace,no
K-11384,Juggler,1,4,yes,2,1,13,3,1,1880,44500,55-64,Rest of Leinster,detached,no
K-11385,Juggler,3,4,yes,1,1,7,1,0,1390,35500,65+,Munster,semi-detached,no
K-11386,Juggler,1,4,yes,2,1,7,1,0,1636,39000,45-54,Connacht,semi-detached,yes
K-11387,Switcher,2,1,no,2,4,3,1,0,430,29500,35-44,Rest of Leinster,semi-detached,no
K-11388,Payer,3,1,yes,0,0,15,2,0,530,31000,65+,Rest of Leinster,semi-detached,no
K-11389,Juggler,1,3,no,1,2,6,0,0,1152,34000,55-64,Dublin,semi-detached,yes
K-11390,Payer,3,1,yes,0,1,14,1,1,532,33000,45-54,Dublin,semi-detached,no
K-11391,Switcher,4,1,no,3,4,4,0,2,345,30000,65+,Dublin,semi-detached,no
K-11392,Switcher,1,1,no,2,5,5,2,0,264,22000,35-44,Connacht,apartment,yes
K-11393,Juggler,4,4,no,0,2,7,2,1,1610,33500,35-44,Munster,bungalow,yes
K-11394,Payer,3,1,yes,0,0,10,0,0,529,37500,35-44,Dublin,semi-detached,
K-11395,Payer,3,2,yes,0,0,23,1,0,377,26000,35-44,Dublin,apartment,no
K-11396,Switcher,1,1,no,3,3,7,0,0,282,29500,45-54,Ulster,apartment,yes
K-11397,Payer,3,1,no,0,0,10,0,0,532,36500,35-44,Rest of Leinster,semi-detached,
K-11398,Payer,3,1,yes,0,0,20,1,0,526,30000,35-44,Connacht,semi-detached,yes
K-11399,Payer,2,2,yes,0,0,5,0,0,399,29000,35-44,Dublin,terrace,yes
K-11400,Juggler,3,4,no,0,2,3,3,2,1357,31000,65+,Ulster,semi-detached,no
K-11401,Payer,4,1,yes,0,0,18,0,1,359,21000,45-54,Dublin,apartment,no
K-11402,Payer,3,1,yes,0,0,30,2,1,473,29000,65+,Dublin,terrace,no
K-11403,Payer,3,1,no,0,0,14,0,0,357,24000,35-44,Dublin,apartment,
K-11404,Juggler,3,2,yes,2,2,9,3,1,737,36000,35-44,Munster,terrace,no
K-11405,Payer,2,1,yes,0,0,20,0,0,407,30000,25-34,Rest of Leinster,semi-detached,
K-11406,Juggler,2,4,no,2,2,8,4,0,1284,21000,25-34,Dublin,apartment,no
K-11407,Juggler,2,2,no,0,2,5,0,0,866,32500,55-64,Rest of Leinster,bungalow,no
K-11408,Juggler,2,2,no,1,1,8,2,0,752,40000,35-44,Munster,semi-detached,no
K-11409,Payer,1,1,yes,0,1,15,1,0,316,29000,45-54,Dublin,apartment,no
K-11410,Payer,2,1,yes,0,0,22,0,1,478,37500,65+,Ulster,semi-detached,no
K-11411,Payer,4,1,yes,0,0,18,0,0,674,47000,25-34,Rest of Leinster,detached,yes
K-11412,Switcher,2,1,no,3,4,6,0,0,327,30500,55-64,Dublin,terrace,yes
K-11413,Payer,4,1,yes,0,0,5,1,0,696,39500,45-54,Dublin,detached,
K-11414,Payer,4,1,yes,0,0,25,1,0,550,36500,25-34,Rest of Leinster,semi-detached,
K-11415,Switcher,1,1,no,3,4,7,0,1,330,26000,35-44,Munster,terrace,yes
K-11416,Payer,2,1,yes,1,0,18,2,0,442,36000,25-34,Munster,semi-detached,no
K-11417,Switcher,4,1,no,3,4,2,1,0,382,33500,35-44,Munster,semi-detached,no
K-11418,Payer,2,1,yes,0,0,11,1,0,440,38000,45-54,Rest of Leinster,semi-detached,no
K-11419,Payer,3,2,yes,0,0,5,2,0,522,30500,65+,Rest of Leinster,semi-detached,no
K-11420,Juggler,1,2,yes,2,1,12,2,0,762,32500,35-44,Munster,semi-detached,no
K-11421,Payer,2,1,yes,0,0,20,0,1,434,32500,35-44,Dublin,bungalow,no
K-11422,Payer,4,1,yes,0,0,13,0,0,511,38500,35-44,Rest of Leinster,semi-detached,
K-11423,Switcher,2,1,no,3,4,1,1,0,506,41500,35-44,Dublin,detached,yes
K-11424,Juggler,2,3,yes,1,1,4,1,1,940,20500,25-34,Munster,apartment,no
K-11425,Payer,2,1,yes,0,0,10,1,0,447,43000,35-44,Rest of Leinster,semi-detached,yes
K-11426,Juggler,4,3,yes,2,0,9,2,0,1280,52500,35-44,Munster,detached,yes
K-11427,Payer,2,1,yes,0,0,34,1,0,411,39000,25-34,Dublin,semi-detached,yes
K-11428,Payer,1,1,yes,0,0,17,1,0,413,40500,35-44,Dublin,semi-detached,no
K-11429,Switcher,1,1,no,2,2,5,0,0,448,38000,25-34,Dublin,detached,no
K-11430,Switcher,1,1,no,3,5,6,0,0,344,26000,35-44,Rest of Leinster,terrace,yes
K-11431,Juggler,1,3,yes,1,1,2,1,0,870,24500,25-34,Dublin,apartment,no
K-11432,Juggler,1,2,no,1,0,12,4,0,601,23500,45-54,Rest of Leinster,apartment,no
K-11433,Payer,4,1,yes,0,0,13,1,0,448,37500,45-54,Munster,terrace,yes
K-11434,Payer,3,1,no,0,0,20,0,0,453,33000,35-44,Dublin,semi-detached,
K-11435,Switcher,1,1,no,3,3,4,1,0,385,34500,25-34,Dublin,semi-detached,yes
K-11436,Juggler,2,2,yes,2,2,17,2,1,613,21000,35-44,Dublin,apartment,no
K-11437,Switcher,3,1,no,3,5,4,0,0,264,21500,45-54,Munster,apartment,no
K-11438,Juggler,3,3,no,0,3,4,1,1,993,24000,45-54,Munster,terrace,no
K-11439,Switcher,4,1,yes,2,5,2,0,0,377,34500,55-64,Connacht,semi-detached,yes
K-11440,Switcher,1,1,no,1,5,4,0,0,408,36000,35-44,Ulster,bungalow,no
K-11441,Juggler,1,2,no,1,1,13,0,0,944,51500,55-64,Dublin,detached,no
K-11442,Juggler,3,4,yes,2,3,10,2,0,1365,33500,65+,Munster,terrace,no
K-11443,Switcher,1,1,no,3,5,4,1,0,295,27000,35-44,Connacht,apartment,yes
K-11444,Payer,4,1,yes,0,0,18,1,1,425,27000,45-54,Munster,terrace,
K-11445,Payer,2,2,yes,0,0,11,2,0,438,36500,25-34,Connacht,semi-detached,yes
K-11446,Switcher,2,1,no,2,4,6,0,0,361,36500,25-34,Munster,semi-detached,no
K-11447,Payer,4,1,yes,0,0,10,2,0,447,27000,25-34,Dublin,terrace,no
K-11448,Payer,4,1,yes,0,0,16,0,0,387,24500,45-54,Ulster,apartment,
K-11449,Payer,3,1,yes,0,0,10,2,0,447,40500,35-44,Ulster,semi-detached,no
K-11450,Juggler,3,3,yes,2,1,8,0,0,1000,30000,55-64,Dublin,semi-detached,no
K-11451,Juggler,1,2,no,0,2,4,0,1,589,23000,25-34,Munster,apartment,yes
K-11452,Payer,2,1,yes,0,0,11,0,1,465,32000,25-34,Rest of Leinster,semi-detached,yes
K-11453,Switcher,2,2,no,3,5,3,1,0,358,26500,45-54,Rest of Leinster,terrace,no
K-11454,Switcher,4,1,no,2,3,5,2,0,346,30000,35-44,Dublin,semi-detached,no
K-11455,Juggler,4,2,no,2,0,11,2,1,589,29000,65+,Rest of Leinster,apartment,no
K-11456,Juggler,3,3,yes,2,0,2,1,0,944,24500,45-54,Dublin,apartment,no
K-11457,Switcher,1,1,no,1,2,2,1,0,390,42000,35-44,Connacht,semi-detached,yes
K-11458,Payer,3,1,yes,0,0,10,0,0,581,43500,55-64,Dublin,detached,
K-11459,Payer,2,1,yes,0,0,10,0,0,432,29500,35-44,Munster,terrace,
K-11460,Juggler,4,4,no,2,2,12,1,0,1596,32000,65+,Dublin,semi-detached,no
K-11461,Payer,1,2,yes,0,0,24,0,0,401,31500,55-64,Munster,semi-detached,yes
K-11462,Payer,4,1,no,0,0,20,0,0,465,31500,35-44,Rest of Leinster,semi-detached,
K-11463,Payer,2,1,yes,1,0,13,1,0,505,46500,55-64,Munster,detached,yes
K-11464,Payer,4,1,yes,0,0,15,1,0,509,35500,45-54,Munster,semi-detached,
K-11465,Juggler,4,3,no,1,1,10,2,0,1404,50000,25-34,Dublin,detached,yes
K-11466,Payer,1,2,yes,0,0,23,0,0,351,29500,45-54,Munster,apartment,no
K-11467,Payer,2,1,yes,0,0,15,1,0,486,40000,55-64,Rest of Leinster,semi-detached,no
K-11468,Switcher,2,1,no,2,3,2,0,1,486,44000,35-44,Dublin,detached,
K-11469,Juggler,1,3,yes,2,2,10,0,0,1232,36500,45-54,Rest of Leinster,semi-detached,yes
K-11470,Payer,3,1,no,1,0,14,1,0,465,32500,35-44,Munster,terrace,
K-11471,Switcher,1,1,no,3,3,6,0,0,460,40000,45-54,Dublin,detached,yes
K-11472,Juggler,2,4,yes,1,1,13,1,0,1753,38000,35-44,Dublin,detached,yes
K-11473,Payer,2,1,yes,0,0,25,0,0,610,45500,55-64,Connacht,detached,no
K-11474,Payer,4,1,yes,0,1,26,1,2,585,45000,45-54,Rest of Leinster,detached,yes
K-11475,Payer,4,2,yes,0,0,11,0,1,668,49000,45-54,Connacht,detached,
K-11476,Payer,2,1,yes,0,0,15,0,0,513,30500,55-64,Rest of Leinster,semi-detached,no
K-11477,Juggler,2,2,yes,2,1,8,2,0,1000,51500,45-54,Dublin,detached,yes
K-11478,Switcher,4,1,no,1,4,5,0,0,389,31500,35-44,Rest of Leinster,semi-detached,yes
K-11479,Switcher,1,2,yes,1,3,2,0,0,400,38000,55-64,Munster,bungalow,yes
K-11480,Payer,3,1,yes,0,0,20,0,0,473,32000,55-64,Munster,semi-detached,no
K-11481,Payer,2,2,yes,0,0,13,1,0,501,34500,35-44,Dublin,semi-detached,no
K-11482,Juggler,3,4,yes,1,2,7,1,1,1546,33500,25-34,Rest of Leinster,semi-detached,yes
K-11483,Juggler,4,3,no,1,2,10,2,0,1017,30500,45-54,Dublin,terrace,no
K-11484,Payer,4,1,yes,1,0,11,2,0,621,45000,55-64,Dublin,detached,
K-11485,Juggler,3,3,no,0,2,14,1,0,1401,52500,65+,Dublin,detached,no
K-11486,Switcher,1,1,no,1,2,5,1,0,503,46000,55-64,Ulster,detached,yes
K-11487,Switcher,1,1,yes,3,5,5,0,0,331,26000,45-54,Rest of Leinster,apartment,no
K-11488,Switcher,2,1,no,2,4,6,0,0,416,35500,45-54,Connacht,semi-detached,no
K-11489,Payer,2,1,yes,0,0,13,1,0,414,41000,55-64,Munster,semi-detached,no
K-11490,Switcher,3,1,no,2,5,6,0,0,423,41500,65+,Munster,semi-detached,no
K-11491,Juggler,2,2,no,0,2,7,3,0,792,36500,45-54,Munster,semi-detached,no
K-11492,Juggler,3,3,no,2,2,2,2,0,1111,33000,65+,Rest of Leinster,terrace,no
K-11493,Switcher,1,1,no,2,5,3,0,0,320,27000,45-54,Munster,terrace,no
K-11494,Payer,4,1,yes,0,0,21,0,0,476,36500,65+,Munster,bungalow,no
K-11495,Payer,4,1,yes,0,0,10,1,0,508,24500,65+,Munster,terrace,no
K-11496,Payer,1,1,yes,0,0,15,0,1,438,29500,45-54,Munster,bungalow,yes
K-11497,Payer,4,1,yes,0,0,18,0,0,362,24500,35-44,Dublin,apartment,
K-11498,Juggler,2,3,no,1,3,12,1,0,1207,38000,55-64,Dublin,semi-detached,no
K-11499,Payer,4,1,yes,0,0,25,2,1,487,34500,45-54,Rest of Leinster,bungalow,
K-11500,Juggler,1,3,no,0,1,11,3,0,877,29500,65+,Munster,apartment,no
K-11501,Switcher,2,1,no,3,4,7,1,0,406,32000,45-54,Dublin,bungalow,no
K-11502,Payer,3,1,yes,0,0,8,1,0,439,26000,25-34,Connacht,terrace,yes
K-11503,Juggler,1,3,yes,1,2,4,2,0,1417,47000,45-54,Dublin,detached,yes
K-11504,Payer,4,2,yes,0,0,9,0,0,377,21000,35-44,Rest of Leinster,apartment,no
K-11505,Juggler,1,3,yes,1,1,5,3,0,1162,30500,35-44,Rest of Leinster,semi-detached,yes
K-11506,Payer,2,1,no,0,1,10,1,0,350,23500,45-54,Munster,apartment,no
K-11507,Payer,4,1,no,0,0,13,0,0,599,44000,55-64,Connacht,detached,no
K-11508,Juggler,4,2,no,1,1,4,2,0,713,34000,45-54,Rest of Leinster,terrace,yes
K-11509,Payer,1,2,yes,0,0,14,2,2,389,30000,55-64,Munster,semi-detached,yes
K-11510,Juggler,3,3,no,0,3,3,3,0,1062,33000,45-54,Dublin,semi-detached,yes
K-11511,Payer,3,1,yes,0,0,21,0,0,569,47000,25-34,Ulster,detached,
K-11512,Payer,3,1,yes,0,0,12,0,0,600,44000,45-54,Dublin,detached,no
K-11513,Juggler,2,2,no,0,2,12,4,0,609,25000,25-34,Dublin,apartment,
K-11514,Payer,2,2,yes,1,0,6,0,0,484,37000,55-64,Munster,semi-detached,no
K-11515,Switcher,2,1,no,2,3,6,0,0,487,45000,45-54,Munster,detached,no
K-11516,Juggler,1,3,no,2,0,10,2,0,1560,42000,25-34,Ulster,detached,yes
K-11517,Juggler,3,3,no,0,0,9,1,1,1493,43000,25-34,Rest of Leinster,detached,yes
K-11518,Juggler,3,4,yes,2,1,8,2,0,1373,32500,65+,Dublin,terrace,no
K-11519,Juggler,2,3,no,0,1,12,2,0,1356,51500,35-44,Rest of Leinster,detached,
K-11520,Payer,4,1,yes,0,0,14,1,0,692,44000,25-34,Connacht,detached,yes
K-11521,Juggler,4,2,yes,1,2,11,1,0,660,26000,35-44,Connacht,terrace,no
K-11522,Switcher,1,1,no,2,2,5,0,1,387,31500,35-44,Dublin,terrace,no
K-11523,Juggler,2,4,no,2,2,12,1,0,1626,36000,25-34,Munster,semi-detached,no
K-11524,Juggler,4,2,yes,2,1,17,3,0,855,42500,25-34,Dublin,detached,no
K-11525,Switcher,3,1,no,1,5,6,0,0,466,47500,35-44,Rest of Leinster,detached,
K-11526,Juggler,2,2,no,0,2,13,3,0,729,33500,25-34,Rest of Leinster,bungalow,yes
K-11527,Payer,2,1,yes,0,1,22,2,0,425,35500,65+,Ulster,terrace,no
K-11528,Payer,2,1,yes,0,0,13,0,0,423,33500,45-54,Ulster,semi-detached,no
K-11529,Juggler,4,2,no,0,1,13,0,0,827,33500,35-44,Dublin,semi-detached,yes
K-11530,Switcher,2,1,no,3,2,6,0,0,433,39000,35-44,Connacht,semi-detached,yes
K-11531,Payer,1,1,no,0,0,18,1,0,389,39500,65+,Dublin,semi-detached,no
K-11532,Switcher,1,1,no,2,5,4,0,0,524,46000,35-44,Dublin,detached,yes
K-11533,Juggler,2,4,no,1,2,10,0,0,1407,32000,45-54,Dublin,bungalow,
K-11534,Switcher,4,1,no,2,5,2,1,0,420,32500,25-34,Rest of Leinster,semi-detached,no
K-11535,Switcher,4,1,no,1,3,3,1,0,369,37000,55-64,Dublin,semi-detached,yes
K-11536,Payer,4,1,yes,0,1,13,1,0,558,30000,45-54,Connacht,semi-detached,
K-11537,Juggler,2,4,no,1,3,7,1,1,1225,29000,55-64,Rest of Leinster,terrace,no
K-11538,Switcher,2,1,no,3,3,2,0,0,356,34500,35-44,Munster,semi-detached,
K-11539,Juggler,4,4,yes,1,1,8,3,0,1325,27000,45-54,Rest of Leinster,terrace,no
K-11540,Switcher,3,1,no,3,4,3,0,0,357,29500,35-44,Rest of Leinster,terrace,no
K-11541,Juggler,1,2,no,1,1,4,0,0,804,31500,55-64,Dublin,semi-detached,no
K-11542,Switcher,2,1,yes,2,3,4,0,0,344,43000,35-44,Rest of Leinster,semi-detached,yes
K-11543,Switcher,1,1,no,1,3,4,0,0,420,33000,45-54,Ulster,semi-detached,
K-11544,Payer,4,1,yes,0,1,20,2,0,420,35000,35-44,Dublin,terrace,yes
K-11545,Switcher,4,1,no,3,2,5,0,1,429,41500,25-34,Rest of Leinster,semi-detached,yes
K-11546,Switcher,2,1,yes,1,5,5,0,1,388,37000,35-44,Ulster,semi-detached,no
K-11547,Payer,2,1,yes,0,0,14,0,0,516,31500,35-44,Munster,semi-detached,yes
K-11548,Payer,3,1,yes,0,1,8,0,0,537,41500,45-54,Munster,semi-detached,no
K-11549,Switcher,1,1,no,2,3,4,0,1,355,35000,35-44,Connacht,semi-detached,yes
K-11550,Juggler,1,2,no,2,2,4,0,1,706,28000,25-34,Munster,semi-detached,no
K-11551,Juggler,1,3,yes,0,1,8,1,0,1234,37000,25-34,Munster,semi-detached,yes
K-11552,Payer,2,1,yes,0,0,15,0,0,458,30500,35-44,Rest of Leinster,bungalow,
K-11553,Juggler,2,3,no,1,2,11,3,0,898,24000,35-44,Connacht,apartment,yes
K-11554,Juggler,1,3,yes,2,1,14,1,0,802,26000,45-54,Connacht,apartment,no
K-11555,Payer,2,1,yes,0,0,5,0,0,532,43000,35-44,Munster,detached,yes
K-11556,Juggler,2,2,no,2,1,11,3,1,866,55500,35-44,Munster,detached,yes
K-11557,Switcher,2,1,no,3,3,3,1,2,264,29500,25-34,Connacht,apartment,no
K-11558,Payer,2,1,yes,0,0,13,1,1,470,33000,55-64,Munster,bungalow,no
K-11559,Payer,2,1,yes,0,0,13,0,0,637,44500,55-64,Dublin,detached,no
K-11560,Switcher,1,1,no,3,4,5,0,0,314,25000,35-44,Dublin,terrace,no
K-11561,Payer,3,1,yes,0,0,16,0,0,450,37000,55-64,Munster,terrace,
K-11562,Payer,3,1,yes,0,0,13,2,0,458,40500,25-34,Munster,semi-detached,
K-11563,Switcher,2,1,no,3,4,4,0,0,420,36000,35-44,Dublin,semi-detached,no
K-11564,Juggler,4,2,no,0,1,13,3,0,535,26500,25-34,Munster,apartment,no
K-11565,Payer,3,1,yes,0,1,10,0,0,329,24000,35-44,Rest of Leinster,apartment,
K-11566,Payer,4,1,yes,0,1,14,0,0,429,28000,45-54,Ulster,apartment,no
K-11567,Payer,3,1,yes,0,1,19,1,0,496,39000,35-44,Dublin,bungalow,no
K-11568,Juggler,1,2,no,0,2,13,1,0,728,26000,45-54,Dublin,terrace,no
K-11569,Switcher,1,1,no,2,5,8,1,2,378,35500,35-44,Connacht,terrace,yes
K-11570,Juggler,3,2,no,1,1,3,0,0,692,29500,35-44,Connacht,semi-detached,no
K-11571,Juggler,3,4,yes,1,1,13,3,1,1288,31500,35-44,Munster,terrace,yes
K-11572,Juggler,2,3,yes,0,3,18,2,0,1551,45500,55-64,Munster,detached,no
K-11573,Payer,3,1,yes,0,0,26,1,0,458,33500,65+,Connacht,semi-detached,
K-11574,Switcher,1,1,no,2,5,5,0,0,315,25500,35-44,Munster,apartment,no
K-11575,Juggler,4,3,no,2,1,3,1,0,1279,48000,65+,Munster,detached,no
K-11576,Payer,3,1,yes,0,1,18,1,0,517,32500,35-44,Dublin,semi-detached,
K-11577,Juggler,1,2,yes,1,1,14,0,0,652,29500,25-34,Dublin,terrace,no
K-11578,Payer,4,1,yes,0,0,25,0,0,477,36000,45-54,Munster,terrace,yes
K-11579,Switcher,1,1,no,1,4,8,0,0,432,51000,55-64,Munster,detached,no
K-11580,Switcher,1,1,no,3,4,2,0,0,423,34000,25-34,Connacht,semi-detached,yes
K-11581,Payer,4,2,yes,0,0,16,1,0,449,33000,55-64,Munster,terrace,
K-11582,Payer,3,1,yes,0,0,19,0,0,465,32000,45-54,Rest of Leinster,semi-detached,
K-11583,Payer,1,1,yes,0,0,20,2,0,493,40500,35-44,Munster,detached,yes
K-11584,Juggler,1,2,yes,2,2,10,1,0,839,33000,35-44,Connacht,semi-detached,no
K-11585,Payer,4,1,yes,0,1,7,2,1,420,26500,25-34,Munster,apartment,
K-11586,Switcher,1,1,no,2,5,5,1,0,414,42000,55-64,Munster,semi-detached,no
K-11587,Juggler,1,3,yes,2,2,9,0,0,1006,31500,45-54,Munster,semi-detached,no
K-11588,Juggler,1,3,no,1,1,6,3,0,1243,51500,55-64,Munster,detached,no
K-11589,Juggler,3,3,yes,0,0,4,2,0,1153,38000,55-64,Connacht,semi-detached,no
K-11590,Switcher,3,1,no,2,4,2,0,0,402,37000,55-64,Dublin,bungalow,yes
K-11591,Juggler,1,3,no,2,1,9,1,0,1047,37000,25-34,Munster,semi-detached,no
K-11592,Juggler,3,3,no,1,2,9,2,1,1026,32000,55-64,Ulster,terrace,no
K-11593,Switcher,2,1,no,2,2,5,0,0,502,47000,35-44,Dublin,detached,no
K-11594,Payer,4,1,yes,0,1,17,0,0,600,46500,65+,Dublin,detached,no
K-11595,Juggler,4,3,no,2,3,10,2,0,1284,47000,45-54,Rest of Leinster,detached,yes
K-11596,Juggler,1,2,no,1,1,8,0,0,712,31000,25-34,Munster,semi-detached,yes
K-11597,Payer,4,1,yes,0,0,17,0,0,627,41500,55-64,Dublin,detached,
K-11598,Switcher,2,1,no,3,4,5,1,0,401,31500,35-44,Rest of Leinster,semi-detached,yes
K-11599,Juggler,3,2,no,1,0,5,1,0,730,31500,35-44,Munster,semi-detached,yes
K-11600,Payer,3,2,yes,1,0,14,1,0,543,44000,35-44,Rest of Leinster,bungalow,
K-11601,Switcher,2,1,no,3,4,3,0,0,379,35000,35-44,Munster,terrace,no
K-11602,Payer,2,2,yes,1,1,13,1,0,442,40500,45-54,Rest of Leinster,semi-detached,no
K-11603,Juggler,1,2,no,1,3,14,3,0,586,22000,25-34,Munster,apartment,
K-11604,Payer,3,1,no,0,0,20,1,0,641,53500,55-64,Dublin,detached,
K-11605,Switcher,3,1,no,3,5,4,0,0,513,39000,65+,Munster,detached,no
K-11606,Switcher,4,1,no,2,3,3,0,0,405,38500,55-64,Rest of Leinster,semi-detached,yes
K-11607,Payer,4,1,yes,0,0,6,0,1,355,22000,25-34,Dublin,apartment,yes
K-11608,Switcher,3,1,no,2,5,7,0,0,414,34000,35-44,Munster,semi-detached,yes
K-11609,Juggler,1,3,no,1,2,5,4,0,1402,49500,45-54,Dublin,detached,no
K-11610,Payer,2,1,yes,0,0,5,0,0,319,23000,55-64,Connacht,apartment,
K-11611,Payer,1,2,yes,0,0,15,0,0,442,33500,45-54,Munster,semi-detached,no
K-11612,Payer,2,1,yes,0,1,11,0,0,575,46000,45-54,Dublin,detached,no
K-11613,Payer,3,1,yes,0,0,25,0,0,651,39500,25-34,Dublin,detached,no
K-11614,Juggler,1,2,yes,0,2,5,3,0,668,26500,55-64,Munster,terrace,no
K-11615,Payer,3,1,no,0,0,6,1,0,496,37000,25-34,Dublin,semi-detached,yes
K-11616,Juggler,4,2,no,2,1,13,1,1,722,32500,35-44,Rest of Leinster,semi-detached,yes
K-11617,Juggler,3,2,no,2,1,10,2,0,680,37500,55-64,Dublin,semi-detached,no
K-11618,Payer,1,1,no,0,0,21,0,1,364,23000,65+,Dublin,apartment,no
K-11619,Switcher,4,1,no,3,4,3,1,0,538,47500,35-44,Munster,detached,yes
K-11620,Payer,4,1,yes,0,0,24,0,0,419,28500,35-44,Ulster,terrace,
K-11621,Juggler,2,3,no,1,3,8,0,0,777,26500,35-44,Dublin,apartment,no
K-11622,Payer,4,1,yes,0,0,6,1,0,520,35000,65+,Dublin,bungalow,no
K-11623,Switcher,4,1,no,1,2,1,1,0,424,36000,55-64,Rest of Leinster,semi-detached,no
K-11624,Payer,4,1,no,0,0,17,2,0,509,26500,45-54,Rest of Leinster,terrace,yes
K-11625,Payer,1,1,yes,1,0,19,0,0,477,39000,45-54,Rest of Leinster,bungalow,yes
K-11626,Payer,4,1,yes,0,0,16,2,0,471,24500,55-64,Munster,terrace,no
K-11627,Juggler,1,3,no,2,1,14,2,0,1125,36500,35-44,Rest of Leinster,terrace,yes
K-11628,Payer,4,2,yes,0,1,9,1,1,401,26500,55-64,Munster,apartment,no
K-11629,Switcher,1,1,no,1,4,4,1,0,332,28500,45-54,Rest of Leinster,terrace,no
K-11630,Payer,4,1,yes,0,0,16,0,0,341,27000,55-64,Dublin,apartment,
K-11631,Switcher,1,1,no,1,4,6,1,0,371,39500,35-44,Connacht,semi-detached,no
K-11632,Payer,3,1,yes,1,0,13,1,2,460,36500,65+,Munster,semi-detached,
K-11633,Payer,4,1,no,0,0,17,0,0,428,23000,45-54,Munster,apartment,no
K-11634,Juggler,1,2,no,1,1,4,2,1,753,40000,55-64,Munster,semi-detached,no
K-11635,Switcher,1,1,no,1,2,2,0,0,348,27500,35-44,Ulster,terrace,yes
K-11636,Juggler,4,2,no,2,0,6,1,0,671,26000,55-64,Dublin,terrace,no
K-11637,Juggler,1,4,yes,2,1,5,0,0,1910,44500,45-54,Ulster,detached,yes
K-11638,Payer,1,1,yes,0,0,9,1,1,442,41500,45-54,Connacht,semi-detached,yes
K-11639,Switcher,1,1,no,3,2,6,0,0,472,46500,35-44,Rest of Leinster,detached,yes
K-11640,Payer,2,1,yes,0,0,9,0,0,485,33000,25-34,Rest of Leinster,semi-detached,
K-11641,Switcher,1,1,no,2,4,5,2,0,390,28000,55-64,Connacht,semi-detached,no
K-11642,Payer,4,1,yes,0,0,8,1,0,449,40500,35-44,Munster,semi-detached,no
K-11643,Juggler,3,3,yes,0,2,2,3,0,1363,53500,65+,Dublin,detached,no
K-11644,Juggler,2,2,no,2,2,10,1,1,804,34500,35-44,Dublin,semi-detached,yes
K-11645,Juggler,3,4,no,1,0,16,1,0,1207,30000,65+,Munster,terrace,no
K-11646,Payer,1,1,yes,0,0,24,0,1,311,25000,35-44,Connacht,apartment,no
K-11647,Juggler,2,3,no,1,1,9,4,1,1108,35500,55-64,Rest of Leinster,semi-detached,no
K-11648,Payer,3,1,yes,0,0,14,2,2,494,33000,45-54,Munster,semi-detached,
K-11649,Juggler,4,2,yes,0,1,15,1,0,776,30500,55-64,Dublin,semi-detached,yes
K-11650,Payer,1,2,no,0,0,25,0,0,425,31500,45-54,Dublin,semi-detached,yes
K-11651,Payer,2,1,yes,0,0,16,0,1,349,24000,55-64,Rest of Leinster,apartment,no
K-11652,Juggler,4,3,yes,2,1,5,1,0,1010,34500,45-54,Ulster,semi-detached,yes
K-11653,Juggler,2,3,no,0,0,10,4,1,1222,29000,55-64,Connacht,semi-detached,no
K-11654,Switcher,3,1,no,2,3,4,0,0,522,46500,55-64,Munster,detached,no
K-11655,Payer,3,1,yes,0,0,16,2,0,445,29500,35-44,Munster,terrace,
K-11656,Payer,1,1,yes,0,1,11,1,0,482,42000,45-54,Munster,semi-detached,no
K-11657,Switcher,3,1,no,2,3,2,1,0,348,36000,35-44,Connacht,terrace,yes
K-11658,Payer,3,1,no,0,0,21,2,0,670,38500,25-34,Rest of Leinster,detached,
K-11659,Juggler,3,4,yes,1,1,7,2,0,1833,50000,45-54,Rest of Leinster,detached,yes
K-11660,Juggler,4,3,yes,2,1,3,3,2,1124,25500,35-44,Dublin,terrace,no
K-11661,Switcher,1,1,no,3,3,5,1,0,393,25500,45-54,Munster,terrace,no
K-11662,Juggler,2,3,no,1,2,12,0,0,1332,45000,45-54,Rest of Leinster,detached,
K-11663,Payer,3,2,no,0,0,23,0,0,532,28500,65+,Munster,semi-detached,
K-11664,Juggler,4,2,no,0,1,9,1,0,561,21000,65+,Rest of Leinster,apartment,no
K-11665,Payer,2,1,yes,0,0,13,1,0,362,21000,35-44,Dublin,apartment,
K-11666,Switcher,4,1,no,3,4,5,1,0,270,28000,55-64,Ulster,apartment,no
K-11667,Payer,2,1,yes,1,0,16,1,1,345,22000,25-34,Munster,apartment,no
K-11668,Payer,3,1,yes,0,1,17,0,0,542,29000,35-44,Rest of Leinster,bungalow,no
K-11669,Juggler,3,3,yes,1,2,19,1,0,1526,42000,35-44,Rest of Leinster,detached,no
K-11670,Payer,3,1,yes,0,1,23,0,0,522,38000,45-54,Dublin,semi-detached,yes
K-11671,Switcher,1,1,no,1,3,9,1,0,364,35000,55-64,Connacht,semi-detached,yes
K-11672,Payer,4,1,yes,0,0,19,2,0,612,51500,25-34,Rest of Leinster,detached,yes
K-11673,Juggler,1,2,yes,1,1,8,1,2,985,40000,45-54,Connacht,detached,yes
K-11674,Juggler,3,3,no,2,1,13,0,0,936,29000,45-54,Dublin,terrace,yes
K-11675,Juggler,2,2,no,2,0,2,1,0,574,21500,35-44,Rest of Leinster,apartment,yes
K-11676,Payer,4,1,yes,0,1,16,0,1,354,29000,55-64,Munster,apartment,
K-11677,Payer,4,1,yes,0,0,17,0,0,441,31000,25-34,Munster,terrace,no
K-11678,Juggler,4,3,no,1,2,11,2,0,1080,28000,35-44,Rest of Leinster,terrace,yes
K-11679,Juggler,1,2,yes,0,1,9,1,0,751,36500,25-34,Rest of Leinster,terrace,yes
K-11680,Payer,3,2,yes,0,0,7,2,1,462,37000,25-34,Ulster,semi-detached,
K-11681,Switcher,1,1,no,2,2,5,0,0,415,38500,35-44,Rest of Leinster,bungalow,yes
K-11682,Payer,4,1,yes,0,1,14,0,0,556,34000,65+,Munster,semi-detached,no
K-11683,Payer,2,2,yes,0,0,11,1,0,457,28000,65+,Connacht,terrace,no
K-11684,Juggler,2,4,yes,0,3,3,2,0,1349,37000,55-64,Dublin,semi-detached,no
K-11685,Switcher,1,1,no,1,5,3,1,0,430,28000,35-44,Dublin,semi-detached,no
K-11686,Switcher,1,1,yes,1,2,6,0,1,369,31500,35-44,Dublin,semi-detached,no
K-11687,Payer,2,1,yes,0,1,27,0,0,441,38000,35-44,Ulster,semi-detached,yes
K-11688,Payer,3,1,yes,0,1,23,0,1,474,24000,35-44,Munster,terrace,
K-11689,Payer,2,1,yes,0,1,22,1,0,372,24500,55-64,Rest of Leinster,apartment,no
K-11690,Switcher,1,1,no,3,4,6,0,0,480,51000,35-44,Dublin,detached,yes
K-11691,Payer,2,1,yes,0,1,22,0,0,463,28000,35-44,Munster,semi-detached,no
K-11692,Switcher,3,1,no,3,4,1,2,1,408,44000,45-54,Dublin,bungalow,yes
K-11693,Payer,2,1,yes,0,0,15,0,0,477,39500,25-34,Dublin,semi-detached,yes
K-11694,Juggler,1,2,no,2,1,10,2,0,621,24500,45-54,Connacht,apartment,no
K-11695,Juggler,2,2,no,2,0,14,1,0,836,38500,45-54,Connacht,detached,no
K-11696,Switcher,1,1,no,3,5,4,0,0,433,42500,45-54,Munster,semi-detached,yes
K-11697,Payer,2,1,yes,0,1,18,0,0,392,28500,35-44,Rest of Leinster,apartment,yes
K-11698,Payer,3,1,yes,0,1,16,0,0,452,36500,45-54,Munster,semi-detached,
K-11699,Juggler,3,2,no,1,3,9,2,0,944,39500,35-44,Ulster,detached,no
K-11700,Juggler,2,3,no,0,2,12,2,0,1301,50500,45-54,Rest of Leinster,detached,yes
K-11701,Juggler,3,3,yes,2,2,11,3,0,982,30500,35-44,Dublin,terrace,no
K-11702,Payer,3,1,yes,0,0,5,1,0,507,32000,25-34,Dublin,semi-detached,no
K-11703,Juggler,3,4,yes,1,3,14,2,0,1674,33500,55-64,Connacht,semi-detached,no
K-11704,Juggler,3,3,no,1,1,6,4,0,822,30000,35-44,Dublin,apartment,yes
K-11705,Switcher,3,1,no,2,5,1,0,0,516,55500,45-54,Dublin,detached,yes
K-11706,Juggler,2,3,no,0,1,12,2,0,1058,27000,45-54,Munster,terrace,no
K-11707,Payer,4,1,yes,0,0,27,1,0,545,30500,55-64,Ulster,semi-detached,no
K-11708,Payer,1,1,yes,0,0,21,0,0,488,29500,65+,Connacht,semi-detached,no
K-11709,Switcher,1,2,no,1,5,3,0,0,372,35500,35-44,Munster,terrace,
K-11710,Juggler,1,4,no,1,1,6,0,1,1689,31000,25-34,Dublin,semi-detached,yes
K-11711,Switcher,1,1,no,2,4,6,0,1,340,31500,35-44,Dublin,terrace,no
K-11712,Payer,2,1,yes,0,0,20,0,0,417,35000,45-54,Dublin,terrace,no
K-11713,Juggler,3,4,yes,0,1,2,4,0,1484,36500,35-44,Dublin,terrace,yes
K-11714,Payer,3,1,no,0,0,22,0,0,580,51500,35-44,Rest of Leinster,detached,
K-11715,Payer,3,1,yes,0,1,20,1,0,617,39500,25-34,Rest of Leinster,detached,yes
K-11716,Payer,4,2,yes,0,0,8,0,0,468,25500,25-34,Dublin,terrace,no
K-11717,Payer,2,1,yes,0,0,15,1,0,397,30000,25-34,Dublin,terrace,yes
K-11718,Payer,4,1,yes,0,0,22,0,0,504,26000,55-64,Rest of Leinster,terrace,no
K-11719,Switcher,3,1,no,2,4,2,1,0,375,29500,45-54,Rest of Leinster,terrace,no
K-11720,Switcher,1,2,no,2,3,10,0,2,434,29500,35-44,Munster,semi-detached,no
K-11721,Payer,3,1,yes,0,0,26,1,0,434,31000,55-64,Munster,semi-detached,no
K-11722,Switcher,2,1,no,3,3,4,0,0,337,26000,35-44,Connacht,terrace,no
K-11723,Switcher,1,1,no,2,2,1,1,0,349,43000,45-54,Munster,semi-detached,
K-11724,Switcher,4,1,no,1,3,5,0,0,386,38500,65+,Dublin,semi-detached,no
K-11725,Payer,3,1,yes,0,0,19,0,1,661,51500,55-64,Dublin,detached,no
K-11726,Juggler,4,2,no,1,2,12,0,1,1048,45500,55-64,Rest of Leinster,detached,yes
K-11727,Payer,4,2,yes,0,0,15,0,0,559,51000,35-44,Dublin,detached,
K-11728,Juggler,4,2,no,1,1,14,1,0,759,25000,65+,Dublin,terrace,no
K-11729,Switcher,4,1,no,3,5,5,0,1,353,40000,35-44,Rest of Leinster,semi-detached,yes
K-11730,Payer,4,1,yes,0,0,16,2,0,449,36000,25-34,Dublin,semi-detached,
K-11731,Juggler,3,3,yes,1,1,5,4,0,1159,38500,45-54,Rest of Leinster,semi-detached,yes
K-11732,Juggler,1,2,no,2,2,11,2,0,725,26500,35-44,Rest of Leinster,terrace,no
K-11733,Juggler,1,2,yes,1,1,11,2,0,744,25000,35-44,Munster,terrace,
K-11734,Juggler,4,4,yes,1,2,3,3,0,1414,39500,65+,Dublin,semi-detached,no
K-11735,Juggler,1,2,yes,1,1,14,2,0,671,36000,55-64,Rest of Leinster,semi-detached,no
K-11736,Switcher,2,1,no,3,3,5,0,0,401,41000,25-34,Munster,semi-detached,yes
K-11737,Juggler,2,3,no,1,0,4,1,0,1032,33000,35-44,Ulster,terrace,yes
K-11738,Switcher,1,1,yes,2,4,5,1,0,264,24000,45-54,Munster,apartment,yes
K-11739,Payer,3,1,no,0,1,16,1,0,477,33000,35-44,Munster,semi-detached,
K-11740,Switcher,1,2,no,3,3,6,1,0,430,40000,65+,Munster,detached,no
K-11741,Switcher,1,1,no,1,5,5,1,1,336,30000,65+,Connacht,terrace,no
K-11742,Payer,4,1,yes,0,0,12,2,0,484,30500,45-54,Dublin,terrace,
K-11743,Switcher,3,1,no,2,2,3,1,0,523,41000,35-44,Munster,detached,yes
K-11744,Payer,2,1,yes,0,1,20,0,0,437,36000,45-54,Munster,semi-detached,no
K-11745,Juggler,1,2,no,2,2,3,2,0,779,38500,45-54,Rest of Leinster,semi-detached,yes
K-11746,Juggler,2,3,yes,2,1,3,3,0,1345,44000,35-44,Connacht,detached,yes
K-11747,Juggler,2,2,yes,1,2,7,2,1,762,30000,45-54,Rest of Leinster,terrace,yes
K-11748,Payer,4,2,yes,0,1,10,1,0,573,49500,45-54,Rest of Leinster,detached,
K-11749,Payer,3,1,yes,0,1,14,0,0,449,28500,55-64,Rest of Leinster,semi-detached,
K-11750,Payer,4,1,yes,0,1,23,0,2,411,37500,25-34,Rest of Leinster,terrace,yes
K-11751,Switcher,3,2,no,2,3,7,0,0,424,33500,45-54,Rest of Leinster,semi-detached,
K-11752,Switcher,3,1,no,2,5,7,0,0,317,30500,45-54,Dublin,terrace,no
K-11753,Juggler,2,3,no,0,3,13,3,1,1103,39000,35-44,Connacht,semi-detached,yes
K-11754,Payer,1,1,no,0,0,11,0,1,363,25500,55-64,Rest of Leinster,terrace,yes
K-11755,Payer,3,1,no,0,1,20,0,0,555,39500,35-44,Dublin,detached,yes
K-11756,Juggler,4,2,no,2,2,9,2,2,695,34000,35-44,Dublin,semi-detached,no
K-11757,Juggler,2,2,no,1,1,11,1,0,691,33000,25-34,Munster,semi-detached,no
K-11758,Juggler,1,2,no,0,1,12,2,0,794,39000,25-34,Ulster,semi-detached,yes
K-11759,Payer,4,1,yes,1,1,15,0,1,691,53500,45-54,Connacht,detached,yes
K-11760,Switcher,4,1,no,3,4,6,0,0,387,43500,55-64,Rest of Leinster,semi-detached,yes
K-11761,Switcher,2,1,no,1,5,6,0,0,379,28000,45-54,Munster,terrace,no
K-11762,Payer,4,1,yes,0,1,24,0,0,468,39500,55-64,Munster,semi-detached,no
K-11763,Juggler,3,3,no,0,1,16,2,0,1126,32000,45-54,Munster,terrace,yes
K-11764,Juggler,1,3,no,1,2,14,2,0,1218,38000,45-54,Dublin,semi-detached,yes
K-11765,Juggler,4,3,no,1,0,11,2,0,932,29500,45-54,Rest of Leinster,apartment,no
K-11766,Payer,2,1,yes,0,0,5,0,0,415,30000,35-44,Rest of Leinster,semi-detached,yes
K-11767,Switcher,3,1,no,1,5,2,1,0,482,42500,35-44,Rest of Leinster,detached,yes
K-11768,Juggler,2,2,yes,1,1,6,1,0,657,27500,65+,Dublin,terrace,no
K-11769,Switcher,1,1,no,2,4,1,0,1,393,33500,35-44,Munster,semi-detached,yes
K-11770,Switcher,1,1,yes,1,5,4,0,0,410,41500,35-44,Rest of Leinster,semi-detached,yes
K-11771,Switcher,2,1,no,2,4,2,0,0,353,37500,25-34,Connacht,semi-detached,yes
K-11772,Payer,2,1,yes,0,0,12,1,0,499,30000,55-64,Munster,semi-detached,no
K-11773,Payer,3,1,yes,0,0,16,0,0,435,35000,55-64,Munster,terrace,
K-11774,Payer,2,1,yes,1,0,20,0,0,469,37500,35-44,Munster,semi-detached,no
K-11775,Juggler,1,2,no,2,1,6,1,1,730,36500,55-64,Connacht,terrace,yes
K-11776,Juggler,1,4,no,2,1,6,2,0,1565,31000,45-54,Munster,semi-detached,yes
K-11777,Payer,2,1,no,0,0,15,0,0,505,29500,55-64,Dublin,semi-detached,no
K-11778,Juggler,3,3,yes,0,1,7,3,0,935,20500,25-34,Munster,apartment,no
K-11779,Juggler,1,3,no,0,1,9,2,0,1021,35000,25-34,Munster,semi-detached,yes
K-11780,Payer,3,1,yes,1,0,10,0,0,473,32000,35-44,Connacht,bungalow,no
K-11781,Switcher,3,1,no,1,5,5,2,0,329,27500,35-44,Munster,terrace,yes
K-11782,Juggler,4,2,no,1,3,11,0,0,789,36000,55-64,Dublin,semi-detached,yes
K-11783,Juggler,2,3,no,1,2,10,2,0,1204,31000,45-54,Dublin,semi-detached,yes
K-11784,Payer,2,1,yes,0,0,28,0,0,393,34000,65+,Munster,terrace,no
K-11785,Switcher,4,1,no,3,5,2,1,1,312,23000,35-44,Rest of Leinster,apartment,no
K-11786,Switcher,1,1,no,3,3,5,1,0,320,24000,35-44,Dublin,terrace,no
K-11787,Juggler,3,2,no,1,1,12,2,0,732,24500,55-64,Dublin,terrace,no
K-11788,Switcher,3,1,no,2,2,5,0,0,330,37500,35-44,Munster,terrace,yes
K-11789,Payer,4,1,yes,0,0,23,1,0,679,48000,65+,Munster,detached,no
K-11790,Payer,4,2,yes,0,0,19,1,0,527,29500,45-54,Dublin,semi-detached,
K-11791,Payer,4,1,no,0,1,8,2,0,610,48500,25-34,Dublin,detached,
K-11792,Switcher,1,1,no,1,4,1,0,0,418,31500,45-54,Dublin,semi-detached,yes
K-11793,Payer,2,1,yes,0,1,21,0,0,547,52000,55-64,Munster,detached,yes
K-11794,Switcher,2,1,yes,2,4,3,0,0,331,35500,45-54,Munster,terrace,yes
K-11795,Payer,4,1,yes,0,0,14,0,1,501,34000,45-54,Dublin,bungalow,no
K-11796,Switcher,2,1,no,2,5,4,0,0,357,29500,45-54,Dublin,semi-detached,yes
K-11797,Switcher,1,1,no,3,5,5,1,0,433,55000,25-34,Connacht,detached,yes
K-11798,Payer,1,1,yes,0,0,23,0,0,591,36000,65+,Munster,detached,
K-11799,Switcher,2,1,yes,3,2,4,0,0,367,39000,25-34,Rest of Leinster,semi-detached,yes
K-11800,Payer,1,1,yes,0,1,11,1,0,380,29500,55-64,Munster,terrace,no
K-11801,Switcher,4,1,no,1,3,3,0,0,398,30000,35-44,Munster,semi-detached,yes
K-11802,Juggler,3,2,yes,2,3,6,2,0,674,36000,65+,Munster,semi-detached,no
K-11803,Switcher,4,1,yes,2,3,8,0,0,266,29500,45-54,Munster,apartment,no
K-11804,Payer,3,1,yes,0,0,13,0,0,660,52000,25-34,Munster,detached,yes
K-11805,Juggler,3,3,no,0,2,9,0,0,878,23500,45-54,Dublin,apartment,no
K-11806,Switcher,2,1,no,1,5,3,0,0,399,37500,55-64,Rest of Leinster,semi-detached,no
K-11807,Payer,2,1,yes,0,0,19,0,0,615,51000,35-44,Ulster,detached,no
K-11808,Payer,3,1,yes,0,1,18,1,1,440,35000,35-44,Connacht,terrace,yes
K-11809,Switcher,3,1,no,2,4,3,2,0,432,36000,25-34,Dublin,semi-detached,yes
K-11810,Payer,4,1,yes,0,1,16,1,0,585,52000,35-44,Dublin,detached,
K-11811,Payer,1,1,yes,0,0,14,0,0,550,45000,45-54,Rest of Leinster,detached,
K-11812,Payer,1,1,yes,0,0,15,0,0,549,44000,65+,Dublin,detached,no
K-11813,Switcher,3,1,no,2,4,5,0,1,442,41000,45-54,Rest of Leinster,detached,yes
K-11814,Payer,1,1,yes,0,0,9,0,1,453,39500,45-54,Rest of Leinster,semi-detached,
K-11815,Switcher,2,1,no,2,4,3,1,0,361,35500,25-34,Munster,semi-detached,yes
K-11816,Juggler,3,3,yes,1,3,11,0,0,1175,41000,35-44,Rest of Leinster,bungalow,yes
K-11817,Juggler,4,2,yes,0,3,4,2,1,715,32000,45-54,Rest of Leinster,bungalow,yes
K-11818,Payer,2,2,yes,0,0,17,1,0,447,26000,35-44,Munster,terrace,no
K-11819,Switcher,1,1,yes,1,3,8,0,0,414,38500,45-54,Dublin,semi-detached,no
K-11820,Juggler,1,2,no,0,0,7,1,0,823,37000,45-54,Rest of Leinster,semi-detached,no
K-11821,Switcher,3,1,no,1,5,8,0,0,286,29500,25-34,Rest of Leinster,apartment,no
K-11822,Switcher,1,2,yes,3,5,4,0,2,526,51000,65+,Dublin,detached,no
K-11823,Payer,4,2,yes,0,0,17,0,1,512,37000,35-44,Munster,semi-detached,
K-11824,Switcher,2,1,no,3,3,2,0,0,355,40000,45-54,Dublin,semi-detached,no
K-11825,Switcher,1,1,no,1,3,2,0,0,531,53000,35-44,Dublin,detached,no
K-11826,Juggler,4,3,yes,0,0,9,2,0,987,32500,55-64,Rest of Leinster,terrace,yes
K-11827,Payer,4,1,no,0,0,16,1,0,431,25500,55-64,Munster,terrace,
K-11828,Juggler,4,3,yes,2,2,10,1,0,802,27000,25-34,Munster,apartment,yes
K-11829,Switcher,1,2,no,2,2,1,1,0,490,39000,45-54,Rest of Leinster,detached,yes
K-11830,Switcher,2,1,no,2,5,5,0,0,348,29500,65+,Ulster,terrace,no
K-11831,Payer,2,1,yes,0,1,18,0,2,489,34000,65+,Rest of Leinster,semi-detached,no
K-11832,Switcher,4,1,no,3,5,4,0,0,369,35000,35-44,Connacht,semi-detached,yes
K-11833,Juggler,2,3,no,0,2,9,1,0,1243,41500,35-44,Rest of Leinster,bungalow,yes
K-11834,Juggler,2,3,no,0,1,7,3,0,1166,35500,35-44,Dublin,semi-detached,no
K-11835,Switcher,3,1,no,1,3,8,0,0,371,36500,55-64,Dublin,semi-detached,no
K-11836,Payer,4,1,yes,0,1,22,1,0,694,42000,45-54,Munster,detached,no
K-11837,Juggler,1,4,no,1,1,2,2,0,1411,41000,35-44,Dublin,semi-detached,no
K-11838,Juggler,2,4,no,0,1,9,2,0,1355,40500,65+,Dublin,semi-detached,no
K-11839,Switcher,1,1,yes,1,4,4,1,1,433,37500,55-64,Connacht,detached,no
K-11840,Payer,4,1,yes,0,0,20,1,0,428,21000,35-44,Munster,apartment,
K-11841,Juggler,2,4,yes,1,2,2,1,1,1343,31000,45-54,Dublin,terrace,yes
K-11842,Juggler,2,2,no,0,3,2,0,0,807,39500,25-34,Rest of Leinster,semi-detached,yes
K-11843,Payer,4,1,yes,0,0,8,1,1,458,35500,25-34,Dublin,semi-detached,no
K-11844,Juggler,1,4,yes,1,1,12,3,0,1406,34000,65+,Rest of Leinster,terrace,no
K-11845,Payer,3,1,yes,0,0,14,0,1,388,25500,35-44,Munster,apartment,
K-11846,Juggler,2,3,yes,1,0,7,1,0,1148,27500,55-64,Ulster,terrace,no
K-11847,Payer,4,1,yes,0,0,10,2,0,443,26500,55-64,Rest of Leinster,terrace,
K-11848,Payer,3,1,yes,0,0,14,0,0,366,26000,55-64,Dublin,apartment,
K-11849,Juggler,2,2,no,1,1,19,4,0,681,32500,55-64,Rest of Leinster,semi-detached,yes
K-11850,Switcher,1,1,no,3,5,4,0,0,356,32500,25-34,Dublin,terrace,no
K-11851,Payer,3,1,yes,0,0,20,0,0,600,42000,45-54,Rest of Leinster,detached,yes
K-11852,Payer,3,1,yes,0,1,5,0,0,371,24000,35-44,Ulster,apartment,no
K-11853,Payer,2,1,yes,0,0,24,0,0,391,31000,45-54,Dublin,terrace,yes
K-11854,Payer,4,1,no,0,0,23,0,0,425,23500,45-54,Rest of Leinster,apartment,no
K-11855,Juggler,2,3,yes,1,2,13,0,1,1138,38000,45-54,Connacht,semi-detached,yes
K-11856,Juggler,4,4,no,1,3,8,2,0,1911,54500,45-54,Connacht,detached,yes
K-11857,Payer,4,1,no,0,0,20,0,0,500,35500,65+,Rest of Leinster,semi-detached,no
K-11858,Switcher,1,1,no,3,4,4,1,0,319,22500,25-34,Dublin,apartment,no
K-11859,Juggler,2,2,yes,2,0,5,2,0,628,21500,55-64,Dublin,apartment,no
K-11860,Payer,4,1,yes,0,0,8,0,0,446,32500,55-64,Rest of Leinster,semi-detached,no
K-11861,Juggler,2,2,no,1,0,10,1,1,813,36000,35-44,Munster,semi-detached,no
K-11862,Switcher,2,1,no,1,3,2,0,0,435,40000,25-34,Dublin,semi-detached,no
K-11863,Switcher,4,1,no,1,5,2,0,0,431,36500,45-54,Munster,semi-detached,yes
K-11864,Switcher,1,1,no,2,2,7,1,0,403,39500,35-44,Rest of Leinster,semi-detached,yes
K-11865,Payer,4,1,yes,0,0,7,0,0,513,28000,55-64,Munster,semi-detached,no
K-11866,Switcher,4,2,no,2,5,10,0,0,504,49500,55-64,Dublin,detached,no
K-11867,Payer,1,1,yes,0,0,18,0,0,444,39000,25-34,Munster,semi-detached,yes
K-11868,Payer,2,2,yes,0,0,15,0,0,445,30500,55-64,Ulster,terrace,no
K-11869,Payer,3,1,yes,0,1,23,0,0,573,48500,55-64,Dublin,detached,no
K-11870,Payer,2,1,no,0,1,23,1,0,591,42500,55-64,Connacht,detached,no
K-11871,Switcher,2,1,no,2,5,5,0,0,451,40000,55-64,Munster,detached,no
K-11872,Switcher,1,1,no,1,5,1,1,0,438,28500,45-54,Connacht,bungalow,no
K-11873,Switcher,4,1,no,3,2,4,1,1,282,29000,45-54,Rest of Leinster,apartment,no
K-11874,Switcher,1,1,yes,2,3,4,1,0,380,37500,25-34,Munster,semi-detached,yes
K-11875,Switcher,2,1,no,1,4,3,0,1,336,31500,35-44,Munster,terrace,yes
K-11876,Switcher,1,1,no,2,5,2,0,0,358,34000,45-54,Ulster,semi-detached,yes
K-11877,Payer,3,1,yes,0,0,20,0,0,566,39500,65+,Dublin,detached,no
K-11878,Juggler,1,2,no,2,2,13,0,0,819,34000,35-44,Connacht,semi-detached,yes
K-11879,Switcher,1,1,no,3,4,3,1,2,469,44000,35-44,Dublin,detached,no
K-11880,Switcher,1,1,no,1,3,5,2,0,327,34500,55-64,Rest of Leinster,terrace,no
K-11881,Payer,4,1,yes,0,0,18,2,1,515,40500,35-44,Connacht,semi-detached,no
K-11882,Switcher,1,1,no,1,4,3,1,0,436,38500,35-44,Munster,bungalow,no
K-11883,Juggler,1,4,no,0,2,10,0,0,1364,32500,35-44,Dublin,terrace,yes
K-11884,Switcher,2,1,no,3,4,6,0,0,396,35500,45-54,Dublin,semi-detached,no
K-11885,Payer,4,1,yes,0,0,12,1,0,514,40000,35-44,Rest of Leinster,semi-detached,yes
K-11886,Payer,3,2,yes,0,0,21,1,0,515,40000,35-44,Rest of Leinster,semi-detached,
K-11887,Juggler,2,3,yes,0,3,13,3,2,1060,28000,65+,Dublin,terrace,no
K-11888,Payer,4,1,yes,0,0,17,0,0,407,26500,25-34,Munster,apartment,
K-11889,Switcher,4,1,no,2,4,1,0,0,382,36000,45-54,Rest of Leinster,semi-detached,no
K-11890,Juggler,2,3,yes,2,2,14,1,0,1024,30500,55-64,Dublin,semi-detached,yes
K-11891,Payer,2,1,no,0,0,11,1,0,601,40500,45-54,Munster,detached,no
K-11892,Payer,4,1,yes,0,1,5,0,0,494,31500,35-44,Rest of Leinster,terrace,
K-11893,Juggler,2,2,yes,0,1,13,0,0,612,33500,55-64,Dublin,terrace,no
K-11894,Payer,4,1,yes,0,0,13,0,0,549,42000,55-64,Dublin,semi-detached,no
K-11895,Switcher,2,1,no,2,5,3,2,0,336,24000,45-54,Ulster,terrace,no
K-11896,Juggler,2,4,no,1,1,10,2,0,1865,44000,65+,Munster,detached,no
K-11897,Switcher,2,1,no,2,4,2,0,0,536,38000,45-54,Dublin,detached,no
K-11898,Juggler,1,4,no,1,1,6,3,0,1584,39500,25-34,Dublin,semi-detached,no
K-11899,Payer,4,1,no,1,0,13,2,0,585,40500,45-54,Munster,detached,yes
K-11900,Payer,4,1,no,1,1,21,0,0,530,28500,65+,Rest of Leinster,semi-detached,no
K-11901,Switcher,2,1,no,3,4,3,1,0,390,40500,45-54,Rest of Leinster,semi-detached,yes
K-11902,Payer,3,1,no,0,1,21,1,0,553,44500,35-44,Dublin,detached,yes
K-11903,Switcher,1,1,no,2,2,6,0,0,394,27000,35-44,Connacht,terrace,yes
K-11904,Switcher,1,2,no,3,3,3,0,0,535,36000,25-34,Munster,detached,no
K-11905,Switcher,1,1,no,3,5,5,0,0,433,29000,35-44,Dublin,semi-detached,no
K-11906,Juggler,1,3,no,1,3,15,1,0,1065,25000,65+,Dublin,terrace,no
K-11907,Payer,2,1,yes,0,0,18,1,0,370,26500,25-34,Dublin,apartment,no
K-11908,Juggler,4,3,no,2,1,9,2,0,1146,31500,55-64,Connacht,semi-detached,no
K-11909,Payer,2,1,yes,0,0,19,1,0,447,35500,25-34,Rest of Leinster,semi-detached,
K-11910,Payer,2,1,yes,0,1,14,1,0,431,30500,65+,Dublin,terrace,no
K-11911,Juggler,2,4,yes,2,2,10,1,1,1681,31500,35-44,Rest of Leinster,semi-detached,no
K-11912,Payer,4,1,yes,0,0,14,0,2,508,29500,35-44,Rest of Leinster,semi-detached,
K-11913,Switcher,1,1,no,1,4,6,1,0,333,26500,35-44,Dublin,terrace,no
K-11914,Payer,3,2,no,0,0,14,0,1,447,30000,25-34,Rest of Leinster,semi-detached,
K-11915,Switcher,1,1,no,2,4,7,1,0,366,40000,25-34,Dublin,semi-detached,yes
K-11916,Payer,4,1,yes,0,0,12,2,0,447,32000,35-44,Munster,terrace,no
K-11917,Payer,2,1,yes,0,1,7,1,0,444,31500,45-54,Dublin,semi-detached,no
K-11918,Juggler,3,2,no,1,3,10,2,0,712,30500,45-54,Munster,semi-detached,yes
K-11919,Switcher,2,1,no,2,4,3,1,0,382,29500,45-54,Dublin,bungalow,no
K-11920,Switcher,1,1,no,3,4,3,1,0,437,33000,55-64,Munster,semi-detached,no
K-11921,Payer,2,2,yes,0,1,11,0,1,383,32000,55-64,Dublin,terrace,no
K-11922,Switcher,2,1,no,1,5,1,1,0,352,36000,45-54,Ulster,semi-detached,no
K-11923,Juggler,3,3,yes,0,1,3,2,0,1032,40000,65+,Ulster,semi-detached,no
K-11924,Juggler,3,2,yes,2,1,4,1,0,1017,48000,45-54,Dublin,detached,yes
K-11925,Payer,3,1,yes,0,0,15,1,0,525,33500,55-64,Munster,semi-detached,
K-11926,Switcher,1,1,no,3,2,7,0,0,445,44000,25-34,Ulster,detached,no
K-11927,Switcher,3,1,no,2,3,4,0,0,426,40500,55-64,Dublin,semi-detached,no
K-11928,Switcher,1,1,no,3,5,4,1,0,433,34000,35-44,Connacht,bungalow,yes
K-11929,Payer,3,1,yes,0,0,25,1,0,645,40500,45-54,Dublin,detached,yes
K-11930,Switcher,1,1,no,2,5,3,0,0,450,43000,55-64,Rest of Leinster,detached,no
K-11931,Switcher,1,1,no,3,4,2,1,0,394,29500,55-64,Ulster,semi-detached,no
K-11932,Payer,4,1,no,0,0,13,0,0,452,35000,45-54,Connacht,semi-detached,yes
K-11933,Switcher,4,1,no,2,4,4,0,0,274,21500,45-54,Munster,apartment,no
K-11934,Switcher,2,1,no,3,5,4,1,0,370,24500,35-44,Rest of Leinster,terrace,no
K-11935,Payer,2,1,yes,0,0,13,2,1,499,33500,35-44,Rest of Leinster,semi-detached,
K-11936,Payer,3,1,yes,0,0,17,0,0,370,27500,45-54,Ulster,apartment,no
K-11937,Juggler,3,2,yes,0,2,6,3,0,1020,47500,45-54,Dublin,detached,no
K-11938,Switcher,1,1,no,2,3,2,0,0,346,30000,55-64,Rest of Leinster,semi-detached,no
K-11939,Payer,3,1,no,0,0,24,0,0,613,47000,55-64,Dublin,detached,
K-11940,Juggler,1,2,no,1,1,14,0,0,704,35500,25-34,Dublin,terrace,yes
K-11941,Juggler,4,3,no,2,2,11,3,1,926,28500,25-34,Munster,apartment,
K-11942,Payer,3,1,yes,1,0,16,0,0,488,33000,45-54,Munster,semi-detached,no
K-11943,Switcher,1,1,no,2,4,4,1,0,284,25500,55-64,Connacht,apartment,no
K-11944,Switcher,2,1,no,1,5,6,2,0,385,38500,35-44,Dublin,semi-detached,no
K-11945,Switcher,2,1,yes,3,4,1,0,0,307,20500,55-64,Rest of Leinster,apartment,no
K-11946,Juggler,3,3,no,0,0,11,0,0,1417,45500,45-54,Dublin,detached,no
K-11947,Payer,3,1,yes,0,0,19,1,0,369,27500,35-44,Rest of Leinster,apartment,no
K-11948,Payer,3,1,yes,0,0,12,0,0,531,33500,45-54,Rest of Leinster,semi-detached,
K-11949,Switcher,1,1,no,2,5,3,0,0,526,43000,25-34,Dublin,detached,no
K-11950,Payer,2,1,no,0,0,18,0,0,391,26500,55-64,Munster,apartment,yes
K-11951,Switcher,2,1,no,3,4,3,0,0,421,42000,25-34,Dublin,bungalow,yes
K-11952,Switcher,1,1,no,1,3,4,1,0,444,53000,35-44,Rest of Leinster,detached,no
K-11953,Payer,4,1,no,0,0,23,0,0,407,30000,55-64,Connacht,apartment,no
K-11954,Switcher,1,1,no,1,4,5,0,0,401,33500,55-64,Munster,bungalow,no
K-11955,Juggler,1,2,no,2,2,2,1,0,695,31000,35-44,Rest of Leinster,terrace,yes
K-11956,Switcher,1,1,yes,2,5,1,1,0,406,32000,55-64,Connacht,bungalow,no
K-11957,Switcher,2,1,no,3,5,1,0,0,399,40000,55-64,Rest of Leinster,semi-detached,no
K-11958,Juggler,1,2,no,1,0,12,2,0,846,39000,25-34,Munster,semi-detached,no
K-11959,Switcher,2,1,no,3,5,6,0,0,371,32000,45-54,Dublin,terrace,no
K-11960,Juggler,2,3,no,2,1,5,2,0,919,20000,65+,Dublin,apartment,no
K-11961,Switcher,4,1,no,1,2,3,1,0,300,28000,25-34,Rest of Leinster,apartment,no
K-11962,Payer,3,1,no,0,0,25,0,0,337,26000,25-34,Ulster,apartment,
K-11963,Payer,4,1,yes,0,0,13,1,0,508,30500,25-34,Dublin,semi-detached,yes
K-11964,Juggler,4,3,no,2,1,2,0,1,1505,50000,35-44,Ulster,detached,no
K-11965,Switcher,2,1,no,2,4,1,0,0,315,25000,65+,Dublin,terrace,no
K-11966,Switcher,2,1,no,2,2,4,0,0,394,36000,45-54,Munster,semi-detached,no
K-11967,Juggler,4,2,yes,2,2,11,3,0,826,34000,45-54,Munster,semi-detached,no
K-11968,Switcher,2,1,no,2,5,5,0,0,372,36500,35-44,Ulster,terrace,yes
K-11969,Payer,4,1,yes,0,0,5,0,0,465,29000,35-44,Rest of Leinster,terrace,
K-11970,Switcher,3,2,no,3,3,2,0,1,370,34500,25-34,Dublin,semi-detached,no
K-11971,Switcher,1,1,no,3,4,1,1,1,319,28500,55-64,Dublin,terrace,no
K-11972,Payer,4,1,yes,0,1,11,0,0,410,23500,45-54,Rest of Leinster,apartment,
K-11973,Payer,2,1,yes,0,1,19,0,1,592,45000,45-54,Connacht,detached,yes
K-11974,Payer,4,1,yes,1,0,9,0,1,493,29000,65+,Ulster,semi-detached,
K-11975,Payer,4,1,yes,0,1,15,0,0,389,27000,55-64,Munster,apartment,
K-11976,Payer,4,1,yes,0,0,17,0,0,557,29500,45-54,Connacht,semi-detached,
K-11977,Juggler,4,4,yes,2,3,10,1,0,2018,54500,35-44,Rest of Leinster,detached,yes
K-11978,Payer,3,1,yes,0,0,22,2,1,451,38500,25-34,Rest of Leinster,bungalow,no
K-11979,Switcher,2,1,no,2,3,1,0,0,287,25500,45-54,Rest of Leinster,apartment,no
K-11980,Juggler,2,4,no,0,2,14,4,0,1403,35500,45-54,Dublin,terrace,no
K-11981,Payer,3,1,yes,0,0,11,1,0,405,35500,25-34,Dublin,terrace,
K-11982,Switcher,3,1,yes,1,4,6,1,0,363,41000,25-34,Rest of Leinster,semi-detached,yes
K-11983,Payer,3,1,yes,0,0,14,1,0,516,39500,35-44,Rest of Leinster,semi-detached,
K-11984,Juggler,1,3,no,1,1,15,0,0,1570,48000,55-64,Dublin,detached,no
K-11985,Switcher,3,2,no,2,4,6,0,0,312,28000,45-54,Dublin,terrace,no
K-11986,Payer,4,1,yes,0,0,17,1,0,595,48000,65+,Dublin,detached,no
K-11987,Switcher,1,1,no,3,5,4,0,1,363,37000,25-34,Dublin,bungalow,no
K-11988,Switcher,2,1,no,3,4,3,1,0,416,37500,55-64,Connacht,semi-detached,no
K-11989,Switcher,2,1,no,2,5,3,1,0,430,38500,35-44,Dublin,semi-detached,yes
K-11990,Switcher,1,1,no,3,5,2,2,0,289,21000,55-64,Munster,apartment,no
K-11991,Payer,1,1,yes,0,0,18,0,0,543,37000,65+,Munster,detached,no
K-11992,Juggler,3,2,no,2,2,10,0,0,790,42500,45-54,Munster,semi-detached,yes
K-11993,Switcher,2,1,no,2,4,6,0,0,398,39500,25-34,Munster,semi-detached,yes
K-11994,Payer,3,1,yes,0,0,13,1,0,475,28500,25-34,Munster,semi-detached,no
K-11995,Payer,2,2,yes,1,1,26,2,0,481,30500,35-44,Ulster,semi-detached,yes
K-11996,Switcher,1,1,no,2,3,6,1,0,435,33000,35-44,Munster,semi-detached,yes
K-11997,Switcher,2,1,no,3,4,3,1,1,371,33500,25-34,Munster,semi-detached,no
K-11998,Switcher,1,1,no,1,4,3,1,0,457,53500,25-34,Munster,detached,yes
K-11999,Payer,3,1,yes,0,1,15,0,0,514,34000,65+,Dublin,semi-detached,
K-12000,Payer,4,1,yes,0,0,15,0,0,369,22500,35-44,Connacht,apartment,no
K-12001,Payer,4,1,yes,0,1,10,2,1,405,29500,35-44,Rest of Leinster,terrace,yes
K-12002,Payer,1,1,yes,0,0,18,2,1,407,38000,25-34,Ulster,semi-detached,no
K-12003,Switcher,2,1,no,2,3,2,2,0,411,38000,55-64,Dublin,semi-detached,
K-12004,Payer,3,1,yes,0,0,19,0,0,629,42000,35-44,Dublin,detached,
K-12005,Payer,4,1,yes,0,0,21,0,0,622,38500,45-54,Munster,detached,yes
K-12006,Switcher,1,1,no,3,5,2,0,0,394,29000,25-34,Dublin,semi-detached,no
K-12007,Payer,2,1,yes,0,1,17,2,0,584,42000,35-44,Ulster,detached,
K-12008,Payer,2,1,yes,0,0,17,1,0,495,35500,35-44,Munster,semi-detached,
K-12009,Switcher,1,1,no,2,4,1,1,0,505,44500,35-44,Rest of Leinster,detached,yes
K-12010,Payer,1,1,yes,0,0,16,0,0,402,35000,35-44,Rest of Leinster,semi-detached,yes
K-12011,Payer,3,1,yes,1,0,18,1,0,644,41500,35-44,Dublin,detached,yes
K-12012,Payer,3,1,no,0,0,12,1,0,603,37500,25-34,Munster,detached,no
K-12013,Switcher,1,1,yes,2,4,4,0,1,396,41500,45-54,Munster,semi-detached,yes
K-12014,Payer,4,1,yes,0,0,11,2,0,493,39000,35-44,Dublin,semi-detached,no
K-12015,Payer,4,1,yes,0,0,14,1,0,551,30500,25-34,Rest of Leinster,semi-detached,yes
K-12016,Payer,4,1,yes,0,1,12,0,0,596,37000,65+,Rest of Leinster,detached,no
K-12017,Payer,4,1,yes,0,1,9,0,0,425,24500,55-64,Rest of Leinster,terrace,
K-12018,Juggler,3,2,yes,0,1,9,1,0,711,33500,65+,Connacht,semi-detached,no
K-12019,Payer,3,1,yes,0,1,18,1,0,413,24500,45-54,Ulster,terrace,no
K-12020,Switcher,1,1,no,3,5,5,0,1,375,34500,45-54,Rest of Leinster,terrace,no
K-12021,Payer,1,1,yes,0,0,12,1,0,501,51500,65+,Rest of Leinster,detached,no
K-12022,Juggler,2,4,no,0,0,17,2,1,1675,41500,65+,Dublin,detached,no
K-12023,Switcher,2,1,no,1,3,2,0,0,368,38000,35-44,Ulster,bungalow,yes
K-12024,Payer,3,1,yes,0,0,5,1,0,389,28000,25-34,Dublin,terrace,no
K-12025,Payer,4,1,yes,0,1,11,1,0,697,54000,35-44,Rest of Leinster,detached,yes
K-12026,Juggler,1,4,yes,1,1,9,1,0,1677,51500,55-64,Munster,detached,no
K-12027,Juggler,1,4,no,0,0,9,0,0,1403,33000,45-54,Dublin,terrace,yes
K-12028,Payer,1,1,no,0,0,9,1,0,406,37000,25-34,Rest of Leinster,terrace,yes
K-12029,Switcher,2,1,no,2,3,5,0,0,401,38000,35-44,Dublin,semi-detached,no
K-12030,Payer,4,1,yes,0,0,18,1,0,417,26500,55-64,Dublin,apartment,no
K-12031,Payer,4,2,yes,0,0,19,1,0,592,40000,45-54,Connacht,detached,yes
K-12032,Payer,3,1,yes,0,0,17,0,0,363,25500,25-34,Rest of Leinster,apartment,no
K-12033,Switcher,3,1,no,3,2,5,1,1,358,29500,35-44,Munster,terrace,no
K-12034,Switcher,1,2,no,2,3,3,0,0,427,38500,25-34,Munster,semi-detached,yes
K-12035,Payer,4,1,yes,0,0,21,1,0,499,43000,25-34,Munster,semi-detached,yes
K-12036,Payer,4,1,yes,0,0,7,0,0,338,26000,55-64,Connacht,apartment,
K-12037,Switcher,2,1,no,2,4,5,0,0,285,30000,35-44,Rest of Leinster,apartment,no
K-12038,Payer,3,2,yes,0,0,13,0,0,329,21500,55-64,Rest of Leinster,apartment,no
K-12039,Payer,1,1,yes,0,0,21,0,2,492,43500,35-44,Munster,detached,yes
K-12040,Payer,4,1,yes,0,0,19,1,1,418,26500,55-64,Munster,terrace,no
K-12041,Switcher,3,1,no,1,4,3,1,0,305,27000,55-64,Connacht,apartment,no
K-12042,Payer,3,2,yes,0,1,5,0,1,396,21000,65+,Rest of Leinster,apartment,
K-12043,Payer,2,2,yes,0,1,14,0,0,509,51000,45-54,Munster,detached,yes
K-12044,Switcher,1,1,no,1,3,8,1,0,499,41500,35-44,Dublin,detached,yes
K-12045,Switcher,1,1,no,2,4,7,0,0,328,24500,25-34,Rest of Leinster,terrace,no
K-12046,Payer,4,1,yes,0,0,15,0,1,563,34500,35-44,Ulster,semi-detached,
K-12047,Payer,4,1,yes,0,0,11,2,2,430,28500,55-64,Rest of Leinster,terrace,
K-12048,Switcher,2,1,no,2,4,4,0,0,428,33000,45-54,Connacht,semi-detached,no
K-12049,Switcher,1,1,yes,3,4,2,1,0,386,31500,35-44,Munster,semi-detached,no
K-12050,Payer,3,1,yes,1,0,15,2,0,648,51500,55-64,Dublin,detached,no
K-12051,Juggler,2,3,yes,0,2,9,2,0,1442,49000,25-34,Rest of Leinster,detached,no
K-12052,Juggler,2,3,no,1,2,2,0,0,1166,37500,25-34,Munster,semi-detached,no
K-12053,Switcher,2,1,yes,2,2,3,0,0,391,30500,45-54,Ulster,semi-detached,yes
K-12054,Switcher,2,1,no,2,4,6,1,0,433,34000,55-64,Munster,semi-detached,no
K-12055,Switcher,1,1,no,2,4,2,0,0,356,40000,25-34,Dublin,semi-detached,yes
K-12056,Switcher,1,1,no,3,3,3,2,0,428,40000,35-44,Connacht,semi-detached,yes
K-12057,Payer,1,1,yes,0,0,15,0,0,457,42000,65+,Munster,semi-detached,
K-12058,Payer,4,1,yes,1,0,14,0,0,617,47500,35-44,Rest of Leinster,detached,yes
K-12059,Juggler,3,2,no,2,1,8,3,0,596,29000,35-44,Munster,apartment,yes
K-12060,Switcher,1,1,no,3,2,4,1,0,441,38500,35-44,Dublin,bungalow,no
K-12061,Switcher,1,1,no,3,4,7,1,0,386,39500,35-44,Dublin,semi-detached,no
K-12062,Switcher,2,1,no,3,3,1,1,0,326,29500,55-64,Rest of Leinster,terrace,yes
K-12063,Payer,4,1,yes,0,0,15,0,0,470,32500,25-34,Rest of Leinster,terrace,
K-12064,Switcher,2,1,no,2,5,7,1,1,454,56000,45-54,Connacht,detached,yes
K-12065,Switcher,2,1,no,3,2,4,0,1,312,21500,45-54,Munster,apartment,yes
K-12066,Switcher,1,1,no,1,2,5,0,0,327,26000,25-34,Munster,apartment,no
K-12067,Juggler,4,3,yes,2,0,2,0,0,761,29000,35-44,Munster,apartment,no
K-12068,Switcher,2,1,no,1,3,2,0,0,439,40500,55-64,Munster,detached,yes
K-12069,Switcher,2,1,no,3,5,1,0,0,373,40000,45-54,Dublin,semi-detached,yes
K-12070,Payer,3,1,no,0,1,11,0,1,403,28500,35-44,Rest of Leinster,terrace,yes
K-12071,Payer,1,1,yes,0,0,17,0,0,430,32500,65+,Ulster,terrace,no
K-12072,Juggler,4,2,no,2,1,9,1,0,824,33500,65+,Rest of Leinster,semi-detached,no
K-12073,Payer,1,1,yes,0,0,24,0,0,477,29500,45-54,Ulster,semi-detached,no
K-12074,Switcher,1,1,no,2,3,2,1,0,470,48500,35-44,Munster,detached,yes
K-12075,Payer,4,1,yes,0,0,5,1,1,651,53000,55-64,Munster,detached,no
K-12076,Payer,3,1,yes,0,1,16,0,0,405,29500,25-34,Rest of Leinster,apartment,
K-12077,Payer,2,1,yes,0,0,21,0,0,373,29000,55-64,Dublin,apartment,no
K-12078,Switcher,4,1,no,1,4,6,0,1,448,46000,65+,Connacht,detached,no
K-12079,Payer,4,1,yes,0,0,26,1,0,456,33500,35-44,Munster,semi-detached,
K-12080,Payer,2,1,no,0,1,15,0,0,625,38000,35-44,Rest of Leinster,detached,yes
K-12081,Switcher,1,1,no,2,2,5,2,0,418,38000,35-44,Rest of Leinster,semi-detached,yes
K-12082,Payer,4,1,yes,0,0,14,1,0,482,33500,55-64,Rest of Leinster,terrace,no
K-12083,Switcher,2,1,no,1,5,1,0,0,297,25500,65+,Rest of Leinster,apartment,no
K-12084,Switcher,1,1,no,3,4,3,0,1,397,39500,35-44,Rest of Leinster,semi-detached,yes
K-12085,Payer,4,1,yes,0,0,20,0,0,555,36000,45-54,Connacht,semi-detached,
K-12086,Payer,2,2,yes,0,0,12,2,0,461,32000,45-54,Rest of Leinster,semi-detached,
K-12087,Payer,4,1,yes,0,0,12,1,0,579,47500,45-54,Connacht,detached,no
K-12088,Payer,3,1,yes,0,0,21,0,0,525,31500,25-34,Munster,semi-detached,no
K-12089,Juggler,3,3,no,2,3,16,4,0,1258,31000,25-34,Dublin,semi-detached,no
K-12090,Switcher,3,1,no,3,4,3,1,0,442,42000,45-54,Rest of Leinster,detached,yes
K-12091,Juggler,3,2,no,0,0,9,1,0,680,25000,35-44,Munster,terrace,no
K-12092,Juggler,4,2,yes,0,3,5,1,0,531,26000,45-54,Munster,apartment,no
K-12093,Payer,4,1,no,0,1,16,1,0,471,33500,55-64,Dublin,semi-detached,yes
K-12094,Juggler,2,2,yes,0,2,12,1,1,649,35500,45-54,Rest of Leinster,terrace,no
K-12095,Switcher,2,1,no,2,4,2,0,1,368,33000,35-44,Rest of Leinster,semi-detached,yes
K-12096,Juggler,3,3,no,1,1,5,0,0,1014,36000,25-34,Dublin,semi-detached,no
K-12097,Switcher,2,1,no,2,4,4,1,0,401,40500,35-44,Munster,semi-detached,yes
K-12098,Switcher,3,1,no,3,5,2,0,0,353,40000,45-54,Munster,semi-detached,yes
K-12099,Juggler,1,3,no,2,2,4,3,0,1100,35000,35-44,Connacht,bungalow,yes
K-12100,Switcher,3,1,no,2,4,2,0,0,398,37000,65+,Connacht,semi-detached,no
K-12101,Payer,3,1,no,0,0,17,1,0,592,52500,45-54,Munster,detached,
K-12102,Payer,3,1,yes,0,1,19,1,1,494,38000,45-54,Rest of Leinster,semi-detached,
K-12103,Juggler,2,3,no,0,2,11,2,0,1034,28500,45-54,Dublin,semi-detached,no
K-12104,Payer,2,1,yes,0,1,18,0,0,448,27500,35-44,Ulster,terrace,no
K-12105,Juggler,1,3,no,0,2,6,3,1,1539,53500,65+,Dublin,detached,no
K-12106,Switcher,4,1,no,2,4,8,1,1,404,33000,45-54,Dublin,semi-detached,no
K-12107,Juggler,2,2,yes,1,3,14,0,0,713,41500,35-44,Munster,semi-detached,no
K-12108,Switcher,1,1,no,2,3,3,1,0,396,40000,45-54,Munster,bungalow,yes
K-12109,Switcher,4,1,yes,3,3,4,0,0,369,34500,35-44,Connacht,semi-detached,no
K-12110,Payer,3,1,yes,0,0,26,0,0,446,40500,25-34,Dublin,semi-detached,no
K-12111,Payer,2,2,yes,0,0,19,0,0,469,36000,35-44,Connacht,semi-detached,
K-12112,Juggler,1,2,yes,0,2,8,4,0,607,35500,65+,Rest of Leinster,terrace,no
K-12113,Payer,1,1,yes,1,0,21,1,0,441,33500,25-34,Munster,semi-detached,no
K-12114,Switcher,2,1,no,2,4,3,2,1,362,33000,45-54,Dublin,semi-detached,yes
K-12115,Switcher,1,1,no,3,3,4,0,0,365,31000,55-64,Dublin,terrace,no
K-12116,Payer,1,1,yes,0,0,23,0,0,484,44000,45-54,Ulster,semi-detached,
K-12117,Juggler,4,4,no,0,0,3,0,0,1648,38500,65+,Dublin,semi-detached,no
K-12118,Switcher,2,1,no,3,5,4,0,0,319,32000,45-54,Dublin,terrace,no
K-12119,Juggler,1,2,no,1,1,2,3,1,761,34500,25-34,Munster,semi-detached,yes
K-12120,Switcher,3,1,no,3,4,8,0,0,290,30000,35-44,Dublin,apartment,no
K-12121,Payer,3,1,yes,0,0,23,1,1,449,35500,35-44,Ulster,semi-detached,no
K-12122,Payer,2,1,yes,0,0,27,0,0,597,42500,55-64,Rest of Leinster,detached,yes
K-12123,Juggler,4,4,yes,0,1,8,3,0,1860,50000,45-54,Rest of Leinster,detached,yes
K-12124,Payer,1,1,yes,0,0,18,1,0,307,27500,25-34,Rest of Leinster,apartment,no
K-12125,Switcher,2,1,no,2,5,1,0,1,351,37000,45-54,Rest of Leinster,semi-detached,yes
K-12126,Payer,2,1,yes,0,0,22,2,0,600,39500,55-64,Dublin,detached,no
K-12127,Payer,3,1,yes,0,0,15,0,0,613,51000,45-54,Ulster,detached,no
K-12128,Juggler,2,3,no,0,0,3,4,0,917,34000,45-54,Rest of Leinster,terrace,no
K-12129,Juggler,2,3,no,1,1,8,2,0,1044,29500,45-54,Ulster,bungalow,yes
K-12130,Payer,1,1,yes,0,0,14,0,0,346,27000,65+,Dublin,apartment,no
K-12131,Switcher,1,1,no,3,4,5,0,0,494,46000,35-44,Ulster,detached,yes
K-12132,Switcher,2,1,no,2,4,6,0,0,377,39500,35-44,Dublin,bungalow,no
K-12133,Switcher,1,1,no,1,3,3,0,0,396,34500,25-34,Munster,semi-detached,no
K-12134,Switcher,3,1,no,2,3,7,1,0,505,45500,45-54,Munster,detached,yes
K-12135,Juggler,2,2,yes,0,1,3,0,0,772,39500,35-44,Dublin,semi-detached,no
K-12136,Juggler,1,4,yes,2,1,5,2,0,1429,33000,65+,Connacht,terrace,no
K-12137,Juggler,3,3,yes,2,0,8,1,0,1128,30500,65+,Connacht,terrace,no
K-12138,Payer,4,1,no,0,0,9,1,0,447,33500,45-54,Munster,terrace,no
K-12139,Juggler,4,4,no,0,0,8,2,0,1429,43000,35-44,Rest of Leinster,semi-detached,yes
K-12140,Payer,1,1,yes,0,0,7,1,0,454,29500,45-54,Dublin,semi-detached,no
K-12141,Payer,4,1,yes,0,0,5,1,0,347,21500,65+,Ulster,apartment,
K-12142,Juggler,2,3,yes,1,3,3,1,0,1261,43000,35-44,Rest of Leinster,bungalow,yes
K-12143,Switcher,2,1,no,2,3,4,0,0,372,33000,35-44,Dublin,bungalow,yes
K-12144,Payer,4,1,no,0,0,23,0,0,441,36000,55-64,Munster,terrace,
K-12145,Payer,3,2,yes,0,0,13,0,0,505,41500,45-54,Munster,semi-detached,
K-12146,Switcher,2,1,no,2,4,5,1,1,361,25500,45-54,Munster,terrace,no
K-12147,Switcher,4,1,no,2,4,3,0,0,374,31500,35-44,Munster,semi-detached,yes
K-12148,Juggler,1,3,yes,1,1,9,2,1,888,21000,45-54,Munster,apartment,no
K-12149,Payer,4,1,yes,0,0,26,0,0,475,25000,35-44,Dublin,terrace,
K-12150,Switcher,2,1,no,3,5,3,0,0,374,26000,35-44,Dublin,terrace,no
K-12151,Switcher,1,1,no,1,4,6,1,0,362,26500,55-64,Rest of Leinster,terrace,yes
K-12152,Payer,4,1,yes,0,0,7,0,1,419,26500,35-44,Dublin,apartment,
K-12153,Payer,3,1,yes,0,0,9,0,0,366,22000,45-54,Dublin,apartment,no
K-12154,Juggler,3,3,yes,2,2,11,1,0,944,26000,55-64,Dublin,terrace,no
K-12155,Payer,4,1,yes,0,0,22,0,0,491,27500,65+,Dublin,terrace,
K-12156,Payer,2,1,yes,0,0,20,0,0,464,28000,25-34,Munster,bungalow,no
K-12157,Switcher,3,1,no,2,5,5,1,0,292,20500,45-54,Rest of Leinster,apartment,no
K-12158,Switcher,1,1,no,3,4,3,0,0,364,34000,25-34,Rest of Leinster,semi-detached,no
K-12159,Switcher,1,1,no,1,4,3,1,0,386,28500,35-44,Dublin,terrace,no
K-12160,Switcher,1,1,no,3,2,9,1,0,373,43000,35-44,Dublin,semi-detached,yes
K-12161,Switcher,1,1,no,2,3,2,1,0,399,41500,65+,Connacht,semi-detached,no
K-12162,Juggler,2,3,no,1,1,11,1,0,871,29500,25-34,Dublin,apartment,no
K-12163,Switcher,2,1,yes,1,4,2,0,0,314,33500,55-64,Munster,terrace,no
K-12164,Switcher,3,1,no,3,3,3,1,0,422,39000,25-34,Connacht,semi-detached,no
K-12165,Payer,3,2,yes,0,0,9,0,0,522,43500,35-44,Connacht,semi-detached,yes
K-12166,Switcher,1,1,no,2,4,4,0,0,363,29000,25-34,Munster,terrace,
K-12167,Switcher,1,1,no,1,4,6,0,1,263,20500,55-64,Ulster,apartment,no
K-12168,Payer,4,1,no,0,1,21,1,0,519,35000,35-44,Munster,semi-detached,no
K-12169,Payer,4,2,yes,0,0,21,0,0,540,36500,55-64,Dublin,semi-detached,no
K-12170,Payer,4,1,yes,0,0,8,0,0,468,31000,65+,Munster,semi-detached,no
K-12171,Switcher,2,1,no,3,5,4,1,2,312,30000,65+,Ulster,apartment,no
K-12172,Payer,4,1,yes,0,1,19,0,0,691,48500,55-64,Munster,detached,
K-12173,Payer,3,1,yes,0,1,18,1,1,642,45500,45-54,Munster,detached,yes
K-12174,Payer,4,1,yes,1,0,5,0,0,616,41000,25-34,Rest of Leinster,detached,yes
K-12175,Juggler,2,3,no,2,0,9,0,0,765,22500,55-64,Rest of Leinster,apartment,no
K-12176,Payer,4,1,yes,0,1,9,1,0,509,39000,35-44,Dublin,semi-detached,yes
K-12177,Switcher,1,1,no,2,5,6,1,0,536,43500,45-54,Dublin,detached,no
K-12178,Juggler,4,2,no,2,0,6,3,1,1017,55500,25-34,Munster,detached,yes
K-12179,Juggler,3,3,no,2,1,4,2,0,1175,40000,35-44,Dublin,semi-detached,no
K-12180,Juggler,2,3,yes,2,1,11,3,0,1378,44500,25-34,Munster,detached,yes
K-12181,Juggler,3,4,no,2,2,11,3,0,1554,38500,35-44,Connacht,semi-detached,no
K-12182,Payer,2,1,yes,0,0,14,2,0,371,31000,25-34,Rest of Leinster,terrace,
K-12183,Payer,3,1,yes,0,1,26,0,0,652,49500,65+,Munster,detached,
K-12184,Switcher,2,1,no,1,5,7,0,0,396,29000,35-44,Munster,terrace,yes
K-12185,Switcher,4,1,no,3,5,1,1,0,501,53500,55-64,Dublin,detached,yes
K-12186,Switcher,1,1,no,2,3,4,0,0,312,28500,35-44,Dublin,terrace,yes
K-12187,Payer,4,1,yes,0,0,23,1,1,545,35500,45-54,Rest of Leinster,semi-detached,yes
K-12188,Juggler,3,2,no,0,1,12,2,0,603,30500,65+,Munster,terrace,no
K-12189,Switcher,3,1,no,3,4,3,0,0,392,32500,25-34,Dublin,semi-detached,no
K-12190,Payer,1,1,yes,1,0,22,0,0,484,29500,35-44,Connacht,semi-detached,yes
K-12191,Juggler,1,3,no,1,2,7,3,0,947,33500,35-44,Munster,terrace,no
K-12192,Switcher,2,1,no,3,4,3,2,0,499,40500,25-34,Rest of Leinster,detached,yes
K-12193,Juggler,2,4,no,0,1,7,1,0,1576,38000,35-44,Munster,semi-detached,yes
K-12194,Switcher,3,1,no,2,5,6,1,0,516,38000,35-44,Munster,detached,yes
K-12195,Payer,4,2,yes,0,1,24,1,0,504,42000,45-54,Rest of Leinster,semi-detached,yes
K-12196,Switcher,2,2,no,1,4,5,1,0,339,31000,35-44,Dublin,terrace,no
K-12197,Payer,2,1,yes,0,0,15,0,0,450,24500,35-44,Ulster,terrace,no
K-12198,Payer,2,1,yes,0,1,5,2,0,560,52500,35-44,Rest of Leinster,detached,no
K-12199,Payer,3,1,yes,0,0,19,0,0,423,33000,25-34,Connacht,terrace,no
K-12200,Switcher,2,1,no,1,3,5,1,0,475,49500,25-34,Munster,detached,no
K-12201,Juggler,2,3,no,1,2,3,1,1,1165,43000,35-44,Connacht,semi-detached,yes
K-12202,Juggler,2,3,no,1,0,6,0,1,925,24500,65+,Ulster,apartment,no
K-12203,Payer,4,1,yes,0,0,19,0,1,502,32000,45-54,Dublin,bungalow,no
K-12204,Payer,3,1,yes,0,0,13,0,0,340,29000,45-54,Munster,apartment,no
K-12205,Payer,2,1,yes,0,0,15,1,0,606,43500,45-54,Dublin,detached,no
K-12206,Payer,4,2,yes,0,0,19,1,0,544,31000,25-34,Munster,semi-detached,no
K-12207,Payer,3,2,yes,0,0,5,1,0,446,42500,45-54,Munster,semi-detached,yes
K-12208,Juggler,4,4,no,1,2,4,1,0,1674,30000,35-44,Rest of Leinster,bungalow,yes
K-12209,Payer,4,1,yes,0,0,13,1,1,555,53000,35-44,Rest of Leinster,detached,yes
K-12210,Juggler,2,2,no,2,1,2,1,0,713,39000,45-54,Dublin,semi-detached,no
K-12211,Switcher,1,1,no,1,4,6,1,0,391,28500,55-64,Munster,semi-detached,no
K-12212,Juggler,3,3,no,1,2,16,2,1,1068,44000,45-54,Rest of Leinster,semi-detached,yes
K-12213,Switcher,1,1,no,2,4,2,0,0,410,38500,35-44,Connacht,semi-detached,no
K-12214,Juggler,4,2,no,1,2,14,1,0,749,27500,35-44,Dublin,terrace,no
K-12215,Juggler,1,3,yes,1,1,8,0,0,1042,36000,35-44,Dublin,terrace,no
K-12216,Switcher,1,1,no,1,3,4,0,0,383,33000,35-44,Munster,semi-detached,no
K-12217,Switcher,4,1,yes,3,3,7,0,0,335,32000,45-54,Rest of Leinster,terrace,no
K-12218,Payer,3,1,yes,0,1,23,2,0,542,46000,45-54,Dublin,detached,
K-12219,Payer,1,2,yes,0,0,15,1,1,604,50000,35-44,Dublin,detached,yes
K-12220,Juggler,2,2,yes,0,2,11,1,0,940,54000,35-44,Dublin,detached,no
K-12221,Juggler,4,4,yes,1,0,17,3,0,1396,36000,25-34,Dublin,semi-detached,no
K-12222,Payer,4,1,yes,1,0,6,1,0,340,29500,35-44,Rest of Leinster,apartment,no
K-12223,Switcher,1,1,no,2,5,4,0,0,386,41500,35-44,Dublin,semi-detached,no
K-12224,Payer,4,1,no,0,0,12,1,0,491,33000,45-54,Dublin,terrace,no
K-12225,Payer,4,1,yes,0,0,30,2,2,450,33500,25-34,Rest of Leinster,semi-detached,yes
K-12226,Payer,4,1,yes,1,0,17,0,0,577,42500,45-54,Munster,detached,
K-12227,Switcher,3,2,no,3,5,4,0,0,399,35000,35-44,Dublin,bungalow,yes
K-12228,Switcher,2,1,no,2,5,5,0,0,401,32000,35-44,Rest of Leinster,semi-detached,yes
K-12229,Juggler,3,4,yes,2,1,5,0,0,1408,34000,35-44,Dublin,semi-detached,yes
K-12230,Payer,3,1,yes,0,1,16,1,1,593,44500,45-54,Rest of Leinster,detached,
K-12231,Payer,4,2,no,0,0,14,1,0,507,24500,55-64,Rest of Leinster,terrace,
K-12232,Juggler,2,4,no,0,1,7,4,2,1413,35000,65+,Munster,semi-detached,yes
K-12233,Juggler,1,2,no,1,2,13,2,0,690,31000,35-44,Rest of Leinster,bungalow,yes
K-12234,Payer,3,1,yes,0,0,14,2,0,451,29000,25-34,Dublin,terrace,no
K-12235,Switcher,2,1,no,3,3,7,1,0,357,31500,45-54,Rest of Leinster,terrace,yes
K-12236,Juggler,1,3,yes,0,3,3,0,0,1109,39000,45-54,Connacht,semi-detached,yes
K-12237,Switcher,2,2,no,1,3,6,1,1,395,30000,65+,Munster,semi-detached,no
K-12238,Payer,3,1,yes,0,0,15,0,1,331,23000,25-34,Rest of Leinster,apartment,
K-12239,Payer,3,1,yes,0,0,11,0,0,535,29500,45-54,Ulster,semi-detached,
K-12240,Payer,4,1,yes,0,0,17,0,0,484,33000,25-34,Dublin,terrace,yes
K-12241,Switcher,1,1,no,3,3,1,0,1,429,53000,55-64,Ulster,detached,no
K-12242,Payer,3,2,yes,0,0,27,0,2,482,36500,35-44,Dublin,bungalow,no
K-12243,Payer,3,1,no,0,0,24,1,0,425,33500,35-44,Dublin,terrace,no
K-12244,Payer,3,1,yes,0,0,16,1,0,394,24500,55-64,Rest of Leinster,terrace,no
K-12245,Juggler,1,2,no,1,0,5,1,0,841,42000,35-44,Munster,detached,no
K-12246,Juggler,1,3,yes,1,3,12,2,0,891,22000,35-44,Dublin,apartment,no
K-12247,Switcher,1,1,yes,3,4,5,0,1,346,28000,45-54,Dublin,terrace,yes
K-12248,Switcher,1,1,no,3,3,1,1,0,369,33500,35-44,Munster,terrace,no
K-12249,Juggler,2,3,no,2,0,10,1,1,768,25500,55-64,Rest of Leinster,apartment,no
K-12250,Payer,3,1,yes,0,0,16,0,0,434,30000,55-64,Ulster,semi-detached,no
K-12251,Payer,2,1,yes,0,0,11,0,0,515,30500,65+,Dublin,semi-detached,no
K-12252,Juggler,2,3,no,0,1,11,2,0,1432,40500,45-54,Munster,detached,no
K-12253,Switcher,1,1,yes,2,5,5,0,1,318,24000,25-34,Munster,apartment,yes
K-12254,Payer,1,1,yes,0,0,9,2,0,504,29000,35-44,Ulster,bungalow,no
K-12255,Switcher,1,1,no,2,4,2,2,1,410,41000,65+,Dublin,semi-detached,no
K-12256,Payer,4,1,yes,0,0,23,0,1,451,37000,35-44,Dublin,semi-detached,yes
K-12257,Switcher,1,1,no,3,3,8,0,0,505,45500,45-54,Dublin,detached,yes
K-12258,Juggler,2,2,no,2,1,6,1,0,754,42000,35-44,Rest of Leinster,semi-detached,yes
K-12259,Switcher,1,2,no,1,5,6,0,0,516,42000,35-44,Munster,detached,yes
K-12260,Switcher,1,1,no,1,3,4,1,2,377,41500,55-64,Connacht,semi-detached,yes
K-12261,Switcher,1,1,yes,2,4,5,0,0,512,49500,35-44,Rest of Leinster,detached,yes
K-12262,Switcher,1,1,no,1,4,2,0,0,374,38500,45-54,Rest of Leinster,bungalow,yes
K-12263,Payer,4,1,yes,0,1,29,1,0,408,28000,35-44,Connacht,apartment,no
K-12264,Switcher,1,1,no,3,3,8,0,0,326,35500,45-54,Dublin,terrace,no
K-12265,Switcher,2,1,no,2,5,6,2,1,386,40000,45-54,Ulster,semi-detached,no
K-12266,Juggler,4,4,no,0,2,11,1,0,1172,23500,35-44,Dublin,apartment,no
K-12267,Payer,3,1,yes,0,0,15,1,0,528,41000,65+,Connacht,detached,no
K-12268,Juggler,4,2,yes,2,2,18,1,0,962,55000,45-54,Dublin,detached,yes
K-12269,Juggler,1,4,no,1,3,6,1,0,1429,34500,55-64,Munster,semi-detached,no
K-12270,Payer,3,1,yes,0,0,8,0,0,512,32500,25-34,Rest of Leinster,semi-detached,
K-12271,Juggler,2,3,no,0,3,14,2,0,908,36500,35-44,Dublin,terrace,yes
K-12272,Switcher,1,1,no,1,4,3,0,0,369,34000,45-54,Rest of Leinster,semi-detached,yes
K-12273,Switcher,1,2,no,2,4,7,0,0,306,24500,45-54,Rest of Leinster,apartment,no
K-12274,Switcher,1,1,no,2,4,5,0,0,535,36000,25-34,Rest of Leinster,detached,no
K-12275,Juggler,4,3,yes,1,1,9,2,0,1040,43000,35-44,Munster,semi-detached,yes
K-12276,Payer,3,1,yes,0,1,20,0,0,593,40000,45-54,Ulster,detached,yes
K-12277,Switcher,1,1,no,2,4,1,2,0,405,30000,65+,Rest of Leinster,semi-detached,no
K-12278,Payer,2,1,yes,0,1,21,0,0,409,30000,35-44,Dublin,semi-detached,yes
K-12279,Payer,4,1,yes,0,0,14,1,0,453,39000,35-44,Munster,semi-detached,yes
K-12280,Payer,2,1,yes,0,0,20,0,0,377,27000,55-64,Rest of Leinster,terrace,no
K-12281,Juggler,1,3,no,1,0,10,0,0,1024,32000,25-34,Munster,semi-detached,no
K-12282,Juggler,2,2,yes,0,2,9,0,0,720,37000,45-54,Munster,semi-detached,no
K-12283,Payer,4,2,no,0,1,7,1,0,678,41000,35-44,Rest of Leinster,detached,no
K-12284,Payer,2,1,yes,0,0,11,2,1,362,27500,25-34,Dublin,apartment,no
K-12285,Switcher,1,1,no,2,2,2,0,0,453,36000,35-44,Dublin,detached,no
K-12286,Payer,4,2,yes,0,0,22,0,1,694,49500,45-54,Rest of Leinster,detached,
K-12287,Payer,3,2,yes,0,0,14,2,0,601,46000,35-44,Rest of Leinster,detached,
K-12288,Switcher,2,1,no,2,4,3,0,0,436,35000,45-54,Dublin,semi-detached,no
K-12289,Switcher,1,1,no,3,3,1,2,0,376,26500,35-44,Rest of Leinster,terrace,yes
K-12290,Payer,4,2,yes,0,1,20,0,0,513,32000,25-34,Ulster,semi-detached,
K-12291,Juggler,3,4,no,0,3,11,1,0,1721,47000,65+,Rest of Leinster,detached,no
K-12292,Switcher,1,1,no,1,3,2,0,0,333,29500,25-34,Connacht,terrace,yes
K-12293,Payer,3,1,yes,0,0,11,1,1,435,38500,65+,Rest of Leinster,semi-detached,no
K-12294,Juggler,2,3,yes,0,1,13,0,0,1033,27000,35-44,Rest of Leinster,terrace,yes
K-12295,Switcher,2,1,no,2,3,7,1,0,431,34000,25-34,Dublin,semi-detached,no
K-12296,Juggler,3,2,yes,1,0,6,2,0,581,23000,65+,Rest of Leinster,apartment,no
K-12297,Payer,4,1,yes,0,1,7,0,0,499,39000,45-54,Connacht,semi-detached,no
K-12298,Juggler,4,2,no,1,1,2,2,0,649,34500,65+,Connacht,terrace,no
K-12299,Payer,3,1,yes,0,0,13,1,2,502,35500,55-64,Rest of Leinster,semi-detached,
K-12300,Payer,4,2,yes,0,1,14,1,0,488,43000,35-44,Ulster,bungalow,
K-12301,Switcher,1,1,yes,2,5,8,1,0,517,36500,35-44,Munster,detached,no
K-12302,Switcher,1,1,no,3,4,7,1,0,265,27500,45-54,Munster,apartment,no
K-12303,Switcher,1,1,no,3,4,1,1,0,472,38500,35-44,Munster,detached,no
K-12304,Switcher,2,1,no,2,5,2,1,0,284,21500,55-64,Connacht,apartment,no
K-12305,Payer,4,1,yes,1,0,11,0,0,490,30500,25-34,Dublin,semi-detached,no
K-12306,Payer,1,1,yes,1,1,10,1,0,433,40500,25-34,Dublin,semi-detached,no
K-12307,Switcher,4,1,no,2,5,3,0,0,446,47000,55-64,Rest of Leinster,detached,yes
K-12308,Payer,4,1,yes,0,0,13,0,0,523,38000,25-34,Dublin,semi-detached,
K-12309,Switcher,1,1,no,2,3,7,0,1,365,36500,35-44,Munster,semi-detached,no
K-12310,Switcher,1,1,no,1,4,4,0,0,352,31500,55-64,Dublin,semi-detached,no
K-12311,Payer,1,2,yes,1,0,22,0,0,481,45000,45-54,Rest of Leinster,detached,no
K-12312,Payer,1,1,yes,0,0,16,0,0,431,41500,65+,Munster,semi-detached,no
K-12313,Payer,4,1,yes,1,1,8,0,0,624,49500,35-44,Connacht,detached,
K-12314,Juggler,1,3,yes,1,2,12,4,0,1038,35500,35-44,Munster,semi-detached,yes
K-12315,Switcher,1,1,no,2,4,4,0,0,370,31000,35-44,Munster,terrace,yes
K-12316,Payer,4,1,yes,0,1,13,2,2,515,41500,25-34,Dublin,semi-detached,no
K-12317,Juggler,2,2,no,2,2,11,1,0,692,38000,35-44,Dublin,semi-detached,yes
K-12318,Juggler,2,3,no,1,1,12,0,0,986,28500,35-44,Munster,terrace,yes
K-12319,Payer,4,2,yes,0,0,21,0,1,679,41000,45-54,Rest of Leinster,detached,yes
K-12320,Juggler,3,2,yes,2,2,11,3,0,792,32000,45-54,Rest of Leinster,semi-detached,no
K-12321,Payer,4,1,yes,0,0,22,1,1,467,28000,45-54,Dublin,terrace,
K-12322,Switcher,1,1,no,1,4,8,1,0,463,48000,35-44,Rest of Leinster,detached,yes
K-12323,Switcher,1,2,yes,1,5,6,1,0,276,22500,45-54,Munster,apartment,yes
K-12324,Juggler,4,4,yes,2,0,10,3,0,1572,38000,25-34,Munster,semi-detached,yes
K-12325,Payer,1,2,yes,0,0,15,0,0,408,43500,25-34,Rest of Leinster,semi-detached,yes
K-12326,Switcher,4,1,no,3,3,3,0,0,393,35500,25-34,Dublin,terrace,yes
K-12327,Juggler,2,2,yes,0,2,12,4,0,691,28500,25-34,Munster,bungalow,no
K-12328,Payer,4,1,no,1,1,28,1,0,596,44000,25-34,Dublin,detached,
K-12329,Payer,2,1,yes,0,0,29,0,0,468,41500,35-44,Connacht,semi-detached,no
K-12330,Switcher,1,1,no,2,5,2,0,1,389,34500,45-54,Dublin,semi-detached,no
K-12331,Switcher,2,1,no,2,4,4,0,1,391,32000,55-64,Connacht,semi-detached,no
K-12332,Juggler,3,2,no,1,3,8,2,2,756,39500,35-44,Dublin,semi-detached,no
K-12333,Payer,4,1,yes,0,0,21,1,1,612,47000,65+,Dublin,detached,no
K-12334,Switcher,1,2,no,2,4,4,1,2,350,38000,25-34,Rest of Leinster,semi-detached,no
K-12335,Juggler,4,3,no,1,2,2,1,1,1069,41000,35-44,Rest of Leinster,semi-detached,no
K-12336,Payer,1,1,yes,0,1,18,1,0,405,33000,55-64,Connacht,semi-detached,no
K-12337,Switcher,4,2,yes,3,5,4,0,0,383,34500,25-34,Dublin,terrace,no
K-12338,Payer,2,1,no,0,0,18,2,0,379,36000,55-64,Munster,terrace,no
K-12339,Switcher,3,1,no,3,3,4,0,0,353,34500,55-64,Ulster,semi-detached,no
K-12340,Payer,3,1,yes,0,0,11,2,0,474,30000,45-54,Connacht,bungalow,yes
K-12341,Switcher,2,1,no,3,5,1,0,0,387,37000,35-44,Munster,semi-detached,yes
K-12342,Juggler,3,3,no,1,3,12,2,2,1011,31000,35-44,Rest of Leinster,semi-detached,yes
K-12343,Payer,4,1,yes,0,0,20,1,0,467,37000,55-64,Ulster,semi-detached,no
K-12344,Juggler,2,3,yes,0,1,3,1,0,962,25000,35-44,Dublin,terrace,no
K-12345,Payer,4,1,no,0,1,5,1,0,449,41500,55-64,Munster,semi-detached,
K-12346,Juggler,4,3,no,1,2,9,1,0,1450,47500,45-54,Rest of Leinster,detached,yes
K-12347,Switcher,1,1,no,2,3,6,0,0,318,22000,45-54,Connacht,apartment,no
K-12348,Switcher,3,1,no,3,2,2,1,0,434,33500,55-64,Munster,semi-detached,no
K-12349,Switcher,2,1,no,3,2,4,0,0,352,40000,65+,Rest of Leinster,bungalow,no
K-12350,Juggler,4,4,yes,1,2,9,1,0,1452,40000,45-54,Rest of Leinster,semi-detached,yes
K-12351,Payer,2,2,no,0,0,17,0,0,560,41000,45-54,Munster,detached,
K-12352,Payer,4,1,yes,0,0,6,0,2,510,37500,45-54,Rest of Leinster,terrace,
K-12353,Payer,4,1,yes,0,0,8,0,1,455,42000,35-44,Rest of Leinster,semi-detached,yes
K-12354,Payer,4,1,yes,0,0,16,0,0,408,24500,35-44,Dublin,terrace,no
K-12355,Payer,4,1,yes,0,0,12,1,1,502,40000,25-34,Dublin,semi-detached,no
K-12356,Payer,1,1,yes,0,0,15,0,0,455,38500,45-54,Munster,semi-detached,yes
K-12357,Payer,4,1,yes,0,0,22,0,1,652,44500,55-64,Dublin,detached,
K-12358,Switcher,3,1,no,2,3,4,0,0,399,40000,45-54,Dublin,semi-detached,no
K-12359,Switcher,4,1,no,1,4,1,2,0,315,27500,25-34,Munster,terrace,yes
K-12360,Payer,4,2,yes,0,0,14,0,0,463,34000,65+,Dublin,terrace,no
K-12361,Payer,4,1,no,1,0,26,0,0,539,40000,25-34,Munster,semi-detached,no
K-12362,Payer,3,1,yes,0,0,20,2,0,523,33500,55-64,Munster,semi-detached,yes
K-12363,Switcher,1,1,no,2,3,4,0,0,381,41500,55-64,Dublin,semi-detached,no
K-12364,Payer,4,1,yes,0,0,16,0,0,472,33000,45-54,Dublin,terrace,yes
K-12365,Switcher,1,1,no,3,3,3,0,2,423,33000,45-54,Connacht,bungalow,yes
K-12366,Payer,1,1,yes,1,0,11,0,1,360,27000,35-44,Dublin,apartment,no
K-12367,Switcher,1,1,no,3,4,4,0,0,398,36500,35-44,Ulster,semi-detached,yes
K-12368,Payer,2,2,yes,0,0,6,1,0,548,46500,25-34,Munster,detached,no
K-12369,Switcher,4,1,no,1,3,5,0,0,509,36500,65+,Ulster,detached,no
K-12370,Switcher,1,1,no,2,4,8,0,2,391,32000,55-64,Rest of Leinster,terrace,yes
K-12371,Switcher,2,1,no,1,5,4,1,0,379,26000,25-34,Dublin,terrace,yes
K-12372,Payer,2,1,yes,0,0,15,2,1,591,38500,45-54,Dublin,detached,no
K-12373,Switcher,3,1,no,3,4,4,1,0,404,38000,45-54,Dublin,semi-detached,yes
K-12374,Juggler,3,3,yes,1,1,9,0,0,1183,33500,25-34,Rest of Leinster,bungalow,yes
K-12375,Juggler,4,2,no,0,2,5,0,0,939,44500,65+,Connacht,detached,no
K-12376,Payer,1,1,yes,0,0,16,0,0,418,34000,25-34,Munster,terrace,no
K-12377,Payer,4,1,yes,0,0,15,1,1,623,52000,25-34,Rest of Leinster,detached,yes
K-12378,Payer,3,1,yes,0,1,10,1,1,342,22000,25-34,Munster,apartment,no
K-12379,Juggler,2,4,yes,1,2,10,2,0,1826,46000,35-44,Munster,detached,no
K-12380,Payer,4,1,yes,0,1,8,0,0,428,35000,55-64,Dublin,terrace,
K-12381,Switcher,1,1,no,2,3,7,1,0,413,28000,45-54,Ulster,semi-detached,no
K-12382,Payer,4,1,yes,0,0,5,0,1,460,33000,25-34,Dublin,terrace,no
K-12383,Switcher,3,1,no,2,4,5,0,0,505,39500,45-54,Rest of Leinster,detached,yes
K-12384,Payer,4,1,yes,0,0,10,0,1,517,30500,35-44,Dublin,semi-detached,no
K-12385,Switcher,4,1,no,2,2,7,0,0,469,39500,25-34,Munster,detached,yes
K-12386,Switcher,1,1,no,3,4,3,2,0,407,41500,35-44,Munster,semi-detached,no
K-12387,Payer,2,1,yes,0,0,6,1,1,372,28500,45-54,Dublin,apartment,yes
K-12388,Switcher,1,1,no,2,4,3,2,0,524,52000,45-54,Rest of Leinster,detached,yes
K-12389,Payer,4,1,yes,0,0,23,0,0,533,37500,65+,Rest of Leinster,semi-detached,no
K-12390,Switcher,3,1,no,2,5,7,0,0,477,54500,45-54,Connacht,detached,yes
K-12391,Switcher,1,1,no,3,3,6,1,1,342,36500,35-44,Connacht,terrace,yes
K-12392,Switcher,3,2,no,2,5,5,0,1,515,36000,25-34,Ulster,detached,no
K-12393,Payer,4,2,yes,0,0,17,1,0,558,28000,35-44,Dublin,semi-detached,
K-12394,Juggler,3,2,no,2,0,14,2,0,691,41000,45-54,Rest of Leinster,semi-detached,yes
K-12395,Switcher,1,1,no,2,4,4,0,0,277,25000,65+,Rest of Leinster,apartment,no
K-12396,Juggler,3,2,no,2,1,8,2,0,835,45500,55-64,Rest of Leinster,detached,no
K-12397,Payer,2,2,yes,0,0,18,0,0,342,26500,45-54,Dublin,apartment,
K-12398,Juggler,2,2,no,1,1,6,0,0,732,41500,45-54,Rest of Leinster,semi-detached,yes
K-12399,Switcher,2,1,no,1,3,7,1,0,364,38000,65+,Ulster,semi-detached,no
K-12400,Payer,1,1,yes,0,0,9,0,0,470,35500,45-54,Connacht,bungalow,yes
K-12401,Switcher,2,1,yes,2,4,4,1,0,383,27000,35-44,Connacht,terrace,yes
K-12402,Switcher,4,1,no,3,4,4,0,0,379,33000,45-54,Dublin,terrace,no
K-12403,Switcher,1,1,no,1,3,4,0,1,360,41500,45-54,Dublin,semi-detached,yes
K-12404,Payer,4,1,yes,0,0,17,1,0,424,29000,35-44,Ulster,apartment,
K-12405,Switcher,2,1,no,1,5,3,0,0,371,29000,45-54,Ulster,terrace,yes
K-12406,Juggler,2,4,yes,2,2,6,1,0,1897,49000,45-54,Munster,detached,no
K-12407,Switcher,1,1,no,1,5,7,2,1,427,49500,35-44,Ulster,detached,no
K-12408,Switcher,1,1,no,1,5,2,1,0,370,31500,45-54,Munster,bungalow,yes
K-12409,Switcher,1,1,no,2,3,1,1,2,358,42000,45-54,Rest of Leinster,semi-detached,no
K-12410,Juggler,2,3,no,0,1,10,2,0,1538,45500,55-64,Rest of Leinster,detached,no
K-12411,Payer,3,1,yes,0,0,18,0,0,432,34500,25-34,Rest of Leinster,terrace,yes
K-12412,Switcher,2,1,no,3,3,3,1,0,436,39000,35-44,Munster,detached,no
K-12413,Payer,3,1,yes,0,0,25,1,0,439,30500,35-44,Dublin,terrace,
K-12414,Payer,3,1,yes,0,0,23,0,0,324,24500,45-54,Rest of Leinster,apartment,
K-12415,Switcher,3,1,no,1,3,1,1,0,410,37000,25-34,Rest of Leinster,semi-detached,yes
K-12416,Payer,4,1,yes,0,0,19,1,0,505,32000,45-54,Dublin,terrace,yes
K-12417,Switcher,1,1,no,1,4,8,1,0,325,34500,45-54,Munster,terrace,no
K-12418,Juggler,3,2,yes,0,2,12,0,0,934,50500,25-34,Connacht,detached,yes
K-12419,Switcher,1,1,no,3,4,3,1,1,418,33500,35-44,Munster,semi-detached,yes
K-12420,Juggler,1,2,no,2,1,2,2,0,914,45500,35-44,Connacht,detached,no
K-12421,Payer,1,1,yes,0,0,18,1,0,430,26000,55-64,Ulster,terrace,
K-12422,Switcher,1,1,no,2,4,5,0,0,299,27500,45-54,Munster,apartment,yes
K-12423,Payer,2,1,yes,0,0,7,0,0,434,41500,25-34,Dublin,semi-detached,no
K-12424,Payer,4,1,yes,0,0,10,0,0,688,46500,35-44,Munster,detached,yes
K-12425,Payer,3,1,yes,0,1,23,0,0,465,38000,45-54,Dublin,semi-detached,yes
K-12426,Payer,2,1,yes,0,0,19,0,0,424,27500,25-34,Rest of Leinster,terrace,yes
K-12427,Payer,3,1,no,0,1,22,1,0,531,40500,25-34,Dublin,detached,no
K-12428,Switcher,1,1,no,1,2,6,0,1,374,42000,45-54,Munster,bungalow,no
K-12429,Juggler,3,2,yes,2,2,14,0,0,832,39000,35-44,Rest of Leinster,semi-detached,no
K-12430,Switcher,1,1,no,1,3,5,1,0,359,37500,45-54,Rest of Leinster,semi-detached,no
K-12431,Switcher,2,2,no,1,2,4,0,0,312,26000,45-54,Rest of Leinster,terrace,yes
K-12432,Juggler,4,3,no,1,2,11,1,0,1094,29000,55-64,Dublin,terrace,no
K-12433,Switcher,1,1,yes,2,3,4,0,0,457,52000,55-64,Rest of Leinster,detached,yes
K-12434,Switcher,1,1,no,2,4,3,0,0,401,33000,55-64,Dublin,bungalow,no
K-12435,Payer,3,1,yes,0,0,10,0,0,389,25500,35-44,Dublin,terrace,yes
K-12436,Payer,4,1,yes,0,0,15,0,0,618,46000,25-34,Munster,detached,no
K-12437,Switcher,2,2,no,3,3,2,1,0,295,24000,35-44,Rest of Leinster,apartment,
K-12438,Juggler,4,2,no,1,1,10,0,0,735,31500,35-44,Munster,terrace,no
K-12439,Switcher,1,1,no,2,4,1,1,0,378,28500,55-64,Connacht,terrace,no
K-12440,Payer,3,1,yes,0,0,12,1,0,522,28000,45-54,Dublin,semi-detached,no
K-12441,Juggler,2,2,yes,2,2,12,4,0,644,34000,25-34,Munster,terrace,no
K-12442,Juggler,1,4,yes,1,2,13,3,0,1608,35500,25-34,Dublin,semi-detached,no
K-12443,Juggler,3,4,no,2,1,3,2,0,1114,20500,45-54,Munster,apartment,no
K-12444,Juggler,3,2,no,1,2,8,0,0,720,32000,55-64,Rest of Leinster,semi-detached,no
K-12445,Juggler,3,3,no,2,2,11,1,0,1543,46000,35-44,Munster,detached,yes
K-12446,Juggler,2,3,no,1,2,10,1,0,951,37000,35-44,Rest of Leinster,terrace,yes
K-12447,Switcher,1,1,no,1,4,4,0,0,372,42000,55-64,Connacht,semi-detached,no
K-12448,Juggler,4,4,yes,1,3,15,2,0,1418,29000,55-64,Munster,terrace,no
K-12449,Switcher,1,2,no,3,5,2,2,0,433,40000,35-44,Munster,semi-detached,no
K-12450,Payer,4,1,yes,0,0,6,1,0,505,33500,35-44,Dublin,semi-detached,
K-12451,Payer,2,1,no,0,1,16,1,1,375,26500,45-54,Rest of Leinster,terrace,yes
K-12452,Juggler,4,3,no,0,1,9,0,0,1017,25500,55-64,Dublin,terrace,no
K-12453,Juggler,2,3,no,1,2,14,4,0,1340,51500,25-34,Munster,detached,yes
K-12454,Juggler,2,4,no,1,2,9,2,0,1568,31500,35-44,Dublin,semi-detached,no
K-12455,Switcher,2,1,no,1,3,7,1,0,320,28000,35-44,Dublin,apartment,yes
K-12456,Switcher,1,1,no,2,4,6,1,0,318,36500,45-54,Munster,terrace,yes
K-12457,Payer,1,2,no,0,0,21,2,0,458,33500,55-64,Dublin,bungalow,no
K-12458,Payer,2,1,yes,0,0,16,1,0,525,37000,35-44,Munster,bungalow,no
K-12459,Payer,3,1,no,0,0,12,2,2,537,35500,35-44,Munster,semi-detached,yes
K-12460,Payer,3,2,yes,0,1,25,1,0,440,27000,55-64,Rest of Leinster,terrace,
K-12461,Payer,3,1,yes,0,0,20,2,0,592,50000,55-64,Dublin,detached,no
K-12462,Payer,2,1,yes,0,0,10,1,0,376,27500,25-34,Dublin,apartment,
K-12463,Payer,2,1,yes,1,0,16,0,1,423,39000,35-44,Connacht,semi-detached,yes
K-12464,Payer,4,1,no,0,0,19,0,1,557,54500,45-54,Rest of Leinster,detached,yes
K-12465,Payer,3,1,yes,0,0,19,1,0,400,26000,45-54,Munster,terrace,no
K-12466,Payer,3,1,yes,0,1,17,0,0,398,32500,25-34,Rest of Leinster,terrace,no
K-12467,Switcher,2,1,no,3,4,3,2,0,520,39500,55-64,Dublin,detached,
K-12468,Switcher,2,1,no,2,4,5,0,0,356,32000,55-64,Connacht,terrace,no
K-12469,Switcher,1,1,no,3,2,3,1,0,515,44000,35-44,Munster,detached,no
K-12470,Payer,4,1,yes,0,0,22,0,0,398,20500,55-64,Rest of Leinster,apartment,no
K-12471,Juggler,2,2,yes,2,2,10,1,0,1041,49500,45-54,Connacht,detached,yes
K-12472,Switcher,2,1,no,3,3,2,2,1,492,52500,35-44,Dublin,detached,yes
K-12473,Payer,3,1,yes,0,0,20,2,0,568,50500,45-54,Munster,detached,yes
K-12474,Payer,1,2,yes,0,0,12,1,0,464,31000,65+,Dublin,semi-detached,
K-12475,Payer,4,1,yes,1,0,15,0,0,602,44000,45-54,Ulster,detached,no
K-12476,Juggler,2,3,no,0,1,10,2,1,1473,49000,45-54,Connacht,detached,no
K-12477,Payer,4,1,yes,0,0,23,0,0,349,26500,35-44,Connacht,apartment,no
K-12478,Juggler,4,3,yes,0,1,7,1,0,1120,34500,25-34,Connacht,semi-detached,yes
K-12479,Payer,4,1,yes,0,0,19,0,0,443,31000,45-54,Dublin,terrace,no
K-12480,Switcher,3,1,no,2,2,6,0,0,347,35000,35-44,Dublin,semi-detached,no
K-12481,Payer,1,1,yes,0,1,15,1,0,405,35000,45-54,Ulster,terrace,yes
K-12482,Switcher,1,1,no,1,2,4,0,0,372,39000,55-64,Munster,semi-detached,no
K-12483,Payer,2,1,yes,0,0,15,2,0,405,36500,35-44,Ulster,terrace,yes
K-12484,Switcher,2,1,no,2,4,2,1,0,279,21500,25-34,Dublin,apartment,no
K-12485,Juggler,1,2,yes,2,1,8,0,2,722,28500,45-54,Dublin,terrace,yes
K-12486,Payer,2,1,yes,1,0,29,1,0,463,37500,55-64,Munster,semi-detached,no
K-12487,Juggler,2,3,no,1,1,8,2,0,1176,39500,35-44,Rest of Leinster,semi-detached,yes
K-12488,Switcher,2,1,yes,2,4,4,0,0,308,24000,35-44,Dublin,apartment,
K-12489,Juggler,4,4,no,2,1,9,1,0,1276,24500,35-44,Dublin,apartment,no
K-12490,Payer,3,1,yes,0,0,22,2,0,468,25000,45-54,Dublin,terrace,
K-12491,Juggler,4,4,no,2,1,10,2,0,1436,38000,45-54,Connacht,semi-detached,no
K-12492,Switcher,1,1,no,1,5,8,0,1,312,22000,45-54,Dublin,apartment,no
K-12493,Payer,4,2,yes,0,0,12,1,0,396,21500,35-44,Dublin,apartment,no
K-12494,Juggler,1,2,yes,1,1,14,1,0,644,28000,45-54,Dublin,apartment,no
K-12495,Payer,4,1,yes,0,1,8,0,0,513,32500,45-54,Rest of Leinster,semi-detached,yes
K-12496,Payer,4,1,yes,0,0,10,0,0,468,30500,35-44,Rest of Leinster,terrace,no
K-12497,Juggler,2,2,yes,1,2,5,1,0,721,31500,45-54,Connacht,terrace,yes
K-12498,Juggler,1,2,no,0,1,12,3,0,697,24500,35-44,Dublin,terrace,no
K-12499,Switcher,1,2,no,1,2,3,1,0,362,30500,45-54,Rest of Leinster,semi-detached,
K-12500,Juggler,3,2,yes,1,1,8,2,0,841,40500,35-44,Dublin,detached,no
K-12501,Juggler,3,2,yes,0,1,4,2,1,666,29500,25-34,Dublin,semi-detached,no
K-12502,Switcher,4,1,no,2,5,8,1,0,376,28000,25-34,Dublin,semi-detached,
K-12503,Switcher,3,1,no,3,3,5,0,0,330,34500,35-44,Munster,terrace,no
K-12504,Juggler,2,3,yes,2,1,10,1,0,1092,38000,45-54,Munster,semi-detached,yes
K-12505,Payer,3,1,yes,0,0,20,0,0,501,29500,55-64,Rest of Leinster,semi-detached,yes
K-12506,Payer,1,1,no,0,1,10,0,0,319,29500,25-34,Rest of Leinster,apartment,yes
K-12507,Switcher,1,1,no,1,3,3,0,0,369,36500,55-64,Munster,semi-detached,no
K-12508,Juggler,1,2,yes,2,2,8,3,0,754,27500,35-44,Rest of Leinster,terrace,no
K-12509,Juggler,1,3,yes,2,2,8,3,0,1077,32000,55-64,Dublin,semi-detached,yes
K-12510,Payer,4,1,yes,0,0,30,1,0,390,27000,45-54,Rest of Leinster,apartment,no
K-12511,Payer,4,2,yes,0,0,19,0,0,414,22000,45-54,Rest of Leinster,apartment,no
K-12512,Juggler,4,4,no,1,1,6,0,0,1538,38500,35-44,Munster,semi-detached,yes
K-12513,Switcher,2,2,no,2,4,5,2,0,480,42000,55-64,Rest of Leinster,detached,no
K-12514,Juggler,1,2,yes,1,0,6,1,0,677,27000,35-44,Munster,terrace,no
K-12515,Payer,3,2,yes,0,0,17,0,0,530,46500,35-44,Rest of Leinster,detached,yes
K-12516,Juggler,1,2,yes,1,2,8,0,0,694,32500,45-54,Dublin,terrace,no
K-12517,Switcher,1,1,no,2,5,2,0,2,396,33500,25-34,Dublin,semi-detached,no
K-12518,Switcher,2,1,no,1,3,5,0,1,364,35000,65+,Rest of Leinster,terrace,no
K-12519,Juggler,1,4,yes,1,0,11,2,0,1551,38000,35-44,Dublin,semi-detached,no
K-12520,Payer,4,1,yes,0,0,7,1,0,440,33000,45-54,Connacht,terrace,yes
K-12521,Payer,3,1,yes,0,0,12,1,0,437,31500,35-44,Rest of Leinster,terrace,yes
K-12522,Juggler,2,4,no,2,2,10,3,0,1860,38500,35-44,Ulster,detached,no
K-12523,Payer,4,1,no,0,0,14,0,2,633,38000,35-44,Ulster,detached,yes
K-12524,Payer,4,1,no,0,0,23,0,0,437,36000,65+,Rest of Leinster,terrace,no
K-12525,Switcher,4,1,no,2,3,1,0,0,411,34500,25-34,Munster,semi-detached,no
K-12526,Switcher,1,1,no,3,4,5,1,0,354,29500,55-64,Rest of Leinster,semi-detached,no
K-12527,Payer,3,2,yes,0,1,15,2,0,558,46000,45-54,Dublin,detached,yes
K-12528,Payer,4,2,yes,0,0,16,0,0,497,37500,45-54,Rest of Leinster,terrace,
K-12529,Juggler,1,2,no,0,1,9,0,1,792,37500,55-64,Munster,semi-detached,no
K-12530,Payer,4,1,yes,0,1,18,2,2,469,32500,55-64,Munster,semi-detached,
K-12531,Payer,2,1,yes,0,0,26,0,0,371,20000,35-44,Munster,apartment,no
K-12532,Payer,3,2,yes,0,0,17,0,0,401,28500,35-44,Rest of Leinster,apartment,
K-12533,Switcher,1,2,no,1,5,6,2,0,359,41000,45-54,Rest of Leinster,semi-detached,yes
K-12534,Payer,2,1,yes,0,0,14,0,0,442,41500,25-34,Rest of Leinster,semi-detached,yes
K-12535,Switcher,2,1,no,3,4,5,0,0,322,27000,35-44,Dublin,terrace,no
K-12536,Payer,2,1,no,0,1,11,0,0,317,27500,25-34,Connacht,apartment,yes
K-12537,Switcher,2,2,no,2,5,4,1,0,420,37000,45-54,Rest of Leinster,semi-detached,no
K-12538,Payer,4,2,yes,0,0,21,0,0,540,40500,35-44,Dublin,semi-detached,yes
K-12539,Juggler,4,2,yes,1,3,15,2,0,686,32000,45-54,Rest of Leinster,semi-detached,yes
K-12540,Switcher,2,1,no,3,5,6,1,2,390,33000,25-34,Dublin,terrace,yes
K-12541,Payer,3,1,yes,0,0,13,1,0,660,49000,45-54,Rest of Leinster,detached,yes
K-12542,Switcher,4,1,no,3,5,5,0,0,399,30000,45-54,Dublin,semi-detached,no
K-12543,Payer,3,2,yes,0,0,16,1,0,566,53500,35-44,Dublin,detached,yes
K-12544,Payer,4,1,yes,0,0,19,1,0,416,27500,25-34,Rest of Leinster,terrace,yes
K-12545,Payer,4,1,yes,0,0,14,0,0,470,30500,25-34,Munster,semi-detached,
K-12546,Payer,2,1,yes,1,1,5,1,0,316,20000,45-54,Rest of Leinster,apartment,no
K-12547,Payer,1,1,yes,0,0,6,2,0,492,31000,35-44,Dublin,semi-detached,no
K-12548,Switcher,2,1,no,3,4,3,0,0,404,37500,55-64,Dublin,semi-detached,no
K-12549,Switcher,3,1,yes,2,5,6,0,0,412,38000,45-54,Munster,semi-detached,yes
K-12550,Payer,3,1,yes,0,0,18,1,0,438,32500,25-34,Dublin,bungalow,
K-12551,Switcher,1,1,no,3,5,4,1,0,376,39500,35-44,Rest of Leinster,semi-detached,yes
K-12552,Payer,2,2,yes,0,0,13,0,0,466,25000,25-34,Ulster,terrace,
K-12553,Switcher,2,1,yes,2,5,3,2,0,296,30000,35-44,Rest of Leinster,apartment,yes
K-12554,Switcher,1,1,no,2,4,5,1,0,326,30000,35-44,Rest of Leinster,terrace,yes
K-12555,Payer,3,1,yes,0,0,26,0,0,480,38500,45-54,Rest of Leinster,semi-detached,yes
K-12556,Payer,4,1,yes,0,0,10,1,0,490,30000,35-44,Munster,semi-detached,
K-12557,Switcher,2,1,no,1,5,2,0,0,406,42500,45-54,Dublin,bungalow,yes
K-12558,Switcher,1,1,no,1,3,8,0,0,308,23500,25-34,Rest of Leinster,apartment,no
K-12559,Payer,4,1,yes,0,1,5,2,0,517,40000,25-34,Dublin,semi-detached,no
K-12560,Juggler,1,2,yes,2,1,11,2,1,607,20000,55-64,Dublin,apartment,no
K-12561,Payer,2,1,yes,0,0,17,0,0,408,34500,45-54,Ulster,terrace,yes
K-12562,Payer,4,1,yes,0,0,5,1,1,643,37000,65+,Dublin,detached,no
K-12563,Payer,4,1,yes,0,1,22,1,0,510,30500,55-64,Rest of Leinster,semi-detached,
K-12564,Juggler,4,2,no,2,1,11,2,0,720,42000,35-44,Dublin,semi-detached,no
K-12565,Payer,4,1,yes,0,0,16,1,0,694,50500,45-54,Rest of Leinster,detached,yes
K-12566,Switcher,2,1,no,2,5,4,1,0,302,25500,45-54,Munster,apartment,no
K-12567,Switcher,2,1,no,2,3,3,0,0,408,41500,45-54,Ulster,semi-detached,no
K-12568,Switcher,1,1,no,2,3,3,1,1,393,35500,65+,Dublin,bungalow,
K-12569,Juggler,3,4,no,0,0,18,2,1,1440,25000,55-64,Munster,terrace,no
K-12570,Payer,2,2,yes,0,0,12,0,0,464,39500,35-44,Dublin,semi-detached,no
K-12571,Switcher,4,1,no,3,3,8,1,0,328,26000,25-34,Ulster,terrace,no
K-12572,Switcher,3,1,no,2,5,2,0,0,405,40500,45-54,Munster,semi-detached,no
K-12573,Switcher,2,1,yes,3,5,2,0,0,417,39500,35-44,Ulster,bungalow,yes
K-12574,Switcher,1,1,yes,2,4,7,0,0,536,53000,35-44,Dublin,detached,no
K-12575,Payer,3,1,yes,0,0,31,0,0,491,35000,55-64,Ulster,semi-detached,
K-12576,Switcher,1,1,no,2,4,4,0,0,443,56000,35-44,Rest of Leinster,detached,yes
K-12577,Switcher,1,1,no,2,5,4,1,0,416,42000,45-54,Dublin,semi-detached,no
K-12578,Switcher,2,1,no,2,3,2,0,0,486,50500,35-44,Connacht,detached,yes
K-12579,Payer,2,1,yes,0,0,22,0,0,612,48000,35-44,Connacht,detached,yes
K-12580,Juggler,2,4,no,1,2,10,1,0,1475,28000,35-44,Rest of Leinster,semi-detached,no
K-12581,Payer,4,1,yes,0,0,20,1,0,472,26500,65+,Dublin,terrace,no
K-12582,Switcher,2,2,no,1,5,4,0,0,517,41500,25-34,Dublin,detached,no
K-12583,Payer,3,2,yes,0,1,15,1,0,409,33000,45-54,Rest of Leinster,terrace,no
K-12584,Juggler,4,4,no,1,2,11,2,0,1546,36000,55-64,Rest of Leinster,semi-detached,no
K-12585,Switcher,3,1,no,3,5,6,1,0,389,28500,25-34,Dublin,semi-detached,no
K-12586,Switcher,4,1,no,2,5,7,0,1,395,31500,55-64,Munster,terrace,no
K-12587,Switcher,2,1,no,1,5,6,0,0,370,34000,45-54,Munster,terrace,no
K-12588,Payer,4,1,yes,0,0,25,1,1,554,53500,35-44,Munster,detached,yes
K-12589,Payer,2,1,yes,1,0,14,0,0,614,45000,35-44,Ulster,detached,
K-12590,Payer,3,1,yes,0,1,7,2,0,416,34500,65+,Ulster,terrace,
K-12591,Payer,1,1,yes,0,0,14,0,0,454,34000,45-54,Dublin,semi-detached,yes
K-12592,Juggler,1,3,yes,2,1,17,1,0,1040,37000,45-54,Rest of Leinster,semi-detached,yes
K-12593,Payer,3,1,yes,0,0,5,2,0,338,22000,45-54,Dublin,apartment,
K-12594,Switcher,1,1,yes,1,3,4,0,0,395,33500,55-64,Rest of Leinster,terrace,yes
K-12595,Juggler,2,3,no,1,2,11,0,0,1022,35000,25-34,Dublin,semi-detached,no
K-12596,Switcher,1,1,no,3,5,2,2,0,435,29000,65+,Munster,bungalow,no
K-12597,Switcher,1,2,no,3,5,3,1,2,438,48000,55-64,Dublin,detached,yes
K-12598,Juggler,1,2,no,0,1,11,3,0,801,39000,45-54,Munster,semi-detached,no
K-12599,Switcher,4,1,no,2,5,2,1,0,379,42500,25-34,Dublin,bungalow,yes
K-12600,Juggler,2,2,yes,0,1,12,1,0,613,34500,25-34,Rest of Leinster,terrace,yes
K-12601,Switcher,1,2,no,3,4,6,0,2,330,27000,45-54,Munster,apartment,yes
K-12602,Payer,3,1,yes,1,1,10,1,1,432,35000,55-64,Rest of Leinster,semi-detached,
K-12603,Switcher,3,1,no,3,5,6,0,0,431,46500,55-64,Munster,detached,no
K-12604,Payer,4,1,yes,0,0,12,2,0,391,22500,45-54,Dublin,apartment,
K-12605,Payer,2,1,yes,1,1,16,1,0,310,24000,45-54,Munster,apartment,no
K-12606,Juggler,3,3,yes,1,3,11,0,0,1407,44000,45-54,Munster,detached,no
K-12607,Switcher,2,1,no,3,4,2,0,1,497,51500,35-44,Dublin,detached,yes
K-12608,Switcher,3,1,no,2,4,3,0,0,279,27000,25-34,Connacht,apartment,no
K-12609,Switcher,1,2,no,2,3,9,1,0,359,27000,55-64,Munster,terrace,no
K-12610,Payer,4,2,yes,0,0,5,1,0,367,27500,35-44,Dublin,apartment,no
K-12611,Payer,2,1,yes,0,0,16,0,0,605,43500,45-54,Rest of Leinster,detached,yes
K-12612,Payer,3,1,yes,0,1,17,1,1,573,56000,45-54,Munster,detached,
K-12613,Juggler,3,4,yes,2,0,13,2,0,1083,29000,45-54,Munster,apartment,no
K-12614,Payer,2,1,yes,0,0,19,1,0,321,28500,45-54,Rest of Leinster,apartment,no
K-12615,Payer,3,1,yes,0,0,15,0,0,442,41500,55-64,Rest of Leinster,semi-detached,
K-12616,Juggler,3,2,no,1,2,21,1,0,1001,52500,35-44,Dublin,detached,no
K-12617,Juggler,1,4,no,1,0,11,2,0,1910,38000,65+,Dublin,detached,no
K-12618,Juggler,2,2,yes,1,0,7,2,1,703,31000,25-34,Munster,semi-detached,no
K-12619,Payer,3,2,no,0,0,16,1,0,458,33500,55-64,Munster,semi-detached,no
K-12620,Payer,4,1,yes,0,0,15,0,0,504,24500,45-54,Connacht,terrace,no
K-12621,Juggler,2,2,no,2,2,2,1,0,759,31500,35-44,Rest of Leinster,terrace,no
K-12622,Switcher,2,1,no,2,3,4,1,0,446,39000,25-34,Dublin,bungalow,no
K-12623,Switcher,2,1,no,3,4,6,0,0,432,28500,45-54,Dublin,semi-detached,no
K-12624,Switcher,2,1,no,3,3,7,1,1,386,29000,25-34,Munster,bungalow,no
K-12625,Juggler,3,2,no,0,2,8,2,0,732,30500,45-54,Ulster,semi-detached,yes
K-12626,Payer,2,2,no,1,0,11,0,0,506,44000,45-54,Ulster,detached,
K-12627,Switcher,3,1,no,2,2,3,0,0,285,21000,55-64,Dublin,apartment,no
K-12628,Payer,4,1,yes,0,0,6,1,1,680,54000,35-44,Dublin,detached,yes
K-12629,Switcher,1,1,no,3,5,3,0,0,378,37000,35-44,Munster,semi-detached,no
K-12630,Payer,3,1,yes,0,0,17,0,0,498,32500,35-44,Dublin,semi-detached,yes
K-12631,Switcher,2,1,no,3,2,1,0,0,474,52500,45-54,Rest of Leinster,detached,yes
K-12632,Payer,4,1,yes,0,0,8,0,0,609,47500,25-34,Connacht,detached,no
K-12633,Juggler,3,2,no,2,1,14,3,0,583,27000,35-44,Munster,apartment,yes
K-12634,Juggler,4,3,no,0,2,13,2,0,1102,34000,35-44,Rest of Leinster,semi-detached,yes
K-12635,Payer,3,1,yes,1,0,14,0,0,518,28500,65+,Dublin,semi-detached,no
K-12636,Switcher,3,2,no,3,4,2,0,0,423,31500,35-44,Dublin,semi-detached,no
K-12637,Switcher,3,1,no,2,4,4,1,0,500,37500,55-64,Munster,detached,no
K-12638,Switcher,1,1,no,2,3,1,0,0,531,39500,35-44,Connacht,detached,yes
K-12639,Payer,4,1,yes,0,0,25,1,0,679,43500,25-34,Ulster,detached,
K-12640,Payer,4,1,yes,0,0,5,0,0,476,32500,55-64,Dublin,semi-detached,
K-12641,Switcher,1,1,no,2,3,4,1,0,394,25500,45-54,Rest of Leinster,terrace,yes
K-12642,Switcher,1,1,no,3,4,3,0,1,471,53000,45-54,Connacht,detached,yes
K-12643,Payer,3,1,yes,0,0,14,0,0,523,36000,35-44,Munster,semi-detached,no
K-12644,Juggler,3,3,no,2,1,9,2,0,1199,42000,65+,Dublin,semi-detached,no
K-12645,Switcher,2,1,no,2,2,4,1,0,387,38500,25-34,Munster,bungalow,no
K-12646,Payer,1,1,yes,1,0,10,0,0,531,52000,55-64,Ulster,detached,yes
K-12647,Payer,4,1,yes,0,0,12,0,0,560,47500,25-34,Rest of Leinster,detached,yes
K-12648,Juggler,1,4,no,2,2,11,1,0,1286,32000,55-64,Dublin,terrace,no
K-12649,Juggler,4,4,no,1,2,2,3,0,1798,50500,65+,Dublin,detached,no
K-12650,Switcher,2,1,no,3,4,1,0,0,408,42000,55-64,Ulster,semi-detached,no
K-12651,Switcher,4,1,no,2,3,6,0,0,471,37000,65+,Dublin,detached,no
K-12652,Payer,3,1,yes,0,0,16,0,0,611,56000,25-34,Rest of Leinster,detached,yes
K-12653,Juggler,1,3,no,1,1,20,3,0,831,29000,45-54,Rest of Leinster,apartment,yes
K-12654,Payer,4,1,yes,0,0,11,0,0,367,26500,35-44,Ulster,apartment,yes
K-12655,Payer,1,1,yes,0,0,14,1,0,436,34000,55-64,Munster,semi-detached,no
K-12656,Juggler,2,2,yes,2,2,7,2,0,705,33500,55-64,Dublin,terrace,no
K-12657,Switcher,3,1,no,3,3,1,0,0,520,49500,25-34,Rest of Leinster,detached,yes
K-12658,Payer,2,1,yes,0,0,14,1,0,610,53000,45-54,Dublin,detached,yes
K-12659,Switcher,2,1,no,1,3,5,1,0,342,26500,35-44,Connacht,terrace,no
K-12660,Switcher,1,1,no,2,3,4,0,1,430,37500,45-54,Rest of Leinster,semi-detached,yes
K-12661,Payer,4,1,yes,0,1,23,0,0,353,30000,55-64,Dublin,apartment,yes
K-12662,Payer,4,1,yes,0,0,10,2,0,403,20500,55-64,Dublin,apartment,
K-12663,Payer,4,2,yes,0,1,21,1,0,416,28500,65+,Ulster,terrace,no
K-12664,Juggler,3,4,no,2,2,8,2,1,1220,26500,35-44,Dublin,terrace,no
K-12665,Switcher,2,1,no,1,4,3,1,0,332,29500,45-54,Munster,terrace,no
K-12666,Juggler,1,3,no,0,3,9,0,0,922,24500,55-64,Rest of Leinster,apartment,no
K-12667,Payer,1,1,yes,0,0,19,0,0,580,47500,45-54,Munster,detached,no
K-12668,Juggler,4,3,yes,1,1,13,2,0,1059,28000,25-34,Munster,terrace,no
K-12669,Switcher,1,1,no,2,3,3,1,0,345,36000,35-44,Rest of Leinster,semi-detached,no
K-12670,Payer,4,1,yes,0,0,13,0,0,433,34500,35-44,Munster,terrace,
K-12671,Payer,2,1,yes,0,0,11,0,0,453,30000,25-34,Munster,semi-detached,yes
K-12672,Payer,4,1,yes,0,0,11,0,0,627,41000,35-44,Ulster,detached,yes
K-12673,Juggler,3,3,yes,0,1,10,2,0,771,28000,35-44,Munster,apartment,no
K-12674,Payer,3,1,no,0,0,18,1,0,520,32500,45-54,Dublin,bungalow,
K-12675,Juggler,1,2,yes,1,2,13,0,0,637,22500,35-44,Dublin,apartment,no
K-12676,Juggler,1,2,no,1,2,11,2,0,651,33500,55-64,Rest of Leinster,terrace,no
K-12677,Payer,4,1,yes,0,0,15,0,0,549,30000,25-34,Dublin,semi-detached,
K-12678,Juggler,1,3,yes,1,2,6,2,0,1458,53500,25-34,Dublin,detached,no
K-12679,Switcher,2,1,no,3,5,3,1,1,366,35500,65+,Dublin,semi-detached,no
K-12680,Payer,3,1,yes,0,0,17,1,0,442,24500,45-54,Rest of Leinster,terrace,no
K-12681,Juggler,1,2,no,1,1,9,0,0,1008,40000,65+,Connacht,detached,no
K-12682,Payer,3,2,yes,0,0,24,0,0,520,32000,35-44,Munster,semi-detached,yes
K-12683,Switcher,1,1,no,2,4,3,0,1,305,27500,45-54,Rest of Leinster,apartment,yes
K-12684,Payer,4,1,yes,0,0,10,0,0,492,28000,35-44,Munster,terrace,
K-12685,Payer,4,1,yes,0,0,24,0,0,409,31500,45-54,Rest of Leinster,terrace,yes
K-12686,Juggler,2,4,no,1,0,11,2,0,1383,34500,35-44,Munster,terrace,yes
K-12687,Juggler,3,3,no,1,1,15,1,0,1120,34000,35-44,Munster,terrace,yes
K-12688,Payer,3,1,yes,0,1,23,0,0,455,33000,35-44,Dublin,semi-detached,no
K-12689,Payer,3,1,yes,0,1,20,1,0,501,41000,35-44,Munster,semi-detached,yes
K-12690,Switcher,2,1,no,3,3,3,0,0,343,28000,55-64,Ulster,terrace,no
K-12691,Payer,1,1,yes,1,1,24,0,1,416,28500,45-54,Munster,terrace,
K-12692,Switcher,2,1,no,2,3,5,0,1,424,34500,55-64,Rest of Leinster,semi-detached,yes
K-12693,Switcher,1,1,no,1,5,6,2,0,399,33500,55-64,Rest of Leinster,bungalow,no
K-12694,Juggler,1,3,yes,1,3,8,2,0,1482,48000,35-44,Rest of Leinster,detached,no
K-12695,Payer,4,1,yes,0,0,16,0,0,646,48000,25-34,Rest of Leinster,detached,yes
K-12696,Switcher,1,1,no,3,4,1,1,0,381,38000,35-44,Ulster,semi-detached,no
K-12697,Payer,4,1,yes,0,0,7,0,0,518,40000,35-44,Rest of Leinster,semi-detached,no
K-12698,Switcher,2,1,no,2,4,3,1,0,455,39500,35-44,Dublin,detached,yes
K-12699,Juggler,2,4,no,2,3,11,1,0,2023,56000,35-44,Connacht,detached,yes
K-12700,Switcher,2,1,no,2,5,5,0,1,428,41500,35-44,Dublin,semi-detached,yes
K-12701,Switcher,3,1,no,2,5,3,2,0,352,38000,45-54,Connacht,semi-detached,yes
K-12702,Switcher,2,1,no,2,3,4,1,0,458,50000,25-34,Munster,detached,yes
K-12703,Juggler,4,2,yes,0,0,5,3,0,1016,51500,45-54,Dublin,detached,yes
K-12704,Payer,4,1,yes,0,0,12,0,0,594,51000,65+,Dublin,detached,no
K-12705,Switcher,2,1,no,2,4,1,0,1,322,21000,35-44,Rest of Leinster,apartment,no
K-12706,Payer,3,1,no,0,0,19,2,0,664,56000,45-54,Dublin,detached,yes
K-12707,Switcher,3,1,no,2,4,3,0,1,385,33000,55-64,Rest of Leinster,terrace,no
K-12708,Juggler,4,4,no,2,0,7,1,0,1468,39500,25-34,Munster,bungalow,no
K-12709,Juggler,1,4,yes,2,0,11,1,0,1196,21000,25-34,Dublin,apartment,no
K-12710,Switcher,1,1,no,2,3,4,0,2,535,52500,45-54,Rest of Leinster,detached,yes
K-12711,Juggler,2,3,no,1,1,15,2,0,1324,50500,65+,Dublin,detached,no
K-12712,Switcher,3,1,no,2,4,6,0,1,432,30000,25-34,Dublin,semi-detached,
K-12713,Switcher,1,1,no,1,3,7,0,0,358,34500,55-64,Dublin,terrace,
K-12714,Switcher,1,1,no,1,2,4,0,0,371,31000,55-64,Munster,bungalow,no
K-12715,Juggler,3,2,no,0,1,11,1,0,637,28000,35-44,Rest of Leinster,apartment,no
K-12716,Payer,4,1,yes,0,1,15,1,0,693,38500,35-44,Connacht,detached,
K-12717,Juggler,1,3,yes,2,1,8,1,0,1527,45000,35-44,Rest of Leinster,detached,no
K-12718,Payer,3,2,yes,1,0,21,0,0,600,52000,65+,Rest of Leinster,detached,
K-12719,Switcher,3,1,no,1,3,5,1,1,357,41000,35-44,Dublin,semi-detached,yes
K-12720,Switcher,2,1,yes,2,4,5,0,0,435,29000,35-44,Munster,semi-detached,no
K-12721,Switcher,2,1,no,2,4,5,1,0,399,36000,35-44,Connacht,bungalow,yes
K-12722,Juggler,2,3,yes,1,2,7,4,0,889,21500,25-34,Dublin,apartment,no
K-12723,Payer,1,1,yes,0,0,20,0,0,528,47000,25-34,Munster,detached,yes
K-12724,Payer,4,1,yes,0,0,19,1,0,419,22500,45-54,Dublin,apartment,
K-12725,Switcher,1,1,no,2,4,4,0,0,422,34000,35-44,Rest of Leinster,bungalow,no
K-12726,Switcher,2,1,no,3,5,5,1,1,313,28500,65+,Munster,apartment,
K-12727,Juggler,2,2,yes,1,3,13,0,0,830,35000,35-44,Munster,semi-detached,no
K-12728,Payer,4,2,yes,0,0,13,1,0,451,43000,25-34,Dublin,semi-detached,yes
K-12729,Switcher,3,1,no,3,4,6,0,0,325,30500,55-64,Rest of Leinster,terrace,no
K-12730,Switcher,2,1,no,2,5,4,2,1,294,22500,55-64,Rest of Leinster,apartment,yes
K-12731,Switcher,4,1,yes,1,4,5,0,0,388,42000,55-64,Connacht,semi-detached,yes
K-12732,Switcher,2,2,yes,2,4,2,0,0,414,38500,45-54,Munster,semi-detached,yes
K-12733,Payer,2,1,yes,0,0,23,0,0,336,21000,55-64,Rest of Leinster,apartment,no
K-12734,Payer,4,2,yes,0,1,16,0,0,528,40500,55-64,Dublin,semi-detached,
K-12735,Payer,2,1,yes,0,0,29,1,1,433,34500,65+,Dublin,semi-detached,no
K-12736,Payer,4,1,yes,1,0,24,1,0,545,28000,45-54,Dublin,semi-detached,
K-12737,Juggler,3,4,no,1,2,11,2,0,1351,36000,35-44,Dublin,terrace,yes
K-12738,Payer,4,1,no,0,0,11,0,0,508,31500,25-34,Dublin,terrace,yes
K-12739,Payer,3,1,yes,0,0,10,0,0,351,27000,45-54,Connacht,apartment,no
K-12740,Payer,3,1,yes,1,0,18,1,1,452,28500,55-64,Ulster,terrace,yes
K-12741,Payer,4,1,yes,0,0,9,0,0,657,52000,35-44,Dublin,detached,no
K-12742,Switcher,2,1,no,2,2,2,0,0,314,29000,65+,Munster,apartment,no
K-12743,Switcher,1,1,no,2,3,5,0,0,395,39500,25-34,Dublin,semi-detached,no
K-12744,Switcher,1,1,yes,2,4,5,1,0,428,35500,25-34,Dublin,semi-detached,no
K-12745,Juggler,3,4,no,2,1,17,3,0,1617,33500,35-44,Munster,bungalow,no
K-12746,Juggler,3,3,no,1,1,12,1,0,939,26500,25-34,Connacht,terrace,no
K-12747,Payer,1,1,yes,0,1,18,0,0,413,28000,35-44,Munster,terrace,no
K-12748,Juggler,1,2,no,0,3,13,2,1,713,26500,45-54,Connacht,terrace,no
K-12749,Payer,2,1,yes,1,1,17,1,0,539,55500,35-44,Rest of Leinster,detached,yes
K-12750,Payer,3,1,yes,0,0,10,0,0,443,34500,65+,Munster,terrace,no
K-12751,Payer,1,1,yes,0,0,9,1,0,513,48500,25-34,Dublin,detached,no
K-12752,Switcher,1,1,no,2,3,4,0,1,460,37000,45-54,Dublin,detached,no
K-12753,Payer,2,2,yes,0,1,10,1,0,375,20500,45-54,Dublin,apartment,no
K-12754,Juggler,4,4,yes,2,1,12,0,0,1495,28000,45-54,Ulster,terrace,no
K-12755,Switcher,1,1,no,1,3,2,0,0,353,36000,35-44,Dublin,semi-detached,no
K-12756,Switcher,1,1,no,1,4,3,2,0,410,38500,35-44,Munster,semi-detached,yes
K-12757,Juggler,3,4,yes,1,1,2,1,0,1697,41500,35-44,Dublin,detached,no
K-12758,Payer,2,1,yes,0,0,20,1,1,346,22000,55-64,Dublin,apartment,no
K-12759,Payer,4,1,no,0,0,20,1,0,416,30500,65+,Dublin,terrace,no
K-12760,Switcher,2,1,no,1,3,8,0,0,405,29500,25-34,Rest of Leinster,bungalow,yes
K-12761,Juggler,2,3,no,2,1,13,2,0,911,35000,45-54,Ulster,terrace,no
K-12762,Switcher,4,1,no,2,3,6,0,0,381,27000,35-44,Munster,terrace,no
K-12763,Juggler,1,3,no,0,2,7,0,0,1335,46000,25-34,Rest of Leinster,detached,yes
K-12764,Switcher,1,2,no,1,4,3,0,0,371,32500,35-44,Munster,terrace,no
K-12765,Juggler,1,4,no,2,1,13,3,1,1442,34500,25-34,Connacht,terrace,no
K-12766,Juggler,3,2,yes,0,0,11,2,0,650,32500,35-44,Dublin,terrace,no
K-12767,Switcher,2,1,yes,3,4,5,0,0,382,32500,35-44,Dublin,semi-detached,no
K-12768,Payer,4,2,yes,0,0,10,2,0,376,27500,45-54,Dublin,apartment,no
K-12769,Switcher,1,1,no,1,2,1,0,2,384,34500,25-34,Ulster,semi-detached,no
K-12770,Switcher,4,1,no,3,3,3,1,0,347,30500,35-44,Rest of Leinster,semi-detached,no
K-12771,Switcher,2,1,no,2,5,6,1,0,362,29500,25-34,Dublin,semi-detached,yes
K-12772,Payer,4,1,yes,0,0,21,1,0,502,37500,55-64,Munster,semi-detached,
K-12773,Switcher,2,1,no,2,4,4,0,0,511,41500,65+,Munster,detached,no
K-12774,Payer,4,1,yes,0,0,22,1,0,343,21500,45-54,Munster,apartment,
K-12775,Juggler,4,2,yes,1,1,2,1,0,880,45000,45-54,Dublin,detached,no
K-12776,Juggler,2,3,yes,2,0,8,1,0,1238,30500,35-44,Dublin,bungalow,no
K-12777,Payer,3,1,no,0,0,18,0,0,527,38000,45-54,Rest of Leinster,semi-detached,yes
K-12778,Payer,1,1,yes,0,0,22,1,0,405,36500,35-44,Connacht,semi-detached,
K-12779,Payer,2,1,yes,1,0,16,1,0,611,42000,65+,Dublin,detached,
K-12780,Payer,1,1,yes,0,0,19,2,0,394,33000,45-54,Connacht,terrace,no
K-12781,Payer,4,1,yes,0,0,18,1,0,464,41500,65+,Rest of Leinster,semi-detached,
K-12782,Switcher,1,1,yes,3,3,3,1,0,343,35000,25-34,Dublin,terrace,yes
K-12783,Payer,2,1,yes,0,0,20,0,0,358,23500,35-44,Dublin,apartment,
K-12784,Switcher,1,1,no,2,3,3,2,0,456,55500,45-54,Munster,detached,yes
K-12785,Payer,4,2,no,0,0,5,0,0,420,30000,25-34,Connacht,terrace,yes
K-12786,Payer,4,1,yes,0,0,12,0,0,472,28500,45-54,Munster,bungalow,no
K-12787,Switcher,1,1,no,2,4,3,0,0,346,35000,35-44,Munster,semi-detached,yes
K-12788,Juggler,1,2,yes,1,0,11,2,0,924,51000,35-44,Dublin,detached,yes
K-12789,Payer,4,1,yes,0,1,16,0,0,382,25500,35-44,Dublin,apartment,no
K-12790,Switcher,2,1,no,2,4,3,0,1,460,56500,45-54,Rest of Leinster,detached,yes
K-12791,Payer,1,1,yes,0,1,10,0,1,441,35500,35-44,Ulster,terrace,no
K-12792,Switcher,1,1,yes,2,4,2,0,0,386,27500,55-64,Munster,terrace,no
K-12793,Switcher,4,1,no,1,4,4,0,0,366,32000,45-54,Dublin,semi-detached,no
K-12794,Switcher,1,1,no,3,4,6,0,0,436,52500,45-54,Munster,detached,
K-12795,Switcher,1,1,no,1,5,1,0,0,346,36500,35-44,Rest of Leinster,semi-detached,no
K-12796,Switcher,2,1,no,2,5,4,0,0,480,45000,25-34,Dublin,detached,yes
K-12797,Juggler,4,2,no,1,1,4,0,0,826,43500,35-44,Dublin,semi-detached,yes
K-12798,Payer,4,1,yes,0,0,18,0,0,604,55500,35-44,Connacht,detached,
K-12799,Juggler,3,2,yes,0,3,11,2,0,959,53000,35-44,Dublin,detached,no
K-12800,Switcher,1,1,no,2,5,5,1,0,400,31000,45-54,Dublin,semi-detached,no
K-12801,Payer,2,2,no,0,0,21,0,0,424,37500,55-64,Rest of Leinster,semi-detached,yes
K-12802,Payer,3,1,yes,0,0,10,2,0,440,37500,35-44,Munster,terrace,
K-12803,Payer,4,1,yes,1,0,27,0,0,465,36000,25-34,Dublin,semi-detached,
K-12804,Payer,4,1,yes,0,1,18,0,0,698,51000,45-54,Rest of Leinster,detached,
K-12805,Payer,4,1,no,0,0,8,1,0,406,26500,25-34,Dublin,apartment,no
K-12806,Payer,3,2,yes,0,0,5,0,0,424,31500,45-54,Rest of Leinster,terrace,yes
K-12807,Juggler,3,2,no,0,3,10,0,0,649,31000,55-64,Rest of Leinster,terrace,no
K-12808,Payer,4,1,yes,0,0,17,0,0,517,38000,55-64,Connacht,bungalow,
K-12809,Payer,4,1,yes,0,0,13,0,0,544,42000,35-44,Munster,semi-detached,yes
K-12810,Payer,4,1,yes,0,0,26,0,1,519,38000,35-44,Rest of Leinster,semi-detached,
K-12811,Payer,1,1,yes,0,0,17,0,0,483,56000,35-44,Dublin,detached,yes
K-12812,Switcher,3,1,no,2,3,1,1,0,394,33500,45-54,Munster,semi-detached,yes
K-12813,Juggler,3,3,yes,2,0,7,2,0,793,23500,45-54,Munster,apartment,no
K-12814,Juggler,1,3,yes,2,2,6,2,0,1083,26000,35-44,Dublin,terrace,yes
K-12815,Switcher,1,1,no,1,4,3,1,0,270,29000,35-44,Munster,apartment,yes
K-12816,Juggler,4,3,yes,0,2,13,1,0,1260,32500,35-44,Rest of Leinster,semi-detached,yes
K-12817,Juggler,2,3,yes,2,1,6,3,0,1026,37000,55-64,Munster,semi-detached,no
K-12818,Switcher,2,1,no,1,4,2,0,0,376,39000,35-44,Dublin,semi-detached,yes
K-12819,Payer,3,1,yes,0,0,7,0,0,465,37500,45-54,Dublin,semi-detached,no
K-12820,Payer,4,1,yes,0,0,14,0,0,470,32500,35-44,Dublin,semi-detached,yes
K-12821,Payer,3,1,yes,0,0,16,1,0,513,29000,45-54,Munster,semi-detached,
K-12822,Switcher,3,1,no,3,2,4,0,0,323,32000,55-64,Munster,terrace,no
K-12823,Juggler,4,3,yes,2,3,4,4,0,1473,38500,25-34,Dublin,detached,yes
K-12824,Switcher,2,1,no,2,5,4,0,0,351,32500,45-54,Connacht,semi-detached,yes
K-12825,Payer,1,1,yes,0,0,22,0,0,425,30500,25-34,Dublin,terrace,no
K-12826,Juggler,2,2,yes,0,2,6,1,0,976,42500,45-54,Dublin,detached,no
K-12827,Payer,2,1,yes,0,0,9,1,1,457,33000,55-64,Dublin,semi-detached,no
K-12828,Payer,3,1,yes,0,0,21,0,0,428,34000,55-64,Rest of Leinster,semi-detached,no
K-12829,Switcher,1,1,no,2,3,6,0,0,322,31500,35-44,Munster,terrace,yes
K-12830,Juggler,2,4,no,0,1,8,2,0,1379,37500,45-54,Rest of Leinster,semi-detached,no
K-12831,Juggler,2,2,yes,2,2,5,3,0,853,37500,55-64,Dublin,detached,no
K-12832,Payer,3,1,yes,0,0,18,1,0,519,41500,45-54,Ulster,semi-detached,no
K-12833,Payer,1,1,yes,1,0,12,0,0,535,55500,25-34,Connacht,detached,yes
K-12834,Switcher,1,2,no,3,4,4,0,1,295,28000,35-44,Dublin,apartment,no
K-12835,Payer,4,1,yes,0,0,17,1,1,452,28500,45-54,Munster,terrace,
K-12836,Juggler,3,2,no,2,3,9,1,0,722,27000,25-34,Rest of Leinster,terrace,yes
K-12837,Payer,4,1,yes,0,0,29,1,0,654,51500,45-54,Dublin,detached,
K-12838,Payer,3,1,yes,0,0,10,1,0,507,36000,65+,Munster,semi-detached,no
K-12839,Payer,2,1,yes,0,1,11,1,0,456,41000,45-54,Rest of Leinster,semi-detached,yes
K-12840,Payer,4,1,yes,1,0,13,1,0,466,41500,25-34,Munster,bungalow,yes
K-12841,Switcher,1,1,no,2,4,4,0,1,416,37500,65+,Connacht,semi-detached,no
K-12842,Payer,3,2,yes,0,0,17,2,2,470,31500,35-44,Ulster,terrace,no
K-12843,Juggler,1,2,no,2,1,17,0,0,893,38000,45-54,Munster,detached,yes
K-12844,Switcher,3,1,no,3,4,3,0,1,373,29500,65+,Dublin,semi-detached,no
K-12845,Payer,3,1,no,0,0,14,2,0,411,31500,45-54,Munster,terrace,
K-12846,Juggler,2,3,yes,1,2,12,0,0,1260,47500,35-44,Dublin,detached,yes
K-12847,Juggler,2,3,yes,0,0,13,1,0,919,25500,35-44,Munster,apartment,no
K-12848,Juggler,4,3,yes,0,1,11,4,0,1385,43500,45-54,Rest of Leinster,detached,yes
K-12849,Juggler,2,2,yes,1,3,7,2,1,701,25500,55-64,Dublin,terrace,no
K-12850,Switcher,1,1,no,1,5,4,1,0,411,42500,35-44,Munster,bungalow,yes
K-12851,Payer,4,1,no,0,0,18,0,2,455,33000,55-64,Rest of Leinster,terrace,no
K-12852,Payer,2,1,yes,0,0,18,0,0,465,24000,25-34,Munster,terrace,no
K-12853,Payer,3,1,yes,0,0,13,0,0,363,20000,65+,Connacht,apartment,
K-12854,Payer,3,1,yes,0,0,23,0,0,481,29500,55-64,Rest of Leinster,terrace,no
K-12855,Switcher,1,1,no,2,4,4,1,1,516,53000,55-64,Rest of Leinster,detached,no
K-12856,Juggler,2,2,yes,0,0,7,0,0,752,33000,35-44,Dublin,terrace,no
K-12857,Switcher,3,1,no,3,5,5,0,2,375,34500,45-54,Munster,semi-detached,yes
K-12858,Juggler,3,4,yes,2,0,7,3,0,1336,34000,55-64,Rest of Leinster,terrace,no
K-12859,Switcher,1,1,no,2,2,1,0,0,492,49000,55-64,Dublin,detached,no
K-12860,Payer,3,1,yes,0,0,20,1,0,518,35500,55-64,Rest of Leinster,semi-detached,yes
K-12861,Payer,2,1,yes,0,0,22,2,0,446,26000,45-54,Rest of Leinster,terrace,
K-12862,Payer,3,1,yes,0,0,15,1,0,466,41000,35-44,Dublin,semi-detached,yes
K-12863,Switcher,3,1,no,2,5,2,0,0,367,27500,45-54,Munster,terrace,no
K-12864,Juggler,1,3,yes,2,0,4,2,0,1228,37500,25-34,Rest of Leinster,bungalow,yes
K-12865,Payer,4,1,yes,0,0,17,1,0,676,42500,55-64,Dublin,detached,no
K-12866,Juggler,1,3,yes,2,1,12,1,1,1162,35500,25-34,Dublin,bungalow,no
K-12867,Payer,4,2,yes,0,0,7,0,0,390,23500,25-34,Connacht,apartment,
K-12868,Juggler,4,3,no,1,1,14,0,1,971,33000,35-44,Munster,terrace,yes
K-12869,Juggler,2,3,no,2,2,9,1,0,1059,40000,35-44,Dublin,semi-detached,no
K-12870,Juggler,1,2,yes,0,2,17,1,0,683,31000,35-44,Rest of Leinster,terrace,yes
K-12871,Switcher,1,1,yes,2,3,3,0,0,540,43500,25-34,Connacht,detached,yes
K-12872,Juggler,3,3,no,0,3,8,2,0,1027,32500,25-34,Dublin,semi-detached,yes
K-12873,Juggler,4,2,yes,0,1,9,1,0,747,37000,35-44,Connacht,semi-detached,yes
K-12874,Switcher,1,1,no,2,3,5,1,0,486,50000,35-44,Munster,detached,yes
K-12875,Payer,3,1,yes,0,0,13,0,0,508,30500,35-44,Ulster,semi-detached,no
K-12876,Switcher,4,1,no,2,5,7,0,0,457,42000,35-44,Munster,detached,no
K-12877,Payer,1,1,yes,0,0,16,1,1,489,43500,35-44,Munster,semi-detached,yes
K-12878,Juggler,3,3,no,1,1,13,1,0,1200,42500,35-44,Dublin,semi-detached,yes
K-12879,Payer,4,1,yes,0,1,18,0,0,478,34500,45-54,Dublin,semi-detached,
K-12880,Switcher,2,1,no,2,3,4,0,0,357,42500,35-44,Rest of Leinster,bungalow,yes
K-12881,Payer,2,1,yes,0,0,14,0,0,463,36000,25-34,Ulster,bungalow,no
K-12882,Juggler,1,2,yes,2,1,12,0,0,796,39500,35-44,Rest of Leinster,semi-detached,yes
K-12883,Switcher,2,1,no,2,5,2,0,0,430,39000,25-34,Munster,semi-detached,no
K-12884,Payer,4,2,yes,0,1,18,2,0,645,52000,35-44,Dublin,detached,yes
K-12885,Juggler,3,3,yes,0,2,5,1,0,1225,30000,35-44,Dublin,semi-detached,yes
K-12886,Payer,3,1,yes,0,0,30,1,0,530,29500,35-44,Munster,semi-detached,yes
K-12887,Switcher,1,2,no,3,5,5,2,0,304,22000,45-54,Rest of Leinster,apartment,no
K-12888,Switcher,3,1,yes,2,3,5,1,0,301,27500,25-34,Dublin,apartment,no
K-12889,Payer,1,1,yes,0,0,27,1,0,409,32500,25-34,Munster,terrace,no
K-12890,Juggler,2,4,yes,1,2,12,1,2,1743,38500,35-44,Munster,detached,yes
K-12891,Juggler,3,2,no,0,1,15,3,0,798,41500,35-44,Ulster,bungalow,yes
K-12892,Payer,4,1,yes,0,1,8,1,0,452,38000,45-54,Ulster,semi-detached,yes
K-12893,Payer,3,1,yes,0,1,12,0,0,571,50000,65+,Munster,detached,
K-12894,Juggler,1,2,yes,0,2,9,0,0,643,26500,45-54,Dublin,apartment,no
K-12895,Juggler,1,4,no,0,1,11,1,1,1167,25000,25-34,Munster,apartment,yes
K-12896,Payer,4,2,yes,0,0,21,0,1,549,37500,55-64,Connacht,semi-detached,
K-12897,Payer,4,1,no,0,1,15,0,0,520,33500,25-34,Rest of Leinster,semi-detached,no
K-12898,Payer,3,1,yes,0,0,17,0,0,651,56500,35-44,Connacht,detached,
K-12899,Juggler,3,3,yes,1,0,9,2,0,1222,40000,55-64,Dublin,semi-detached,no
K-12900,Payer,3,1,yes,0,0,18,1,0,468,41000,45-54,Rest of Leinster,semi-detached,
K-12901,Juggler,3,3,no,1,1,7,2,0,1116,37500,45-54,Ulster,semi-detached,no
K-12902,Juggler,1,3,yes,1,1,4,2,0,1127,32000,45-54,Rest of Leinster,semi-detached,no
K-12903,Switcher,3,1,no,2,5,8,0,0,536,38000,35-44,Munster,detached,yes
K-12904,Payer,2,1,yes,0,0,15,0,0,474,37000,45-54,Rest of Leinster,semi-detached,yes
K-12905,Switcher,4,1,no,2,2,3,0,0,399,36000,55-64,Dublin,semi-detached,no
K-12906,Juggler,2,2,no,2,1,13,1,0,695,42500,55-64,Connacht,semi-detached,yes
K-12907,Payer,2,1,no,0,0,15,0,0,636,38000,45-54,Rest of Leinster,detached,yes
K-12908,Payer,4,1,yes,0,0,6,1,0,540,38500,55-64,Connacht,semi-detached,
K-12909,Payer,1,1,yes,1,0,9,0,0,425,30500,45-54,Munster,semi-detached,no
K-12910,Juggler,3,4,yes,0,2,12,2,0,1308,28000,35-44,Connacht,terrace,yes
K-12911,Switcher,2,2,no,3,4,1,0,1,424,37000,35-44,Connacht,bungalow,yes
K-12912,Juggler,3,2,no,2,1,15,2,0,697,34500,25-34,Munster,semi-detached,yes
K-12913,Payer,3,1,yes,0,0,13,0,0,593,39000,35-44,Munster,detached,yes
K-12914,Switcher,1,1,no,2,5,2,1,2,446,50000,55-64,Connacht,detached,no
K-12915,Juggler,3,3,no,0,2,12,1,0,1061,40500,35-44,Ulster,semi-detached,yes
K-12916,Juggler,4,4,no,2,0,7,1,1,1633,29000,45-54,Munster,semi-detached,no
K-12917,Payer,3,2,yes,0,0,20,0,2,431,34000,35-44,Munster,semi-detached,
K-12918,Switcher,1,2,no,1,2,9,1,0,362,40500,35-44,Munster,semi-detached,no
K-12919,Switcher,2,1,no,3,3,7,0,0,384,24500,55-64,Connacht,terrace,no
K-12920,Juggler,3,2,no,1,1,7,3,0,908,53000,35-44,Rest of Leinster,detached,yes
K-12921,Switcher,2,1,yes,2,4,8,2,0,359,28500,45-54,Munster,semi-detached,no
K-12922,Juggler,4,3,no,2,3,8,2,0,1040,33500,35-44,Dublin,semi-detached,no
K-12923,Payer,2,2,yes,0,0,18,0,0,571,39500,35-44,Munster,detached,yes
K-12924,Switcher,1,1,no,2,2,5,0,0,424,43000,35-44,Munster,semi-detached,yes
K-12925,Payer,3,1,yes,0,0,14,2,1,390,22500,45-54,Dublin,apartment,no
K-12926,Juggler,2,2,yes,0,2,3,3,0,690,31500,25-34,Ulster,semi-detached,yes
K-12927,Juggler,1,4,no,1,0,14,3,0,1067,23000,35-44,Rest of Leinster,apartment,no
K-12928,Switcher,1,1,no,2,3,4,1,0,319,27000,35-44,Dublin,apartment,no
K-12929,Switcher,1,1,no,2,4,6,0,0,310,25500,35-44,Ulster,apartment,no
K-12930,Payer,2,1,yes,0,0,16,0,0,467,33500,45-54,Munster,semi-detached,yes
K-12931,Juggler,2,4,no,1,1,16,2,2,1402,30000,45-54,Rest of Leinster,terrace,no
K-12932,Switcher,1,1,no,1,4,1,0,0,394,31000,35-44,Munster,terrace,
K-12933,Switcher,2,2,no,3,3,6,0,1,304,29000,35-44,Munster,apartment,no
K-12934,Juggler,2,2,yes,2,1,11,1,0,566,24000,35-44,Dublin,apartment,no
K-12935,Payer,4,1,yes,0,0,16,1,2,489,38500,35-44,Rest of Leinster,semi-detached,
K-12936,Switcher,4,1,no,2,5,5,0,0,353,39500,35-44,Dublin,semi-detached,no
K-12937,Switcher,1,1,no,1,4,4,1,0,355,41000,65+,Dublin,semi-detached,no
K-12938,Payer,3,1,yes,0,1,25,1,1,341,20500,45-54,Dublin,apartment,no
K-12939,Juggler,3,2,yes,1,0,12,2,0,740,31500,35-44,Munster,semi-detached,no
K-12940,Switcher,3,1,no,3,4,2,0,0,358,40500,35-44,Rest of Leinster,bungalow,yes
K-12941,Payer,3,1,no,1,0,13,2,0,442,39500,45-54,Dublin,semi-detached,no
K-12942,Payer,2,2,yes,0,0,20,0,0,368,25500,55-64,Munster,apartment,no
K-12943,Switcher,1,1,no,3,3,4,0,0,414,38000,65+,Munster,semi-detached,no
K-12944,Juggler,4,2,yes,2,1,2,3,0,680,31500,45-54,Connacht,semi-detached,yes
K-12945,Switcher,2,1,no,3,3,6,0,0,391,32500,25-34,Munster,terrace,yes
K-12946,Switcher,1,1,no,1,5,3,0,0,326,28000,35-44,Munster,apartment,no
K-12947,Payer,1,1,yes,0,0,24,1,0,318,27000,45-54,Dublin,apartment,yes
K-12948,Payer,4,1,yes,0,0,5,1,0,529,29500,55-64,Munster,semi-detached,
K-12949,Switcher,1,1,no,3,3,4,0,0,347,30500,45-54,Dublin,semi-detached,no
K-12950,Switcher,2,1,no,2,3,5,0,1,538,41500,55-64,Rest of Leinster,detached,
K-12951,Switcher,1,1,no,1,3,4,0,0,426,32500,45-54,Munster,semi-detached,no
K-12952,Switcher,4,2,no,3,2,6,0,1,318,27500,45-54,Connacht,terrace,no
K-12953,Payer,3,1,yes,0,0,16,0,0,529,34000,65+,Dublin,semi-detached,
K-12954,Switcher,2,1,no,1,5,5,2,0,540,50500,35-44,Munster,detached,yes
K-12955,Payer,1,1,yes,0,1,15,2,0,389,39000,35-44,Connacht,semi-detached,no
K-12956,Switcher,2,1,no,2,3,5,1,0,296,24000,45-54,Dublin,apartment,no
K-12957,Switcher,3,1,no,3,4,5,0,1,527,39500,25-34,Munster,detached,no
K-12958,Juggler,3,2,yes,0,0,11,2,1,964,36500,65+,Dublin,detached,no
K-12959,Payer,2,1,yes,0,1,20,0,0,353,28000,35-44,Dublin,apartment,no
K-12960,Payer,4,2,no,1,0,15,0,0,518,40000,35-44,Connacht,semi-detached,no
K-12961,Juggler,2,2,yes,0,1,7,2,0,736,41000,65+,Ulster,semi-detached,no
K-12962,Switcher,4,1,no,2,3,5,0,0,352,35500,65+,Ulster,semi-detached,no
K-12963,Switcher,3,1,no,3,4,9,0,1,284,24500,25-34,Rest of Leinster,apartment,yes
K-12964,Payer,3,2,yes,0,0,16,0,0,652,56500,25-34,Dublin,detached,yes
K-12965,Switcher,4,1,yes,3,4,4,0,0,435,42500,35-44,Ulster,detached,yes
K-12966,Payer,2,1,yes,1,0,9,2,0,417,43500,35-44,Dublin,semi-detached,yes
K-12967,Juggler,2,3,yes,2,2,2,1,0,1327,45500,35-44,Munster,detached,no
K-12968,Payer,1,1,yes,0,1,20,0,0,322,22000,35-44,Connacht,apartment,no
K-12969,Payer,4,1,yes,0,0,6,1,0,426,33000,35-44,Rest of Leinster,terrace,
K-12970,Payer,2,1,yes,0,0,9,0,1,558,41000,55-64,Rest of Leinster,detached,no
K-12971,Switcher,2,1,no,1,4,5,0,0,357,34500,25-34,Ulster,semi-detached,no
K-12972,Payer,1,1,yes,0,1,22,1,0,370,30000,45-54,Rest of Leinster,terrace,
K-12973,Switcher,2,1,no,2,3,2,1,0,385,42000,25-34,Dublin,semi-detached,no
K-12974,Payer,3,1,yes,0,1,17,1,0,380,21000,35-44,Dublin,apartment,
K-12975,Juggler,3,4,yes,1,1,8,2,0,2022,52000,35-44,Dublin,detached,no
K-12976,Payer,3,1,yes,0,0,12,1,0,450,31000,65+,Dublin,semi-detached,no
K-12977,Juggler,4,2,yes,2,0,5,2,0,737,35000,25-34,Rest of Leinster,terrace,yes
K-12978,Juggler,3,3,no,1,3,9,0,1,1234,40500,45-54,Connacht,semi-detached,yes
K-12979,Juggler,3,2,no,1,1,10,1,0,978,53500,65+,Dublin,detached,
K-12980,Switcher,1,1,no,3,3,7,0,0,358,42500,45-54,Rest of Leinster,semi-detached,
K-12981,Payer,2,2,yes,0,1,11,1,0,356,29000,35-44,Connacht,apartment,no
K-12982,Juggler,3,3,no,1,2,16,1,1,1118,31000,35-44,Dublin,semi-detached,yes
K-12983,Payer,4,1,yes,0,0,22,1,0,451,34500,35-44,Rest of Leinster,semi-detached,yes
K-12984,Payer,4,1,yes,0,0,8,0,0,503,40000,35-44,Connacht,bungalow,no
K-12985,Switcher,1,1,no,1,2,6,1,0,415,33000,55-64,Dublin,semi-detached,no
K-12986,Payer,3,1,yes,0,0,20,0,0,435,31500,25-34,Connacht,terrace,no
K-12987,Juggler,3,3,yes,2,2,8,1,0,1079,36500,35-44,Munster,terrace,yes
K-12988,Payer,4,1,yes,0,0,21,1,0,379,28000,35-44,Rest of Leinster,apartment,yes
K-12989,Switcher,4,1,no,3,4,1,0,0,421,33000,55-64,Dublin,semi-detached,no
K-12990,Juggler,1,3,no,1,1,2,1,0,1302,52000,25-34,Dublin,detached,yes
K-12991,Switcher,3,1,no,1,4,7,0,0,399,28000,45-54,Connacht,semi-detached,no
K-12992,Switcher,1,1,no,3,4,2,1,1,430,51000,35-44,Munster,detached,yes
K-12993,Switcher,4,1,no,1,5,5,0,0,347,40000,55-64,Munster,semi-detached,no
K-12994,Juggler,4,4,no,1,1,12,1,0,1418,38500,35-44,Ulster,bungalow,no
K-12995,Switcher,2,1,no,1,4,4,1,0,388,34000,35-44,Dublin,semi-detached,yes
K-12996,Juggler,3,3,no,2,1,7,2,0,1018,34000,35-44,Connacht,terrace,yes
K-12997,Juggler,3,2,yes,2,0,6,4,0,1029,42000,35-44,Munster,detached,no
K-12998,Payer,4,1,yes,0,0,16,1,0,476,38500,25-34,Connacht,semi-detached,yes
K-12999,Juggler,3,2,no,0,1,12,4,0,685,29500,55-64,Rest of Leinster,terrace,no
K-13000,Juggler,2,3,yes,0,2,6,2,1,1259,40000,45-54,Dublin,detached,no
K-13001,Juggler,4,3,yes,1,1,6,0,0,1049,26000,45-54,Dublin,terrace,yes
K-13002,Payer,4,1,yes,0,0,9,1,0,662,51500,35-44,Rest of Leinster,detached,yes
K-13003,Switcher,2,1,no,1,5,5,0,0,404,38500,65+,Dublin,semi-detached,no
K-13004,Payer,3,1,no,0,0,15,0,0,495,34500,25-34,Rest of Leinster,semi-detached,
K-13005,Juggler,4,4,yes,0,1,9,4,0,1876,56500,45-54,Munster,detached,yes
K-13006,Switcher,3,1,no,3,3,7,1,0,481,50000,55-64,Rest of Leinster,detached,no
K-13007,Juggler,2,3,no,1,1,8,2,0,1069,35500,55-64,Munster,semi-detached,no
K-13008,Switcher,4,1,no,2,4,5,2,0,527,45000,25-34,Ulster,detached,no
K-13009,Switcher,1,1,no,2,5,6,2,0,361,32500,45-54,Rest of Leinster,terrace,
K-13010,Juggler,1,3,no,1,3,11,2,0,1129,39500,25-34,Rest of Leinster,semi-detached,yes
K-13011,Switcher,2,1,no,3,3,5,0,0,395,31000,55-64,Rest of Leinster,semi-detached,no
K-13012,Payer,2,1,yes,0,0,5,2,0,421,44000,45-54,Dublin,semi-detached,yes
K-13013,Juggler,2,4,no,1,3,10,2,1,1384,41500,45-54,Dublin,bungalow,
K-13014,Switcher,1,1,no,1,5,5,1,0,431,44500,45-54,Munster,detached,yes
K-13015,Juggler,1,4,no,0,0,11,3,0,1678,29000,35-44,Munster,semi-detached,no
K-13016,Juggler,4,2,no,0,1,5,2,0,687,42000,35-44,Munster,semi-detached,no
K-13017,Switcher,1,1,no,3,5,1,0,0,296,23500,45-54,Dublin,apartment,no
K-13018,Payer,2,1,yes,0,0,14,1,0,434,31500,35-44,Rest of Leinster,semi-detached,yes
K-13019,Payer,3,1,yes,0,0,11,1,0,556,50000,45-54,Munster,detached,
K-13020,Switcher,2,1,yes,3,4,4,1,0,440,48000,45-54,Munster,detached,no
K-13021,Switcher,2,2,no,3,4,7,0,0,400,39500,35-44,Connacht,semi-detached,yes
K-13022,Juggler,4,4,no,0,2,2,2,0,2013,41500,35-44,Connacht,detached,yes
K-13023,Payer,4,1,yes,0,1,19,2,0,379,26000,35-44,Dublin,apartment,
K-13024,Juggler,3,4,yes,2,2,14,1,1,1959,48000,55-64,Munster,detached,no
K-13025,Payer,2,1,yes,0,0,15,1,0,312,25000,35-44,Dublin,apartment,no
K-13026,Payer,4,1,no,0,0,7,1,0,674,53000,65+,Dublin,detached,no
K-13027,Switcher,3,1,no,3,2,4,1,0,392,30000,65+,Dublin,semi-detached,no
K-13028,Switcher,1,1,no,2,2,5,1,1,315,20000,35-44,Dublin,apartment,no
K-13029,Payer,4,1,yes,0,0,13,0,0,398,22000,55-64,Munster,apartment,no
K-13030,Juggler,1,3,no,1,3,12,1,0,963,28500,25-34,Rest of Leinster,apartment,no
K-13031,Juggler,4,3,no,2,1,10,0,0,1190,28000,35-44,Munster,semi-detached,
K-13032,Payer,3,1,yes,0,0,17,1,0,533,28500,55-64,Dublin,bungalow,
K-13033,Payer,4,2,yes,0,1,5,1,0,497,33500,55-64,Connacht,semi-detached,no
K-13034,Payer,3,1,yes,0,1,20,0,1,422,26000,65+,Ulster,terrace,no
K-13035,Payer,4,1,yes,0,0,21,1,0,524,28000,55-64,Ulster,semi-detached,no
K-13036,Juggler,3,2,no,1,1,15,2,0,565,29000,35-44,Connacht,apartment,no
K-13037,Juggler,2,3,yes,1,1,6,3,1,1535,43500,45-54,Dublin,detached,no
K-13038,Juggler,4,3,yes,0,1,12,1,0,1078,29500,25-34,Munster,bungalow,no
K-13039,Switcher,2,1,no,2,5,4,0,0,421,37500,55-64,Connacht,semi-detached,no
K-13040,Payer,4,1,yes,0,0,18,0,0,523,33000,45-54,Dublin,semi-detached,
K-13041,Payer,4,1,yes,0,0,26,2,0,473,34500,35-44,Rest of Leinster,semi-detached,no
K-13042,Switcher,2,1,no,3,3,4,0,1,333,25000,55-64,Dublin,terrace,no
K-13043,Payer,3,1,yes,0,1,8,1,0,468,25500,45-54,Dublin,terrace,
K-13044,Juggler,2,2,yes,1,1,13,1,0,540,28500,65+,Rest of Leinster,apartment,no
K-13045,Payer,4,1,yes,0,0,12,0,0,690,52000,55-64,Rest of Leinster,detached,no
K-13046,Payer,4,1,yes,0,0,5,0,0,611,38000,45-54,Dublin,detached,
K-13047,Payer,3,1,yes,0,0,21,0,0,361,21500,35-44,Ulster,apartment,
K-13048,Switcher,2,1,no,3,3,4,0,1,342,27000,35-44,Connacht,terrace,no
K-13049,Payer,3,1,yes,0,0,9,0,2,517,40500,55-64,Rest of Leinster,semi-detached,
K-13050,Payer,4,1,yes,0,1,17,0,0,445,37000,35-44,Connacht,semi-detached,yes
K-13051,Juggler,2,2,no,1,0,9,3,0,954,38500,55-64,Munster,detached,no
K-13052,Switcher,1,1,no,2,5,3,2,0,379,42000,25-34,Munster,semi-detached,yes
K-13053,Payer,4,1,yes,0,0,30,0,0,458,31000,65+,Munster,semi-detached,no
K-13054,Switcher,3,1,no,1,5,1,1,0,328,21500,55-64,Dublin,apartment,no
K-13055,Payer,3,1,yes,0,0,20,0,0,509,31000,45-54,Munster,semi-detached,no
K-13056,Juggler,3,3,no,0,0,13,1,1,1219,31000,35-44,Rest of Leinster,semi-detached,yes
K-13057,Switcher,4,2,no,2,4,5,1,0,273,27000,45-54,Munster,apartment,yes
K-13058,Juggler,4,3,no,0,2,5,2,0,1098,38500,45-54,Rest of Leinster,semi-detached,no
K-13059,Payer,2,1,yes,0,0,8,0,0,582,54000,65+,Munster,detached,no
K-13060,Payer,4,1,no,0,0,16,0,1,568,42500,55-64,Dublin,detached,no
K-13061,Switcher,1,1,no,2,3,2,0,0,462,54500,45-54,Ulster,detached,yes
K-13062,Payer,4,1,yes,0,0,21,2,0,526,31500,45-54,Ulster,semi-detached,yes
K-13063,Switcher,1,1,no,3,4,6,0,1,375,31000,35-44,Munster,semi-detached,no
K-13064,Payer,4,2,yes,0,1,15,0,0,601,51000,35-44,Rest of Leinster,detached,no
K-13065,Payer,2,2,yes,0,0,13,0,0,626,51500,65+,Dublin,detached,no
K-13066,Payer,3,1,yes,0,1,16,1,0,481,32000,55-64,Munster,terrace,
K-13067,Juggler,2,3,no,0,2,6,2,1,1060,42000,25-34,Rest of Leinster,semi-detached,
K-13068,Juggler,1,4,no,1,1,13,2,1,1580,38000,35-44,Connacht,semi-detached,yes
K-13069,Juggler,1,3,yes,1,1,11,0,0,1066,43500,45-54,Dublin,semi-detached,yes
K-13070,Juggler,4,4,no,2,2,7,2,1,1498,42500,55-64,Rest of Leinster,semi-detached,yes
K-13071,Payer,4,1,yes,0,0,29,0,0,575,31000,45-54,Munster,bungalow,
K-13072,Switcher,1,1,no,3,3,4,0,0,438,38000,25-34,Dublin,bungalow,no
K-13073,Juggler,3,3,no,2,1,13,2,0,1397,52500,45-54,Ulster,detached,yes
K-13074,Payer,2,1,yes,0,0,12,1,0,423,37000,25-34,Dublin,semi-detached,yes
K-13075,Switcher,1,1,no,3,3,1,1,0,303,20500,55-64,Rest of Leinster,apartment,no
K-13076,Switcher,1,1,no,3,4,3,1,1,537,53500,35-44,Rest of Leinster,detached,yes
K-13077,Payer,3,1,yes,0,0,22,1,0,642,51500,65+,Dublin,detached,
K-13078,Switcher,2,2,no,1,3,5,2,0,315,34500,25-34,Munster,terrace,no
K-13079,Payer,2,1,yes,0,0,5,0,0,452,37500,45-54,Dublin,bungalow,no
K-13080,Payer,3,1,yes,0,0,15,0,0,641,45000,35-44,Dublin,detached,
K-13081,Payer,4,1,yes,0,0,20,0,0,446,29500,25-34,Dublin,terrace,
K-13082,Juggler,2,4,no,1,0,14,1,0,1332,43000,35-44,Munster,semi-detached,yes
K-13083,Switcher,4,1,no,2,3,2,1,0,371,25000,35-44,Dublin,terrace,no
K-13084,Switcher,1,1,no,1,5,5,0,1,432,34500,35-44,Dublin,semi-detached,no
K-13085,Payer,4,1,yes,0,0,25,0,1,420,28500,55-64,Dublin,terrace,no
K-13086,Switcher,1,2,no,3,3,3,1,0,438,42000,45-54,Munster,detached,yes
K-13087,Switcher,2,1,no,2,4,7,0,0,369,35000,35-44,Ulster,semi-detached,no
K-13088,Switcher,1,1,no,3,3,1,0,0,304,25500,25-34,Munster,apartment,no
K-13089,Juggler,3,3,no,1,0,4,3,1,1394,42500,35-44,Dublin,detached,
K-13090,Switcher,2,1,no,2,4,6,0,0,316,30000,35-44,Munster,terrace,no
K-13091,Juggler,2,3,no,2,2,5,2,0,1461,37000,35-44,Ulster,detached,no
K-13092,Juggler,3,4,yes,2,2,14,1,0,1038,26500,65+,Rest of Leinster,apartment,no
K-13093,Switcher,1,1,no,2,3,5,0,0,385,25500,55-64,Rest of Leinster,terrace,no
K-13094,Juggler,1,3,no,2,3,7,2,0,1100,27500,25-34,Munster,terrace,yes
K-13095,Juggler,2,3,yes,0,2,2,2,0,1287,45000,55-64,Connacht,detached,no
K-13096,Switcher,1,1,yes,3,3,6,0,0,483,39500,65+,Ulster,detached,no
K-13097,Switcher,1,1,no,2,3,6,0,0,359,37500,45-54,Dublin,terrace,yes
K-13098,Payer,3,1,yes,0,1,21,1,0,478,39500,45-54,Rest of Leinster,semi-detached,
K-13099,Payer,1,1,yes,0,0,20,0,1,370,32000,35-44,Connacht,terrace,yes
K-13100,Payer,3,1,yes,1,0,27,1,0,645,49000,45-54,Munster,detached,
K-13101,Payer,1,1,yes,0,0,27,0,0,405,35000,55-64,Munster,semi-detached,no
K-13102,Payer,4,1,yes,0,0,17,1,0,447,32500,55-64,Munster,semi-detached,no
K-13103,Payer,3,1,yes,0,0,24,0,0,398,27000,45-54,Rest of Leinster,terrace,
K-13104,Switcher,1,1,no,2,3,3,0,0,359,36000,35-44,Dublin,semi-detached,yes
K-13105,Switcher,2,1,no,2,4,3,0,0,442,46000,35-44,Connacht,detached,yes
K-13106,Switcher,2,1,no,2,3,9,0,0,392,30500,25-34,Dublin,terrace,no
K-13107,Payer,1,2,yes,0,0,25,2,0,367,35000,45-54,Dublin,terrace,no
K-13108,Payer,3,1,yes,0,0,14,0,0,341,23000,55-64,Connacht,apartment,
K-13109,Switcher,2,2,yes,2,4,5,0,0,374,34000,35-44,Connacht,semi-detached,no
K-13110,Switcher,1,1,no,3,3,3,0,0,539,49500,25-34,Ulster,detached,no
K-13111,Juggler,1,3,no,2,2,9,0,0,1174,29500,35-44,Connacht,semi-detached,no
K-13112,Juggler,1,2,yes,0,1,2,2,0,613,35500,65+,Connacht,terrace,no
K-13113,Switcher,2,1,no,3,4,1,1,0,325,27500,55-64,Rest of Leinster,terrace,no
K-13114,Juggler,3,2,no,0,2,7,2,0,637,28000,35-44,Dublin,apartment,no
K-13115,Juggler,1,3,yes,0,3,11,0,1,1027,31500,65+,Munster,semi-detached,no
K-13116,Payer,4,1,yes,0,0,11,1,1,683,43500,45-54,Dublin,detached,
K-13117,Switcher,1,1,no,3,3,7,0,1,525,48500,35-44,Dublin,detached,no
K-13118,Juggler,3,3,no,2,2,4,1,0,1107,32000,25-34,Munster,terrace,yes
K-13119,Switcher,2,1,no,2,2,1,1,0,389,32500,35-44,Munster,semi-detached,no
K-13120,Payer,4,1,yes,0,0,15,0,0,575,55500,45-54,Munster,detached,yes
K-13121,Payer,4,1,yes,0,0,8,0,1,470,30000,45-54,Ulster,semi-detached,
K-13122,Switcher,4,1,no,2,4,5,0,0,537,52000,25-34,Dublin,detached,no
K-13123,Payer,4,1,yes,0,1,6,2,0,458,42500,25-34,Rest of Leinster,semi-detached,
K-13124,Switcher,1,1,no,3,2,2,1,0,323,29500,55-64,Rest of Leinster,terrace,yes
K-13125,Payer,4,1,no,0,0,21,0,0,405,30500,25-34,Rest of Leinster,terrace,yes
K-13126,Switcher,2,1,no,3,4,4,0,0,322,25500,25-34,Ulster,apartment,no
K-13127,Switcher,1,1,no,1,4,5,0,0,335,32000,65+,Dublin,terrace,no
K-13128,Switcher,2,1,no,3,3,1,1,0,311,35000,55-64,Rest of Leinster,terrace,yes
K-13129,Juggler,2,3,yes,0,1,12,0,0,1121,31500,65+,Dublin,bungalow,no
K-13130,Switcher,1,1,no,3,3,7,0,0,340,36000,25-34,Connacht,terrace,yes
K-13131,Juggler,1,3,no,1,0,2,1,0,826,29000,35-44,Munster,apartment,no
K-13132,Juggler,1,3,no,1,2,3,3,1,1568,40000,55-64,Munster,detached,no
K-13133,Payer,3,1,yes,0,0,5,0,0,379,26000,65+,Ulster,apartment,no
K-13134,Switcher,4,1,no,2,2,4,1,0,343,31000,45-54,Rest of Leinster,terrace,no
K-13135,Juggler,1,3,no,1,2,17,4,1,1361,54000,25-34,Dublin,detached,yes
K-13136,Switcher,2,1,no,1,5,4,1,0,345,35500,55-64,Rest of Leinster,terrace,no
K-13137,Juggler,4,4,no,1,1,11,1,0,1052,29500,35-44,Munster,apartment,no
K-13138,Payer,1,1,yes,0,0,14,0,0,430,28000,65+,Dublin,semi-detached,
K-13139,Switcher,1,1,no,2,5,3,0,0,351,26500,35-44,Rest of Leinster,terrace,yes
K-13140,Switcher,4,1,yes,3,4,1,0,0,353,39500,35-44,Munster,semi-detached,no
K-13141,Payer,4,1,yes,0,0,15,1,0,476,36000,55-64,Dublin,semi-detached,
K-13142,Switcher,1,1,no,1,4,5,1,0,345,34500,35-44,Munster,semi-detached,yes
K-13143,Juggler,3,4,no,1,1,8,4,0,1435,32500,55-64,Dublin,terrace,no
K-13144,Payer,3,1,yes,0,0,12,2,0,552,38000,55-64,Munster,detached,no
K-13145,Payer,4,1,yes,0,1,13,1,0,492,29500,25-34,Rest of Leinster,bungalow,
K-13146,Juggler,3,3,yes,1,2,14,3,0,1207,42000,35-44,Munster,bungalow,no
K-13147,Switcher,3,1,no,3,2,7,0,0,367,34000,35-44,Rest of Leinster,bungalow,yes
K-13148,Payer,2,2,yes,0,0,16,2,1,473,33500,45-54,Munster,semi-detached,
K-13149,Switcher,4,1,no,3,4,4,0,0,332,27000,35-44,Dublin,terrace,no
K-13150,Switcher,1,1,no,2,4,4,0,1,437,40000,45-54,Connacht,semi-detached,no
K-13151,Payer,4,1,yes,0,1,10,0,0,454,35500,35-44,Connacht,terrace,yes
K-13152,Payer,4,2,yes,0,1,10,2,0,453,32500,35-44,Munster,semi-detached,yes
K-13153,Juggler,2,4,no,1,1,9,1,0,1928,46500,65+,Munster,detached,
K-13154,Payer,3,1,yes,0,0,12,1,0,392,27500,45-54,Rest of Leinster,apartment,yes
K-13155,Switcher,3,1,no,3,5,4,1,1,394,31000,35-44,Rest of Leinster,semi-detached,yes
K-13156,Switcher,2,1,no,3,5,1,0,1,377,38000,25-34,Dublin,semi-detached,yes
K-13157,Juggler,3,4,no,2,2,6,4,1,1511,29500,35-44,Rest of Leinster,bungalow,
K-13158,Switcher,1,2,no,1,5,2,0,0,361,34500,55-64,Munster,semi-detached,no
K-13159,Payer,4,1,no,0,0,12,2,0,536,31500,45-54,Ulster,semi-detached,yes
K-13160,Switcher,1,2,no,3,4,6,0,0,399,38500,55-64,Dublin,semi-detached,no
K-13161,Juggler,1,2,yes,0,0,8,3,0,838,42500,35-44,Munster,detached,
K-13162,Payer,3,1,yes,0,1,16,1,0,388,26500,55-64,Rest of Leinster,terrace,
K-13163,Switcher,1,1,no,1,5,6,0,0,318,32000,35-44,Dublin,terrace,no
K-13164,Payer,4,1,yes,0,1,20,0,0,494,29500,35-44,Dublin,terrace,no
K-13165,Juggler,2,3,no,1,1,5,0,0,1104,33500,25-34,Rest of Leinster,terrace,no
K-13166,Juggler,2,4,no,2,1,7,2,0,1683,41500,45-54,Dublin,bungalow,
K-13167,Payer,3,1,yes,0,0,15,1,2,634,55000,45-54,Munster,detached,yes
K-13168,Switcher,2,1,no,2,5,4,0,0,504,46500,35-44,Munster,detached,yes
K-13169,Juggler,3,2,no,2,2,7,1,1,756,33500,35-44,Dublin,semi-detached,yes
K-13170,Switcher,2,1,no,1,4,5,1,0,384,36000,35-44,Dublin,semi-detached,no
K-13171,Switcher,2,2,no,3,5,4,0,0,363,38000,25-34,Connacht,semi-detached,
K-13172,Switcher,1,1,no,2,4,4,0,0,395,33000,55-64,Connacht,semi-detached,yes
K-13173,Payer,2,1,yes,0,0,7,0,0,513,34500,65+,Munster,semi-detached,no
K-13174,Juggler,2,3,no,1,2,11,2,2,947,33500,65+,Rest of Leinster,terrace,
K-13175,Switcher,2,1,no,2,2,7,1,1,358,26000,25-34,Dublin,terrace,no
K-13176,Switcher,2,1,no,2,5,6,0,1,375,31000,35-44,Munster,terrace,no
K-13177,Juggler,1,3,no,1,3,13,0,0,772,23500,35-44,Dublin,apartment,no
K-13178,Switcher,2,1,no,3,4,4,0,0,431,40000,55-64,Rest of Leinster,semi-detached,no
K-13179,Juggler,3,3,yes,1,2,9,2,0,1151,30500,25-34,Rest of Leinster,semi-detached,no
K-13180,Switcher,1,2,no,1,2,5,0,0,431,44000,25-34,Connacht,detached,no
K-13181,Switcher,3,2,no,2,3,3,1,1,352,41000,35-44,Munster,semi-detached,
K-13182,Switcher,1,1,no,1,3,3,0,0,379,36500,45-54,Dublin,terrace,yes
K-13183,Switcher,2,1,no,3,3,6,0,0,428,41500,25-34,Ulster,detached,yes
K-13184,Payer,4,1,yes,0,0,11,2,1,661,43500,55-64,Dublin,detached,
K-13185,Payer,4,1,yes,0,1,16,2,0,552,39000,45-54,Dublin,semi-detached,
K-13186,Payer,1,1,yes,0,0,17,0,0,443,29000,45-54,Connacht,terrace,no
K-13187,Switcher,1,1,no,2,4,4,0,0,483,47000,35-44,Munster,detached,yes
K-13188,Payer,4,2,yes,0,0,11,1,1,476,24500,35-44,Rest of Leinster,terrace,no
K-13189,Payer,4,1,yes,0,0,18,2,2,576,52000,25-34,Dublin,detached,no
K-13190,Payer,2,1,yes,0,1,22,1,0,422,43500,35-44,Munster,bungalow,
K-13191,Juggler,3,3,yes,2,2,7,0,0,1343,46000,45-54,Ulster,detached,yes
K-13192,Payer,4,1,no,0,0,9,0,0,378,25000,55-64,Dublin,apartment,no
K-13193,Juggler,1,2,no,1,2,11,3,0,700,29000,45-54,Connacht,semi-detached,no
K-13194,Payer,3,2,yes,0,0,19,0,0,436,29500,45-54,Munster,semi-detached,yes
K-13195,Juggler,1,4,yes,1,0,2,0,0,1774,46000,25-34,Connacht,detached,yes
K-13196,Payer,3,1,yes,0,0,13,0,0,579,50000,55-64,Dublin,detached,no
K-13197,Payer,3,1,yes,0,0,16,2,0,375,20500,45-54,Munster,apartment,
K-13198,Payer,3,1,yes,0,0,28,2,0,394,28500,55-64,Dublin,terrace,
K-13199,Juggler,1,3,yes,2,2,9,2,0,1215,39000,55-64,Connacht,semi-detached,no
K-13200,Payer,3,1,yes,0,0,14,0,0,645,53500,45-54,Munster,detached,no
K-13201,Juggler,3,2,yes,1,1,9,0,0,677,31500,55-64,Rest of Leinster,terrace,no
K-13202,Payer,4,1,yes,0,0,13,0,0,534,35000,25-34,Dublin,semi-detached,no
K-13203,Payer,3,1,yes,0,0,22,1,0,608,51500,65+,Connacht,detached,no
K-13204,Juggler,1,2,no,0,2,7,0,0,971,39000,35-44,Rest of Leinster,detached,no
K-13205,Switcher,2,1,no,2,2,8,1,0,493,47000,45-54,Ulster,detached,yes
K-13206,Juggler,3,3,no,1,2,11,0,0,819,26000,35-44,Rest of Leinster,apartment,yes
K-13207,Payer,4,1,yes,1,0,9,1,0,484,43500,45-54,Dublin,semi-detached,
K-13208,Switcher,4,1,no,2,3,3,1,1,371,31000,65+,Rest of Leinster,semi-detached,no
K-13209,Payer,3,1,no,1,0,14,0,0,536,37500,65+,Dublin,semi-detached,
K-13210,Juggler,1,3,yes,1,3,14,2,0,962,20500,45-54,Munster,apartment,no
K-13211,Switcher,2,1,no,2,3,7,0,1,348,31000,45-54,Dublin,terrace,no
K-13212,Juggler,1,4,no,0,1,12,3,0,1508,29000,25-34,Munster,semi-detached,no
K-13213,Payer,2,1,yes,0,0,15,0,0,443,35500,35-44,Rest of Leinster,semi-detached,yes
K-13214,Payer,3,2,yes,0,0,11,0,0,331,27500,55-64,Rest of Leinster,apartment,yes
K-13215,Juggler,1,2,yes,0,1,15,4,0,793,31000,45-54,Connacht,semi-detached,yes
K-13216,Payer,1,1,yes,0,0,17,0,0,421,32500,35-44,Rest of Leinster,semi-detached,yes
K-13217,Juggler,2,2,no,0,1,11,0,0,530,21000,35-44,Ulster,apartment,
K-13218,Payer,2,1,yes,0,0,21,1,0,434,33500,35-44,Connacht,semi-detached,no
K-13219,Payer,4,1,yes,0,1,5,2,0,523,41500,35-44,Rest of Leinster,semi-detached,yes
K-13220,Payer,3,1,yes,0,0,22,0,0,603,50000,35-44,Rest of Leinster,detached,yes
K-13221,Switcher,2,1,no,2,4,4,0,0,375,33000,55-64,Connacht,terrace,no
K-13222,Payer,3,1,no,0,0,20,0,0,443,35500,45-54,Dublin,bungalow,
K-13223,Payer,2,1,yes,0,0,13,0,0,571,51000,45-54,Dublin,detached,yes
K-13224,Switcher,4,1,no,2,3,5,0,0,428,30000,25-34,Connacht,semi-detached,yes
K-13225,Payer,2,1,no,0,1,5,0,0,620,43500,45-54,Munster,detached,
K-13226,Switcher,2,1,no,3,5,2,0,0,269,26500,35-44,Rest of Leinster,apartment,yes
K-13227,Payer,2,1,yes,0,0,13,1,0,455,31000,65+,Rest of Leinster,terrace,no
K-13228,Payer,4,1,yes,0,1,15,2,0,503,28500,25-34,Munster,semi-detached,no
K-13229,Juggler,1,3,no,1,3,18,3,0,990,27500,65+,Munster,terrace,no
K-13230,Switcher,3,1,no,2,4,5,1,2,459,54000,65+,Ulster,detached,no
K-13231,Switcher,3,1,no,3,5,4,1,1,291,24500,35-44,Dublin,apartment,
K-13232,Payer,4,1,yes,0,0,7,0,0,475,31000,25-34,Munster,terrace,no
K-13233,Payer,2,1,no,0,0,19,0,0,634,49000,65+,Dublin,detached,no
K-13234,Payer,3,1,yes,0,1,15,1,0,447,34500,65+,Ulster,terrace,
K-13235,Payer,4,1,yes,0,1,15,2,0,521,39500,55-64,Dublin,semi-detached,no
K-13236,Payer,4,1,yes,0,1,7,0,0,642,51000,35-44,Dublin,detached,yes
K-13237,Juggler,3,2,yes,0,2,7,1,0,739,32500,25-34,Ulster,terrace,no
K-13238,Switcher,2,1,no,1,5,3,0,1,332,25000,35-44,Dublin,apartment,no
K-13239,Juggler,3,2,no,2,1,5,0,0,548,23500,55-64,Rest of Leinster,apartment,no
K-13240,Payer,4,1,yes,0,0,16,0,0,524,36000,55-64,Rest of Leinster,semi-detached,
K-13241,Juggler,1,3,no,1,2,10,0,0,1153,40500,45-54,Dublin,semi-detached,no
K-13242,Juggler,1,2,no,0,0,9,3,0,777,42500,25-34,Ulster,semi-detached,yes
K-13243,Payer,4,1,yes,0,0,6,0,0,468,35000,55-64,Ulster,terrace,no
K-13244,Payer,3,1,yes,0,0,13,1,0,607,51500,55-64,Dublin,detached,no
K-13245,Juggler,1,4,no,1,0,10,0,0,1546,43000,25-34,Rest of Leinster,semi-detached,yes
K-13246,Payer,2,1,no,0,0,17,0,0,594,48500,55-64,Dublin,detached,no
K-13247,Payer,1,1,yes,0,0,13,0,0,467,37000,35-44,Rest of Leinster,semi-detached,yes
K-13248,Switcher,1,1,no,3,3,6,0,0,357,31500,45-54,Rest of Leinster,terrace,yes
K-13249,Switcher,3,1,no,2,5,4,0,0,312,29000,35-44,Connacht,apartment,yes
K-13250,Payer,1,1,yes,0,0,13,0,0,376,30000,65+,Connacht,terrace,no
K-13251,Juggler,2,4,yes,1,2,5,1,0,1440,39500,35-44,Dublin,semi-detached,yes
K-13252,Switcher,1,1,no,3,5,4,0,0,438,55500,35-44,Dublin,detached,yes
K-13253,Juggler,3,2,yes,0,1,7,2,0,916,52000,35-44,Rest of Leinster,detached,no
K-13254,Payer,1,1,yes,0,0,19,0,0,312,26000,65+,Dublin,apartment,
K-13255,Payer,4,1,yes,0,0,23,2,2,469,35000,35-44,Rest of Leinster,terrace,
K-13256,Payer,3,1,yes,0,0,17,0,0,651,54500,25-34,Connacht,detached,yes
K-13257,Juggler,1,2,no,1,1,7,1,1,729,30000,25-34,Munster,semi-detached,no
K-13258,Switcher,2,1,no,3,4,6,0,0,408,32000,25-34,Rest of Leinster,semi-detached,yes
K-13259,Switcher,2,1,no,3,4,3,0,0,343,35500,25-34,Rest of Leinster,terrace,yes
K-13260,Switcher,2,1,no,2,4,3,0,0,432,41500,25-34,Dublin,semi-detached,no
K-13261,Payer,3,1,yes,0,1,12,1,0,587,51000,35-44,Dublin,detached,no
K-13262,Payer,4,1,yes,0,1,15,0,0,472,30500,45-54,Rest of Leinster,terrace,
K-13263,Juggler,4,3,yes,1,2,5,4,2,1084,35500,65+,Dublin,terrace,no
K-13264,Switcher,1,1,no,1,2,5,0,1,402,42000,25-34,Dublin,semi-detached,yes
K-13265,Juggler,3,4,yes,1,2,10,0,0,1600,35500,55-64,Munster,semi-detached,no
K-13266,Switcher,2,1,no,1,4,2,0,1,273,23500,25-34,Dublin,apartment,no
K-13267,Juggler,3,3,yes,1,1,8,2,0,923,26500,35-44,Connacht,apartment,no
K-13268,Juggler,3,4,no,0,3,11,1,0,1201,24000,35-44,Munster,apartment,no
K-13269,Switcher,1,1,no,3,3,3,0,1,393,34000,35-44,Dublin,bungalow,no
K-13270,Switcher,2,1,no,2,3,3,0,0,446,56500,55-64,Rest of Leinster,detached,yes
K-13271,Switcher,2,1,no,3,5,3,0,0,367,38500,65+,Rest of Leinster,semi-detached,no
K-13272,Juggler,1,4,yes,1,1,6,1,0,1389,24500,35-44,Dublin,terrace,no
K-13273,Switcher,2,1,no,3,2,1,2,0,305,22000,35-44,Munster,apartment,yes
K-13274,Payer,4,2,yes,0,0,17,0,0,513,32000,65+,Connacht,semi-detached,
K-13275,Switcher,1,1,no,3,4,1,1,0,344,29500,55-64,Dublin,terrace,no
K-13276,Payer,4,1,yes,0,1,17,0,0,496,29000,55-64,Connacht,terrace,
K-13277,Switcher,2,1,no,2,4,1,0,2,423,41500,35-44,Connacht,bungalow,yes
K-13278,Payer,3,1,yes,0,0,24,0,0,474,34000,45-54,Rest of Leinster,semi-detached,yes
K-13279,Payer,1,1,yes,0,1,14,2,0,578,53000,45-54,Dublin,detached,no
K-13280,Switcher,1,1,no,1,4,5,1,0,428,30000,35-44,Dublin,semi-detached,yes
K-13281,Payer,3,1,yes,0,1,11,0,0,471,34500,35-44,Rest of Leinster,semi-detached,
K-13282,Payer,2,1,yes,0,0,15,2,0,488,37000,35-44,Munster,bungalow,yes
K-13283,Switcher,3,1,no,2,4,4,0,0,397,35500,45-54,Ulster,semi-detached,yes
K-13284,Switcher,1,1,no,2,2,5,1,0,343,29500,45-54,Rest of Leinster,terrace,no
K-13285,Switcher,1,1,no,2,4,4,1,0,301,29500,25-34,Munster,apartment,no
K-13286,Switcher,2,2,no,2,5,1,2,0,276,26500,55-64,Munster,apartment,no
K-13287,Switcher,2,1,yes,2,5,5,2,0,392,35500,55-64,Rest of Leinster,semi-detached,no
K-13288,Juggler,4,2,no,2,3,21,2,0,985,44000,55-64,Munster,detached,yes
K-13289,Switcher,2,1,no,2,4,2,0,0,532,49500,45-54,Rest of Leinster,detached,yes
K-13290,Switcher,2,1,yes,3,5,3,2,0,338,25500,45-54,Rest of Leinster,terrace,no
K-13291,Switcher,2,1,no,1,3,3,0,0,299,21000,45-54,Dublin,apartment,no
K-13292,Payer,2,1,yes,0,0,20,0,1,468,36500,55-64,Connacht,semi-detached,yes
K-13293,Switcher,3,1,no,2,2,6,1,1,360,31500,35-44,Munster,terrace,yes
K-13294,Payer,4,1,yes,0,0,22,0,0,466,33500,45-54,Munster,terrace,yes
K-13295,Payer,4,1,yes,0,0,6,1,0,494,34500,25-34,Connacht,terrace,
K-13296,Payer,3,1,yes,0,1,18,0,0,664,51000,55-64,Dublin,detached,yes
K-13297,Switcher,4,1,no,2,2,5,0,0,284,21000,25-34,Dublin,apartment,no
K-13298,Switcher,3,1,no,1,3,5,0,0,410,41500,55-64,Ulster,semi-detached,no
K-13299,Juggler,1,4,yes,2,2,8,0,0,1923,38500,55-64,Dublin,detached,yes
K-13300,Payer,2,1,yes,0,0,25,1,0,321,22000,25-34,Munster,apartment,no
K-13301,Payer,4,1,yes,0,0,8,1,1,392,27500,45-54,Munster,apartment,no
K-13302,Juggler,2,2,yes,1,1,11,1,0,643,37000,55-64,Munster,terrace,yes
K-13303,Switcher,4,1,yes,3,4,3,1,0,357,29500,65+,Dublin,semi-detached,no
K-13304,Payer,1,1,yes,1,0,15,1,1,403,36500,45-54,Dublin,terrace,
K-13305,Switcher,1,1,no,3,4,2,2,0,320,35500,65+,Dublin,terrace,no
K-13306,Switcher,1,1,no,2,3,6,0,0,281,21500,45-54,Munster,apartment,no
K-13307,Payer,1,1,yes,0,0,7,1,0,576,47500,35-44,Ulster,detached,
K-13308,Payer,3,1,yes,0,0,5,0,0,540,35000,35-44,Dublin,semi-detached,no
K-13309,Juggler,1,3,no,2,2,12,1,1,1101,32500,35-44,Rest of Leinster,bungalow,
K-13310,Payer,1,1,yes,0,0,17,1,0,354,26500,25-34,Dublin,terrace,
K-13311,Payer,4,1,no,0,1,7,0,0,601,43000,35-44,Dublin,detached,
K-13312,Payer,2,1,yes,0,0,16,0,0,439,44000,35-44,Munster,semi-detached,
K-13313,Payer,4,1,yes,0,0,10,1,0,494,40000,65+,Munster,semi-detached,
K-13314,Payer,2,1,yes,0,0,20,0,0,431,36000,25-34,Connacht,semi-detached,
K-13315,Payer,3,1,yes,0,0,13,0,1,538,32000,65+,Dublin,semi-detached,no
K-13316,Payer,2,1,yes,0,0,28,0,0,423,29500,35-44,Rest of Leinster,terrace,yes
K-13317,Juggler,3,3,yes,0,2,8,3,0,944,29000,25-34,Connacht,terrace,
K-13318,Juggler,3,3,no,2,1,4,2,0,1145,28000,45-54,Rest of Leinster,terrace,no
K-13319,Payer,4,1,yes,0,0,23,2,2,354,24500,55-64,Dublin,apartment,no
K-13320,Payer,3,1,yes,0,0,13,2,0,548,32500,35-44,Connacht,bungalow,yes
K-13321,Juggler,2,3,no,1,1,2,1,1,1113,30000,25-34,Dublin,semi-detached,no
K-13322,Switcher,2,1,no,2,4,2,1,0,413,32500,45-54,Dublin,semi-detached,
K-13323,Juggler,4,2,no,1,3,7,0,1,740,34500,25-34,Rest of Leinster,terrace,yes
K-13324,Switcher,2,1,no,2,3,7,1,0,367,38000,25-34,Munster,semi-detached,no
K-13325,Switcher,4,1,yes,2,3,5,1,0,312,33500,35-44,Rest of Leinster,terrace,yes
K-13326,Juggler,3,3,no,1,1,15,3,1,1427,41500,45-54,Munster,detached,yes
K-13327,Payer,4,2,yes,0,0,13,0,0,545,32000,25-34,Dublin,semi-detached,yes
K-13328,Switcher,2,1,no,3,2,1,0,2,474,40500,35-44,Munster,detached,no
K-13329,Switcher,1,1,no,2,4,4,0,1,362,29500,55-64,Dublin,semi-detached,yes
K-13330,Payer,1,1,yes,0,0,15,0,0,434,41500,55-64,Connacht,bungalow,no
K-13331,Juggler,3,2,yes,0,1,11,1,1,690,25000,35-44,Munster,terrace,no
K-13332,Switcher,2,1,no,2,4,1,1,1,375,36000,65+,Dublin,semi-detached,
K-13333,Switcher,3,2,no,1,4,6,0,0,372,33500,65+,Munster,semi-detached,no
K-13334,Payer,4,1,yes,0,1,6,0,0,511,37500,35-44,Munster,semi-detached,no
K-13335,Juggler,2,3,no,1,2,4,3,1,1210,30000,25-34,Rest of Leinster,semi-detached,no
K-13336,Payer,4,2,no,0,0,25,0,0,540,40000,25-34,Munster,semi-detached,
K-13337,Juggler,3,2,no,2,2,8,1,0,702,33000,35-44,Rest of Leinster,semi-detached,yes
K-13338,Payer,4,1,yes,0,0,16,1,0,568,43000,35-44,Ulster,bungalow,
K-13339,Switcher,2,1,no,2,2,4,1,0,363,37500,55-64,Munster,bungalow,no
K-13340,Switcher,1,1,no,3,4,1,1,0,345,35000,55-64,Dublin,semi-detached,yes
K-13341,Payer,3,2,yes,0,1,22,1,1,367,27500,25-34,Connacht,apartment,
K-13342,Payer,3,2,yes,0,0,20,1,0,514,41000,25-34,Dublin,bungalow,no
K-13343,Juggler,2,2,no,0,1,9,4,0,610,28000,25-34,Munster,terrace,no
K-13344,Payer,4,1,yes,0,0,22,0,0,458,33000,35-44,Rest of Leinster,semi-detached,yes
K-13345,Juggler,3,4,no,1,3,12,2,0,1513,34500,65+,Rest of Leinster,terrace,no
K-13346,Payer,1,2,yes,1,0,15,1,0,323,26000,35-44,Connacht,apartment,
K-13347,Payer,3,1,yes,0,0,12,0,0,619,40500,55-64,Connacht,detached,no
K-13348,Payer,4,1,yes,0,0,14,0,0,471,44000,35-44,Rest of Leinster,semi-detached,yes
K-13349,Payer,4,2,yes,0,0,16,0,0,508,28500,35-44,Munster,semi-detached,
K-13350,Switcher,1,2,no,3,2,4,0,1,353,32000,25-34,Rest of Leinster,semi-detached,
K-13351,Payer,4,1,yes,0,0,14,0,0,477,38500,55-64,Munster,semi-detached,no
K-13352,Switcher,1,1,no,3,4,1,1,0,327,30000,35-44,Rest of Leinster,apartment,yes
K-13353,Payer,3,1,yes,0,0,21,0,1,476,29500,55-64,Dublin,semi-detached,
K-13354,Switcher,3,1,no,1,4,5,1,1,386,27500,25-34,Munster,terrace,no
K-13355,Juggler,4,4,no,2,2,10,2,0,1520,36500,55-64,Dublin,semi-detached,no
K-13356,Payer,2,1,yes,0,0,7,1,0,624,47500,25-34,Dublin,detached,no
K-13357,Juggler,3,4,no,1,1,7,3,0,1970,45500,45-54,Rest of Leinster,detached,yes
K-13358,Payer,4,2,yes,0,0,29,0,0,673,40500,45-54,Dublin,detached,no
K-13359,Juggler,3,2,no,1,1,11,1,0,791,41500,45-54,Munster,semi-detached,yes
K-13360,Switcher,1,1,no,2,4,2,0,1,482,51000,45-54,Rest of Leinster,detached,yes
K-13361,Juggler,3,2,yes,2,0,6,4,0,969,44500,25-34,Dublin,detached,yes
K-13362,Juggler,1,3,no,1,2,7,2,0,1438,39500,25-34,Connacht,detached,no
K-13363,Juggler,2,2,no,0,3,15,2,0,633,24500,65+,Rest of Leinster,apartment,no
K-13364,Payer,2,1,yes,0,1,5,0,0,380,27000,55-64,Dublin,apartment,no
K-13365,Juggler,3,2,yes,1,2,11,1,0,517,30500,35-44,Munster,apartment,yes
K-13366,Payer,3,1,yes,0,0,14,0,0,473,40000,45-54,Dublin,semi-detached,yes
K-13367,Juggler,3,2,yes,2,0,5,3,0,817,30500,35-44,Ulster,semi-detached,no
K-13368,Juggler,1,2,no,0,1,16,0,0,786,36000,25-34,Connacht,semi-detached,no
K-13369,Payer,2,1,yes,0,0,15,1,0,417,34500,35-44,Munster,semi-detached,yes
K-13370,Payer,4,2,yes,0,0,16,0,0,494,40000,45-54,Dublin,semi-detached,yes
K-13371,Juggler,4,3,no,0,0,7,0,1,1266,45000,25-34,Dublin,detached,yes
K-13372,Payer,2,2,yes,0,0,14,0,0,554,41500,45-54,Dublin,detached,no
K-13373,Payer,3,1,yes,0,0,12,1,0,498,32500,35-44,Munster,semi-detached,yes
K-13374,Payer,4,1,yes,0,0,17,0,0,372,27500,45-54,Ulster,apartment,
K-13375,Payer,4,2,yes,0,0,22,1,0,556,33500,45-54,Ulster,bungalow,
K-13376,Switcher,3,1,no,2,4,5,0,1,269,21500,65+,Munster,apartment,no
K-13377,Juggler,3,3,no,1,0,11,4,0,999,34000,25-34,Rest of Leinster,semi-detached,yes
K-13378,Juggler,3,2,no,2,0,10,1,0,866,39500,25-34,Rest of Leinster,detached,yes
K-13379,Switcher,1,1,yes,1,3,5,1,1,365,33500,25-34,Connacht,terrace,yes
K-13380,Juggler,3,3,no,0,0,11,2,0,1327,49500,35-44,Rest of Leinster,detached,yes
K-13381,Switcher,1,1,no,2,3,1,1,0,390,41000,35-44,Dublin,semi-detached,no
K-13382,Juggler,3,2,no,0,2,5,2,1,691,35500,25-34,Rest of Leinster,semi-detached,yes
K-13383,Switcher,1,1,yes,1,4,4,0,0,348,29500,55-64,Rest of Leinster,semi-detached,no
K-13384,Payer,2,2,yes,0,0,5,0,0,371,37000,55-64,Ulster,terrace,yes
K-13385,Payer,4,1,no,0,1,10,0,0,339,27500,65+,Munster,apartment,
K-13386,Switcher,1,2,no,2,3,5,0,1,298,20500,65+,Ulster,apartment,no
K-13387,Payer,3,1,yes,0,0,23,0,0,491,40500,65+,Ulster,semi-detached,no
K-13388,Switcher,1,1,no,2,3,5,0,0,430,38000,35-44,Munster,semi-detached,no
K-13389,Payer,4,1,yes,0,1,13,0,0,470,34000,35-44,Dublin,semi-detached,
K-13390,Juggler,4,2,yes,0,1,13,1,0,621,27000,55-64,Munster,terrace,no
K-13391,Juggler,2,3,yes,0,2,13,0,2,763,22500,35-44,Rest of Leinster,apartment,no
K-13392,Switcher,2,1,no,3,2,4,0,2,506,45000,55-64,Munster,detached,yes
K-13393,Switcher,3,1,no,3,2,6,0,0,390,29000,25-34,Rest of Leinster,semi-detached,
K-13394,Juggler,2,2,no,0,0,12,2,1,544,22000,35-44,Dublin,apartment,yes
K-13395,Switcher,3,1,yes,3,3,6,0,1,507,45000,45-54,Rest of Leinster,detached,yes
K-13396,Payer,1,1,yes,0,0,14,0,1,418,31000,45-54,Dublin,semi-detached,no
K-13397,Switcher,1,2,yes,2,4,2,1,0,377,40000,35-44,Munster,semi-detached,no
K-13398,Juggler,1,3,yes,1,1,8,2,1,1320,54000,25-34,Ulster,detached,yes
K-13399,Switcher,2,1,no,2,4,3,0,0,415,32500,35-44,Munster,semi-detached,yes
K-13400,Switcher,4,1,no,1,3,5,1,0,282,23000,55-64,Connacht,apartment,no
K-13401,Switcher,2,1,no,2,2,3,1,0,459,38000,55-64,Dublin,detached,yes
K-13402,Switcher,1,1,no,2,4,2,1,1,301,23000,35-44,Munster,apartment,no
K-13403,Juggler,3,3,no,0,1,3,0,0,1086,33500,45-54,Munster,semi-detached,no
K-13404,Payer,3,1,yes,0,0,19,0,0,504,39500,45-54,Dublin,bungalow,
K-13405,Switcher,1,1,no,3,2,4,2,2,441,43000,35-44,Dublin,detached,yes
K-13406,Payer,1,1,yes,0,0,17,0,0,479,38000,25-34,Dublin,bungalow,no
K-13407,Juggler,1,3,yes,1,0,11,1,0,843,23000,25-34,Dublin,apartment,yes
K-13408,Payer,3,2,yes,0,0,16,1,0,437,43000,45-54,Munster,semi-detached,
K-13409,Switcher,1,1,yes,3,3,5,0,0,403,33000,35-44,Connacht,semi-detached,yes
K-13410,Payer,4,1,yes,0,1,18,2,0,560,48000,45-54,Rest of Leinster,detached,yes
K-13411,Switcher,3,2,no,2,2,3,1,0,394,41000,55-64,Connacht,bungalow,no
K-13412,Payer,4,1,yes,1,1,21,2,1,462,34000,65+,Dublin,terrace,no
K-13413,Switcher,1,1,no,1,3,1,1,0,523,44500,45-54,Munster,detached,yes
K-13414,Switcher,1,1,no,2,5,5,0,0,304,27500,25-34,Dublin,apartment,no
K-13415,Payer,3,1,yes,0,0,19,0,0,480,36000,35-44,Munster,terrace,
K-13416,Switcher,3,1,no,1,4,5,0,0,352,35500,35-44,Rest of Leinster,terrace,
K-13417,Payer,2,1,yes,0,1,17,1,0,429,31500,25-34,Munster,terrace,
K-13418,Switcher,1,1,no,3,4,2,0,0,451,49500,45-54,Connacht,detached,yes
K-13419,Switcher,4,1,no,3,2,2,1,1,391,37500,35-44,Munster,terrace,yes
K-13420,Switcher,1,1,no,2,4,7,0,0,358,34500,45-54,Dublin,terrace,no
K-13421,Switcher,1,1,no,2,5,1,1,1,333,22000,35-44,Dublin,apartment,no
K-13422,Switcher,2,1,no,3,3,3,0,1,285,24500,45-54,Munster,apartment,no
K-13423,Payer,4,1,yes,0,0,10,0,1,423,22500,35-44,Dublin,apartment,yes
K-13424,Payer,4,1,yes,0,0,11,0,0,519,37000,45-54,Munster,semi-detached,yes
K-13425,Juggler,2,4,yes,0,0,7,3,0,1508,35000,55-64,Rest of Leinster,terrace,yes
K-13426,Payer,2,1,yes,0,0,28,2,0,412,30500,65+,Dublin,semi-detached,no
K-13427,Switcher,2,1,no,3,5,4,1,0,327,31500,25-34,Rest of Leinster,terrace,no
K-13428,Payer,4,1,yes,0,0,25,1,0,464,36000,65+,Dublin,semi-detached,
K-13429,Switcher,4,1,no,3,4,4,0,2,432,32000,65+,Rest of Leinster,semi-detached,no
K-13430,Payer,4,1,yes,1,0,12,0,0,420,28000,65+,Dublin,terrace,
K-13431,Juggler,1,4,yes,0,1,15,2,0,1431,33000,25-34,Dublin,semi-detached,no
K-13432,Payer,3,2,yes,1,0,22,0,0,472,29000,35-44,Dublin,terrace,no
K-13433,Juggler,1,4,yes,1,1,8,2,0,1496,29500,35-44,Connacht,semi-detached,yes
K-13434,Payer,2,2,yes,0,0,5,0,0,580,41000,45-54,Dublin,detached,no
K-13435,Payer,4,2,yes,0,0,21,1,0,572,36500,55-64,Munster,detached,
K-13436,Switcher,2,1,no,2,4,2,0,0,310,21000,45-54,Connacht,apartment,no
K-13437,Juggler,1,2,no,2,3,10,1,0,828,34500,35-44,Dublin,semi-detached,no
K-13438,Juggler,1,3,no,1,1,14,1,1,999,29500,45-54,Connacht,terrace,yes
K-13439,Payer,4,1,yes,0,0,17,0,0,541,35500,25-34,Connacht,semi-detached,yes
K-13440,Switcher,3,1,no,3,4,10,1,0,424,40000,25-34,Dublin,semi-detached,yes
K-13441,Payer,3,2,yes,0,0,16,1,0,517,35000,35-44,Munster,semi-detached,no
K-13442,Payer,4,1,yes,0,0,23,0,0,396,22000,35-44,Rest of Leinster,apartment,
K-13443,Payer,3,1,no,0,0,22,2,0,435,30000,35-44,Rest of Leinster,semi-detached,
K-13444,Juggler,1,3,no,2,2,8,2,1,990,25500,65+,Ulster,terrace,no
K-13445,Payer,1,1,yes,0,0,18,0,0,405,35500,35-44,Rest of Leinster,terrace,no
K-13446,Juggler,2,2,no,1,1,10,3,0,763,34500,45-54,Ulster,semi-detached,no
K-13447,Juggler,1,2,no,1,1,20,2,0,889,40000,55-64,Rest of Leinster,detached,no
K-13448,Switcher,2,1,yes,2,3,2,0,0,326,29500,35-44,Connacht,apartment,no
K-13449,Payer,4,1,yes,0,0,8,0,0,449,34000,25-34,Munster,terrace,yes
K-13450,Switcher,2,1,no,3,5,5,0,0,425,28500,25-34,Dublin,semi-detached,no
K-13451,Switcher,2,1,no,3,4,1,0,1,293,27500,55-64,Dublin,apartment,no
K-13452,Switcher,1,1,no,3,5,6,1,0,522,51000,55-64,Dublin,detached,no
K-13453,Payer,3,1,yes,0,1,7,0,0,416,25000,65+,Dublin,terrace,no
K-13454,Switcher,1,1,no,3,3,4,0,0,428,35500,45-54,Dublin,semi-detached,no
K-13455,Payer,3,1,yes,0,1,17,0,0,438,41500,55-64,Munster,semi-detached,
K-13456,Payer,1,1,no,0,0,31,1,0,375,22000,35-44,Connacht,apartment,no
K-13457,Switcher,1,1,no,2,3,5,0,0,422,35000,55-64,Connacht,semi-detached,no
K-13458,Juggler,4,4,no,1,1,3,1,0,1576,41000,35-44,Munster,semi-detached,yes
K-13459,Payer,4,1,yes,1,0,16,0,0,485,25500,65+,Rest of Leinster,terrace,
K-13460,Payer,4,1,yes,0,0,17,0,0,476,35500,35-44,Connacht,semi-detached,
K-13461,Juggler,4,4,yes,0,3,3,2,0,1881,47000,55-64,Dublin,detached,no
K-13462,Juggler,1,4,yes,2,1,10,0,0,1387,31000,45-54,Connacht,terrace,no
K-13463,Juggler,1,4,no,1,1,6,3,1,1366,26500,65+,Dublin,terrace,no
K-13464,Juggler,2,3,yes,0,0,6,0,0,1079,30500,55-64,Dublin,bungalow,no
K-13465,Payer,2,1,yes,0,1,13,1,2,543,38000,45-54,Dublin,detached,no
K-13466,Payer,1,1,yes,0,0,19,0,0,512,40500,55-64,Connacht,detached,yes
K-13467,Payer,3,1,yes,0,0,18,1,0,659,48500,55-64,Munster,detached,
K-13468,Payer,2,2,yes,0,1,18,1,0,400,25000,45-54,Ulster,terrace,
K-13469,Switcher,1,2,yes,2,2,2,0,1,347,44000,35-44,Dublin,semi-detached,yes
K-13470,Payer,2,1,yes,0,0,13,0,0,461,39500,35-44,Dublin,semi-detached,no
K-13471,Juggler,3,2,no,1,0,5,0,0,539,20000,35-44,Rest of Leinster,apartment,no
K-13472,Switcher,1,1,no,2,5,6,2,0,498,53500,35-44,Rest of Leinster,detached,yes
K-13473,Payer,2,2,yes,0,0,9,1,0,440,44000,45-54,Connacht,semi-detached,yes
K-13474,Switcher,1,1,no,2,3,5,0,0,407,31500,65+,Ulster,semi-detached,no
K-13475,Juggler,3,2,yes,2,2,5,0,0,757,33500,35-44,Ulster,semi-detached,yes
K-13476,Payer,4,2,yes,0,1,16,0,0,485,32000,45-54,Dublin,terrace,no
K-13477,Switcher,1,1,no,3,2,2,0,0,319,25500,45-54,Ulster,terrace,no
K-13478,Switcher,4,1,no,2,4,6,0,0,504,48000,35-44,Dublin,detached,no
K-13479,Payer,4,1,yes,0,0,14,0,1,509,34000,55-64,Munster,semi-detached,no
K-13480,Switcher,1,1,no,3,5,4,0,0,470,53000,55-64,Rest of Leinster,detached,yes
K-13481,Juggler,2,2,yes,1,3,10,1,2,1023,47500,45-54,Dublin,detached,yes
K-13482,Juggler,2,4,no,1,1,11,3,0,1448,32500,45-54,Dublin,semi-detached,no
K-13483,Juggler,2,3,yes,0,1,7,1,0,1257,33000,45-54,Rest of Leinster,bungalow,yes
K-13484,Payer,3,1,yes,0,0,13,1,0,466,32000,35-44,Munster,semi-detached,
K-13485,Switcher,3,2,no,1,3,4,0,0,433,37000,25-34,Dublin,detached,no
K-13486,Switcher,3,1,no,2,5,5,0,0,419,35500,25-34,Dublin,semi-detached,yes
K-13487,Payer,2,1,yes,0,1,11,0,2,411,40500,35-44,Ulster,semi-detached,yes
K-13488,Juggler,1,3,no,0,1,9,1,0,1467,54500,45-54,Dublin,detached,yes
K-13489,Switcher,1,1,no,3,4,5,1,0,358,27000,55-64,Connacht,terrace,yes
K-13490,Juggler,1,3,no,0,1,12,1,0,928,27000,35-44,Munster,terrace,no
K-13491,Payer,4,1,yes,0,0,19,1,0,476,30000,65+,Dublin,semi-detached,
K-13492,Switcher,1,1,no,2,3,7,0,0,528,45500,45-54,Munster,detached,no
K-13493,Payer,3,1,no,0,0,24,1,0,378,29500,35-44,Rest of Leinster,apartment,no
K-13494,Juggler,1,3,no,2,1,8,2,0,1449,41000,35-44,Munster,detached,yes
K-13495,Switcher,4,1,no,2,4,3,0,0,354,39000,45-54,Munster,bungalow,no
K-13496,Payer,4,1,yes,0,1,13,1,0,528,43000,25-34,Rest of Leinster,semi-detached,
K-13497,Payer,2,1,yes,0,0,11,1,0,507,35000,35-44,Rest of Leinster,semi-detached,yes
K-13498,Juggler,3,2,no,0,1,10,0,0,624,24000,45-54,Rest of Leinster,apartment,yes
K-13499,Juggler,3,3,no,1,2,13,2,1,1152,35500,35-44,Rest of Leinster,semi-detached,yes
K-13500,Payer,4,1,yes,1,0,17,1,0,575,39000,65+,Dublin,bungalow,no
K-13501,Payer,4,2,yes,0,1,11,2,0,419,26500,55-64,Dublin,terrace,no
K-13502,Juggler,2,2,no,2,1,7,1,0,988,42000,45-54,Connacht,detached,yes
K-13503,Payer,4,1,yes,0,0,12,2,0,344,28000,55-64,Connacht,apartment,no
K-13504,Juggler,2,3,no,1,1,12,2,1,987,37500,45-54,Ulster,terrace,yes
K-13505,Juggler,1,4,no,2,2,12,2,0,1905,39000,35-44,Rest of Leinster,detached,yes
K-13506,Switcher,1,1,no,1,4,4,1,0,365,40500,55-64,Munster,semi-detached,no
K-13507,Payer,2,1,yes,0,0,15,1,0,446,35500,55-64,Connacht,terrace,no
K-13508,Payer,4,1,yes,0,0,11,1,0,460,39500,55-64,Dublin,semi-detached,
K-13509,Switcher,1,2,no,3,3,2,0,0,364,27000,35-44,Dublin,terrace,no
K-13510,Juggler,4,2,yes,0,1,13,3,0,537,26000,45-54,Munster,apartment,no
K-13511,Juggler,2,2,no,0,1,10,1,1,922,47000,35-44,Rest of Leinster,detached,yes
K-13512,Payer,4,1,yes,0,0,24,2,0,556,43000,35-44,Rest of Leinster,semi-detached,
K-13513,Payer,3,1,yes,0,0,27,2,0,656,41000,45-54,Connacht,detached,yes
K-13514,Juggler,3,3,yes,1,0,9,1,1,1057,31500,55-64,Ulster,semi-detached,no
K-13515,Juggler,2,2,no,1,2,2,3,0,939,47500,45-54,Rest of Leinster,detached,no
K-13516,Payer,2,1,yes,0,0,15,0,1,397,27000,55-64,Munster,terrace,no
K-13517,Payer,4,1,yes,0,1,8,0,0,544,30000,55-64,Dublin,semi-detached,
K-13518,Payer,2,1,yes,0,0,27,1,1,477,40000,45-54,Rest of Leinster,semi-detached,no
K-13519,Switcher,2,2,no,1,3,4,0,2,540,42500,35-44,Connacht,detached,yes
K-13520,Switcher,3,1,no,2,2,4,0,0,438,40000,65+,Rest of Leinster,detached,no
K-13521,Switcher,1,1,no,3,3,4,0,0,300,26500,25-34,Rest of Leinster,apartment,no
K-13522,Payer,3,1,yes,0,0,10,0,0,519,33500,35-44,Dublin,semi-detached,
K-13523,Payer,3,1,yes,1,0,14,0,0,466,38500,35-44,Rest of Leinster,semi-detached,
K-13524,Juggler,1,4,yes,1,0,6,0,0,1430,37000,45-54,Dublin,bungalow,no
K-13525,Payer,2,2,no,0,0,9,0,0,445,41000,55-64,Dublin,semi-detached,no
K-13526,Payer,1,1,yes,0,0,5,0,0,593,49000,35-44,Munster,detached,yes
K-13527,Switcher,4,1,no,2,4,4,0,0,507,42000,35-44,Munster,detached,no
K-13528,Payer,4,1,yes,0,1,10,0,0,473,43500,25-34,Ulster,semi-detached,
K-13529,Switcher,1,1,no,1,5,5,1,0,374,39500,25-34,Rest of Leinster,semi-detached,yes
K-13530,Switcher,1,1,no,2,4,6,0,0,414,41000,45-54,Munster,semi-detached,no
K-13531,Switcher,4,2,no,2,5,2,1,1,386,33000,35-44,Dublin,semi-detached,yes
K-13532,Juggler,4,2,no,2,0,12,1,1,724,32000,55-64,Dublin,semi-detached,no
K-13533,Switcher,1,1,no,2,4,4,1,0,425,40500,35-44,Rest of Leinster,semi-detached,yes
K-13534,Juggler,1,4,no,1,1,9,2,0,1571,38000,35-44,Rest of Leinster,bungalow,no
K-13535,Juggler,2,2,yes,1,1,7,1,1,792,35000,35-44,Rest of Leinster,semi-detached,yes
K-13536,Payer,3,1,yes,1,0,18,2,0,513,28000,55-64,Munster,semi-detached,
K-13537,Juggler,3,2,no,1,1,3,3,0,862,37500,45-54,Rest of Leinster,bungalow,yes
K-13538,Switcher,2,1,no,2,2,5,2,0,360,34000,45-54,Dublin,semi-detached,yes
K-13539,Payer,2,1,yes,0,0,20,1,0,598,51500,45-54,Munster,detached,no
K-13540,Juggler,1,4,no,0,1,7,0,1,1132,22000,55-64,Rest of Leinster,apartment,no
K-13541,Juggler,3,2,no,2,3,13,2,0,632,31000,35-44,Munster,terrace,no
K-13542,Switcher,2,1,no,3,3,4,0,0,384,31500,35-44,Dublin,semi-detached,
K-13543,Juggler,3,3,no,0,2,9,3,0,1466,50000,25-34,Munster,detached,no
K-13544,Juggler,2,3,no,1,0,15,2,0,1263,47000,35-44,Connacht,detached,yes
K-13545,Payer,4,2,yes,0,0,24,1,0,651,39000,45-54,Dublin,detached,no
K-13546,Juggler,3,4,no,1,2,16,1,0,1354,33000,35-44,Connacht,semi-detached,yes
K-13547,Payer,1,1,yes,0,0,11,0,0,550,44500,65+,Munster,detached,
K-13548,Juggler,3,2,yes,1,2,2,2,0,753,34500,35-44,Connacht,terrace,no
K-13549,Switcher,2,1,no,2,5,5,0,0,439,39500,45-54,Munster,detached,yes
K-13550,Payer,4,1,yes,0,1,11,0,0,560,30000,45-54,Rest of Leinster,semi-detached,no
K-13551,Payer,4,1,yes,1,0,19,1,0,530,40000,55-64,Connacht,bungalow,no
K-13552,Payer,2,1,yes,0,0,8,0,0,389,26500,25-34,Rest of Leinster,apartment,no
K-13553,Switcher,2,1,no,2,3,3,0,0,354,28500,45-54,Rest of Leinster,terrace,no
K-13554,Payer,4,2,yes,0,0,10,0,0,488,32500,55-64,Dublin,terrace,
K-13555,Switcher,1,2,no,1,5,1,1,0,386,31000,35-44,Rest of Leinster,bungalow,yes
K-13556,Switcher,4,1,no,2,5,4,0,1,412,41500,45-54,Connacht,semi-detached,yes
K-13557,Juggler,4,2,no,1,2,10,2,0,960,51000,25-34,Munster,detached,yes
K-13558,Payer,4,1,yes,0,0,15,0,0,417,23000,25-34,Munster,apartment,
K-13559,Payer,4,1,yes,0,0,16,0,1,546,34000,25-34,Dublin,semi-detached,
K-13560,Juggler,3,3,no,1,1,8,4,1,1319,43500,25-34,Dublin,detached,yes
K-13561,Switcher,1,1,no,1,5,1,0,0,363,39500,35-44,Rest of Leinster,semi-detached,no
K-13562,Juggler,1,2,yes,0,3,5,1,1,632,29500,25-34,Rest of Leinster,terrace,no
K-13563,Switcher,1,1,no,3,4,4,0,0,313,31500,35-44,Connacht,terrace,no
K-13564,Payer,4,1,yes,1,0,17,1,0,514,40500,55-64,Dublin,semi-detached,
K-13565,Juggler,1,3,no,1,1,7,1,2,1046,28000,35-44,Dublin,semi-detached,no
K-13566,Payer,2,2,yes,0,0,26,0,0,426,39500,65+,Rest of Leinster,semi-detached,no
K-13567,Payer,4,1,yes,0,0,19,1,1,430,35000,55-64,Dublin,terrace,no
K-13568,Payer,4,1,yes,0,0,21,0,2,500,36500,25-34,Dublin,semi-detached,no
K-13569,Payer,3,2,yes,0,0,12,2,0,448,42500,35-44,Rest of Leinster,semi-detached,
K-13570,Switcher,1,1,no,3,4,7,0,1,290,28000,45-54,Munster,apartment,no
K-13571,Switcher,4,1,no,2,5,5,1,0,329,28000,45-54,Rest of Leinster,apartment,no
K-13572,Juggler,3,3,yes,1,1,5,0,0,1169,36000,35-44,Dublin,semi-detached,yes
K-13573,Payer,3,1,yes,0,0,18,0,0,612,45500,35-44,Dublin,detached,
K-13574,Payer,3,1,yes,0,0,20,2,0,650,39500,55-64,Dublin,detached,no
K-13575,Switcher,4,1,no,3,5,1,0,0,374,40500,65+,Dublin,semi-detached,no
K-13576,Switcher,2,1,no,2,3,2,0,0,362,26000,65+,Rest of Leinster,terrace,no
K-13577,Payer,3,1,yes,0,0,22,1,1,428,26500,25-34,Munster,terrace,yes
K-13578,Switcher,1,1,no,3,4,1,2,2,417,32500,35-44,Munster,semi-detached,yes
K-13579,Switcher,4,1,no,1,5,1,0,0,297,25500,45-54,Dublin,apartment,no
K-13580,Switcher,2,1,no,1,5,6,0,0,358,38000,35-44,Dublin,semi-detached,yes
K-13581,Payer,3,1,yes,0,0,8,1,0,502,38500,35-44,Rest of Leinster,semi-detached,yes
K-13582,Payer,4,1,yes,0,0,8,0,0,608,52000,25-34,Rest of Leinster,detached,
K-13583,Juggler,2,2,no,0,2,11,2,0,726,28500,25-34,Dublin,terrace,no
K-13584,Juggler,1,4,no,0,0,5,2,0,1511,34500,45-54,Dublin,semi-detached,yes
K-13585,Payer,4,1,yes,0,0,18,0,0,604,53000,65+,Dublin,detached,
K-13586,Payer,2,1,yes,0,0,15,1,0,471,40000,55-64,Rest of Leinster,semi-detached,no
K-13587,Payer,2,2,yes,1,0,19,0,2,443,29000,45-54,Dublin,semi-detached,no
K-13588,Switcher,4,1,no,3,5,3,0,0,472,41000,35-44,Connacht,detached,yes
K-13589,Switcher,2,1,no,3,3,2,1,0,350,27500,55-64,Munster,terrace,no
K-13590,Juggler,4,3,no,0,1,10,1,0,1110,31000,55-64,Connacht,semi-detached,no
K-13591,Switcher,2,1,no,3,3,7,0,1,384,41500,45-54,Munster,semi-detached,no
K-13592,Switcher,1,1,no,3,2,7,0,0,313,24500,55-64,Rest of Leinster,apartment,no
K-13593,Payer,3,2,yes,0,0,24,1,0,433,39000,25-34,Munster,semi-detached,no
K-13594,Payer,3,2,yes,0,0,16,0,0,531,36000,45-54,Dublin,semi-detached,yes
K-13595,Payer,3,1,yes,0,0,14,1,0,561,52000,65+,Dublin,detached,no
K-13596,Payer,4,1,yes,0,0,33,0,0,431,35000,55-64,Dublin,terrace,no
K-13597,Payer,4,1,yes,0,0,24,0,0,601,41000,25-34,Dublin,detached,yes
K-13598,Payer,4,2,yes,0,0,10,0,0,492,34500,65+,Munster,semi-detached,no
K-13599,Switcher,3,1,no,1,5,2,0,1,363,29500,45-54,Munster,semi-detached,yes
K-13600,Payer,3,1,yes,0,0,11,0,0,395,22000,35-44,Ulster,apartment,
K-13601,Switcher,2,1,no,1,4,4,0,0,508,47000,55-64,Dublin,detached,no
K-13602,Payer,3,1,yes,0,0,19,0,0,401,24500,55-64,Dublin,apartment,no
K-13603,Payer,4,1,no,0,0,25,2,0,444,28500,45-54,Dublin,terrace,no
K-13604,Switcher,2,1,no,1,5,1,0,1,526,40500,35-44,Dublin,detached,no
K-13605,Switcher,1,1,yes,3,2,5,2,0,458,54000,55-64,Ulster,detached,yes
K-13606,Payer,3,1,yes,0,1,14,0,0,525,42000,35-44,Munster,semi-detached,no
K-13607,Payer,3,2,yes,0,0,19,2,0,498,30500,45-54,Connacht,semi-detached,
K-13608,Juggler,2,3,no,1,2,5,3,0,1055,28500,45-54,Connacht,semi-detached,no
K-13609,Payer,3,1,yes,0,0,18,0,0,396,24500,45-54,Rest of Leinster,terrace,no
K-13610,Payer,3,1,yes,0,1,5,1,2,456,31500,25-34,Rest of Leinster,semi-detached,
K-13611,Switcher,2,1,no,2,5,4,0,0,379,36000,35-44,Dublin,terrace,no
K-13612,Payer,4,1,yes,0,0,5,1,0,378,20500,35-44,Dublin,apartment,
K-13613,Payer,1,2,yes,0,0,29,1,0,456,31000,35-44,Dublin,semi-detached,no
K-13614,Juggler,4,2,no,1,1,6,2,0,643,22000,25-34,Connacht,apartment,no
K-13615,Juggler,1,3,no,2,1,8,1,0,1166,41000,65+,Dublin,semi-detached,no
K-13616,Switcher,1,1,no,3,3,2,1,1,352,37000,45-54,Rest of Leinster,terrace,yes
K-13617,Payer,3,1,yes,0,0,21,0,0,471,40500,25-34,Rest of Leinster,semi-detached,no
K-13618,Switcher,2,1,no,2,5,1,1,0,430,34000,35-44,Dublin,bungalow,yes
K-13619,Juggler,4,2,no,2,1,13,1,0,510,27000,45-54,Dublin,apartment,no
K-13620,Juggler,3,2,no,1,1,14,1,0,823,34500,35-44,Munster,semi-detached,yes
K-13621,Payer,4,1,yes,0,0,26,0,0,455,30500,65+,Dublin,terrace,no
K-13622,Payer,2,1,yes,0,0,17,0,0,597,53000,65+,Rest of Leinster,detached,no
K-13623,Payer,1,1,yes,0,1,21,1,0,350,24500,45-54,Munster,apartment,no
K-13624,Payer,4,1,yes,0,0,10,0,0,576,51500,35-44,Dublin,detached,yes
K-13625,Payer,2,1,yes,1,0,28,1,0,447,35000,35-44,Dublin,semi-detached,yes
K-13626,Payer,3,1,yes,0,0,14,0,0,403,22000,65+,Dublin,apartment,no
K-13627,Juggler,2,2,no,0,2,12,1,0,740,34000,35-44,Connacht,terrace,yes
K-13628,Juggler,2,3,no,2,2,10,2,0,813,26000,25-34,Munster,apartment,no
K-13629,Switcher,3,1,no,2,2,6,1,0,504,43500,35-44,Rest of Leinster,detached,yes
K-13630,Payer,4,1,yes,1,0,11,0,0,421,24000,45-54,Rest of Leinster,apartment,no
K-13631,Switcher,3,1,no,2,2,3,1,0,367,43000,35-44,Munster,semi-detached,yes
K-13632,Payer,4,2,yes,0,0,12,1,0,479,38500,35-44,Rest of Leinster,semi-detached,
K-13633,Payer,4,1,no,0,1,23,0,0,504,33500,45-54,Dublin,terrace,
K-13634,Juggler,4,4,no,2,3,5,2,0,1140,28500,45-54,Connacht,apartment,yes
K-13635,Switcher,1,2,yes,1,4,2,0,1,386,39000,45-54,Munster,semi-detached,
K-13636,Payer,2,1,yes,0,0,18,1,0,452,37000,65+,Connacht,semi-detached,no
K-13637,Juggler,2,4,no,1,3,6,4,0,1044,26000,35-44,Munster,apartment,
K-13638,Payer,1,1,yes,0,0,17,2,0,550,48500,35-44,Rest of Leinster,detached,
K-13639,Payer,2,1,yes,0,0,18,1,0,502,38500,25-34,Rest of Leinster,semi-detached,
K-13640,Switcher,1,2,no,2,5,6,0,1,272,27000,25-34,Dublin,apartment,no
K-13641,Juggler,2,2,no,2,1,11,2,0,993,39000,45-54,Dublin,detached,yes
K-13642,Payer,4,1,yes,0,0,21,0,0,699,49000,35-44,Munster,detached,yes
K-13643,Payer,4,1,yes,1,0,17,0,0,471,32000,45-54,Munster,semi-detached,no
K-13644,Switcher,1,1,no,1,3,5,0,0,349,43000,35-44,Dublin,semi-detached,yes
K-13645,Juggler,3,3,yes,1,0,14,2,0,1042,36000,35-44,Connacht,semi-detached,yes
K-13646,Juggler,1,2,yes,0,1,14,0,1,829,43000,45-54,Connacht,detached,yes
K-13647,Payer,3,1,yes,0,0,19,0,0,471,43000,35-44,Connacht,semi-detached,
K-13648,Switcher,4,2,no,2,4,3,0,0,376,30000,55-64,Dublin,terrace,no
K-13649,Payer,3,1,yes,0,0,12,0,0,428,41500,65+,Munster,semi-detached,no
K-13650,Juggler,2,3,no,1,2,15,1,2,1202,35000,55-64,Connacht,semi-detached,no
K-13651,Switcher,1,1,no,2,5,4,0,1,410,30000,25-34,Dublin,semi-detached,no
K-13652,Juggler,1,3,no,0,3,10,1,0,1375,49000,55-64,Munster,detached,no
K-13653,Payer,1,1,yes,0,0,15,0,0,501,41500,45-54,Rest of Leinster,detached,yes
K-13654,Switcher,2,1,no,3,5,6,0,0,358,29000,35-44,Connacht,terrace,yes
K-13655,Payer,3,1,yes,0,1,16,2,1,385,26500,45-54,Munster,terrace,yes
K-13656,Payer,3,1,yes,0,0,15,0,1,441,26000,35-44,Dublin,terrace,yes
K-13657,Juggler,1,2,no,0,1,16,1,0,713,30500,45-54,Connacht,terrace,no
K-13658,Juggler,4,2,no,1,3,5,2,1,738,25500,55-64,Connacht,terrace,no
K-13659,Payer,3,1,yes,0,0,14,1,0,526,42500,35-44,Dublin,detached,
K-13660,Juggler,1,2,no,1,1,9,1,1,679,41000,65+,Dublin,semi-detached,no
K-13661,Juggler,3,2,no,2,0,12,2,0,774,36500,65+,Connacht,semi-detached,no
K-13662,Switcher,2,1,no,1,3,4,0,0,389,36000,45-54,Dublin,semi-detached,no
K-13663,Juggler,2,3,yes,0,2,10,1,0,1104,32500,45-54,Dublin,semi-detached,yes
K-13664,Juggler,2,4,yes,2,1,11,1,0,2033,36000,55-64,Rest of Leinster,detached,no
K-13665,Payer,4,1,yes,0,1,16,0,0,485,34500,25-34,Dublin,bungalow,
K-13666,Switcher,2,1,no,3,5,6,0,0,350,34500,25-34,Rest of Leinster,semi-detached,yes
K-13667,Payer,4,2,yes,0,1,23,0,0,437,35000,35-44,Munster,terrace,no
K-13668,Switcher,2,1,no,2,5,4,1,0,515,45500,45-54,Connacht,detached,no
K-13669,Payer,3,1,no,0,0,10,0,1,666,41500,65+,Dublin,detached,no
K-13670,Juggler,1,3,no,1,1,12,3,0,1249,38000,55-64,Ulster,detached,no
K-13671,Payer,4,1,yes,1,0,12,0,0,536,37000,55-64,Ulster,semi-detached,no
K-13672,Payer,4,2,yes,0,0,13,0,0,637,46000,35-44,Rest of Leinster,detached,yes
K-13673,Switcher,2,1,no,2,2,2,0,0,397,38500,55-64,Connacht,semi-detached,no
K-13674,Payer,2,1,yes,0,1,17,0,1,489,34000,35-44,Munster,semi-detached,yes
K-13675,Payer,4,1,yes,0,0,9,0,0,540,43500,45-54,Rest of Leinster,semi-detached,
K-13676,Switcher,2,1,no,3,4,6,0,1,436,46500,55-64,Dublin,detached,yes
K-13677,Payer,2,1,yes,0,0,19,0,0,593,48000,55-64,Rest of Leinster,detached,yes
K-13678,Switcher,1,1,no,2,4,5,1,0,427,36000,55-64,Munster,semi-detached,no
K-13679,Payer,4,1,yes,0,0,21,1,0,493,34000,25-34,Rest of Leinster,semi-detached,no
K-13680,Switcher,3,1,no,1,4,3,0,2,379,40500,35-44,Ulster,semi-detached,yes
K-13681,Switcher,3,1,no,2,5,1,0,1,330,24000,65+,Connacht,terrace,no
K-13682,Payer,1,1,no,0,0,26,0,0,501,50500,35-44,Dublin,detached,yes
K-13683,Juggler,2,2,no,1,1,3,3,0,672,31000,35-44,Munster,semi-detached,no
K-13684,Payer,2,2,yes,0,0,10,0,0,387,27500,35-44,Rest of Leinster,apartment,no
K-13685,Switcher,3,1,no,2,3,3,0,0,431,37500,35-44,Munster,semi-detached,yes
K-13686,Payer,3,1,no,0,0,18,1,0,456,36500,25-34,Dublin,semi-detached,no
K-13687,Juggler,3,4,no,0,0,6,3,0,1586,39000,25-34,Rest of Leinster,bungalow,no
K-13688,Switcher,3,1,no,3,5,5,0,0,518,48500,35-44,Rest of Leinster,detached,yes
K-13689,Switcher,2,1,no,3,4,4,0,0,426,41000,25-34,Connacht,semi-detached,yes
K-13690,Payer,1,1,yes,0,0,14,0,0,409,40000,65+,Munster,semi-detached,
K-13691,Payer,4,1,yes,0,0,16,0,0,446,29000,45-54,Dublin,terrace,no
K-13692,Switcher,2,1,no,1,4,3,0,0,352,31500,55-64,Munster,terrace,no
K-13693,Payer,2,1,no,0,1,16,0,0,504,42000,55-64,Connacht,detached,no
K-13694,Payer,4,1,yes,0,0,15,0,0,487,42000,55-64,Ulster,semi-detached,yes
K-13695,Juggler,2,2,no,1,3,10,2,0,713,43000,25-34,Ulster,semi-detached,yes
K-13696,Payer,4,1,no,0,0,13,0,1,471,37500,55-64,Ulster,terrace,
K-13697,Payer,4,2,yes,0,0,5,0,0,543,42500,35-44,Rest of Leinster,semi-detached,
K-13698,Switcher,1,1,no,3,5,4,0,0,317,29500,55-64,Ulster,apartment,no
K-13699,Payer,4,2,yes,0,0,15,0,1,478,28000,45-54,Dublin,terrace,yes
K-13700,Payer,4,1,yes,0,0,18,1,2,453,31500,35-44,Ulster,semi-detached,
K-13701,Payer,4,1,yes,1,0,18,0,1,470,28000,35-44,Dublin,terrace,
K-13702,Payer,3,1,yes,0,0,13,1,0,477,32500,25-34,Dublin,terrace,
K-13703,Switcher,1,2,no,2,3,4,0,0,390,39500,55-64,Dublin,bungalow,no
K-13704,Switcher,1,1,no,1,5,3,0,0,346,29000,65+,Rest of Leinster,terrace,no
K-13705,Switcher,2,1,no,1,5,10,0,1,420,31000,45-54,Munster,semi-detached,no
K-13706,Payer,3,1,yes,0,1,26,0,0,513,39500,45-54,Ulster,semi-detached,yes
K-13707,Juggler,4,4,no,1,2,10,3,0,1500,43500,35-44,Dublin,semi-detached,yes
K-13708,Switcher,1,1,no,2,3,6,0,0,369,38500,35-44,Munster,semi-detached,yes
K-13709,Juggler,4,3,yes,1,1,12,4,0,1000,37500,35-44,Ulster,terrace,yes
K-13710,Juggler,3,3,no,2,2,12,1,0,1321,45000,35-44,Dublin,detached,yes
K-13711,Juggler,3,4,no,2,0,7,1,0,1903,38500,55-64,Rest of Leinster,detached,no
K-13712,Juggler,3,2,no,1,1,12,2,0,744,31500,65+,Munster,semi-detached,no
K-13713,Payer,4,2,yes,0,0,5,0,0,555,33000,65+,Dublin,bungalow,
K-13714,Switcher,3,1,no,2,3,4,1,0,453,45000,35-44,Ulster,detached,yes
K-13715,Switcher,2,1,no,2,4,8,1,0,461,52000,45-54,Rest of Leinster,detached,
K-13716,Switcher,4,1,yes,2,3,5,0,0,387,41500,45-54,Rest of Leinster,semi-detached,yes
K-13717,Payer,3,1,yes,1,0,14,2,0,487,32000,45-54,Rest of Leinster,terrace,
K-13718,Switcher,3,2,no,2,4,2,1,0,309,22500,35-44,Rest of Leinster,apartment,no
K-13719,Switcher,4,1,no,3,3,2,0,0,365,31500,45-54,Rest of Leinster,semi-detached,no
K-13720,Payer,1,1,yes,0,1,8,0,0,374,26500,55-64,Munster,terrace,no
K-13721,Switcher,2,1,no,2,4,2,1,0,384,40500,35-44,Rest of Leinster,semi-detached,yes
K-13722,Switcher,3,1,no,3,3,4,0,0,509,41500,35-44,Munster,detached,no
K-13723,Switcher,3,1,yes,3,3,2,0,1,360,37000,25-34,Munster,semi-detached,no
K-13724,Juggler,3,2,yes,2,2,17,2,0,775,31000,45-54,Munster,bungalow,no
K-13725,Payer,3,1,yes,0,1,12,0,0,411,30000,35-44,Rest of Leinster,apartment,yes
K-13726,Switcher,2,1,no,3,3,3,1,1,381,35000,35-44,Rest of Leinster,terrace,yes
K-13727,Juggler,1,3,yes,2,1,25,2,1,1048,35000,35-44,Munster,terrace,yes
K-13728,Switcher,1,1,no,2,4,5,2,0,407,41000,45-54,Connacht,semi-detached,yes
K-13729,Switcher,2,1,no,2,3,8,2,0,302,27500,55-64,Connacht,apartment,no
K-13730,Switcher,1,2,no,3,5,4,0,1,425,44000,45-54,Rest of Leinster,semi-detached,yes
K-13731,Payer,4,1,yes,0,0,14,1,0,500,37500,35-44,Rest of Leinster,bungalow,yes
K-13732,Juggler,4,4,no,0,1,10,3,0,1254,25000,65+,Rest of Leinster,apartment,no
K-13733,Payer,3,1,yes,0,0,20,0,0,345,23000,35-44,Dublin,apartment,
K-13734,Juggler,3,3,no,1,1,9,1,1,1260,37500,55-64,Dublin,semi-detached,no
K-13735,Switcher,2,1,no,1,4,3,0,0,433,36000,55-64,Dublin,semi-detached,no
K-13736,Juggler,4,3,no,1,0,12,3,1,944,24000,25-34,Rest of Leinster,terrace,no
K-13737,Switcher,2,1,no,3,3,4,1,0,419,31500,45-54,Munster,semi-detached,no
K-13738,Payer,1,1,yes,0,1,26,0,0,367,36000,45-54,Connacht,terrace,yes
K-13739,Switcher,4,1,no,3,5,5,0,0,466,45500,55-64,Munster,detached,no
K-13740,Payer,4,1,yes,0,0,20,1,0,550,34000,45-54,Rest of Leinster,semi-detached,
K-13741,Payer,4,1,no,0,0,10,0,0,483,41000,55-64,Connacht,semi-detached,
K-13742,Payer,4,1,yes,0,0,5,0,2,561,31500,55-64,Connacht,semi-detached,no
K-13743,Payer,4,1,yes,0,1,20,1,0,471,30000,55-64,Rest of Leinster,terrace,
K-13744,Juggler,2,4,yes,1,1,6,3,0,1306,31500,25-34,Munster,terrace,no
K-13745,Payer,3,2,yes,0,0,22,0,0,540,51500,25-34,Dublin,detached,yes
K-13746,Payer,3,1,yes,0,0,18,2,0,527,39500,65+,Dublin,semi-detached,no
K-13747,Juggler,1,2,yes,1,2,10,1,0,583,21500,45-54,Munster,apartment,yes
K-13748,Juggler,3,3,no,2,1,11,1,0,1570,45500,25-34,Munster,detached,yes
K-13749,Payer,4,1,yes,0,1,11,2,2,469,31500,55-64,Dublin,semi-detached,
K-13750,Switcher,2,1,no,2,5,2,0,0,527,46000,35-44,Munster,detached,yes
K-13751,Payer,3,2,yes,0,0,23,1,0,423,36000,25-34,Munster,terrace,
K-13752,Juggler,4,2,yes,0,2,5,2,1,763,34000,65+,Dublin,bungalow,no
K-13753,Juggler,2,2,yes,1,1,10,2,0,849,52000,35-44,Ulster,detached,yes
K-13754,Payer,2,1,yes,0,0,14,0,0,527,39500,35-44,Dublin,detached,yes
K-13755,Juggler,1,3,no,0,0,9,1,0,1020,35500,65+,Dublin,semi-detached,no
K-13756,Juggler,3,3,yes,1,2,11,0,0,1012,26500,45-54,Dublin,terrace,yes
K-13757,Switcher,1,1,no,2,4,4,0,0,314,25500,45-54,Rest of Leinster,apartment,yes
K-13758,Payer,3,1,yes,0,1,8,2,2,456,34000,45-54,Munster,semi-detached,yes
K-13759,Switcher,1,1,yes,1,4,3,0,0,435,30000,35-44,Munster,semi-detached,no
K-13760,Payer,4,2,no,0,0,21,0,0,560,43500,35-44,Dublin,detached,yes
K-13761,Juggler,3,3,no,1,1,8,3,0,1404,38500,45-54,Ulster,detached,yes
K-13762,Juggler,3,2,no,0,0,19,3,0,945,50500,55-64,Connacht,detached,yes
K-13763,Payer,4,1,yes,1,1,20,2,0,494,31000,45-54,Ulster,semi-detached,
K-13764,Payer,3,1,yes,0,0,15,0,0,535,37000,45-54,Dublin,semi-detached,
K-13765,Payer,1,2,yes,0,0,14,0,0,499,41000,35-44,Dublin,detached,yes
K-13766,Juggler,3,4,no,2,1,5,1,1,1629,40000,55-64,Rest of Leinster,semi-detached,yes
K-13767,Juggler,3,2,no,1,1,4,0,0,803,33500,45-54,Munster,semi-detached,yes
K-13768,Juggler,1,2,yes,1,1,11,0,0,678,39500,55-64,Rest of Leinster,semi-detached,yes
K-13769,Switcher,2,1,no,1,4,6,0,1,463,53500,25-34,Dublin,detached,no
K-13770,Juggler,4,3,no,1,0,16,1,0,1026,29500,25-34,Rest of Leinster,terrace,yes
K-13771,Payer,4,1,yes,0,0,13,1,0,692,48500,65+,Dublin,detached,
K-13772,Juggler,4,3,no,0,2,10,4,0,1143,37000,25-34,Connacht,semi-detached,yes
K-13773,Payer,3,1,no,0,0,25,0,0,433,34000,45-54,Munster,semi-detached,no
K-13774,Payer,4,1,yes,0,1,7,0,1,435,24000,45-54,Dublin,terrace,no
K-13775,Juggler,2,3,no,1,2,15,0,0,1112,34000,35-44,Munster,terrace,yes
K-13776,Juggler,3,3,yes,0,2,10,0,0,1509,51500,35-44,Dublin,detached,no
K-13777,Payer,4,1,no,1,0,14,0,0,635,49500,35-44,Rest of Leinster,detached,yes
K-13778,Switcher,1,1,no,1,3,7,0,0,395,36500,35-44,Ulster,semi-detached,no
K-13779,Switcher,2,2,no,2,5,4,0,0,509,54000,45-54,Rest of Leinster,detached,yes
K-13780,Switcher,2,1,no,1,5,8,1,0,288,25000,45-54,Rest of Leinster,apartment,no
K-13781,Switcher,4,2,no,3,5,4,2,0,371,37500,65+,Dublin,semi-detached,no
K-13782,Switcher,2,1,no,1,3,3,0,0,443,36000,35-44,Dublin,bungalow,yes
K-13783,Juggler,2,2,yes,1,2,14,0,0,892,52500,45-54,Dublin,detached,
K-13784,Payer,3,1,yes,0,0,5,0,0,482,34000,45-54,Dublin,semi-detached,no
K-13785,Switcher,2,1,no,1,4,7,0,2,295,28500,35-44,Rest of Leinster,apartment,yes
K-13786,Juggler,3,2,yes,0,2,9,1,0,677,34500,25-34,Munster,semi-detached,yes
K-13787,Payer,2,1,yes,0,0,9,0,1,472,28500,45-54,Munster,semi-detached,no
K-13788,Payer,3,2,yes,0,0,17,1,0,470,39500,25-34,Rest of Leinster,semi-detached,yes
K-13789,Payer,4,1,yes,0,0,5,0,0,483,27500,25-34,Rest of Leinster,terrace,
K-13790,Payer,2,1,yes,0,0,6,0,0,478,41000,45-54,Dublin,semi-detached,no
K-13791,Switcher,3,1,no,2,2,5,1,0,349,32500,25-34,Rest of Leinster,terrace,yes
K-13792,Juggler,2,4,yes,2,0,18,4,0,1775,53500,65+,Rest of Leinster,detached,no
K-13793,Payer,4,1,yes,0,0,21,2,1,429,30500,55-64,Dublin,terrace,
K-13794,Switcher,2,1,no,3,4,6,0,0,420,33500,35-44,Rest of Leinster,semi-detached,yes
K-13795,Juggler,1,2,yes,2,0,15,2,0,677,36000,45-54,Rest of Leinster,semi-detached,no
K-13796,Switcher,1,1,no,2,4,5,1,0,362,33000,45-54,Ulster,terrace,no
K-13797,Switcher,3,1,no,3,3,4,0,0,294,21500,35-44,Dublin,apartment,no
K-13798,Payer,4,2,yes,0,0,17,0,2,370,21000,25-34,Connacht,apartment,
K-13799,Juggler,3,3,yes,2,1,7,1,0,1367,44000,65+,Rest of Leinster,detached,no
K-13800,Juggler,3,2,yes,2,2,4,2,1,683,35500,55-64,Munster,bungalow,no
K-13801,Payer,4,2,yes,0,0,15,2,0,476,27500,45-54,Rest of Leinster,terrace,yes
K-13802,Juggler,3,2,no,0,0,12,0,0,745,35000,55-64,Rest of Leinster,semi-detached,no
K-13803,Juggler,1,2,no,2,1,7,3,0,765,35500,65+,Munster,semi-detached,no
K-13804,Juggler,1,4,yes,1,2,9,1,0,1185,24000,45-54,Dublin,apartment,yes
K-13805,Payer,3,1,yes,0,0,20,1,0,446,27500,35-44,Rest of Leinster,terrace,yes
K-13806,Switcher,4,1,no,2,3,3,1,0,351,33000,45-54,Munster,terrace,no
K-13807,Switcher,1,1,no,2,3,1,0,0,351,37500,45-54,Munster,semi-detached,no
K-13808,Switcher,3,1,no,1,3,7,0,0,426,54000,55-64,Rest of Leinster,detached,yes
K-13809,Payer,1,1,yes,0,0,11,1,0,364,35500,45-54,Ulster,terrace,no
K-13810,Payer,3,1,yes,0,0,8,0,0,337,28500,65+,Rest of Leinster,apartment,no
K-13811,Payer,4,1,yes,0,0,19,2,0,561,46000,45-54,Munster,detached,yes
K-13812,Payer,1,1,yes,0,1,6,2,0,481,37500,45-54,Rest of Leinster,semi-detached,yes
K-13813,Juggler,1,3,no,2,0,9,2,0,1365,40500,65+,Munster,detached,no
K-13814,Juggler,2,4,yes,2,1,7,1,0,1443,34500,55-64,Rest of Leinster,bungalow,no
K-13815,Switcher,2,1,no,2,4,1,0,0,382,34000,65+,Connacht,terrace,no
K-13816,Switcher,2,1,no,1,5,3,0,0,427,41000,25-34,Rest of Leinster,semi-detached,yes
K-13817,Switcher,3,1,yes,3,5,3,0,0,374,33500,55-64,Munster,semi-detached,
K-13818,Switcher,2,1,no,3,2,3,0,0,400,36000,35-44,Munster,semi-detached,no
K-13819,Switcher,2,1,no,2,4,3,2,0,387,35500,35-44,Dublin,semi-detached,no
K-13820,Payer,4,1,yes,0,0,16,0,0,473,25500,65+,Dublin,terrace,no
K-13821,Payer,2,1,yes,0,0,20,0,0,409,40500,55-64,Munster,semi-detached,no
K-13822,Switcher,2,1,no,3,3,6,0,0,321,29500,45-54,Munster,apartment,no
K-13823,Payer,4,1,yes,0,0,5,2,0,491,39000,45-54,Connacht,semi-detached,yes
K-13824,Switcher,1,1,no,2,4,5,0,0,430,36500,65+,Dublin,detached,no
K-13825,Juggler,4,2,no,1,3,12,0,0,758,33000,55-64,Ulster,bungalow,no
K-13826,Switcher,2,1,no,1,2,2,0,0,383,37000,25-34,Rest of Leinster,semi-detached,yes
K-13827,Juggler,1,2,no,0,1,9,0,0,668,30000,45-54,Munster,semi-detached,no
K-13828,Switcher,2,1,no,2,4,3,0,0,390,37500,25-34,Dublin,semi-detached,no
K-13829,Switcher,2,1,no,1,5,5,0,1,537,48000,35-44,Dublin,detached,
K-13830,Payer,3,1,yes,0,1,21,0,0,535,51000,35-44,Connacht,detached,yes
K-13831,Payer,3,1,yes,0,1,10,0,0,482,31000,25-34,Dublin,terrace,
K-13832,Switcher,2,1,no,2,4,5,0,0,278,29000,35-44,Rest of Leinster,apartment,no
K-13833,Switcher,2,1,no,3,4,3,0,0,392,33000,65+,Rest of Leinster,bungalow,no
K-13834,Payer,2,1,yes,0,0,15,1,0,579,51500,25-34,Connacht,detached,
K-13835,Payer,3,1,yes,0,0,18,0,0,413,29500,55-64,Ulster,terrace,
K-13836,Switcher,4,1,no,1,4,3,1,0,390,32000,45-54,Connacht,semi-detached,no
K-13837,Switcher,2,1,no,2,3,5,0,0,462,52000,25-34,Dublin,detached,no
K-13838,Juggler,1,3,yes,1,2,2,2,0,968,30000,45-54,Dublin,terrace,yes
K-13839,Switcher,1,1,no,2,2,5,0,0,420,32000,45-54,Rest of Leinster,semi-detached,yes
K-13840,Switcher,1,1,no,3,3,7,0,0,318,27000,35-44,Rest of Leinster,terrace,no
K-13841,Juggler,1,3,no,1,1,8,2,0,1193,40000,55-64,Munster,semi-detached,yes
K-13842,Switcher,4,1,no,2,3,7,0,0,388,28500,35-44,Rest of Leinster,terrace,yes
K-13843,Payer,3,1,yes,0,1,10,0,0,459,35000,25-34,Rest of Leinster,terrace,yes
K-13844,Payer,3,1,yes,1,0,14,0,0,438,38500,45-54,Munster,semi-detached,yes
K-13845,Juggler,2,4,no,1,2,10,3,0,1726,42000,65+,Rest of Leinster,bungalow,no
K-13846,Payer,4,1,yes,0,0,17,0,0,469,36000,35-44,Connacht,semi-detached,no
K-13847,Juggler,1,2,no,0,3,8,1,0,600,21000,55-64,Rest of Leinster,apartment,no
K-13848,Switcher,3,1,no,3,2,7,1,0,455,53000,45-54,Munster,detached,yes
K-13849,Payer,3,1,yes,0,0,24,1,0,493,33500,65+,Rest of Leinster,semi-detached,no
K-13850,Payer,3,1,yes,0,0,17,0,0,383,21500,25-34,Rest of Leinster,apartment,no
K-13851,Switcher,1,1,no,3,4,6,0,0,537,54500,35-44,Rest of Leinster,detached,yes
K-13852,Switcher,1,1,no,1,5,3,0,0,387,29500,25-34,Rest of Leinster,terrace,yes
K-13853,Juggler,1,3,yes,1,2,8,0,0,1105,33000,55-64,Dublin,semi-detached,no
K-13854,Switcher,1,1,no,1,5,2,0,0,323,29500,35-44,Rest of Leinster,apartment,yes
K-13855,Payer,2,2,yes,0,0,24,0,0,466,35500,45-54,Munster,semi-detached,yes
K-13856,Juggler,4,2,no,1,2,9,3,0,831,36500,35-44,Rest of Leinster,semi-detached,yes
K-13857,Switcher,1,1,no,2,5,5,0,1,421,31500,45-54,Dublin,semi-detached,no
K-13858,Payer,2,1,yes,0,0,6,0,0,460,31000,25-34,Ulster,semi-detached,
K-13859,Juggler,2,2,yes,1,1,11,0,0,741,30500,45-54,Dublin,bungalow,no
K-13860,Switcher,1,1,no,2,3,4,2,0,435,38000,45-54,Ulster,semi-detached,no
K-13861,Switcher,2,1,no,2,4,1,1,0,363,37000,45-54,Dublin,semi-detached,no
K-13862,Switcher,1,1,no,3,3,4,1,0,366,30000,25-34,Ulster,bungalow,no
K-13863,Payer,2,1,yes,0,0,17,0,0,377,31000,45-54,Munster,terrace,no
K-13864,Payer,4,2,yes,0,0,19,0,1,508,36500,35-44,Rest of Leinster,semi-detached,
K-13865,Juggler,4,2,no,0,3,17,3,0,796,40500,45-54,Dublin,semi-detached,yes
K-13866,Switcher,1,1,no,2,4,6,2,0,480,45000,45-54,Dublin,detached,no
K-13867,Juggler,1,4,no,0,3,12,3,0,1425,39500,25-34,Rest of Leinster,semi-detached,yes
K-13868,Payer,3,1,no,0,0,16,0,0,617,41000,25-34,Rest of Leinster,detached,yes
K-13869,Switcher,1,1,no,2,4,5,0,0,278,20000,25-34,Rest of Leinster,apartment,no
K-13870,Juggler,2,4,no,2,2,15,2,1,1388,27000,35-44,Connacht,terrace,yes
K-13871,Payer,3,1,yes,0,0,19,0,0,435,38000,45-54,Rest of Leinster,semi-detached,
K-13872,Payer,4,1,yes,0,0,17,1,0,429,25000,35-44,Connacht,terrace,no
K-13873,Payer,4,1,no,0,0,6,1,1,588,50000,35-44,Rest of Leinster,detached,yes
K-13874,Payer,3,1,yes,0,0,15,0,0,529,30500,35-44,Dublin,semi-detached,
K-13875,Payer,3,2,yes,0,0,19,0,0,457,28500,35-44,Munster,terrace,
K-13876,Juggler,3,4,no,1,0,10,1,0,1391,36500,55-64,Rest of Leinster,terrace,yes
K-13877,Juggler,2,4,no,1,3,7,1,1,1665,35000,35-44,Rest of Leinster,semi-detached,yes
K-13878,Switcher,3,1,no,3,2,1,0,0,434,33500,65+,Dublin,semi-detached,no
K-13879,Juggler,1,3,no,1,1,8,1,0,1211,31500,55-64,Rest of Leinster,semi-detached,no
K-13880,Payer,3,1,yes,0,0,17,2,0,461,24500,35-44,Munster,terrace,no
K-13881,Payer,1,1,no,0,0,14,0,0,364,27500,65+,Dublin,apartment,no
K-13882,Payer,4,2,yes,0,0,9,0,0,675,48500,45-54,Munster,detached,no
K-13883,Switcher,3,1,no,2,5,1,1,0,428,43500,45-54,Munster,detached,yes
K-13884,Payer,4,1,yes,0,0,21,1,0,404,32500,45-54,Munster,terrace,
K-13885,Juggler,3,2,yes,0,1,10,0,0,770,28500,45-54,Dublin,semi-detached,no
K-13886,Payer,1,1,yes,0,1,22,0,0,306,21000,35-44,Connacht,apartment,
K-13887,Payer,4,1,yes,0,0,17,0,0,573,48500,55-64,Connacht,detached,
K-13888,Juggler,3,2,no,1,2,7,1,0,819,34500,35-44,Rest of Leinster,bungalow,no
K-13889,Juggler,4,3,yes,1,2,6,4,0,1557,50000,45-54,Dublin,detached,yes
K-13890,Juggler,3,4,yes,1,2,10,3,0,1634,35500,25-34,Munster,semi-detached,no
K-13891,Switcher,4,1,no,3,5,4,1,0,439,51000,35-44,Ulster,detached,yes
K-13892,Juggler,2,3,yes,2,0,10,2,0,913,29500,55-64,Dublin,terrace,no
K-13893,Payer,3,1,yes,0,0,11,0,0,443,37500,45-54,Rest of Leinster,terrace,yes
K-13894,Payer,4,1,no,0,0,15,1,0,513,38500,25-34,Munster,semi-detached,yes
K-13895,Switcher,1,1,no,2,5,1,0,0,368,34000,45-54,Munster,terrace,no
K-13896,Switcher,1,1,yes,1,4,4,0,0,424,40000,35-44,Dublin,bungalow,no
K-13897,Switcher,1,1,no,2,2,3,0,0,400,30500,25-34,Rest of Leinster,bungalow,yes
K-13898,Payer,2,1,yes,0,1,5,0,0,316,23500,35-44,Rest of Leinster,apartment,no
K-13899,Switcher,1,1,no,3,4,9,2,0,406,33000,45-54,Rest of Leinster,bungalow,no
K-13900,Switcher,3,1,no,2,4,4,0,1,406,42000,35-44,Munster,semi-detached,no
K-13901,Payer,3,1,yes,0,0,11,0,1,341,28000,35-44,Rest of Leinster,apartment,
K-13902,Payer,4,1,yes,0,0,5,0,0,498,26000,55-64,Connacht,terrace,no
K-13903,Juggler,3,3,no,2,2,10,2,0,1060,39500,65+,Munster,semi-detached,no
K-13904,Payer,4,1,yes,0,0,17,1,0,522,40500,35-44,Connacht,semi-detached,
K-13905,Payer,4,1,yes,0,0,14,1,0,464,41000,35-44,Connacht,semi-detached,yes
K-13906,Juggler,3,3,no,1,2,9,1,0,963,24500,35-44,Munster,apartment,no
K-13907,Payer,3,1,yes,0,1,15,0,0,443,39500,45-54,Connacht,semi-detached,
K-13908,Payer,3,2,yes,0,0,12,0,0,405,30000,45-54,Munster,terrace,no
K-13909,Juggler,1,3,no,0,2,7,3,0,1184,30500,45-54,Dublin,semi-detached,yes
K-13910,Payer,3,1,no,0,0,17,2,0,427,36000,35-44,Dublin,semi-detached,
K-13911,Juggler,1,2,no,1,1,7,2,0,785,40500,25-34,Dublin,semi-detached,no
K-13912,Switcher,3,1,no,1,4,2,0,0,395,33000,35-44,Ulster,semi-detached,yes
K-13913,Juggler,2,2,no,1,2,7,2,0,760,35500,35-44,Dublin,semi-detached,yes
K-13914,Switcher,1,1,no,3,5,2,0,0,317,33000,55-64,Munster,terrace,no
K-13915,Payer,1,1,yes,0,1,13,1,0,336,22500,35-44,Rest of Leinster,apartment,yes
K-13916,Payer,2,1,yes,0,0,12,0,0,427,33000,55-64,Munster,bungalow,
K-13917,Switcher,1,1,no,2,2,4,0,0,419,41000,55-64,Ulster,semi-detached,no
K-13918,Juggler,2,3,no,0,2,10,1,1,1150,30000,55-64,Dublin,semi-detached,no
K-13919,Switcher,4,1,no,1,4,4,0,0,460,40500,35-44,Dublin,detached,yes
K-13920,Switcher,2,1,no,3,3,5,0,0,357,38000,25-34,Rest of Leinster,semi-detached,no
K-13921,Payer,3,2,yes,0,0,19,1,0,474,26000,45-54,Munster,terrace,yes
K-13922,Switcher,1,1,no,1,3,7,1,0,381,35500,45-54,Munster,semi-detached,no
K-13923,Payer,4,1,yes,0,1,16,0,0,399,21500,45-54,Dublin,apartment,no
K-13924,Juggler,1,3,yes,0,1,8,4,0,1063,39500,35-44,Dublin,bungalow,no
K-13925,Juggler,2,2,no,1,1,7,0,0,722,25500,25-34,Munster,terrace,yes
K-13926,Payer,4,1,yes,0,0,22,0,1,483,35500,45-54,Munster,semi-detached,
K-13927,Payer,4,1,yes,0,1,18,0,0,644,38500,35-44,Munster,detached,
K-13928,Switcher,1,1,no,2,3,3,1,0,448,37000,65+,Munster,detached,
K-13929,Switcher,1,2,no,2,2,4,2,0,325,24500,65+,Connacht,terrace,no
K-13930,Juggler,2,4,yes,1,1,8,4,1,1649,40000,35-44,Dublin,detached,no
K-13931,Payer,1,1,yes,0,0,20,1,0,417,31500,55-64,Rest of Leinster,semi-detached,no
K-13932,Switcher,1,1,no,1,4,5,2,0,290,27000,35-44,Dublin,apartment,no
K-13933,Switcher,1,2,no,2,4,7,1,0,361,28500,35-44,Dublin,semi-detached,no
K-13934,Payer,1,1,yes,0,1,22,0,0,440,27000,35-44,Rest of Leinster,terrace,yes
K-13935,Switcher,2,1,no,3,4,5,1,1,467,49000,35-44,Rest of Leinster,detached,yes
K-13936,Payer,2,1,yes,0,0,26,0,0,488,41000,65+,Dublin,semi-detached,no
K-13937,Payer,1,1,yes,0,0,13,0,0,423,41500,25-34,Dublin,semi-detached,yes
K-13938,Payer,1,1,yes,0,0,5,1,0,356,27000,45-54,Munster,apartment,no
K-13939,Payer,4,1,yes,0,0,15,1,2,534,36000,25-34,Dublin,semi-detached,no
K-13940,Switcher,1,1,no,2,5,7,0,0,325,20500,45-54,Dublin,apartment,no
K-13941,Payer,1,1,yes,0,0,6,0,0,494,44000,25-34,Rest of Leinster,detached,yes
K-13942,Payer,1,2,yes,0,0,16,0,0,428,29500,35-44,Dublin,terrace,yes
K-13943,Payer,4,1,yes,0,0,12,1,0,427,31000,55-64,Munster,apartment,
K-13944,Payer,4,2,yes,0,0,15,0,1,508,24500,55-64,Munster,terrace,no
K-13945,Switcher,1,2,no,1,2,1,0,0,395,31500,35-44,Connacht,semi-detached,yes
K-13946,Payer,4,1,no,0,0,12,0,0,491,31000,25-34,Rest of Leinster,bungalow,yes
K-13947,Switcher,1,2,no,1,3,2,0,0,426,31000,55-64,Ulster,bungalow,no
K-13948,Switcher,1,1,no,2,3,6,0,0,389,34500,45-54,Rest of Leinster,semi-detached,
K-13949,Juggler,2,4,no,2,1,14,1,0,1458,29500,35-44,Munster,semi-detached,no
K-13950,Payer,3,1,yes,0,1,16,0,0,488,39000,45-54,Munster,semi-detached,
K-13951,Juggler,4,4,yes,0,2,8,1,0,1674,30000,45-54,Munster,semi-detached,no
K-13952,Switcher,1,1,no,3,5,4,0,0,429,31500,45-54,Munster,semi-detached,no
K-13953,Payer,4,1,yes,0,0,19,0,0,581,52000,25-34,Connacht,detached,
K-13954,Switcher,3,1,no,3,5,4,0,1,473,51500,45-54,Munster,detached,yes
K-13955,Switcher,1,1,no,3,5,2,0,0,432,32000,45-54,Dublin,semi-detached,no
K-13956,Switcher,4,1,no,3,2,4,0,0,271,21000,35-44,Connacht,apartment,no
K-13957,Payer,3,1,no,0,0,27,0,0,668,42000,55-64,Rest of Leinster,detached,yes
K-13958,Payer,4,1,yes,0,0,20,1,0,507,31500,35-44,Munster,semi-detached,yes
K-13959,Juggler,2,2,no,1,1,11,1,0,800,38000,45-54,Munster,semi-detached,no
K-13960,Payer,3,2,yes,0,0,16,1,1,441,37000,25-34,Ulster,semi-detached,no
K-13961,Switcher,4,1,no,2,4,5,0,0,376,31000,35-44,Dublin,semi-detached,no
K-13962,Payer,2,1,yes,0,0,26,2,0,639,45500,45-54,Munster,detached,yes
K-13963,Payer,4,2,yes,0,0,5,1,0,526,34500,65+,Munster,semi-detached,no
K-13964,Payer,1,1,yes,0,0,25,1,1,410,37500,55-64,Munster,semi-detached,no
K-13965,Switcher,1,1,no,2,5,4,0,0,359,26000,35-44,Connacht,terrace,no
K-13966,Juggler,4,2,no,1,2,7,1,0,793,28000,25-34,Munster,bungalow,no
K-13967,Switcher,1,1,no,2,4,3,0,0,281,26500,35-44,Rest of Leinster,apartment,
K-13968,Juggler,1,2,no,0,0,9,1,0,790,43500,35-44,Ulster,bungalow,yes
K-13969,Switcher,3,1,no,2,3,7,1,0,268,30500,35-44,Connacht,apartment,yes
K-13970,Switcher,3,2,no,3,3,9,0,0,415,39500,25-34,Rest of Leinster,semi-detached,yes
K-13971,Switcher,1,1,yes,1,5,7,0,0,364,25500,25-34,Dublin,terrace,yes
K-13972,Switcher,1,1,no,3,3,3,2,1,497,54000,35-44,Connacht,detached,yes
K-13973,Switcher,2,1,no,2,3,7,1,0,381,34500,65+,Dublin,terrace,no
K-13974,Juggler,2,3,no,0,1,10,0,0,1112,29000,65+,Rest of Leinster,terrace,no
K-13975,Juggler,3,2,yes,1,1,9,1,0,848,45500,25-34,Dublin,detached,yes
K-13976,Switcher,1,1,no,3,3,3,1,0,334,33500,35-44,Connacht,terrace,no
K-13977,Juggler,1,3,no,1,3,12,0,0,1058,37000,45-54,Connacht,semi-detached,no
K-13978,Juggler,2,3,no,0,2,9,0,0,919,22500,35-44,Rest of Leinster,apartment,yes
K-13979,Juggler,2,2,no,0,1,8,2,0,730,41500,55-64,Dublin,semi-detached,no
K-13980,Payer,4,1,yes,0,1,14,1,1,649,50500,45-54,Connacht,detached,no
K-13981,Switcher,1,1,yes,2,5,5,1,0,352,36000,55-64,Dublin,semi-detached,no
K-13982,Payer,3,1,yes,0,1,19,0,0,534,40000,45-54,Dublin,detached,
K-13983,Switcher,2,1,no,3,4,2,0,0,391,30000,45-54,Dublin,terrace,no
K-13984,Juggler,4,2,yes,0,2,2,3,0,625,24000,45-54,Rest of Leinster,apartment,yes
K-13985,Juggler,1,2,yes,1,1,4,1,0,839,35500,25-34,Munster,bungalow,no
K-13986,Juggler,2,3,no,1,1,13,1,0,1262,53000,35-44,Rest of Leinster,detached,no
K-13987,Juggler,2,2,no,1,2,16,3,0,853,44500,25-34,Dublin,detached,yes
K-13988,Juggler,4,3,no,1,1,10,2,0,1127,29500,65+,Ulster,terrace,no
K-13989,Juggler,2,3,yes,2,2,6,0,0,1107,36000,45-54,Dublin,terrace,no
K-13990,Switcher,2,1,no,2,4,7,0,1,532,45500,45-54,Connacht,detached,yes
K-13991,Juggler,3,2,yes,1,1,3,2,0,541,27500,55-64,Rest of Leinster,apartment,yes
K-13992,Switcher,1,1,no,3,3,6,0,0,523,45500,35-44,Dublin,detached,no
K-13993,Switcher,1,1,yes,3,4,8,0,0,423,40500,25-34,Dublin,semi-detached,no
K-13994,Switcher,2,1,no,2,3,6,0,1,375,41500,45-54,Dublin,bungalow,no
K-13995,Switcher,4,1,no,3,4,2,0,2,376,29500,45-54,Rest of Leinster,terrace,yes
K-13996,Switcher,2,1,no,3,2,1,2,0,340,33500,45-54,Dublin,terrace,no
K-13997,Switcher,1,1,no,2,4,4,0,0,299,27500,35-44,Munster,apartment,no
K-13998,Switcher,2,1,no,3,3,7,0,0,317,28500,25-34,Connacht,terrace,yes
K-13999,Switcher,1,1,no,2,4,1,0,1,384,30000,35-44,Munster,semi-detached,yes
