advertiser,sector,platform,format,first_seen,ai_look
ADV-248,Public sector,Meta,Video,2026-08-08,no
ADV-159,Media and publishing,Google,Video,2026-08-05,yes
ADV-545,Energy,Meta,Video,2026-08-06,no
ADV-312,Technology and SaaS,Meta,Carousel,2026-08-23,no
ADV-172,Media and publishing,Google,Static,2026-07-25,no
ADV-429,Retail and ecommerce,Google,Video,2026-09-12,yes
ADV-944,Education,Google,Carousel,2026-07-29,yes
ADV-835,Technology and SaaS,Meta,Carousel,2026-07-24,no
ADV-835,Education,Meta,Video,2026-08-12,yes
ADV-312,Public sector,Google,Video,2026-05-21,no
ADV-545,Energy,Meta,Carousel,2026-05-17,no
ADV-248,Technology and SaaS,Google,Video,2026-09-11,no
ADV-172,Energy,Google,Video,2026-06-27,yes
ADV-248,Public sector,Meta,Static,2026-08-28,no
ADV-835,Technology and SaaS,Meta,Video,2026-08-31,yes
ADV-835,Public sector,Google,Video,2026-05-16,no
ADV-248,Public sector,Google,Video,2026-06-29,no
ADV-312,Technology and SaaS,Meta,Video,2026-08-26,no
ADV-172,Education,Google,Video,2026-06-26,no
ADV-172,Energy,Meta,Video,2026-06-01,yes
ADV-545,Media and publishing,Google,Carousel,2026-09-08,no
ADV-545,Education,Meta,Static,2026-08-08,no
ADV-944,Energy,Meta,Video,2026-07-28,no
ADV-429,Education,Google,Video,2026-08-24,no
ADV-429,Technology and SaaS,Google,Carousel,2026-07-12,yes
ADV-172,Education,Meta,Static,2026-05-25,no
ADV-312,Retail and ecommerce,Meta,Carousel,2026-07-12,yes
ADV-312,Energy,Meta,Static,2026-06-22,yes
ADV-248,Media and publishing,Google,Static,2026-06-27,yes
ADV-429,Education,Google,Video,2026-06-29,yes
ADV-172,Public sector,Google,Carousel,2026-07-16,yes
ADV-429,Media and publishing,Google,Video,2026-08-03,no
ADV-248,Technology and SaaS,Meta,Carousel,2026-07-29,no
ADV-312,Technology and SaaS,Meta,Carousel,2026-06-11,no
ADV-172,Media and publishing,Meta,Carousel,2026-08-26,no
ADV-172,Technology and SaaS,Meta,Static,2026-06-10,no
ADV-835,Media and publishing,Meta,Video,2026-08-10,no
ADV-172,Media and publishing,Google,Video,2026-07-08,yes
ADV-159,Media and publishing,Meta,Carousel,2026-07-09,no
ADV-172,Media and publishing,Google,Video,2026-08-22,yes
ADV-944,Energy,Meta,Video,2026-06-03,yes
ADV-545,Technology and SaaS,Google,Carousel,2026-05-25,no
ADV-248,Education,Google,Static,2026-07-16,yes
ADV-172,Education,Meta,Video,2026-05-27,no
ADV-172,Public sector,Google,Video,2026-07-19,no
ADV-159,Public sector,Meta,Video,2026-08-27,yes
ADV-159,Technology and SaaS,Google,Carousel,2026-08-27,yes
ADV-944,Media and publishing,Google,Static,2026-08-24,yes
ADV-312,Education,Meta,Carousel,2026-08-26,no
ADV-159,Education,Google,Video,2026-06-03,no
ADV-429,Media and publishing,Google,Video,2026-08-27,yes
ADV-429,Technology and SaaS,Google,Carousel,2026-07-31,no
ADV-835,Energy,Google,Carousel,2026-05-26,no
ADV-429,Technology and SaaS,Google,Video,2026-09-10,yes
ADV-159,Energy,Meta,Video,2026-07-06,no
ADV-944,Media and publishing,Google,Carousel,2026-05-18,no
ADV-429,Retail and ecommerce,Meta,Video,2026-08-01,no
ADV-835,Media and publishing,Google,Static,2026-08-05,yes
ADV-545,Public sector,Google,Carousel,2026-07-30,no
ADV-944,Technology and SaaS,Google,Video,2026-06-30,yes
ADV-312,Retail and ecommerce,Meta,Video,2026-08-12,no
ADV-248,Media and publishing,Google,Static,2026-08-04,no
ADV-835,Energy,Google,Video,2026-06-02,yes
ADV-545,Media and publishing,Meta,Video,2026-06-28,no
ADV-545,Retail and ecommerce,Google,Video,2026-07-23,yes
ADV-159,Education,Meta,Video,2026-05-31,no
ADV-312,Technology and SaaS,Google,Carousel,2026-09-06,yes
ADV-248,Technology and SaaS,Meta,Video,2026-06-28,no
ADV-545,Technology and SaaS,Meta,Carousel,2026-06-25,no
ADV-159,Technology and SaaS,Meta,Video,2026-07-23,no
ADV-248,Media and publishing,Meta,Carousel,2026-08-13,no
ADV-545,Energy,Meta,Static,2026-07-29,no
ADV-545,Media and publishing,Google,Carousel,2026-06-23,yes
ADV-944,Energy,Meta,Static,2026-05-25,yes
ADV-835,Technology and SaaS,Google,Video,2026-08-30,no
ADV-545,Technology and SaaS,Meta,Video,2026-08-08,no
ADV-429,Media and publishing,Meta,Video,2026-06-19,no
ADV-835,Retail and ecommerce,Google,Video,2026-05-27,no
ADV-159,Media and publishing,Google,Video,2026-07-31,no
ADV-248,Technology and SaaS,Meta,Carousel,2026-07-22,yes
ADV-545,Media and publishing,Google,Static,2026-06-04,yes
ADV-429,Education,Meta,Carousel,2026-08-29,no
ADV-944,Media and publishing,Meta,Static,2026-07-19,no
ADV-429,Technology and SaaS,Meta,Video,2026-06-12,yes
ADV-248,Education,Google,Static,2026-05-21,yes
ADV-944,Media and publishing,Google,Video,2026-05-30,yes
ADV-159,Energy,Google,Static,2026-06-28,no
ADV-835,Retail and ecommerce,Meta,Video,2026-08-01,yes
ADV-545,Public sector,Meta,Carousel,2026-09-09,no
ADV-944,Retail and ecommerce,Google,Video,2026-08-09,no
ADV-172,Technology and SaaS,Google,Video,2026-06-13,yes
ADV-312,Education,Meta,Video,2026-07-08,no
ADV-312,Media and publishing,Meta,Static,2026-08-13,yes
ADV-172,Technology and SaaS,Meta,Video,2026-06-28,no
ADV-312,Energy,Google,Carousel,2026-06-01,no
ADV-835,Retail and ecommerce,Meta,Static,2026-09-03,no
ADV-835,Education,Meta,Carousel,2026-06-07,yes
ADV-248,Technology and SaaS,Meta,Carousel,2026-08-10,yes
ADV-835,Education,Google,Static,2026-09-07,no
ADV-944,Retail and ecommerce,Google,Carousel,2026-08-20,no
ADV-835,Retail and ecommerce,Google,Carousel,2026-07-26,no
ADV-172,Retail and ecommerce,Google,Carousel,2026-08-12,yes
ADV-248,Public sector,Meta,Carousel,2026-08-03,yes
ADV-172,Technology and SaaS,Google,Video,2026-08-04,yes
ADV-248,Energy,Meta,Video,2026-09-02,yes
ADV-429,Public sector,Meta,Video,2026-08-08,yes
ADV-835,Media and publishing,Meta,Carousel,2026-06-27,yes
ADV-172,Education,Meta,Video,2026-07-08,no
ADV-835,Media and publishing,Meta,Carousel,2026-07-23,no
ADV-172,Public sector,Meta,Video,2026-06-11,no
ADV-545,Education,Meta,Video,2026-05-21,no
ADV-944,Technology and SaaS,Meta,Carousel,2026-07-31,no
ADV-248,Public sector,Google,Carousel,2026-07-27,yes
ADV-312,Technology and SaaS,Google,Carousel,2026-05-29,yes
ADV-312,Technology and SaaS,Meta,Carousel,2026-05-19,no
ADV-835,Public sector,Meta,Static,2026-07-01,no
ADV-835,Public sector,Meta,Static,2026-06-14,yes
ADV-159,Public sector,Meta,Carousel,2026-08-27,no
ADV-248,Media and publishing,Google,Static,2026-07-15,no
ADV-835,Technology and SaaS,Google,Static,2026-07-08,yes
ADV-172,Technology and SaaS,Google,Carousel,2026-05-28,yes
ADV-159,Retail and ecommerce,Meta,Video,2026-05-21,no
ADV-312,Media and publishing,Google,Video,2026-08-02,yes
ADV-172,Energy,Meta,Carousel,2026-08-09,yes
ADV-159,Technology and SaaS,Meta,Carousel,2026-09-04,no
ADV-835,Energy,Google,Video,2026-08-05,no
ADV-172,Retail and ecommerce,Meta,Video,2026-08-09,no
ADV-159,Media and publishing,Google,Video,2026-06-23,no
ADV-172,Technology and SaaS,Google,Video,2026-05-18,yes
ADV-835,Education,Meta,Carousel,2026-06-29,yes
ADV-248,Technology and SaaS,Meta,Video,2026-08-23,no
ADV-312,Media and publishing,Meta,Video,2026-08-20,yes
ADV-835,Energy,Google,Video,2026-08-12,yes
ADV-944,Retail and ecommerce,Google,Video,2026-06-03,yes
ADV-159,Media and publishing,Google,Carousel,2026-05-23,yes
ADV-159,Education,Meta,Carousel,2026-05-25,yes
ADV-248,Public sector,Google,Carousel,2026-08-19,no
ADV-172,Public sector,Google,Video,2026-05-20,no
ADV-172,Technology and SaaS,Meta,Static,2026-07-07,no
ADV-545,Media and publishing,Meta,Video,2026-08-17,yes
ADV-312,Media and publishing,Meta,Carousel,2026-09-12,yes
ADV-835,Energy,Google,Static,2026-06-07,no
ADV-159,Technology and SaaS,Google,Video,2026-08-11,yes
ADV-545,Energy,Meta,Carousel,2026-06-05,yes
ADV-429,Technology and SaaS,Google,Static,2026-08-06,yes
ADV-429,Media and publishing,Meta,Video,2026-07-04,yes
ADV-835,Technology and SaaS,Google,Video,2026-09-03,yes
ADV-312,Education,Meta,Carousel,2026-06-01,no
ADV-312,Media and publishing,Google,Video,2026-09-07,yes
ADV-429,Education,Meta,Carousel,2026-07-07,yes
ADV-835,Media and publishing,Google,Carousel,2026-09-07,yes
ADV-429,Technology and SaaS,Google,Carousel,2026-08-07,yes
ADV-248,Public sector,Google,Video,2026-06-19,no
ADV-172,Energy,Meta,Carousel,2026-05-28,yes
ADV-944,Technology and SaaS,Meta,Static,2026-06-15,yes
ADV-159,Education,Meta,Carousel,2026-06-30,yes
ADV-172,Retail and ecommerce,Meta,Carousel,2026-08-26,yes
ADV-944,Technology and SaaS,Meta,Static,2026-07-24,yes
ADV-944,Retail and ecommerce,Meta,Carousel,2026-08-10,yes
ADV-835,Media and publishing,Meta,Video,2026-09-10,yes
ADV-835,Media and publishing,Meta,Video,2026-08-02,yes
ADV-835,Media and publishing,Meta,Video,2026-07-15,yes
ADV-944,Education,Meta,Video,2026-06-14,no
ADV-545,Energy,Google,Static,2026-08-31,no
ADV-312,Retail and ecommerce,Google,Video,2026-07-08,yes
ADV-312,Education,Meta,Video,2026-07-09,no
ADV-312,Public sector,Google,Carousel,2026-08-04,no
ADV-944,Retail and ecommerce,Google,Static,2026-07-29,yes
ADV-944,Retail and ecommerce,Meta,Carousel,2026-08-14,yes
ADV-944,Technology and SaaS,Meta,Carousel,2026-07-11,yes
ADV-159,Education,Google,Video,2026-06-08,no
ADV-312,Media and publishing,Meta,Carousel,2026-08-17,no
ADV-545,Media and publishing,Google,Carousel,2026-08-26,no
ADV-835,Retail and ecommerce,Meta,Static,2026-07-06,yes
ADV-159,Public sector,Google,Carousel,2026-06-12,yes
ADV-172,Media and publishing,Google,Static,2026-08-24,yes
ADV-835,Energy,Google,Carousel,2026-06-23,no
ADV-944,Public sector,Google,Video,2026-08-30,no
ADV-944,Media and publishing,Google,Video,2026-08-08,no
ADV-429,Media and publishing,Meta,Video,2026-07-08,yes
ADV-248,Media and publishing,Google,Video,2026-06-18,yes
ADV-172,Education,Google,Video,2026-09-08,no
ADV-312,Education,Meta,Video,2026-06-07,yes
ADV-312,Technology and SaaS,Google,Video,2026-06-12,no
ADV-312,Energy,Meta,Video,2026-08-14,yes
ADV-248,Energy,Meta,Video,2026-09-12,yes
ADV-248,Media and publishing,Google,Carousel,2026-07-11,yes
ADV-835,Education,Google,Static,2026-07-25,no
ADV-159,Technology and SaaS,Google,Video,2026-07-20,no
ADV-429,Technology and SaaS,Google,Carousel,2026-08-16,yes
ADV-944,Technology and SaaS,Meta,Video,2026-07-11,yes
ADV-159,Technology and SaaS,Google,Video,2026-08-12,yes
ADV-545,Public sector,Meta,Carousel,2026-06-06,no
ADV-545,Public sector,Google,Carousel,2026-07-24,yes
ADV-835,Energy,Meta,Video,2026-07-08,yes
ADV-545,Retail and ecommerce,Meta,Static,2026-06-13,yes
ADV-172,Retail and ecommerce,Meta,Video,2026-07-21,yes
ADV-172,Technology and SaaS,Google,Video,2026-07-23,yes
ADV-159,Education,Meta,Video,2026-06-13,no
ADV-159,Media and publishing,Google,Static,2026-07-26,no
ADV-312,Public sector,Meta,Static,2026-06-04,yes
ADV-248,Media and publishing,Meta,Carousel,2026-07-24,no
ADV-429,Retail and ecommerce,Google,Video,2026-08-30,no
ADV-944,Energy,Google,Video,2026-06-03,no
ADV-159,Media and publishing,Meta,Carousel,2026-08-03,no
ADV-159,Technology and SaaS,Google,Video,2026-06-10,no
ADV-835,Retail and ecommerce,Google,Carousel,2026-07-21,no
ADV-835,Energy,Google,Carousel,2026-06-27,no
ADV-248,Media and publishing,Google,Video,2026-07-26,yes
ADV-159,Public sector,Meta,Carousel,2026-08-15,no
ADV-835,Technology and SaaS,Meta,Video,2026-06-07,no
ADV-159,Energy,Google,Video,2026-07-04,no
ADV-248,Energy,Google,Carousel,2026-09-12,no
ADV-312,Media and publishing,Google,Video,2026-09-01,yes
ADV-312,Energy,Google,Carousel,2026-07-22,yes
ADV-835,Retail and ecommerce,Google,Video,2026-06-02,yes
ADV-312,Technology and SaaS,Google,Video,2026-08-23,yes
ADV-248,Retail and ecommerce,Meta,Video,2026-08-13,no
ADV-312,Technology and SaaS,Meta,Video,2026-08-12,no
ADV-545,Media and publishing,Meta,Video,2026-06-07,no
ADV-172,Retail and ecommerce,Google,Carousel,2026-08-19,no
ADV-545,Media and publishing,Google,Static,2026-09-04,yes
ADV-835,Technology and SaaS,Google,Carousel,2026-07-17,no
ADV-429,Energy,Meta,Video,2026-06-26,yes
ADV-312,Energy,Meta,Carousel,2026-07-31,no
ADV-835,Technology and SaaS,Google,Video,2026-05-22,no
ADV-944,Media and publishing,Meta,Video,2026-06-07,no
ADV-545,Education,Meta,Carousel,2026-08-31,yes
ADV-545,Education,Meta,Video,2026-05-29,no
ADV-835,Technology and SaaS,Meta,Carousel,2026-08-15,yes
ADV-545,Media and publishing,Google,Video,2026-07-09,yes
ADV-159,Education,Meta,Video,2026-05-28,no
ADV-159,Public sector,Google,Carousel,2026-06-13,yes
ADV-429,Education,Google,Video,2026-09-08,yes
ADV-545,Retail and ecommerce,Google,Video,2026-08-23,no
ADV-835,Retail and ecommerce,Google,Static,2026-08-11,no
ADV-835,Media and publishing,Google,Carousel,2026-08-25,no
ADV-429,Education,Meta,Video,2026-08-10,no
ADV-545,Retail and ecommerce,Meta,Video,2026-07-26,yes
ADV-312,Media and publishing,Meta,Video,2026-07-25,yes
ADV-429,Technology and SaaS,Meta,Video,2026-08-09,yes
ADV-248,Education,Meta,Video,2026-06-20,no
ADV-835,Energy,Meta,Static,2026-06-24,no
ADV-835,Media and publishing,Google,Carousel,2026-08-03,yes
ADV-545,Energy,Google,Video,2026-08-16,yes
ADV-312,Media and publishing,Google,Carousel,2026-09-07,yes
ADV-944,Education,Meta,Video,2026-08-11,yes
ADV-172,Education,Meta,Carousel,2026-07-25,yes
ADV-944,Media and publishing,Google,Carousel,2026-05-16,no
ADV-545,Education,Meta,Video,2026-05-18,no
ADV-944,Education,Meta,Carousel,2026-07-27,yes
ADV-159,Education,Meta,Video,2026-08-07,yes
ADV-944,Education,Meta,Carousel,2026-06-20,yes
ADV-159,Technology and SaaS,Meta,Carousel,2026-08-19,no
ADV-172,Technology and SaaS,Google,Carousel,2026-06-16,yes
ADV-944,Technology and SaaS,Meta,Video,2026-06-14,yes
ADV-545,Media and publishing,Meta,Video,2026-06-21,no
ADV-159,Technology and SaaS,Google,Carousel,2026-09-09,yes
ADV-429,Technology and SaaS,Meta,Carousel,2026-06-15,yes
ADV-429,Retail and ecommerce,Meta,Static,2026-07-01,no
ADV-312,Media and publishing,Meta,Video,2026-06-26,no
ADV-248,Energy,Google,Carousel,2026-09-01,no
ADV-248,Retail and ecommerce,Google,Carousel,2026-09-12,yes
ADV-545,Media and publishing,Google,Static,2026-05-16,no
ADV-312,Public sector,Google,Carousel,2026-06-22,yes
ADV-159,Technology and SaaS,Meta,Carousel,2026-05-19,yes
ADV-312,Public sector,Google,Video,2026-07-24,yes
ADV-312,Education,Google,Carousel,2026-09-03,yes
ADV-248,Public sector,Meta,Video,2026-08-22,no
ADV-172,Public sector,Meta,Video,2026-05-27,yes
ADV-545,Education,Google,Static,2026-08-22,yes
ADV-312,Public sector,Meta,Carousel,2026-05-29,yes
ADV-944,Energy,Google,Carousel,2026-06-12,yes
ADV-545,Media and publishing,Google,Carousel,2026-05-22,no
ADV-312,Media and publishing,Meta,Video,2026-08-11,no
ADV-159,Retail and ecommerce,Meta,Carousel,2026-08-29,no
ADV-944,Energy,Meta,Carousel,2026-09-01,yes
ADV-835,Energy,Meta,Carousel,2026-06-21,yes
ADV-159,Education,Meta,Static,2026-05-18,yes
ADV-545,Technology and SaaS,Meta,Video,2026-05-26,no
ADV-159,Retail and ecommerce,Meta,Video,2026-06-27,yes
ADV-159,Energy,Google,Video,2026-06-07,no
ADV-835,Public sector,Meta,Video,2026-08-09,yes
ADV-159,Technology and SaaS,Meta,Static,2026-08-15,yes
ADV-545,Energy,Meta,Carousel,2026-08-20,no
ADV-172,Technology and SaaS,Google,Video,2026-07-31,no
ADV-172,Energy,Meta,Static,2026-07-26,yes
ADV-312,Retail and ecommerce,Google,Video,2026-07-25,no
ADV-835,Energy,Meta,Carousel,2026-07-16,no
ADV-944,Public sector,Google,Video,2026-06-06,no
ADV-159,Public sector,Meta,Carousel,2026-07-19,yes
ADV-248,Retail and ecommerce,Google,Video,2026-08-04,no
ADV-944,Technology and SaaS,Google,Video,2026-07-14,yes
ADV-312,Technology and SaaS,Google,Video,2026-07-12,no
ADV-159,Technology and SaaS,Meta,Video,2026-09-12,no
ADV-944,Media and publishing,Meta,Video,2026-07-13,no
ADV-429,Technology and SaaS,Google,Carousel,2026-08-31,no
ADV-248,Technology and SaaS,Meta,Static,2026-07-24,yes
ADV-312,Retail and ecommerce,Google,Video,2026-06-25,no
ADV-835,Public sector,Google,Video,2026-06-30,yes
ADV-429,Energy,Meta,Carousel,2026-08-12,no
ADV-545,Retail and ecommerce,Meta,Video,2026-08-13,yes
ADV-172,Technology and SaaS,Google,Carousel,2026-05-23,yes
ADV-835,Energy,Meta,Carousel,2026-08-28,no
ADV-429,Technology and SaaS,Meta,Static,2026-08-22,no
ADV-312,Technology and SaaS,Google,Carousel,2026-07-30,no
ADV-159,Technology and SaaS,Google,Carousel,2026-07-29,no
ADV-944,Technology and SaaS,Google,Video,2026-07-19,yes
ADV-545,Public sector,Meta,Carousel,2026-05-24,yes
ADV-835,Education,Google,Static,2026-05-23,no
ADV-248,Media and publishing,Google,Video,2026-07-06,yes
ADV-545,Public sector,Meta,Video,2026-07-02,yes
ADV-172,Energy,Google,Video,2026-08-14,no
ADV-172,Public sector,Google,Video,2026-07-01,no
ADV-429,Media and publishing,Meta,Video,2026-06-24,yes
ADV-248,Energy,Meta,Carousel,2026-08-26,yes
ADV-944,Technology and SaaS,Google,Video,2026-06-29,no
ADV-172,Technology and SaaS,Meta,Video,2026-06-19,yes
ADV-944,Education,Meta,Carousel,2026-09-03,yes
ADV-248,Energy,Meta,Static,2026-07-10,no
ADV-159,Public sector,Google,Static,2026-06-09,no
ADV-429,Media and publishing,Google,Video,2026-07-11,no
ADV-312,Media and publishing,Google,Carousel,2026-05-28,no
ADV-159,Retail and ecommerce,Meta,Video,2026-06-17,no
ADV-159,Education,Google,Video,2026-05-26,no
ADV-835,Technology and SaaS,Meta,Static,2026-07-28,no
ADV-159,Technology and SaaS,Google,Video,2026-05-29,yes
ADV-944,Technology and SaaS,Meta,Carousel,2026-08-26,no
ADV-545,Education,Meta,Video,2026-08-28,no
ADV-429,Technology and SaaS,Google,Video,2026-07-26,yes
ADV-944,Energy,Meta,Video,2026-07-28,yes
ADV-248,Technology and SaaS,Google,Carousel,2026-07-06,yes
ADV-172,Media and publishing,Meta,Carousel,2026-07-11,yes
ADV-248,Retail and ecommerce,Google,Static,2026-08-08,no
ADV-545,Media and publishing,Meta,Video,2026-08-31,yes
ADV-312,Education,Meta,Static,2026-08-23,yes
ADV-944,Technology and SaaS,Meta,Video,2026-09-09,yes
ADV-312,Technology and SaaS,Meta,Carousel,2026-09-11,yes
ADV-835,Media and publishing,Meta,Static,2026-06-05,yes
ADV-429,Energy,Meta,Video,2026-07-27,no
ADV-944,Technology and SaaS,Google,Static,2026-06-27,no
ADV-159,Technology and SaaS,Meta,Video,2026-09-02,yes
ADV-312,Technology and SaaS,Google,Carousel,2026-08-06,no
ADV-248,Media and publishing,Google,Carousel,2026-07-16,no
ADV-429,Technology and SaaS,Google,Video,2026-07-01,yes
ADV-944,Technology and SaaS,Meta,Carousel,2026-06-18,no
ADV-248,Retail and ecommerce,Meta,Video,2026-07-06,yes
ADV-159,Energy,Google,Carousel,2026-06-02,yes
ADV-944,Energy,Google,Static,2026-06-26,no
ADV-248,Media and publishing,Google,Video,2026-07-01,yes
ADV-248,Media and publishing,Meta,Video,2026-07-05,yes
ADV-172,Energy,Google,Video,2026-06-14,yes
ADV-835,Retail and ecommerce,Google,Carousel,2026-06-12,no
ADV-172,Education,Google,Video,2026-05-20,no
ADV-248,Technology and SaaS,Google,Video,2026-06-25,yes
ADV-429,Retail and ecommerce,Google,Video,2026-09-01,yes
ADV-429,Technology and SaaS,Google,Video,2026-06-06,no
ADV-944,Education,Google,Carousel,2026-07-18,yes
ADV-545,Technology and SaaS,Meta,Carousel,2026-07-17,no
ADV-545,Education,Meta,Video,2026-08-17,yes
ADV-172,Media and publishing,Google,Video,2026-06-17,yes
ADV-159,Public sector,Google,Carousel,2026-07-29,yes
ADV-835,Retail and ecommerce,Meta,Carousel,2026-06-27,yes
ADV-835,Technology and SaaS,Google,Video,2026-08-05,yes
ADV-172,Technology and SaaS,Google,Video,2026-05-29,no
ADV-172,Technology and SaaS,Meta,Carousel,2026-08-02,no
ADV-159,Energy,Google,Carousel,2026-08-13,no
ADV-429,Public sector,Google,Video,2026-07-23,no
ADV-835,Media and publishing,Google,Video,2026-07-07,yes
ADV-172,Technology and SaaS,Meta,Video,2026-08-19,yes
ADV-248,Energy,Meta,Carousel,2026-09-02,yes
ADV-312,Public sector,Google,Static,2026-07-20,no
ADV-312,Energy,Meta,Video,2026-08-16,yes
ADV-172,Retail and ecommerce,Google,Video,2026-07-16,no
ADV-944,Technology and SaaS,Meta,Carousel,2026-07-20,yes
ADV-429,Media and publishing,Google,Video,2026-07-05,yes
ADV-429,Technology and SaaS,Google,Carousel,2026-07-03,no
ADV-429,Media and publishing,Meta,Video,2026-05-29,yes
ADV-429,Technology and SaaS,Google,Video,2026-07-18,no
ADV-159,Media and publishing,Meta,Video,2026-08-03,yes
ADV-248,Retail and ecommerce,Meta,Video,2026-06-20,yes
ADV-429,Public sector,Meta,Video,2026-06-15,no
ADV-944,Technology and SaaS,Meta,Video,2026-06-23,no
ADV-429,Public sector,Meta,Video,2026-06-09,yes
ADV-172,Media and publishing,Meta,Video,2026-06-03,yes
ADV-429,Technology and SaaS,Google,Video,2026-07-10,yes
ADV-248,Education,Google,Carousel,2026-08-30,no
ADV-248,Energy,Meta,Carousel,2026-08-22,no
ADV-545,Retail and ecommerce,Google,Video,2026-07-26,no
ADV-545,Public sector,Google,Static,2026-07-17,yes
ADV-429,Technology and SaaS,Meta,Static,2026-08-03,yes
ADV-312,Media and publishing,Meta,Video,2026-08-25,no
ADV-172,Energy,Meta,Video,2026-06-26,yes
ADV-172,Energy,Google,Video,2026-08-03,no
ADV-172,Technology and SaaS,Meta,Carousel,2026-07-05,no
ADV-248,Public sector,Meta,Carousel,2026-07-02,no
ADV-429,Media and publishing,Google,Video,2026-07-15,no
ADV-159,Technology and SaaS,Meta,Video,2026-06-28,no
ADV-429,Technology and SaaS,Meta,Video,2026-06-10,yes
ADV-172,Technology and SaaS,Google,Static,2026-07-26,yes
ADV-545,Retail and ecommerce,Meta,Carousel,2026-05-29,yes
ADV-172,Technology and SaaS,Google,Carousel,2026-05-17,no
ADV-429,Media and publishing,Google,Carousel,2026-06-20,yes
ADV-159,Retail and ecommerce,Google,Carousel,2026-06-27,yes
ADV-545,Education,Google,Static,2026-06-21,no
ADV-944,Media and publishing,Meta,Carousel,2026-06-11,yes
ADV-312,Media and publishing,Google,Video,2026-07-08,no
ADV-159,Education,Google,Video,2026-06-10,no
ADV-172,Media and publishing,Google,Static,2026-06-10,yes
ADV-172,Retail and ecommerce,Meta,Carousel,2026-08-02,no
ADV-944,Media and publishing,Meta,Carousel,2026-05-30,yes
ADV-172,Media and publishing,Meta,Video,2026-09-02,yes
ADV-172,Public sector,Meta,Video,2026-06-27,no
ADV-429,Technology and SaaS,Google,Carousel,2026-06-15,no
ADV-545,Media and publishing,Meta,Carousel,2026-06-20,yes
ADV-545,Technology and SaaS,Google,Video,2026-09-05,no
ADV-429,Technology and SaaS,Meta,Carousel,2026-06-15,yes
ADV-159,Public sector,Google,Carousel,2026-08-12,no
ADV-248,Education,Google,Video,2026-08-18,yes
ADV-545,Media and publishing,Meta,Carousel,2026-08-29,no
ADV-835,Public sector,Meta,Video,2026-07-20,no
ADV-172,Public sector,Meta,Carousel,2026-05-18,no
ADV-429,Media and publishing,Meta,Static,2026-06-27,no
ADV-545,Technology and SaaS,Google,Video,2026-08-18,no
ADV-835,Media and publishing,Meta,Video,2026-07-22,no
ADV-312,Technology and SaaS,Google,Static,2026-05-21,yes
ADV-172,Media and publishing,Meta,Static,2026-08-23,yes
ADV-312,Technology and SaaS,Google,Video,2026-05-20,no
ADV-944,Technology and SaaS,Google,Video,2026-07-31,yes
ADV-172,Education,Google,Static,2026-08-07,no
ADV-248,Technology and SaaS,Meta,Video,2026-08-31,no
ADV-172,Technology and SaaS,Meta,Carousel,2026-08-04,yes
ADV-429,Retail and ecommerce,Meta,Carousel,2026-06-14,yes
ADV-312,Education,Google,Static,2026-08-21,yes
ADV-248,Media and publishing,Google,Static,2026-06-30,yes
ADV-248,Technology and SaaS,Google,Carousel,2026-06-21,no
ADV-835,Public sector,Google,Video,2026-08-25,no
ADV-545,Energy,Google,Video,2026-07-24,yes
ADV-159,Retail and ecommerce,Meta,Video,2026-07-10,no
ADV-944,Technology and SaaS,Meta,Carousel,2026-08-01,yes
ADV-835,Media and publishing,Meta,Video,2026-06-26,no
ADV-172,Media and publishing,Google,Video,2026-05-31,yes
ADV-944,Retail and ecommerce,Google,Carousel,2026-08-26,yes
ADV-172,Media and publishing,Meta,Static,2026-06-24,no
ADV-429,Energy,Meta,Video,2026-05-29,yes
ADV-944,Public sector,Meta,Video,2026-09-04,no
ADV-429,Retail and ecommerce,Google,Carousel,2026-07-15,no
ADV-159,Education,Meta,Carousel,2026-08-19,yes
ADV-312,Technology and SaaS,Google,Video,2026-08-11,yes
ADV-312,Technology and SaaS,Meta,Video,2026-08-15,no
ADV-312,Energy,Google,Carousel,2026-08-25,yes
ADV-172,Media and publishing,Google,Video,2026-07-01,no
ADV-248,Public sector,Meta,Video,2026-05-25,no
ADV-312,Education,Meta,Carousel,2026-08-01,no
ADV-312,Media and publishing,Google,Static,2026-08-28,no
ADV-248,Energy,Meta,Video,2026-06-11,yes
ADV-944,Media and publishing,Google,Carousel,2026-07-16,yes
ADV-248,Technology and SaaS,Google,Carousel,2026-07-31,yes
ADV-159,Education,Meta,Carousel,2026-05-20,yes
ADV-172,Education,Google,Carousel,2026-06-14,no
ADV-944,Technology and SaaS,Meta,Carousel,2026-09-04,yes
ADV-172,Technology and SaaS,Meta,Video,2026-05-23,no
ADV-159,Public sector,Meta,Carousel,2026-08-19,no
ADV-835,Technology and SaaS,Google,Static,2026-07-26,yes
ADV-248,Media and publishing,Meta,Carousel,2026-08-12,yes
ADV-944,Technology and SaaS,Meta,Carousel,2026-07-25,yes
ADV-172,Media and publishing,Google,Video,2026-06-07,yes
ADV-835,Public sector,Google,Carousel,2026-08-16,yes
ADV-172,Education,Google,Static,2026-05-24,yes
ADV-944,Public sector,Google,Carousel,2026-06-10,no
ADV-172,Education,Meta,Video,2026-08-15,no
ADV-172,Media and publishing,Meta,Video,2026-07-17,yes
ADV-159,Media and publishing,Google,Video,2026-05-31,no
ADV-172,Energy,Google,Video,2026-06-04,no
ADV-835,Technology and SaaS,Meta,Static,2026-08-09,yes
ADV-545,Education,Meta,Video,2026-06-13,no
ADV-545,Retail and ecommerce,Google,Carousel,2026-06-26,yes
ADV-944,Education,Google,Video,2026-06-18,yes
ADV-545,Technology and SaaS,Meta,Video,2026-08-01,no
ADV-312,Retail and ecommerce,Meta,Carousel,2026-05-20,no
ADV-429,Public sector,Meta,Video,2026-07-26,yes
ADV-944,Media and publishing,Meta,Video,2026-09-08,yes
ADV-944,Media and publishing,Meta,Video,2026-07-05,no
ADV-248,Retail and ecommerce,Meta,Video,2026-06-06,no
ADV-429,Education,Meta,Carousel,2026-06-30,yes
ADV-248,Technology and SaaS,Meta,Carousel,2026-06-08,no
ADV-312,Energy,Google,Video,2026-07-31,no
ADV-835,Public sector,Meta,Video,2026-06-02,yes
ADV-944,Retail and ecommerce,Meta,Video,2026-06-16,yes
ADV-172,Technology and SaaS,Google,Video,2026-06-15,no
ADV-545,Media and publishing,Google,Carousel,2026-06-13,no
ADV-429,Technology and SaaS,Meta,Carousel,2026-05-18,no
ADV-172,Education,Google,Video,2026-08-18,no
ADV-835,Technology and SaaS,Google,Carousel,2026-07-07,no
ADV-545,Technology and SaaS,Google,Static,2026-08-02,yes
ADV-545,Energy,Google,Carousel,2026-05-19,yes
ADV-944,Public sector,Meta,Video,2026-07-16,no
ADV-172,Public sector,Google,Video,2026-08-14,no
ADV-159,Retail and ecommerce,Google,Carousel,2026-06-16,no
ADV-944,Public sector,Google,Video,2026-05-30,no
ADV-429,Media and publishing,Google,Carousel,2026-07-04,yes
ADV-835,Media and publishing,Meta,Static,2026-08-26,yes
ADV-429,Technology and SaaS,Meta,Carousel,2026-09-05,no
ADV-944,Media and publishing,Google,Static,2026-06-24,yes
ADV-159,Public sector,Google,Video,2026-06-18,yes
ADV-944,Media and publishing,Meta,Carousel,2026-08-27,no
ADV-172,Public sector,Google,Static,2026-07-18,no
ADV-172,Media and publishing,Google,Static,2026-08-13,yes
ADV-172,Energy,Meta,Video,2026-07-10,yes
ADV-312,Media and publishing,Google,Video,2026-07-16,no
ADV-944,Technology and SaaS,Google,Video,2026-07-04,no
ADV-944,Technology and SaaS,Meta,Static,2026-06-19,yes
ADV-159,Education,Google,Carousel,2026-09-01,no
ADV-429,Energy,Google,Video,2026-07-17,yes
ADV-835,Technology and SaaS,Google,Carousel,2026-08-09,yes
ADV-172,Education,Google,Video,2026-08-22,no
ADV-159,Technology and SaaS,Google,Video,2026-08-18,yes
ADV-835,Energy,Google,Video,2026-08-29,no
ADV-172,Public sector,Meta,Video,2026-07-22,yes
ADV-172,Education,Meta,Carousel,2026-06-27,yes
ADV-159,Media and publishing,Google,Video,2026-06-16,yes
ADV-545,Technology and SaaS,Google,Carousel,2026-05-30,no
ADV-429,Technology and SaaS,Meta,Carousel,2026-08-07,yes
ADV-429,Technology and SaaS,Meta,Carousel,2026-08-26,yes
ADV-944,Technology and SaaS,Meta,Video,2026-06-11,no
ADV-172,Energy,Google,Static,2026-05-22,no
ADV-944,Technology and SaaS,Meta,Video,2026-07-11,yes
ADV-312,Energy,Meta,Video,2026-06-21,yes
ADV-545,Media and publishing,Google,Video,2026-09-03,yes
ADV-172,Technology and SaaS,Google,Video,2026-07-07,yes
ADV-248,Public sector,Google,Static,2026-09-06,yes
ADV-312,Retail and ecommerce,Meta,Video,2026-07-26,yes
ADV-429,Media and publishing,Meta,Static,2026-08-07,yes
ADV-545,Media and publishing,Meta,Carousel,2026-07-03,no
ADV-944,Technology and SaaS,Meta,Video,2026-07-24,no
ADV-248,Education,Google,Video,2026-08-12,yes
ADV-248,Technology and SaaS,Meta,Carousel,2026-06-07,no
ADV-172,Media and publishing,Google,Carousel,2026-07-25,no
ADV-172,Technology and SaaS,Meta,Carousel,2026-05-26,no
ADV-545,Technology and SaaS,Google,Carousel,2026-08-02,no
ADV-248,Education,Google,Video,2026-06-07,yes
ADV-944,Media and publishing,Meta,Video,2026-07-11,no
ADV-248,Media and publishing,Google,Video,2026-05-25,no
ADV-429,Public sector,Google,Video,2026-07-08,yes
ADV-835,Public sector,Google,Carousel,2026-09-01,no
ADV-159,Technology and SaaS,Meta,Carousel,2026-06-25,no
ADV-172,Technology and SaaS,Google,Video,2026-07-09,yes
ADV-944,Media and publishing,Meta,Carousel,2026-08-07,no
ADV-248,Education,Meta,Video,2026-06-26,no
ADV-835,Media and publishing,Google,Video,2026-08-20,no
ADV-159,Retail and ecommerce,Google,Carousel,2026-07-08,yes
ADV-312,Media and publishing,Meta,Video,2026-05-20,no
ADV-312,Technology and SaaS,Google,Carousel,2026-06-18,no
ADV-248,Public sector,Google,Carousel,2026-07-15,no
ADV-172,Public sector,Google,Carousel,2026-08-20,no
ADV-312,Education,Google,Carousel,2026-07-04,no
ADV-159,Energy,Meta,Carousel,2026-08-07,yes
ADV-835,Technology and SaaS,Google,Video,2026-09-09,no
ADV-172,Media and publishing,Google,Video,2026-08-05,yes
ADV-248,Media and publishing,Meta,Video,2026-06-03,yes
ADV-248,Public sector,Google,Video,2026-07-13,yes
ADV-172,Education,Google,Static,2026-08-16,yes
ADV-172,Education,Meta,Video,2026-08-08,no
ADV-545,Technology and SaaS,Meta,Video,2026-06-10,yes
ADV-835,Technology and SaaS,Google,Carousel,2026-08-03,no
ADV-312,Public sector,Google,Carousel,2026-06-21,yes
ADV-429,Education,Google,Video,2026-09-12,no
ADV-312,Retail and ecommerce,Meta,Carousel,2026-09-10,yes
ADV-835,Public sector,Google,Video,2026-05-17,no
ADV-545,Technology and SaaS,Meta,Video,2026-06-26,no
ADV-545,Education,Google,Video,2026-05-20,yes
ADV-172,Media and publishing,Meta,Carousel,2026-06-02,yes
ADV-944,Retail and ecommerce,Google,Carousel,2026-08-24,yes
ADV-159,Public sector,Google,Video,2026-05-18,yes
ADV-248,Public sector,Meta,Carousel,2026-05-20,no
ADV-944,Retail and ecommerce,Google,Video,2026-06-06,no
ADV-835,Retail and ecommerce,Google,Video,2026-06-30,no
ADV-545,Technology and SaaS,Google,Static,2026-07-02,no
ADV-172,Retail and ecommerce,Google,Video,2026-09-08,yes
ADV-248,Public sector,Google,Video,2026-08-10,no
ADV-172,Education,Google,Carousel,2026-06-23,no
ADV-248,Energy,Meta,Carousel,2026-05-26,no
ADV-312,Technology and SaaS,Google,Static,2026-07-21,no
ADV-835,Education,Meta,Video,2026-07-29,no
ADV-248,Retail and ecommerce,Meta,Video,2026-06-12,yes
ADV-944,Media and publishing,Google,Video,2026-07-05,no
ADV-835,Technology and SaaS,Meta,Carousel,2026-06-20,yes
ADV-172,Energy,Meta,Carousel,2026-09-07,no
ADV-248,Media and publishing,Google,Video,2026-08-29,yes
ADV-248,Education,Google,Video,2026-06-18,no
ADV-944,Energy,Meta,Carousel,2026-08-19,yes
ADV-545,Technology and SaaS,Google,Carousel,2026-05-17,yes
ADV-835,Energy,Meta,Video,2026-09-05,yes
ADV-545,Energy,Meta,Carousel,2026-07-17,yes
ADV-172,Retail and ecommerce,Meta,Carousel,2026-07-07,no
ADV-248,Media and publishing,Google,Static,2026-05-26,no
ADV-248,Media and publishing,Meta,Video,2026-06-04,no
ADV-159,Technology and SaaS,Google,Carousel,2026-05-24,no
ADV-172,Education,Google,Video,2026-05-18,no
ADV-429,Technology and SaaS,Google,Video,2026-07-06,no
ADV-312,Public sector,Google,Video,2026-09-01,yes
ADV-944,Education,Meta,Video,2026-07-10,yes
ADV-835,Technology and SaaS,Google,Video,2026-09-10,no
ADV-159,Media and publishing,Meta,Carousel,2026-06-26,no
ADV-835,Energy,Meta,Carousel,2026-08-11,no
ADV-248,Technology and SaaS,Meta,Static,2026-09-07,yes
ADV-835,Retail and ecommerce,Meta,Video,2026-06-17,no
ADV-545,Media and publishing,Meta,Carousel,2026-06-05,yes
ADV-835,Energy,Google,Static,2026-06-14,yes
ADV-944,Media and publishing,Meta,Video,2026-06-08,no
ADV-835,Energy,Meta,Carousel,2026-08-18,no
ADV-159,Energy,Google,Carousel,2026-06-20,yes
ADV-312,Public sector,Google,Video,2026-08-09,yes
ADV-545,Retail and ecommerce,Google,Video,2026-07-11,no
ADV-248,Retail and ecommerce,Google,Static,2026-08-20,no
ADV-429,Media and publishing,Meta,Carousel,2026-06-14,yes
ADV-172,Energy,Google,Static,2026-08-23,yes
ADV-248,Technology and SaaS,Google,Carousel,2026-08-31,no
ADV-545,Energy,Google,Video,2026-05-24,no
ADV-312,Technology and SaaS,Meta,Video,2026-07-05,yes
ADV-248,Technology and SaaS,Google,Carousel,2026-07-12,yes
ADV-944,Retail and ecommerce,Meta,Static,2026-06-08,no
ADV-248,Education,Google,Carousel,2026-07-04,yes
ADV-835,Technology and SaaS,Meta,Video,2026-08-23,no
ADV-172,Retail and ecommerce,Meta,Carousel,2026-07-22,no
ADV-429,Public sector,Google,Video,2026-06-17,yes
ADV-944,Media and publishing,Meta,Video,2026-06-23,no
ADV-429,Education,Meta,Video,2026-07-27,no
ADV-429,Technology and SaaS,Meta,Video,2026-05-28,no
ADV-429,Media and publishing,Meta,Video,2026-09-05,no
ADV-248,Public sector,Google,Video,2026-08-25,yes
ADV-312,Public sector,Google,Video,2026-08-31,yes
ADV-545,Media and publishing,Meta,Carousel,2026-08-30,no
ADV-944,Retail and ecommerce,Google,Static,2026-06-24,no
ADV-545,Retail and ecommerce,Google,Video,2026-09-06,no
ADV-545,Media and publishing,Meta,Carousel,2026-05-24,no
ADV-944,Technology and SaaS,Google,Static,2026-07-04,no
ADV-429,Education,Google,Static,2026-06-06,yes
ADV-835,Media and publishing,Google,Carousel,2026-07-23,yes
ADV-159,Media and publishing,Meta,Video,2026-09-12,no
ADV-248,Technology and SaaS,Google,Video,2026-07-30,yes
ADV-312,Energy,Meta,Video,2026-08-15,no
ADV-835,Technology and SaaS,Meta,Video,2026-06-17,yes
ADV-944,Energy,Meta,Video,2026-09-10,no
ADV-172,Technology and SaaS,Google,Static,2026-07-11,yes
ADV-545,Public sector,Meta,Video,2026-05-21,no
ADV-545,Energy,Google,Video,2026-05-28,yes
ADV-545,Technology and SaaS,Google,Video,2026-08-27,no
ADV-429,Public sector,Meta,Carousel,2026-08-14,yes
ADV-429,Media and publishing,Meta,Carousel,2026-07-29,no
ADV-429,Retail and ecommerce,Google,Video,2026-07-08,no
ADV-545,Education,Google,Static,2026-08-14,no
ADV-159,Technology and SaaS,Google,Video,2026-05-25,yes
ADV-312,Media and publishing,Google,Video,2026-06-28,yes
ADV-248,Public sector,Meta,Video,2026-07-08,no
ADV-944,Education,Meta,Video,2026-08-19,yes
ADV-429,Energy,Google,Video,2026-08-27,no
ADV-429,Energy,Google,Carousel,2026-08-27,no
ADV-248,Media and publishing,Meta,Video,2026-06-25,yes
ADV-944,Technology and SaaS,Google,Carousel,2026-08-07,no
ADV-944,Retail and ecommerce,Google,Video,2026-06-07,yes
ADV-248,Technology and SaaS,Google,Video,2026-07-02,no
ADV-835,Technology and SaaS,Meta,Carousel,2026-08-13,no
ADV-312,Retail and ecommerce,Google,Video,2026-06-14,yes
ADV-312,Public sector,Meta,Video,2026-06-01,yes
ADV-312,Media and publishing,Meta,Carousel,2026-06-12,yes
ADV-159,Media and publishing,Meta,Video,2026-07-06,yes
ADV-835,Public sector,Google,Carousel,2026-06-14,no
ADV-248,Media and publishing,Meta,Video,2026-09-05,yes
ADV-944,Retail and ecommerce,Meta,Carousel,2026-08-21,no
ADV-172,Technology and SaaS,Meta,Video,2026-05-22,yes
ADV-248,Public sector,Google,Video,2026-06-18,yes
ADV-312,Education,Google,Carousel,2026-05-24,no
ADV-944,Technology and SaaS,Meta,Video,2026-06-18,no
ADV-835,Technology and SaaS,Google,Carousel,2026-06-13,no
ADV-159,Education,Meta,Carousel,2026-05-28,no
ADV-312,Media and publishing,Meta,Carousel,2026-07-03,no
ADV-835,Public sector,Google,Static,2026-09-01,yes
ADV-944,Media and publishing,Meta,Video,2026-06-28,yes
ADV-159,Education,Google,Video,2026-08-13,yes
ADV-312,Public sector,Google,Video,2026-06-25,yes
ADV-835,Technology and SaaS,Meta,Static,2026-07-27,yes
ADV-248,Public sector,Meta,Static,2026-08-12,yes
ADV-312,Retail and ecommerce,Google,Video,2026-07-17,no
ADV-159,Public sector,Google,Carousel,2026-07-09,no
ADV-312,Education,Google,Carousel,2026-06-15,yes
ADV-944,Technology and SaaS,Google,Carousel,2026-08-22,yes
ADV-172,Energy,Meta,Video,2026-06-22,yes
ADV-835,Public sector,Google,Video,2026-09-04,no
ADV-172,Technology and SaaS,Meta,Carousel,2026-07-04,no
ADV-312,Energy,Meta,Carousel,2026-07-08,no
ADV-429,Technology and SaaS,Meta,Video,2026-07-25,no
ADV-429,Technology and SaaS,Meta,Video,2026-08-12,no
ADV-172,Media and publishing,Google,Carousel,2026-08-06,yes
ADV-545,Media and publishing,Google,Carousel,2026-08-24,no
ADV-429,Technology and SaaS,Google,Carousel,2026-06-29,no
ADV-429,Public sector,Meta,Carousel,2026-07-22,yes
ADV-545,Media and publishing,Meta,Carousel,2026-06-30,no
ADV-159,Technology and SaaS,Google,Carousel,2026-05-23,no
ADV-835,Retail and ecommerce,Meta,Carousel,2026-08-14,yes
ADV-545,Education,Meta,Video,2026-08-25,yes
ADV-944,Retail and ecommerce,Google,Static,2026-08-02,no
ADV-835,Public sector,Google,Video,2026-06-23,no
ADV-944,Education,Meta,Static,2026-05-19,yes
ADV-429,Technology and SaaS,Meta,Video,2026-08-15,yes
ADV-172,Public sector,Meta,Video,2026-08-23,no
ADV-429,Energy,Google,Carousel,2026-09-02,yes
ADV-944,Technology and SaaS,Google,Video,2026-05-29,no
ADV-944,Public sector,Meta,Carousel,2026-07-29,no
ADV-545,Media and publishing,Meta,Video,2026-07-06,no
ADV-248,Technology and SaaS,Google,Static,2026-05-26,no
ADV-545,Technology and SaaS,Meta,Carousel,2026-07-08,yes
ADV-172,Retail and ecommerce,Google,Static,2026-07-09,yes
ADV-248,Energy,Meta,Static,2026-07-08,yes
ADV-429,Media and publishing,Google,Video,2026-09-05,yes
ADV-312,Public sector,Google,Video,2026-07-17,yes
ADV-248,Technology and SaaS,Meta,Static,2026-08-26,yes
ADV-248,Technology and SaaS,Google,Video,2026-05-17,yes
ADV-159,Retail and ecommerce,Google,Carousel,2026-08-21,no
ADV-944,Public sector,Google,Carousel,2026-05-19,no
ADV-248,Technology and SaaS,Google,Static,2026-09-05,no
ADV-429,Retail and ecommerce,Meta,Video,2026-05-25,no
ADV-248,Education,Meta,Carousel,2026-07-10,no
ADV-159,Retail and ecommerce,Google,Video,2026-06-09,no
ADV-944,Education,Google,Carousel,2026-05-26,yes
ADV-835,Technology and SaaS,Google,Video,2026-06-10,no
ADV-429,Media and publishing,Meta,Carousel,2026-07-08,yes
ADV-248,Retail and ecommerce,Meta,Carousel,2026-07-24,no
ADV-835,Technology and SaaS,Meta,Carousel,2026-06-14,yes
ADV-835,Technology and SaaS,Google,Static,2026-07-03,yes
ADV-159,Retail and ecommerce,Google,Video,2026-06-05,no
ADV-312,Technology and SaaS,Google,Static,2026-06-08,no
ADV-159,Public sector,Google,Carousel,2026-08-31,yes
ADV-172,Technology and SaaS,Meta,Video,2026-06-20,no
ADV-429,Media and publishing,Google,Static,2026-05-21,no
ADV-172,Technology and SaaS,Google,Video,2026-06-30,no
ADV-312,Education,Google,Video,2026-06-27,no
ADV-312,Energy,Google,Video,2026-07-15,yes
ADV-312,Technology and SaaS,Meta,Static,2026-09-03,no
ADV-172,Education,Google,Video,2026-06-26,yes
ADV-944,Media and publishing,Google,Carousel,2026-07-26,no
ADV-172,Media and publishing,Google,Static,2026-07-01,no
ADV-159,Retail and ecommerce,Meta,Video,2026-07-18,no
ADV-172,Media and publishing,Meta,Video,2026-07-21,yes
ADV-172,Technology and SaaS,Meta,Carousel,2026-08-09,no
ADV-835,Energy,Meta,Video,2026-05-17,no
ADV-159,Education,Meta,Video,2026-08-12,yes
ADV-545,Technology and SaaS,Google,Static,2026-08-26,yes
ADV-248,Retail and ecommerce,Meta,Video,2026-07-06,yes
ADV-429,Technology and SaaS,Meta,Video,2026-06-04,yes
ADV-835,Media and publishing,Meta,Video,2026-06-25,yes
ADV-159,Retail and ecommerce,Google,Carousel,2026-06-27,no
ADV-429,Media and publishing,Meta,Video,2026-06-21,no
ADV-545,Retail and ecommerce,Meta,Carousel,2026-08-09,no
ADV-159,Media and publishing,Meta,Carousel,2026-05-18,no
ADV-159,Technology and SaaS,Google,Static,2026-07-06,no
ADV-312,Public sector,Meta,Carousel,2026-06-27,no
ADV-159,Public sector,Meta,Video,2026-06-24,no
ADV-944,Technology and SaaS,Google,Carousel,2026-05-30,no
ADV-429,Technology and SaaS,Google,Carousel,2026-08-06,no
ADV-429,Retail and ecommerce,Google,Video,2026-07-19,no
ADV-248,Technology and SaaS,Google,Carousel,2026-05-26,no
ADV-172,Technology and SaaS,Google,Carousel,2026-06-24,yes
ADV-835,Media and publishing,Google,Video,2026-06-27,yes
ADV-545,Technology and SaaS,Google,Video,2026-09-06,yes
ADV-248,Technology and SaaS,Google,Carousel,2026-08-01,yes
ADV-429,Media and publishing,Google,Video,2026-05-17,yes
ADV-248,Education,Google,Carousel,2026-08-16,yes
ADV-312,Energy,Google,Carousel,2026-08-07,yes
ADV-429,Education,Meta,Video,2026-08-22,yes
ADV-159,Technology and SaaS,Google,Video,2026-08-11,no
ADV-172,Energy,Google,Video,2026-07-05,no
ADV-312,Media and publishing,Meta,Video,2026-07-25,yes
ADV-835,Media and publishing,Meta,Carousel,2026-08-24,no
ADV-172,Media and publishing,Google,Video,2026-08-09,no
ADV-944,Public sector,Meta,Video,2026-07-24,no
ADV-248,Education,Meta,Video,2026-07-10,yes
ADV-429,Public sector,Meta,Video,2026-06-27,yes
ADV-545,Education,Google,Carousel,2026-06-01,yes
ADV-429,Energy,Meta,Video,2026-08-30,yes
ADV-429,Education,Google,Carousel,2026-08-11,yes
ADV-944,Public sector,Meta,Carousel,2026-08-14,yes
ADV-159,Media and publishing,Google,Video,2026-06-02,yes
ADV-429,Media and publishing,Google,Video,2026-07-21,yes
ADV-429,Retail and ecommerce,Google,Carousel,2026-09-11,no
ADV-944,Retail and ecommerce,Meta,Carousel,2026-08-24,no
ADV-248,Retail and ecommerce,Meta,Static,2026-09-03,yes
ADV-545,Media and publishing,Meta,Video,2026-06-22,no
ADV-159,Energy,Meta,Video,2026-07-06,yes
ADV-159,Education,Meta,Video,2026-07-28,no
ADV-944,Public sector,Meta,Video,2026-05-16,yes
ADV-248,Retail and ecommerce,Meta,Carousel,2026-06-28,yes
ADV-835,Technology and SaaS,Google,Video,2026-05-17,no
ADV-172,Retail and ecommerce,Google,Video,2026-06-10,no
ADV-835,Public sector,Meta,Carousel,2026-06-03,yes
ADV-835,Education,Google,Carousel,2026-07-26,yes
ADV-429,Education,Google,Carousel,2026-07-10,yes
ADV-312,Retail and ecommerce,Google,Video,2026-08-28,no
ADV-545,Media and publishing,Google,Video,2026-08-25,no
ADV-172,Technology and SaaS,Google,Video,2026-06-10,yes
ADV-312,Technology and SaaS,Google,Carousel,2026-07-21,no
ADV-429,Public sector,Meta,Carousel,2026-06-07,yes
ADV-159,Media and publishing,Meta,Video,2026-05-16,yes
ADV-944,Public sector,Meta,Video,2026-07-30,no
ADV-944,Technology and SaaS,Google,Static,2026-06-16,yes
ADV-172,Media and publishing,Google,Carousel,2026-08-24,yes
ADV-545,Technology and SaaS,Meta,Static,2026-06-26,yes
ADV-429,Energy,Meta,Carousel,2026-06-07,yes
ADV-172,Public sector,Meta,Carousel,2026-07-09,yes
ADV-944,Energy,Google,Carousel,2026-09-06,no
ADV-172,Public sector,Meta,Static,2026-06-09,yes
ADV-944,Public sector,Meta,Video,2026-07-02,yes
ADV-944,Public sector,Google,Static,2026-08-11,no
ADV-172,Public sector,Google,Carousel,2026-05-18,yes
ADV-545,Technology and SaaS,Meta,Video,2026-08-01,no
ADV-429,Education,Meta,Video,2026-07-05,no
ADV-159,Retail and ecommerce,Google,Video,2026-07-20,yes
ADV-429,Media and publishing,Meta,Static,2026-05-30,no
ADV-159,Media and publishing,Meta,Carousel,2026-07-09,no
ADV-545,Technology and SaaS,Meta,Carousel,2026-07-22,yes
ADV-835,Media and publishing,Meta,Carousel,2026-08-17,no
ADV-545,Education,Google,Carousel,2026-08-29,yes
ADV-835,Technology and SaaS,Meta,Carousel,2026-08-08,no
ADV-545,Public sector,Google,Carousel,2026-06-07,yes
ADV-835,Media and publishing,Google,Video,2026-08-15,no
ADV-545,Energy,Google,Static,2026-05-17,no
ADV-429,Technology and SaaS,Meta,Carousel,2026-09-12,yes
ADV-172,Retail and ecommerce,Meta,Static,2026-09-12,no
ADV-944,Media and publishing,Google,Video,2026-07-15,yes
ADV-545,Retail and ecommerce,Meta,Carousel,2026-05-23,yes
ADV-545,Retail and ecommerce,Google,Video,2026-08-18,no
ADV-429,Media and publishing,Google,Static,2026-07-05,no
ADV-429,Media and publishing,Meta,Video,2026-08-26,no
ADV-835,Media and publishing,Google,Video,2026-06-02,no
ADV-429,Technology and SaaS,Google,Video,2026-07-19,yes
ADV-835,Retail and ecommerce,Meta,Carousel,2026-09-05,yes
ADV-944,Technology and SaaS,Google,Video,2026-07-19,no
ADV-429,Retail and ecommerce,Google,Video,2026-08-24,yes
ADV-429,Energy,Google,Carousel,2026-05-25,yes
ADV-429,Public sector,Google,Video,2026-07-09,yes
ADV-429,Media and publishing,Meta,Video,2026-05-22,yes
ADV-248,Public sector,Google,Video,2026-08-27,yes
ADV-944,Technology and SaaS,Google,Video,2026-06-01,no
ADV-172,Technology and SaaS,Meta,Video,2026-06-26,yes
ADV-172,Media and publishing,Meta,Video,2026-08-19,no
ADV-172,Technology and SaaS,Meta,Carousel,2026-08-10,yes
ADV-172,Technology and SaaS,Google,Video,2026-06-08,no
ADV-248,Education,Google,Video,2026-08-24,yes
ADV-159,Public sector,Google,Carousel,2026-09-04,yes
ADV-172,Technology and SaaS,Google,Video,2026-05-31,yes
ADV-429,Public sector,Meta,Video,2026-08-18,no
ADV-944,Media and publishing,Google,Video,2026-05-31,no
ADV-312,Media and publishing,Meta,Video,2026-07-01,no
ADV-429,Technology and SaaS,Meta,Video,2026-05-20,no
ADV-159,Public sector,Meta,Video,2026-08-08,no
ADV-429,Public sector,Google,Video,2026-08-24,yes
ADV-248,Education,Google,Carousel,2026-07-07,no
ADV-944,Energy,Meta,Video,2026-08-24,no
ADV-545,Public sector,Google,Video,2026-07-08,yes
ADV-248,Technology and SaaS,Meta,Video,2026-06-07,yes
ADV-172,Technology and SaaS,Meta,Static,2026-07-24,yes
ADV-429,Media and publishing,Google,Carousel,2026-06-01,yes
ADV-159,Media and publishing,Meta,Video,2026-08-21,no
ADV-545,Technology and SaaS,Google,Video,2026-05-23,yes
ADV-159,Technology and SaaS,Google,Video,2026-06-04,yes
ADV-835,Education,Google,Video,2026-07-03,yes
ADV-835,Public sector,Meta,Video,2026-05-29,yes
ADV-944,Public sector,Google,Carousel,2026-07-18,no
ADV-248,Technology and SaaS,Meta,Carousel,2026-09-07,no
ADV-944,Retail and ecommerce,Google,Video,2026-06-22,no
ADV-172,Media and publishing,Google,Static,2026-05-21,yes
ADV-545,Retail and ecommerce,Google,Video,2026-08-12,yes
ADV-545,Education,Google,Carousel,2026-06-25,yes
ADV-545,Media and publishing,Meta,Static,2026-08-08,yes
ADV-429,Media and publishing,Google,Carousel,2026-07-06,yes
ADV-159,Education,Google,Video,2026-07-29,no
ADV-159,Technology and SaaS,Google,Static,2026-07-27,no
ADV-248,Media and publishing,Google,Carousel,2026-08-21,no
ADV-944,Education,Google,Static,2026-06-09,no
ADV-545,Retail and ecommerce,Meta,Video,2026-05-24,yes
ADV-159,Media and publishing,Google,Video,2026-07-09,yes
ADV-429,Energy,Google,Video,2026-06-21,no
ADV-312,Media and publishing,Google,Static,2026-09-12,no
ADV-172,Retail and ecommerce,Google,Video,2026-06-23,no
ADV-159,Technology and SaaS,Meta,Carousel,2026-05-31,no
ADV-944,Technology and SaaS,Google,Video,2026-06-13,no
ADV-944,Retail and ecommerce,Google,Carousel,2026-05-19,no
ADV-545,Energy,Google,Video,2026-06-24,yes
ADV-429,Retail and ecommerce,Meta,Video,2026-08-11,no
ADV-835,Media and publishing,Google,Video,2026-06-07,yes
ADV-159,Technology and SaaS,Google,Carousel,2026-07-29,no
ADV-545,Retail and ecommerce,Google,Carousel,2026-09-03,yes
ADV-312,Education,Google,Carousel,2026-06-23,no
ADV-429,Media and publishing,Meta,Video,2026-08-02,yes
ADV-159,Retail and ecommerce,Google,Carousel,2026-08-24,no
ADV-944,Technology and SaaS,Meta,Carousel,2026-09-08,yes
ADV-159,Technology and SaaS,Google,Carousel,2026-07-24,no
ADV-312,Media and publishing,Meta,Video,2026-06-08,yes
ADV-172,Technology and SaaS,Google,Carousel,2026-08-22,yes
ADV-429,Technology and SaaS,Google,Carousel,2026-06-15,yes
ADV-172,Technology and SaaS,Meta,Video,2026-06-04,no
ADV-312,Energy,Meta,Video,2026-08-07,yes
ADV-159,Public sector,Meta,Static,2026-06-06,no
ADV-159,Technology and SaaS,Google,Video,2026-07-04,yes
ADV-159,Technology and SaaS,Google,Carousel,2026-05-22,yes
ADV-429,Retail and ecommerce,Meta,Video,2026-09-10,yes
ADV-159,Retail and ecommerce,Google,Static,2026-07-04,yes
ADV-248,Public sector,Google,Video,2026-05-26,yes
ADV-312,Energy,Meta,Carousel,2026-07-18,no
ADV-172,Energy,Meta,Carousel,2026-08-17,no
ADV-248,Media and publishing,Google,Carousel,2026-09-01,yes
ADV-312,Technology and SaaS,Google,Carousel,2026-05-16,yes
ADV-248,Energy,Meta,Carousel,2026-08-24,yes
ADV-545,Retail and ecommerce,Meta,Carousel,2026-05-23,no
ADV-248,Education,Google,Carousel,2026-06-06,yes
ADV-159,Education,Google,Static,2026-07-28,no
ADV-545,Public sector,Meta,Static,2026-06-24,yes
ADV-545,Technology and SaaS,Google,Video,2026-05-25,yes
ADV-312,Education,Google,Video,2026-07-15,yes
ADV-159,Education,Google,Carousel,2026-08-10,yes
ADV-944,Media and publishing,Meta,Carousel,2026-08-28,yes
ADV-429,Education,Google,Video,2026-07-30,no
ADV-312,Technology and SaaS,Google,Video,2026-09-07,yes
ADV-248,Energy,Meta,Carousel,2026-07-26,no
ADV-159,Media and publishing,Meta,Static,2026-08-19,no
ADV-172,Public sector,Meta,Video,2026-06-18,yes
ADV-312,Technology and SaaS,Meta,Video,2026-07-15,yes
ADV-545,Retail and ecommerce,Google,Video,2026-07-21,yes
ADV-429,Technology and SaaS,Google,Carousel,2026-06-12,no
ADV-944,Media and publishing,Meta,Static,2026-08-01,no
ADV-944,Education,Google,Carousel,2026-08-11,no
ADV-944,Public sector,Google,Carousel,2026-07-16,yes
ADV-248,Media and publishing,Google,Static,2026-06-04,no
ADV-429,Education,Meta,Video,2026-07-19,no
ADV-835,Education,Google,Video,2026-07-07,no
ADV-835,Technology and SaaS,Google,Static,2026-05-18,yes
ADV-429,Media and publishing,Meta,Carousel,2026-08-11,yes
ADV-835,Public sector,Google,Video,2026-07-25,no
ADV-159,Education,Google,Carousel,2026-06-28,no
ADV-944,Public sector,Meta,Video,2026-08-24,no
ADV-429,Media and publishing,Meta,Carousel,2026-05-30,no
ADV-944,Education,Google,Video,2026-08-04,yes
ADV-835,Retail and ecommerce,Meta,Carousel,2026-07-11,yes
ADV-248,Energy,Meta,Carousel,2026-07-21,no
ADV-248,Media and publishing,Google,Carousel,2026-07-18,yes
ADV-545,Retail and ecommerce,Google,Static,2026-05-31,yes
ADV-835,Technology and SaaS,Meta,Carousel,2026-07-04,yes
ADV-312,Education,Meta,Video,2026-07-27,yes
ADV-248,Media and publishing,Meta,Video,2026-07-24,no
ADV-944,Media and publishing,Google,Carousel,2026-06-17,yes
ADV-248,Retail and ecommerce,Meta,Video,2026-08-09,yes
ADV-429,Technology and SaaS,Google,Carousel,2026-09-12,no
ADV-248,Education,Google,Static,2026-08-19,yes
ADV-248,Education,Google,Static,2026-08-20,yes
ADV-172,Education,Meta,Video,2026-08-01,no
ADV-159,Media and publishing,Meta,Carousel,2026-06-03,no
ADV-944,Education,Meta,Carousel,2026-06-12,no
ADV-835,Media and publishing,Google,Video,2026-07-20,yes
ADV-248,Technology and SaaS,Meta,Static,2026-06-13,no
ADV-312,Technology and SaaS,Meta,Static,2026-06-30,no
ADV-944,Public sector,Google,Static,2026-05-19,yes
ADV-545,Technology and SaaS,Meta,Video,2026-05-28,yes
ADV-429,Media and publishing,Google,Carousel,2026-06-13,yes
ADV-172,Technology and SaaS,Google,Video,2026-08-21,no
ADV-172,Technology and SaaS,Meta,Static,2026-06-01,yes
ADV-944,Energy,Meta,Video,2026-09-06,yes
ADV-944,Media and publishing,Meta,Video,2026-09-01,no
ADV-248,Public sector,Meta,Static,2026-08-21,no
ADV-248,Retail and ecommerce,Google,Video,2026-06-11,no
ADV-172,Public sector,Google,Carousel,2026-07-28,yes
ADV-312,Technology and SaaS,Google,Video,2026-06-16,no
ADV-429,Public sector,Meta,Video,2026-07-07,yes
ADV-944,Media and publishing,Google,Video,2026-06-10,no
ADV-429,Retail and ecommerce,Google,Carousel,2026-07-26,no
ADV-835,Media and publishing,Meta,Video,2026-06-24,yes
ADV-835,Technology and SaaS,Google,Video,2026-06-10,no
ADV-429,Public sector,Google,Carousel,2026-08-08,yes
ADV-944,Energy,Google,Carousel,2026-07-28,no
ADV-545,Public sector,Meta,Video,2026-06-30,no
ADV-248,Media and publishing,Meta,Video,2026-07-25,yes
ADV-944,Retail and ecommerce,Google,Static,2026-07-20,yes
ADV-545,Energy,Google,Video,2026-05-18,no
ADV-545,Media and publishing,Google,Video,2026-06-05,yes
ADV-172,Retail and ecommerce,Google,Video,2026-08-02,yes
ADV-159,Education,Meta,Carousel,2026-05-29,no
ADV-835,Technology and SaaS,Google,Static,2026-06-12,no
ADV-172,Retail and ecommerce,Google,Video,2026-06-20,no
ADV-545,Media and publishing,Meta,Carousel,2026-06-26,no
ADV-159,Technology and SaaS,Google,Video,2026-05-22,no
ADV-835,Energy,Meta,Static,2026-07-08,no
ADV-944,Technology and SaaS,Google,Video,2026-08-04,no
ADV-835,Energy,Meta,Video,2026-09-11,no
ADV-429,Education,Google,Video,2026-05-30,yes
ADV-312,Media and publishing,Meta,Video,2026-07-18,no
ADV-944,Education,Meta,Static,2026-08-23,yes
ADV-248,Media and publishing,Meta,Video,2026-07-23,yes
ADV-545,Public sector,Google,Video,2026-07-01,yes
ADV-835,Media and publishing,Meta,Static,2026-07-13,no
ADV-429,Education,Google,Video,2026-05-18,yes
ADV-429,Media and publishing,Meta,Video,2026-05-16,yes
ADV-248,Media and publishing,Google,Video,2026-09-03,no
ADV-545,Media and publishing,Google,Video,2026-07-21,no
ADV-172,Technology and SaaS,Meta,Static,2026-06-21,no
ADV-944,Education,Meta,Video,2026-07-11,yes
ADV-429,Media and publishing,Google,Video,2026-06-04,no
ADV-312,Media and publishing,Meta,Video,2026-06-19,no
ADV-159,Energy,Google,Video,2026-07-30,yes
ADV-172,Retail and ecommerce,Google,Static,2026-09-12,no
ADV-159,Retail and ecommerce,Google,Carousel,2026-07-06,yes
ADV-429,Energy,Meta,Video,2026-06-29,yes
ADV-429,Education,Google,Video,2026-06-21,yes
ADV-944,Media and publishing,Google,Carousel,2026-06-19,no
ADV-429,Public sector,Google,Carousel,2026-07-15,yes
ADV-835,Retail and ecommerce,Meta,Carousel,2026-09-08,no
ADV-248,Energy,Meta,Video,2026-07-26,yes
ADV-248,Media and publishing,Meta,Static,2026-09-03,yes
ADV-944,Energy,Google,Carousel,2026-06-26,no
ADV-312,Energy,Meta,Video,2026-06-19,no
ADV-248,Technology and SaaS,Google,Video,2026-08-20,no
ADV-159,Education,Meta,Video,2026-07-04,yes
ADV-312,Education,Google,Video,2026-07-06,no
ADV-159,Energy,Meta,Video,2026-07-28,no
ADV-944,Technology and SaaS,Google,Video,2026-07-29,no
ADV-429,Education,Meta,Carousel,2026-06-11,no
ADV-944,Media and publishing,Google,Video,2026-08-23,no
ADV-159,Media and publishing,Meta,Carousel,2026-09-02,no
ADV-429,Media and publishing,Meta,Video,2026-05-31,no
ADV-312,Technology and SaaS,Meta,Static,2026-07-09,no
ADV-835,Media and publishing,Meta,Video,2026-05-28,no
ADV-312,Media and publishing,Google,Video,2026-08-24,yes
ADV-248,Technology and SaaS,Google,Video,2026-07-02,yes
ADV-429,Media and publishing,Meta,Video,2026-09-09,yes
ADV-944,Retail and ecommerce,Meta,Static,2026-08-30,yes
ADV-248,Media and publishing,Meta,Carousel,2026-06-24,no
ADV-312,Energy,Google,Video,2026-08-19,yes
ADV-159,Public sector,Meta,Video,2026-08-31,yes
ADV-944,Energy,Meta,Carousel,2026-09-06,yes
ADV-312,Technology and SaaS,Meta,Video,2026-08-11,yes
ADV-248,Media and publishing,Google,Carousel,2026-08-18,yes
ADV-248,Media and publishing,Meta,Carousel,2026-07-26,no
ADV-944,Technology and SaaS,Meta,Video,2026-08-13,yes
ADV-159,Media and publishing,Google,Carousel,2026-05-26,no
ADV-429,Technology and SaaS,Google,Carousel,2026-08-12,yes
ADV-944,Public sector,Meta,Carousel,2026-09-10,no
ADV-835,Education,Meta,Static,2026-06-24,no
ADV-172,Retail and ecommerce,Google,Carousel,2026-06-08,no
ADV-835,Media and publishing,Meta,Video,2026-05-16,no
ADV-429,Retail and ecommerce,Meta,Carousel,2026-06-22,no
ADV-312,Energy,Google,Video,2026-07-16,no
ADV-545,Media and publishing,Meta,Video,2026-07-24,no
ADV-312,Media and publishing,Google,Video,2026-06-21,no
ADV-835,Energy,Google,Carousel,2026-09-03,no
ADV-835,Education,Meta,Video,2026-07-10,no
ADV-312,Retail and ecommerce,Meta,Carousel,2026-05-31,no
ADV-312,Education,Meta,Carousel,2026-06-16,yes
ADV-545,Public sector,Google,Carousel,2026-05-25,yes
ADV-429,Technology and SaaS,Meta,Carousel,2026-08-20,yes
ADV-835,Energy,Google,Carousel,2026-07-01,yes
ADV-172,Retail and ecommerce,Meta,Carousel,2026-08-18,yes
ADV-248,Energy,Meta,Video,2026-08-26,yes
ADV-312,Energy,Meta,Carousel,2026-06-29,no
ADV-545,Retail and ecommerce,Meta,Video,2026-05-24,no
ADV-172,Technology and SaaS,Google,Video,2026-07-25,no
ADV-172,Technology and SaaS,Google,Static,2026-05-26,no
ADV-159,Media and publishing,Google,Video,2026-08-03,yes
ADV-429,Education,Meta,Carousel,2026-06-22,yes
ADV-545,Energy,Google,Video,2026-09-03,no
ADV-545,Technology and SaaS,Google,Video,2026-05-20,no
ADV-172,Education,Meta,Video,2026-08-22,no
ADV-545,Education,Meta,Static,2026-05-24,no
ADV-545,Retail and ecommerce,Google,Video,2026-07-02,no
ADV-172,Education,Google,Carousel,2026-07-30,yes
ADV-312,Energy,Meta,Carousel,2026-05-20,no
ADV-172,Media and publishing,Meta,Carousel,2026-06-16,yes
ADV-172,Media and publishing,Meta,Video,2026-06-02,no
ADV-835,Retail and ecommerce,Google,Video,2026-06-20,no
ADV-545,Energy,Meta,Carousel,2026-06-25,yes
ADV-248,Education,Meta,Static,2026-07-19,yes
ADV-312,Technology and SaaS,Meta,Carousel,2026-06-06,no
ADV-944,Media and publishing,Google,Video,2026-05-28,yes
ADV-835,Technology and SaaS,Google,Video,2026-05-31,yes
ADV-312,Public sector,Google,Carousel,2026-07-18,no
ADV-545,Media and publishing,Meta,Video,2026-07-06,yes
ADV-944,Retail and ecommerce,Google,Video,2026-06-04,no
ADV-545,Technology and SaaS,Meta,Video,2026-07-11,yes
ADV-172,Public sector,Google,Video,2026-07-05,yes
ADV-248,Retail and ecommerce,Meta,Video,2026-07-30,yes
ADV-248,Media and publishing,Meta,Video,2026-08-10,no
ADV-944,Public sector,Meta,Video,2026-09-08,yes
ADV-248,Technology and SaaS,Meta,Video,2026-05-24,no
ADV-944,Energy,Google,Static,2026-06-22,yes
ADV-248,Technology and SaaS,Google,Static,2026-07-19,yes
ADV-159,Retail and ecommerce,Google,Video,2026-06-23,yes
ADV-545,Public sector,Meta,Carousel,2026-05-27,yes
ADV-545,Technology and SaaS,Google,Video,2026-06-27,no
ADV-159,Education,Google,Carousel,2026-06-20,no
ADV-944,Technology and SaaS,Meta,Carousel,2026-07-19,yes
ADV-248,Public sector,Google,Video,2026-06-29,yes
ADV-248,Education,Meta,Video,2026-07-04,no
ADV-429,Energy,Meta,Video,2026-06-21,yes
ADV-835,Public sector,Google,Video,2026-09-01,no
ADV-312,Education,Google,Carousel,2026-07-21,no
ADV-159,Education,Meta,Video,2026-08-04,yes
ADV-172,Education,Meta,Carousel,2026-06-18,no
ADV-159,Media and publishing,Meta,Carousel,2026-07-01,yes
ADV-172,Retail and ecommerce,Meta,Video,2026-05-28,yes
ADV-944,Media and publishing,Google,Static,2026-06-24,no
ADV-429,Public sector,Google,Video,2026-06-23,no
ADV-545,Retail and ecommerce,Meta,Static,2026-06-13,no
ADV-312,Energy,Meta,Carousel,2026-06-17,no
ADV-159,Energy,Meta,Carousel,2026-07-27,yes
ADV-172,Public sector,Google,Video,2026-06-12,yes
ADV-944,Media and publishing,Meta,Carousel,2026-06-03,no
ADV-429,Media and publishing,Google,Video,2026-07-09,no
ADV-159,Technology and SaaS,Meta,Video,2026-08-14,no
ADV-944,Media and publishing,Meta,Video,2026-08-21,yes
ADV-835,Technology and SaaS,Google,Video,2026-09-04,yes
ADV-835,Retail and ecommerce,Google,Video,2026-07-11,no
ADV-248,Technology and SaaS,Google,Carousel,2026-09-09,yes
ADV-944,Energy,Meta,Video,2026-09-02,no
ADV-248,Technology and SaaS,Google,Carousel,2026-08-12,yes
ADV-312,Technology and SaaS,Meta,Video,2026-05-21,yes
ADV-944,Public sector,Meta,Carousel,2026-06-12,yes
ADV-159,Media and publishing,Google,Carousel,2026-07-11,no
ADV-545,Media and publishing,Meta,Carousel,2026-05-29,yes
ADV-835,Media and publishing,Meta,Static,2026-08-04,no
ADV-159,Education,Google,Video,2026-06-16,yes
ADV-248,Technology and SaaS,Google,Carousel,2026-07-09,no
ADV-159,Media and publishing,Google,Video,2026-07-15,no
ADV-944,Energy,Meta,Carousel,2026-08-15,yes
ADV-159,Public sector,Meta,Carousel,2026-05-20,no
ADV-545,Technology and SaaS,Meta,Video,2026-08-25,no
ADV-248,Public sector,Google,Carousel,2026-06-07,no
ADV-159,Media and publishing,Meta,Video,2026-05-25,no
ADV-944,Public sector,Meta,Video,2026-07-24,no
ADV-248,Public sector,Google,Video,2026-06-20,no
ADV-429,Media and publishing,Meta,Video,2026-06-01,yes
ADV-429,Public sector,Meta,Carousel,2026-08-05,yes
ADV-312,Technology and SaaS,Meta,Video,2026-08-07,yes
ADV-312,Public sector,Google,Carousel,2026-07-21,no
ADV-429,Energy,Google,Video,2026-07-21,no
ADV-545,Public sector,Google,Video,2026-06-06,no
ADV-159,Education,Google,Video,2026-08-16,yes
ADV-944,Technology and SaaS,Google,Video,2026-08-31,no
ADV-545,Technology and SaaS,Google,Static,2026-08-14,no
ADV-429,Public sector,Google,Carousel,2026-08-16,yes
ADV-172,Education,Meta,Video,2026-08-23,yes
ADV-172,Technology and SaaS,Google,Static,2026-06-09,yes
ADV-545,Media and publishing,Google,Carousel,2026-05-19,yes
ADV-545,Retail and ecommerce,Google,Video,2026-09-06,yes
ADV-545,Education,Google,Carousel,2026-09-01,no
ADV-429,Media and publishing,Meta,Video,2026-09-11,yes
ADV-312,Technology and SaaS,Meta,Video,2026-07-31,no
ADV-835,Public sector,Meta,Carousel,2026-07-27,yes
ADV-312,Retail and ecommerce,Meta,Static,2026-08-15,yes
ADV-944,Public sector,Google,Video,2026-08-10,yes
ADV-248,Energy,Google,Video,2026-08-21,yes
ADV-944,Media and publishing,Google,Video,2026-06-01,no
ADV-944,Education,Meta,Video,2026-08-13,yes
ADV-835,Retail and ecommerce,Google,Carousel,2026-07-21,yes
ADV-429,Energy,Meta,Carousel,2026-07-29,yes
ADV-944,Public sector,Meta,Static,2026-05-22,no
ADV-944,Retail and ecommerce,Meta,Video,2026-08-22,yes
ADV-944,Media and publishing,Meta,Static,2026-08-22,no
ADV-944,Media and publishing,Meta,Video,2026-07-30,no
ADV-545,Technology and SaaS,Google,Video,2026-09-04,no
ADV-545,Energy,Meta,Video,2026-09-07,yes
ADV-172,Public sector,Meta,Carousel,2026-06-12,yes
ADV-429,Technology and SaaS,Meta,Video,2026-07-13,yes
ADV-159,Technology and SaaS,Google,Video,2026-07-23,yes
ADV-248,Technology and SaaS,Meta,Carousel,2026-05-21,yes
ADV-159,Technology and SaaS,Meta,Video,2026-08-02,yes
ADV-312,Retail and ecommerce,Meta,Video,2026-05-28,no
ADV-944,Energy,Meta,Carousel,2026-08-09,yes
ADV-312,Technology and SaaS,Google,Static,2026-07-27,yes
ADV-944,Energy,Meta,Static,2026-07-21,yes
ADV-159,Public sector,Meta,Carousel,2026-07-05,yes
ADV-159,Education,Meta,Carousel,2026-06-11,yes
ADV-835,Technology and SaaS,Meta,Carousel,2026-05-29,yes
ADV-835,Media and publishing,Meta,Carousel,2026-08-29,no
ADV-172,Technology and SaaS,Google,Video,2026-07-17,yes
ADV-172,Public sector,Google,Video,2026-08-25,yes
ADV-172,Technology and SaaS,Google,Carousel,2026-08-11,no
ADV-312,Public sector,Google,Carousel,2026-08-29,no
ADV-429,Media and publishing,Meta,Video,2026-08-13,no
ADV-545,Education,Google,Video,2026-08-08,no
ADV-248,Media and publishing,Google,Carousel,2026-05-24,yes
ADV-835,Technology and SaaS,Google,Carousel,2026-06-07,no
ADV-429,Technology and SaaS,Google,Carousel,2026-05-28,yes
ADV-835,Media and publishing,Google,Video,2026-06-04,no
ADV-429,Retail and ecommerce,Meta,Video,2026-05-30,no
ADV-944,Media and publishing,Meta,Video,2026-09-12,no
ADV-429,Education,Meta,Static,2026-05-17,no
ADV-312,Energy,Meta,Carousel,2026-05-18,no
ADV-172,Media and publishing,Google,Video,2026-06-04,no
ADV-312,Technology and SaaS,Google,Video,2026-06-22,yes
ADV-172,Technology and SaaS,Google,Video,2026-05-26,no
ADV-248,Media and publishing,Google,Video,2026-08-27,yes
ADV-312,Media and publishing,Google,Static,2026-07-07,yes
ADV-545,Media and publishing,Google,Carousel,2026-05-17,yes
ADV-312,Energy,Meta,Static,2026-07-16,yes
ADV-944,Public sector,Meta,Video,2026-08-02,no
ADV-835,Energy,Meta,Carousel,2026-05-26,yes
ADV-159,Technology and SaaS,Google,Carousel,2026-08-25,yes
ADV-545,Media and publishing,Meta,Video,2026-06-14,no
ADV-545,Energy,Meta,Video,2026-09-07,yes
ADV-429,Technology and SaaS,Meta,Video,2026-08-01,no
ADV-545,Retail and ecommerce,Meta,Video,2026-07-07,yes
ADV-159,Education,Meta,Video,2026-08-05,yes
ADV-159,Media and publishing,Google,Video,2026-05-18,no
ADV-312,Technology and SaaS,Meta,Carousel,2026-06-22,no
ADV-248,Media and publishing,Meta,Video,2026-09-06,yes
ADV-835,Retail and ecommerce,Google,Carousel,2026-09-06,yes
ADV-944,Education,Meta,Video,2026-06-23,yes
ADV-944,Media and publishing,Google,Video,2026-09-05,yes
ADV-835,Technology and SaaS,Google,Carousel,2026-08-15,no
ADV-835,Public sector,Google,Carousel,2026-05-28,yes
ADV-835,Media and publishing,Meta,Carousel,2026-07-20,no
ADV-312,Education,Google,Video,2026-06-30,yes
ADV-835,Technology and SaaS,Meta,Carousel,2026-08-19,no
ADV-159,Media and publishing,Google,Carousel,2026-05-17,yes
ADV-835,Energy,Google,Video,2026-07-07,no
ADV-545,Education,Meta,Carousel,2026-08-30,yes
ADV-944,Retail and ecommerce,Google,Video,2026-05-25,yes
ADV-312,Media and publishing,Google,Video,2026-07-22,yes
ADV-312,Media and publishing,Meta,Video,2026-07-24,yes
ADV-429,Public sector,Meta,Video,2026-08-21,yes
ADV-944,Media and publishing,Meta,Static,2026-08-20,no
ADV-429,Technology and SaaS,Meta,Video,2026-09-06,no
ADV-545,Education,Meta,Video,2026-07-28,no
ADV-312,Technology and SaaS,Google,Video,2026-06-11,yes
ADV-835,Retail and ecommerce,Google,Carousel,2026-07-13,no
ADV-312,Media and publishing,Meta,Carousel,2026-09-02,yes
ADV-944,Education,Google,Video,2026-08-07,no
ADV-159,Education,Google,Carousel,2026-07-12,no
ADV-429,Retail and ecommerce,Meta,Carousel,2026-09-12,no
ADV-248,Public sector,Google,Carousel,2026-06-17,yes
ADV-835,Media and publishing,Google,Video,2026-09-03,no
ADV-312,Energy,Google,Carousel,2026-07-22,yes
ADV-248,Public sector,Meta,Video,2026-08-30,yes
ADV-545,Education,Meta,Carousel,2026-08-08,yes
ADV-312,Media and publishing,Meta,Video,2026-09-07,no
ADV-172,Technology and SaaS,Google,Carousel,2026-09-07,no
ADV-312,Energy,Google,Carousel,2026-08-14,no
ADV-248,Energy,Google,Carousel,2026-06-12,yes
ADV-248,Energy,Meta,Video,2026-06-29,no
ADV-944,Retail and ecommerce,Google,Video,2026-09-03,no
ADV-312,Media and publishing,Google,Video,2026-07-29,yes
ADV-172,Energy,Google,Carousel,2026-06-28,yes
ADV-159,Media and publishing,Google,Carousel,2026-06-18,yes
ADV-944,Energy,Google,Carousel,2026-09-09,yes
ADV-429,Technology and SaaS,Google,Static,2026-06-12,yes
ADV-545,Energy,Meta,Carousel,2026-09-10,no
ADV-545,Technology and SaaS,Google,Carousel,2026-05-25,no
ADV-172,Public sector,Meta,Carousel,2026-07-13,no
ADV-159,Technology and SaaS,Meta,Carousel,2026-07-06,no
ADV-159,Public sector,Google,Video,2026-05-23,yes
ADV-429,Technology and SaaS,Meta,Static,2026-06-28,no
ADV-835,Technology and SaaS,Meta,Video,2026-05-19,yes
ADV-545,Retail and ecommerce,Meta,Carousel,2026-07-30,yes
ADV-944,Retail and ecommerce,Google,Carousel,2026-07-10,no
ADV-944,Technology and SaaS,Google,Video,2026-07-26,yes
ADV-248,Public sector,Google,Video,2026-05-30,no
ADV-944,Technology and SaaS,Meta,Video,2026-09-09,yes
ADV-159,Public sector,Meta,Carousel,2026-08-22,yes
ADV-545,Education,Meta,Carousel,2026-07-20,yes
ADV-429,Technology and SaaS,Meta,Video,2026-05-24,no
ADV-159,Media and publishing,Google,Carousel,2026-07-29,no
ADV-429,Energy,Google,Static,2026-08-19,yes
ADV-944,Education,Meta,Video,2026-08-07,yes
ADV-545,Retail and ecommerce,Google,Video,2026-05-18,yes
ADV-835,Public sector,Meta,Video,2026-06-01,no
ADV-159,Energy,Google,Video,2026-09-01,yes
ADV-429,Technology and SaaS,Meta,Video,2026-06-23,no
ADV-159,Technology and SaaS,Meta,Video,2026-05-17,yes
ADV-545,Media and publishing,Meta,Video,2026-08-15,yes
ADV-944,Energy,Google,Video,2026-08-14,no
ADV-172,Public sector,Meta,Carousel,2026-08-12,no
ADV-545,Public sector,Google,Video,2026-07-19,yes
ADV-429,Media and publishing,Meta,Carousel,2026-06-10,no
ADV-172,Education,Google,Carousel,2026-08-02,yes
ADV-248,Technology and SaaS,Google,Static,2026-07-28,yes
ADV-248,Public sector,Meta,Static,2026-08-14,yes
ADV-248,Energy,Google,Carousel,2026-07-21,no
ADV-545,Technology and SaaS,Google,Static,2026-08-23,no
ADV-545,Energy,Meta,Static,2026-08-09,yes
ADV-429,Education,Google,Video,2026-09-04,yes
ADV-248,Retail and ecommerce,Meta,Video,2026-08-21,no
ADV-172,Retail and ecommerce,Google,Static,2026-08-27,yes
ADV-944,Media and publishing,Meta,Video,2026-05-31,no
ADV-248,Energy,Meta,Video,2026-08-18,no
ADV-172,Media and publishing,Meta,Carousel,2026-09-10,no
ADV-159,Public sector,Meta,Video,2026-09-10,no
ADV-312,Media and publishing,Google,Video,2026-06-21,yes
ADV-545,Retail and ecommerce,Meta,Video,2026-05-31,yes
ADV-172,Public sector,Google,Video,2026-08-11,yes
ADV-159,Media and publishing,Meta,Static,2026-08-21,yes
ADV-944,Media and publishing,Meta,Carousel,2026-05-29,yes
ADV-835,Public sector,Meta,Video,2026-06-18,yes
ADV-944,Technology and SaaS,Google,Video,2026-06-20,no
ADV-545,Media and publishing,Google,Carousel,2026-09-04,yes
ADV-944,Education,Meta,Static,2026-07-30,no
ADV-429,Technology and SaaS,Meta,Video,2026-08-31,no
ADV-835,Technology and SaaS,Meta,Video,2026-05-23,yes
ADV-159,Technology and SaaS,Meta,Video,2026-07-26,no
ADV-429,Retail and ecommerce,Meta,Video,2026-08-21,no
ADV-944,Media and publishing,Google,Carousel,2026-08-21,yes
ADV-172,Education,Google,Video,2026-06-01,no
ADV-312,Energy,Google,Carousel,2026-08-28,no
ADV-248,Public sector,Meta,Video,2026-07-01,yes
ADV-944,Media and publishing,Meta,Video,2026-07-27,yes
ADV-944,Technology and SaaS,Meta,Carousel,2026-08-01,no
ADV-429,Technology and SaaS,Meta,Video,2026-09-06,yes
ADV-545,Education,Google,Video,2026-07-21,no
ADV-429,Education,Google,Carousel,2026-08-18,no
ADV-429,Education,Google,Carousel,2026-08-04,yes
ADV-159,Media and publishing,Google,Video,2026-08-10,no
ADV-429,Education,Google,Carousel,2026-08-08,yes
ADV-835,Energy,Meta,Carousel,2026-08-22,no
ADV-944,Media and publishing,Meta,Video,2026-07-05,yes
ADV-248,Technology and SaaS,Meta,Video,2026-08-03,yes
ADV-545,Technology and SaaS,Meta,Video,2026-06-25,no
ADV-248,Technology and SaaS,Meta,Carousel,2026-08-25,no
ADV-944,Retail and ecommerce,Meta,Static,2026-06-05,no
ADV-159,Technology and SaaS,Google,Video,2026-07-04,no
ADV-429,Education,Google,Video,2026-05-18,no
ADV-944,Media and publishing,Meta,Carousel,2026-08-03,yes
ADV-429,Media and publishing,Google,Static,2026-07-09,yes
ADV-545,Media and publishing,Meta,Video,2026-06-23,yes
ADV-312,Technology and SaaS,Google,Static,2026-08-11,no
ADV-248,Technology and SaaS,Google,Video,2026-06-17,no
ADV-248,Technology and SaaS,Meta,Carousel,2026-08-29,yes
ADV-835,Media and publishing,Google,Static,2026-07-10,yes
ADV-248,Technology and SaaS,Meta,Video,2026-08-19,no
ADV-312,Technology and SaaS,Meta,Static,2026-08-02,yes
ADV-248,Energy,Meta,Static,2026-07-13,no
ADV-312,Public sector,Google,Static,2026-08-29,no
ADV-312,Media and publishing,Meta,Carousel,2026-07-31,no
ADV-835,Public sector,Meta,Carousel,2026-05-16,yes
ADV-944,Media and publishing,Meta,Video,2026-06-24,no
ADV-429,Media and publishing,Meta,Carousel,2026-06-06,no
ADV-159,Retail and ecommerce,Google,Carousel,2026-06-10,no
ADV-248,Education,Meta,Video,2026-09-10,yes
ADV-545,Education,Google,Video,2026-07-23,no
ADV-545,Retail and ecommerce,Meta,Carousel,2026-08-03,no
ADV-429,Energy,Google,Video,2026-09-11,no
ADV-159,Media and publishing,Google,Video,2026-05-27,no
ADV-429,Energy,Meta,Video,2026-05-30,yes
ADV-172,Technology and SaaS,Google,Video,2026-09-05,no
ADV-545,Education,Google,Carousel,2026-08-24,yes
ADV-312,Retail and ecommerce,Google,Carousel,2026-08-14,yes
ADV-312,Energy,Google,Carousel,2026-08-17,yes
ADV-944,Retail and ecommerce,Google,Video,2026-09-05,yes
ADV-159,Retail and ecommerce,Google,Carousel,2026-06-28,yes
ADV-944,Media and publishing,Meta,Video,2026-08-16,yes
ADV-429,Retail and ecommerce,Meta,Video,2026-07-15,no
ADV-429,Retail and ecommerce,Meta,Video,2026-07-02,no
ADV-172,Media and publishing,Meta,Video,2026-06-23,yes
ADV-429,Media and publishing,Meta,Carousel,2026-06-24,yes
ADV-835,Public sector,Meta,Carousel,2026-05-24,yes
ADV-248,Media and publishing,Google,Video,2026-08-16,yes
ADV-248,Public sector,Google,Carousel,2026-06-01,yes
ADV-159,Media and publishing,Google,Video,2026-07-30,yes
ADV-545,Media and publishing,Meta,Carousel,2026-09-10,no
ADV-159,Media and publishing,Meta,Carousel,2026-06-05,no
ADV-159,Media and publishing,Meta,Video,2026-06-02,no
ADV-172,Media and publishing,Google,Static,2026-06-16,no
ADV-835,Education,Meta,Video,2026-06-14,no
ADV-248,Media and publishing,Meta,Video,2026-08-21,yes
ADV-835,Retail and ecommerce,Meta,Carousel,2026-05-31,no
ADV-248,Education,Google,Video,2026-07-26,yes
ADV-835,Technology and SaaS,Meta,Static,2026-06-07,no
ADV-248,Media and publishing,Google,Carousel,2026-08-27,no
ADV-835,Media and publishing,Google,Carousel,2026-06-02,no
ADV-248,Technology and SaaS,Google,Static,2026-09-02,no
ADV-159,Technology and SaaS,Google,Video,2026-08-08,no
ADV-159,Retail and ecommerce,Meta,Carousel,2026-08-26,yes
ADV-429,Technology and SaaS,Meta,Static,2026-08-22,no
ADV-545,Technology and SaaS,Google,Video,2026-06-14,no
ADV-248,Public sector,Meta,Video,2026-07-14,yes
ADV-429,Media and publishing,Meta,Carousel,2026-06-19,yes
ADV-835,Education,Google,Video,2026-06-20,no
ADV-545,Media and publishing,Meta,Static,2026-08-22,yes
ADV-172,Media and publishing,Meta,Video,2026-06-21,no
ADV-944,Education,Meta,Video,2026-06-07,no
ADV-159,Energy,Google,Video,2026-08-06,yes
ADV-429,Technology and SaaS,Google,Carousel,2026-08-31,no
ADV-172,Public sector,Meta,Video,2026-09-05,yes
ADV-545,Technology and SaaS,Google,Carousel,2026-07-31,yes
ADV-312,Energy,Google,Video,2026-06-05,yes
ADV-944,Energy,Google,Carousel,2026-07-10,no
ADV-172,Media and publishing,Meta,Video,2026-08-22,yes
ADV-159,Public sector,Meta,Video,2026-09-01,no
ADV-172,Public sector,Google,Carousel,2026-08-25,yes
ADV-248,Technology and SaaS,Google,Video,2026-06-12,yes
ADV-429,Retail and ecommerce,Meta,Video,2026-06-26,no
ADV-159,Energy,Meta,Video,2026-07-23,yes
ADV-248,Media and publishing,Google,Static,2026-07-02,no
ADV-312,Retail and ecommerce,Meta,Carousel,2026-05-31,no
ADV-172,Media and publishing,Meta,Video,2026-05-24,no
ADV-835,Technology and SaaS,Google,Video,2026-09-01,yes
ADV-835,Technology and SaaS,Google,Video,2026-08-19,no
ADV-172,Retail and ecommerce,Google,Carousel,2026-05-18,yes
ADV-312,Technology and SaaS,Google,Video,2026-07-03,no
ADV-312,Media and publishing,Meta,Carousel,2026-06-26,yes
ADV-429,Energy,Meta,Carousel,2026-06-24,yes
ADV-944,Education,Google,Carousel,2026-07-01,no
ADV-944,Media and publishing,Google,Video,2026-08-17,yes
ADV-545,Media and publishing,Meta,Video,2026-05-31,yes
ADV-545,Retail and ecommerce,Google,Static,2026-05-19,no
ADV-248,Media and publishing,Meta,Video,2026-06-28,no
ADV-835,Energy,Meta,Carousel,2026-08-15,yes
ADV-172,Media and publishing,Google,Video,2026-08-07,no
ADV-429,Education,Meta,Static,2026-08-14,yes
ADV-159,Public sector,Google,Video,2026-09-12,yes
ADV-159,Media and publishing,Meta,Video,2026-08-25,yes
ADV-944,Technology and SaaS,Meta,Static,2026-06-20,no
ADV-248,Retail and ecommerce,Meta,Carousel,2026-07-21,no
ADV-429,Media and publishing,Meta,Carousel,2026-08-21,no
ADV-429,Education,Meta,Video,2026-06-18,no
ADV-172,Retail and ecommerce,Meta,Video,2026-07-10,no
ADV-835,Retail and ecommerce,Google,Static,2026-06-14,yes
ADV-944,Media and publishing,Meta,Video,2026-08-09,no
ADV-248,Energy,Google,Carousel,2026-08-02,no
ADV-944,Media and publishing,Meta,Video,2026-08-08,yes
ADV-545,Energy,Google,Carousel,2026-05-22,no
ADV-835,Public sector,Google,Static,2026-08-31,yes
ADV-545,Technology and SaaS,Google,Carousel,2026-06-21,no
ADV-172,Media and publishing,Meta,Video,2026-06-25,yes
ADV-159,Technology and SaaS,Google,Video,2026-06-13,yes
ADV-545,Technology and SaaS,Google,Carousel,2026-07-06,no
ADV-545,Education,Meta,Video,2026-05-20,yes
ADV-429,Media and publishing,Google,Video,2026-06-29,yes
ADV-172,Energy,Meta,Carousel,2026-05-22,no
ADV-429,Education,Google,Carousel,2026-07-27,yes
ADV-159,Education,Meta,Video,2026-07-09,no
ADV-944,Media and publishing,Meta,Static,2026-05-24,yes
ADV-545,Education,Google,Video,2026-07-07,no
ADV-429,Technology and SaaS,Meta,Carousel,2026-07-25,no
ADV-944,Media and publishing,Google,Video,2026-08-07,yes
ADV-429,Media and publishing,Meta,Video,2026-08-08,no
ADV-312,Technology and SaaS,Google,Carousel,2026-06-23,yes
ADV-429,Education,Meta,Video,2026-07-10,yes
ADV-312,Technology and SaaS,Google,Video,2026-06-28,yes
ADV-944,Retail and ecommerce,Google,Video,2026-08-17,no
ADV-312,Public sector,Meta,Video,2026-06-07,yes
ADV-248,Education,Google,Video,2026-05-21,no
ADV-944,Public sector,Meta,Video,2026-07-31,no
ADV-944,Technology and SaaS,Google,Carousel,2026-06-18,no
ADV-248,Technology and SaaS,Google,Carousel,2026-08-20,yes
ADV-429,Technology and SaaS,Meta,Video,2026-08-30,no
ADV-545,Technology and SaaS,Meta,Carousel,2026-07-04,no
ADV-429,Technology and SaaS,Google,Video,2026-06-19,yes
ADV-429,Media and publishing,Meta,Carousel,2026-06-15,yes
ADV-172,Technology and SaaS,Google,Carousel,2026-07-22,yes
ADV-159,Technology and SaaS,Google,Carousel,2026-08-26,yes
ADV-172,Technology and SaaS,Google,Video,2026-07-25,no
ADV-172,Technology and SaaS,Meta,Video,2026-07-01,yes
ADV-944,Technology and SaaS,Google,Carousel,2026-08-02,yes
ADV-172,Energy,Meta,Static,2026-06-05,yes
ADV-944,Energy,Google,Carousel,2026-06-02,no
ADV-545,Retail and ecommerce,Meta,Video,2026-06-27,no
ADV-944,Media and publishing,Google,Video,2026-09-10,yes
ADV-248,Retail and ecommerce,Meta,Static,2026-08-07,no
ADV-835,Technology and SaaS,Meta,Video,2026-07-21,yes
ADV-835,Education,Meta,Video,2026-05-31,yes
ADV-248,Education,Meta,Carousel,2026-07-01,yes
ADV-248,Education,Google,Carousel,2026-05-24,no
ADV-429,Energy,Google,Carousel,2026-07-17,yes
ADV-429,Media and publishing,Google,Carousel,2026-06-16,yes
ADV-312,Media and publishing,Meta,Carousel,2026-07-06,no
ADV-944,Media and publishing,Google,Video,2026-06-10,yes
ADV-835,Media and publishing,Google,Video,2026-07-31,no
ADV-429,Media and publishing,Google,Carousel,2026-07-12,no
ADV-835,Retail and ecommerce,Google,Carousel,2026-06-01,no
ADV-248,Technology and SaaS,Meta,Video,2026-05-22,no
ADV-835,Technology and SaaS,Google,Video,2026-09-02,yes
ADV-248,Retail and ecommerce,Meta,Carousel,2026-07-05,no
ADV-429,Media and publishing,Meta,Video,2026-08-28,yes
ADV-835,Technology and SaaS,Meta,Video,2026-07-12,yes
ADV-545,Education,Google,Video,2026-09-02,no
ADV-248,Technology and SaaS,Meta,Video,2026-05-17,no
ADV-429,Media and publishing,Google,Video,2026-06-01,yes
ADV-248,Technology and SaaS,Google,Video,2026-08-07,yes
ADV-944,Education,Meta,Video,2026-08-17,no
ADV-159,Media and publishing,Meta,Carousel,2026-07-17,no
ADV-545,Technology and SaaS,Google,Video,2026-07-30,yes
ADV-312,Retail and ecommerce,Meta,Video,2026-07-28,yes
ADV-312,Retail and ecommerce,Google,Video,2026-06-09,no
ADV-248,Technology and SaaS,Google,Carousel,2026-06-25,yes
ADV-835,Energy,Meta,Static,2026-07-19,yes
ADV-545,Public sector,Google,Video,2026-08-15,no
ADV-944,Retail and ecommerce,Google,Carousel,2026-05-19,no
ADV-312,Education,Meta,Video,2026-05-31,yes
ADV-944,Energy,Meta,Carousel,2026-07-14,no
ADV-835,Energy,Google,Video,2026-09-07,yes
ADV-429,Technology and SaaS,Google,Carousel,2026-08-04,yes
ADV-248,Energy,Meta,Video,2026-06-18,yes
ADV-835,Retail and ecommerce,Meta,Video,2026-05-19,no
ADV-429,Retail and ecommerce,Meta,Video,2026-08-28,no
ADV-248,Energy,Google,Carousel,2026-06-30,no
ADV-312,Technology and SaaS,Meta,Carousel,2026-07-24,yes
ADV-429,Energy,Meta,Video,2026-08-23,no
ADV-172,Education,Meta,Video,2026-06-30,no
ADV-312,Energy,Google,Video,2026-07-14,no
ADV-545,Technology and SaaS,Google,Video,2026-07-07,yes
ADV-159,Media and publishing,Meta,Video,2026-07-13,yes
ADV-172,Energy,Google,Video,2026-06-13,no
ADV-429,Education,Meta,Video,2026-09-06,yes
ADV-159,Public sector,Meta,Carousel,2026-08-18,yes
ADV-429,Technology and SaaS,Meta,Video,2026-06-26,no
ADV-944,Public sector,Google,Carousel,2026-06-13,yes
ADV-248,Energy,Meta,Carousel,2026-08-01,no
ADV-159,Media and publishing,Google,Carousel,2026-05-28,yes
ADV-248,Technology and SaaS,Meta,Video,2026-06-07,no
ADV-944,Energy,Meta,Carousel,2026-09-09,yes
ADV-172,Public sector,Meta,Video,2026-07-31,no
ADV-172,Technology and SaaS,Meta,Video,2026-09-06,no
ADV-248,Technology and SaaS,Meta,Video,2026-08-16,no
ADV-429,Energy,Google,Video,2026-08-28,no
ADV-545,Media and publishing,Meta,Video,2026-08-07,yes
ADV-944,Education,Google,Carousel,2026-08-24,no
ADV-835,Technology and SaaS,Meta,Carousel,2026-07-30,no
ADV-545,Technology and SaaS,Google,Video,2026-06-30,no
ADV-159,Technology and SaaS,Google,Carousel,2026-07-22,no
ADV-312,Media and publishing,Google,Video,2026-07-10,yes
ADV-172,Public sector,Meta,Carousel,2026-08-19,yes
ADV-429,Technology and SaaS,Meta,Carousel,2026-06-22,yes
ADV-159,Education,Meta,Carousel,2026-06-18,no
ADV-545,Education,Meta,Carousel,2026-07-18,yes
ADV-429,Public sector,Meta,Video,2026-06-02,no
ADV-172,Energy,Google,Static,2026-08-25,yes
ADV-944,Public sector,Google,Video,2026-07-28,yes
ADV-835,Technology and SaaS,Google,Video,2026-08-21,yes
ADV-835,Technology and SaaS,Meta,Carousel,2026-06-07,no
ADV-248,Technology and SaaS,Google,Video,2026-07-23,no
ADV-248,Retail and ecommerce,Meta,Carousel,2026-06-29,no
ADV-159,Technology and SaaS,Google,Video,2026-08-01,no
ADV-835,Technology and SaaS,Google,Video,2026-09-05,no
ADV-248,Retail and ecommerce,Meta,Video,2026-07-24,yes
ADV-248,Media and publishing,Google,Carousel,2026-05-20,yes
ADV-545,Energy,Google,Static,2026-07-12,no
ADV-545,Retail and ecommerce,Google,Carousel,2026-09-07,yes
ADV-172,Technology and SaaS,Meta,Carousel,2026-08-26,no
ADV-248,Technology and SaaS,Google,Carousel,2026-08-28,no
ADV-159,Public sector,Google,Static,2026-05-23,yes
ADV-545,Technology and SaaS,Meta,Video,2026-07-06,no
ADV-429,Public sector,Google,Carousel,2026-06-18,no
ADV-248,Retail and ecommerce,Meta,Carousel,2026-06-12,no
ADV-248,Public sector,Meta,Carousel,2026-06-28,no
ADV-248,Media and publishing,Google,Video,2026-06-03,yes
ADV-835,Education,Meta,Carousel,2026-06-21,no
ADV-944,Public sector,Google,Video,2026-07-17,yes
ADV-159,Retail and ecommerce,Meta,Carousel,2026-08-17,no
ADV-312,Media and publishing,Google,Static,2026-09-02,no
ADV-248,Energy,Meta,Carousel,2026-07-15,no
ADV-312,Public sector,Google,Video,2026-07-17,yes
ADV-944,Public sector,Meta,Video,2026-05-30,yes
ADV-545,Technology and SaaS,Meta,Video,2026-06-30,yes
ADV-429,Technology and SaaS,Google,Video,2026-09-06,yes
ADV-159,Education,Google,Carousel,2026-06-22,yes
ADV-545,Education,Meta,Static,2026-07-29,yes
ADV-944,Media and publishing,Meta,Video,2026-07-01,yes
ADV-159,Media and publishing,Google,Video,2026-07-10,yes
ADV-835,Media and publishing,Google,Static,2026-08-04,no
ADV-944,Technology and SaaS,Meta,Video,2026-06-18,no
ADV-944,Education,Google,Video,2026-05-16,no
ADV-172,Technology and SaaS,Google,Static,2026-08-15,yes
ADV-312,Media and publishing,Google,Video,2026-08-08,yes
ADV-172,Media and publishing,Meta,Static,2026-05-24,yes
ADV-172,Public sector,Meta,Video,2026-05-28,no
ADV-835,Retail and ecommerce,Google,Carousel,2026-06-10,no
ADV-545,Technology and SaaS,Google,Carousel,2026-07-12,no
ADV-159,Media and publishing,Google,Static,2026-05-21,no
ADV-248,Energy,Google,Video,2026-08-07,no
ADV-944,Education,Meta,Video,2026-08-19,yes
ADV-545,Media and publishing,Meta,Carousel,2026-08-30,yes
ADV-545,Technology and SaaS,Meta,Video,2026-07-10,yes
ADV-159,Technology and SaaS,Meta,Static,2026-06-09,yes
ADV-429,Media and publishing,Google,Video,2026-08-18,yes
ADV-944,Energy,Google,Video,2026-06-03,yes
ADV-172,Technology and SaaS,Meta,Static,2026-05-31,no
ADV-159,Technology and SaaS,Meta,Carousel,2026-07-18,no
ADV-944,Public sector,Google,Carousel,2026-05-19,yes
ADV-429,Retail and ecommerce,Meta,Static,2026-08-15,no
ADV-835,Technology and SaaS,Google,Video,2026-07-25,no
ADV-545,Energy,Meta,Carousel,2026-08-17,no
ADV-312,Media and publishing,Google,Video,2026-05-31,no
ADV-944,Media and publishing,Google,Video,2026-08-07,yes
ADV-944,Technology and SaaS,Meta,Video,2026-05-21,yes
ADV-159,Technology and SaaS,Meta,Video,2026-09-10,no
ADV-944,Retail and ecommerce,Google,Video,2026-07-28,no
ADV-944,Retail and ecommerce,Google,Carousel,2026-07-24,no
ADV-545,Education,Google,Video,2026-05-18,no
ADV-312,Media and publishing,Google,Carousel,2026-07-27,no
ADV-835,Technology and SaaS,Meta,Carousel,2026-07-06,no
ADV-944,Media and publishing,Meta,Video,2026-06-26,yes
ADV-172,Education,Google,Video,2026-06-13,yes
ADV-159,Energy,Meta,Static,2026-08-24,yes
ADV-429,Media and publishing,Google,Video,2026-07-21,yes
ADV-429,Energy,Meta,Carousel,2026-08-06,no
ADV-312,Technology and SaaS,Google,Video,2026-05-16,yes
ADV-248,Education,Meta,Video,2026-08-21,yes
ADV-429,Technology and SaaS,Meta,Carousel,2026-07-13,yes
ADV-429,Energy,Meta,Static,2026-07-05,no
ADV-545,Education,Google,Video,2026-08-20,yes
ADV-944,Technology and SaaS,Meta,Static,2026-07-12,yes
ADV-248,Media and publishing,Google,Video,2026-06-25,yes
ADV-429,Energy,Google,Carousel,2026-08-15,no
ADV-429,Energy,Google,Carousel,2026-07-07,no
ADV-835,Technology and SaaS,Google,Video,2026-08-01,no
ADV-248,Public sector,Meta,Carousel,2026-06-09,yes
ADV-159,Technology and SaaS,Meta,Static,2026-08-20,no
ADV-172,Media and publishing,Meta,Video,2026-09-06,yes
ADV-429,Technology and SaaS,Google,Video,2026-06-28,yes
ADV-172,Education,Meta,Video,2026-09-03,no
ADV-835,Public sector,Google,Static,2026-08-27,no
ADV-159,Public sector,Google,Video,2026-08-29,no
ADV-545,Technology and SaaS,Meta,Video,2026-07-02,yes
ADV-944,Education,Meta,Carousel,2026-06-19,no
ADV-159,Public sector,Google,Video,2026-08-01,no
ADV-172,Technology and SaaS,Meta,Carousel,2026-09-08,no
ADV-312,Public sector,Meta,Video,2026-07-29,yes
ADV-312,Technology and SaaS,Meta,Carousel,2026-07-11,no
ADV-248,Energy,Meta,Carousel,2026-05-27,yes
ADV-312,Education,Meta,Carousel,2026-07-19,yes
ADV-172,Education,Google,Static,2026-07-06,no
ADV-545,Public sector,Meta,Carousel,2026-07-19,yes
ADV-159,Technology and SaaS,Google,Carousel,2026-06-12,no
ADV-545,Technology and SaaS,Google,Carousel,2026-09-02,no
ADV-172,Media and publishing,Meta,Video,2026-05-16,yes
ADV-944,Media and publishing,Meta,Carousel,2026-08-06,yes
ADV-248,Media and publishing,Google,Video,2026-07-25,no
ADV-835,Media and publishing,Meta,Carousel,2026-09-08,yes
ADV-172,Technology and SaaS,Google,Video,2026-08-18,yes
ADV-944,Retail and ecommerce,Meta,Carousel,2026-08-13,yes
ADV-429,Retail and ecommerce,Google,Video,2026-06-25,yes
ADV-159,Public sector,Meta,Carousel,2026-07-23,yes
ADV-429,Public sector,Meta,Carousel,2026-09-11,yes
ADV-944,Media and publishing,Google,Carousel,2026-05-24,no
ADV-429,Media and publishing,Google,Static,2026-09-03,no
ADV-159,Technology and SaaS,Google,Video,2026-05-23,no
ADV-312,Media and publishing,Google,Video,2026-08-10,no
ADV-159,Education,Google,Video,2026-09-02,no
ADV-545,Energy,Google,Carousel,2026-08-25,yes
ADV-248,Media and publishing,Meta,Carousel,2026-06-27,yes
ADV-545,Public sector,Meta,Video,2026-06-22,yes
ADV-835,Technology and SaaS,Google,Carousel,2026-07-08,yes
ADV-312,Media and publishing,Google,Carousel,2026-07-08,no
ADV-248,Media and publishing,Google,Carousel,2026-09-11,yes
ADV-429,Media and publishing,Google,Video,2026-09-09,no
ADV-944,Energy,Meta,Carousel,2026-07-30,no
ADV-312,Technology and SaaS,Meta,Carousel,2026-05-26,no
ADV-159,Media and publishing,Google,Static,2026-06-01,yes
ADV-172,Media and publishing,Meta,Video,2026-07-06,no
ADV-545,Education,Google,Video,2026-07-16,no
ADV-944,Media and publishing,Google,Video,2026-05-16,yes
ADV-312,Technology and SaaS,Google,Video,2026-09-02,yes
ADV-248,Retail and ecommerce,Google,Carousel,2026-06-04,yes
ADV-429,Media and publishing,Meta,Carousel,2026-06-15,yes
ADV-159,Technology and SaaS,Meta,Static,2026-06-09,no
ADV-172,Media and publishing,Google,Carousel,2026-06-22,no
ADV-159,Energy,Meta,Video,2026-07-04,no
ADV-248,Media and publishing,Meta,Video,2026-08-16,no
ADV-159,Media and publishing,Meta,Video,2026-05-22,yes
ADV-248,Public sector,Meta,Static,2026-09-04,yes
ADV-944,Retail and ecommerce,Meta,Carousel,2026-07-01,yes
ADV-835,Technology and SaaS,Google,Video,2026-07-21,yes
ADV-172,Education,Google,Carousel,2026-08-28,no
ADV-835,Media and publishing,Google,Static,2026-07-08,yes
ADV-159,Technology and SaaS,Meta,Carousel,2026-08-10,yes
ADV-312,Media and publishing,Meta,Carousel,2026-08-06,yes
ADV-248,Retail and ecommerce,Google,Video,2026-06-01,yes
ADV-248,Education,Meta,Video,2026-05-18,no
ADV-429,Media and publishing,Meta,Video,2026-06-07,no
ADV-248,Public sector,Google,Video,2026-07-31,no
ADV-248,Media and publishing,Google,Static,2026-07-08,yes
ADV-545,Technology and SaaS,Google,Carousel,2026-07-15,yes
ADV-835,Energy,Google,Carousel,2026-07-08,yes
ADV-312,Technology and SaaS,Google,Static,2026-08-21,yes
ADV-172,Retail and ecommerce,Google,Static,2026-05-28,no
ADV-835,Education,Meta,Video,2026-05-25,yes
ADV-172,Technology and SaaS,Meta,Video,2026-05-27,no
ADV-172,Energy,Google,Video,2026-07-05,no
ADV-835,Energy,Meta,Carousel,2026-08-23,yes
ADV-545,Media and publishing,Meta,Carousel,2026-05-28,yes
ADV-312,Media and publishing,Google,Carousel,2026-08-10,no
ADV-172,Education,Meta,Video,2026-07-19,yes
ADV-545,Technology and SaaS,Google,Carousel,2026-08-01,no
ADV-944,Technology and SaaS,Meta,Carousel,2026-06-11,no
ADV-429,Media and publishing,Google,Carousel,2026-07-16,no
ADV-248,Education,Google,Video,2026-06-06,no
ADV-248,Public sector,Google,Video,2026-08-11,yes
ADV-159,Energy,Google,Video,2026-08-26,yes
ADV-172,Education,Meta,Carousel,2026-07-24,yes
ADV-172,Public sector,Meta,Video,2026-08-15,yes
ADV-172,Retail and ecommerce,Meta,Carousel,2026-06-04,no
ADV-835,Media and publishing,Meta,Video,2026-07-15,yes
ADV-248,Public sector,Meta,Carousel,2026-07-26,yes
ADV-835,Retail and ecommerce,Google,Carousel,2026-07-21,yes
ADV-429,Retail and ecommerce,Meta,Video,2026-07-18,no
ADV-312,Technology and SaaS,Meta,Carousel,2026-08-10,yes
ADV-172,Education,Google,Video,2026-07-25,no
ADV-835,Media and publishing,Meta,Video,2026-09-06,yes
ADV-159,Energy,Google,Video,2026-08-17,yes
ADV-248,Public sector,Meta,Video,2026-05-30,yes
ADV-159,Technology and SaaS,Meta,Carousel,2026-06-04,no
ADV-248,Public sector,Meta,Carousel,2026-06-04,yes
ADV-429,Media and publishing,Meta,Carousel,2026-05-17,no
ADV-248,Technology and SaaS,Meta,Carousel,2026-09-06,no
ADV-429,Retail and ecommerce,Google,Video,2026-08-04,no
ADV-429,Public sector,Meta,Video,2026-08-08,yes
ADV-159,Technology and SaaS,Google,Video,2026-08-30,no
ADV-429,Retail and ecommerce,Google,Video,2026-09-03,no
ADV-248,Media and publishing,Meta,Carousel,2026-06-24,no
ADV-944,Media and publishing,Meta,Video,2026-06-30,no
ADV-312,Public sector,Google,Video,2026-08-06,no
ADV-944,Retail and ecommerce,Google,Video,2026-07-31,yes
ADV-312,Media and publishing,Google,Carousel,2026-06-12,no
ADV-159,Public sector,Google,Carousel,2026-07-17,yes
ADV-545,Technology and SaaS,Meta,Video,2026-07-08,yes
ADV-172,Retail and ecommerce,Meta,Video,2026-07-14,yes
ADV-835,Education,Meta,Video,2026-08-04,yes
ADV-835,Education,Google,Carousel,2026-06-15,yes
ADV-545,Technology and SaaS,Google,Carousel,2026-08-22,no
ADV-944,Media and publishing,Meta,Carousel,2026-07-25,yes
ADV-944,Technology and SaaS,Google,Carousel,2026-07-21,no
ADV-429,Education,Google,Static,2026-07-19,yes
ADV-159,Energy,Google,Carousel,2026-06-14,yes
ADV-248,Energy,Meta,Carousel,2026-05-28,no
ADV-172,Media and publishing,Google,Carousel,2026-06-18,yes
ADV-429,Technology and SaaS,Meta,Video,2026-07-25,no
ADV-835,Energy,Google,Static,2026-05-28,yes
ADV-312,Energy,Google,Static,2026-07-31,yes
ADV-545,Public sector,Google,Video,2026-05-24,yes
ADV-172,Technology and SaaS,Google,Video,2026-09-11,yes
ADV-159,Technology and SaaS,Google,Carousel,2026-05-20,no
ADV-312,Retail and ecommerce,Google,Video,2026-08-04,yes
ADV-172,Public sector,Google,Carousel,2026-05-30,no
ADV-172,Public sector,Google,Static,2026-07-26,no
ADV-545,Media and publishing,Google,Carousel,2026-08-08,no
ADV-312,Media and publishing,Google,Video,2026-06-13,no
ADV-159,Technology and SaaS,Meta,Video,2026-06-12,no
ADV-248,Media and publishing,Google,Video,2026-08-27,no
ADV-429,Retail and ecommerce,Google,Carousel,2026-08-22,no
ADV-545,Energy,Google,Carousel,2026-08-12,no
ADV-835,Media and publishing,Google,Carousel,2026-07-13,no
ADV-835,Public sector,Meta,Video,2026-06-25,no
ADV-172,Public sector,Meta,Video,2026-06-19,no
ADV-172,Technology and SaaS,Meta,Video,2026-08-26,no
ADV-429,Public sector,Google,Carousel,2026-06-17,no
ADV-429,Technology and SaaS,Google,Video,2026-06-25,no
ADV-159,Education,Meta,Video,2026-06-11,yes
ADV-312,Retail and ecommerce,Google,Video,2026-05-26,yes
ADV-159,Technology and SaaS,Google,Video,2026-07-07,no
ADV-159,Media and publishing,Meta,Video,2026-08-24,no
ADV-172,Retail and ecommerce,Meta,Carousel,2026-07-16,yes
ADV-312,Education,Meta,Carousel,2026-07-09,no
ADV-944,Public sector,Meta,Static,2026-08-04,yes
ADV-172,Media and publishing,Google,Carousel,2026-07-02,no
ADV-248,Public sector,Google,Carousel,2026-08-10,no
ADV-172,Public sector,Google,Video,2026-06-25,yes
ADV-248,Education,Google,Video,2026-08-07,yes
ADV-172,Media and publishing,Meta,Carousel,2026-05-21,yes
ADV-429,Education,Meta,Carousel,2026-06-11,yes
ADV-248,Media and publishing,Meta,Video,2026-09-02,yes
ADV-429,Public sector,Meta,Video,2026-08-21,no
ADV-159,Public sector,Google,Video,2026-07-20,yes
ADV-835,Technology and SaaS,Google,Static,2026-07-21,no
ADV-172,Public sector,Google,Video,2026-07-01,no
ADV-835,Education,Meta,Static,2026-08-06,no
ADV-545,Retail and ecommerce,Meta,Video,2026-06-25,no
ADV-248,Media and publishing,Meta,Static,2026-08-10,no
ADV-944,Education,Meta,Carousel,2026-07-13,yes
ADV-835,Retail and ecommerce,Google,Video,2026-05-29,yes
ADV-172,Technology and SaaS,Google,Video,2026-07-15,no
ADV-944,Energy,Google,Carousel,2026-07-14,yes
ADV-312,Education,Meta,Carousel,2026-07-30,yes
ADV-429,Education,Google,Carousel,2026-06-27,no
ADV-312,Media and publishing,Meta,Video,2026-09-08,no
ADV-835,Media and publishing,Google,Static,2026-06-18,yes
ADV-545,Retail and ecommerce,Meta,Static,2026-07-12,yes
ADV-248,Media and publishing,Meta,Carousel,2026-08-11,yes
ADV-312,Media and publishing,Meta,Video,2026-07-25,yes
ADV-312,Technology and SaaS,Google,Video,2026-07-02,yes
ADV-545,Media and publishing,Meta,Carousel,2026-05-16,yes
ADV-159,Education,Meta,Video,2026-09-12,no
ADV-545,Technology and SaaS,Meta,Video,2026-06-29,yes
ADV-172,Media and publishing,Meta,Video,2026-05-18,no
ADV-312,Public sector,Meta,Carousel,2026-05-25,yes
ADV-172,Technology and SaaS,Google,Carousel,2026-06-06,no
ADV-429,Technology and SaaS,Google,Video,2026-05-20,no
ADV-172,Public sector,Meta,Carousel,2026-05-19,no
ADV-159,Retail and ecommerce,Google,Video,2026-06-21,yes
ADV-944,Technology and SaaS,Meta,Carousel,2026-07-20,yes
ADV-835,Retail and ecommerce,Google,Video,2026-08-11,yes
ADV-159,Technology and SaaS,Google,Carousel,2026-08-10,no
ADV-545,Energy,Meta,Video,2026-08-21,no
ADV-545,Education,Google,Carousel,2026-07-10,yes
ADV-545,Technology and SaaS,Google,Carousel,2026-06-08,yes
ADV-545,Energy,Meta,Static,2026-08-21,yes
ADV-159,Technology and SaaS,Meta,Carousel,2026-07-16,yes
ADV-545,Public sector,Google,Video,2026-05-27,yes
ADV-429,Public sector,Meta,Video,2026-06-29,yes
ADV-429,Public sector,Google,Video,2026-06-03,yes
ADV-172,Media and publishing,Google,Video,2026-06-30,no
ADV-172,Energy,Meta,Video,2026-06-01,no
ADV-429,Media and publishing,Google,Carousel,2026-08-21,yes
ADV-835,Technology and SaaS,Meta,Carousel,2026-09-01,yes
ADV-835,Public sector,Meta,Carousel,2026-07-26,no
ADV-545,Education,Google,Carousel,2026-08-16,no
ADV-312,Technology and SaaS,Meta,Static,2026-07-01,yes
ADV-159,Retail and ecommerce,Meta,Carousel,2026-08-04,yes
ADV-545,Public sector,Google,Video,2026-07-24,no
ADV-312,Media and publishing,Meta,Video,2026-09-03,yes
ADV-545,Technology and SaaS,Google,Video,2026-06-01,yes
ADV-312,Public sector,Google,Video,2026-05-25,yes
ADV-545,Education,Meta,Carousel,2026-08-14,yes
ADV-545,Technology and SaaS,Google,Carousel,2026-05-25,no
ADV-312,Retail and ecommerce,Google,Video,2026-06-17,no
ADV-545,Public sector,Meta,Video,2026-06-14,no
ADV-159,Media and publishing,Meta,Video,2026-05-28,yes
ADV-248,Technology and SaaS,Google,Carousel,2026-06-17,yes
ADV-944,Technology and SaaS,Meta,Video,2026-07-02,yes
ADV-172,Media and publishing,Meta,Video,2026-08-27,no
ADV-159,Technology and SaaS,Meta,Carousel,2026-08-15,no
ADV-429,Education,Google,Static,2026-08-21,yes
ADV-159,Public sector,Google,Video,2026-06-01,no
ADV-172,Energy,Meta,Static,2026-06-09,no
ADV-312,Technology and SaaS,Google,Video,2026-06-17,no
ADV-312,Media and publishing,Google,Static,2026-07-02,yes
ADV-835,Retail and ecommerce,Google,Video,2026-08-13,yes
ADV-944,Media and publishing,Google,Video,2026-06-18,yes
ADV-159,Technology and SaaS,Meta,Static,2026-07-26,yes
ADV-172,Media and publishing,Google,Carousel,2026-06-21,no
ADV-312,Education,Meta,Video,2026-08-15,yes
ADV-159,Technology and SaaS,Google,Video,2026-07-16,no
ADV-312,Technology and SaaS,Google,Video,2026-06-06,yes
ADV-545,Technology and SaaS,Google,Carousel,2026-06-23,no
ADV-312,Technology and SaaS,Google,Video,2026-09-04,yes
ADV-545,Energy,Meta,Carousel,2026-06-11,no
ADV-429,Public sector,Meta,Video,2026-08-16,yes
ADV-312,Education,Meta,Carousel,2026-07-11,yes
ADV-172,Public sector,Google,Carousel,2026-05-24,no
ADV-835,Public sector,Meta,Carousel,2026-08-21,yes
ADV-172,Retail and ecommerce,Meta,Static,2026-06-08,no
ADV-248,Technology and SaaS,Google,Video,2026-09-09,no
ADV-545,Media and publishing,Google,Video,2026-09-12,no
ADV-429,Media and publishing,Google,Video,2026-07-18,yes
ADV-944,Media and publishing,Google,Carousel,2026-07-13,yes
ADV-545,Media and publishing,Google,Carousel,2026-07-14,no
ADV-172,Public sector,Google,Video,2026-08-16,yes
ADV-248,Education,Meta,Video,2026-09-05,yes
ADV-159,Technology and SaaS,Meta,Carousel,2026-05-17,yes
ADV-312,Public sector,Google,Static,2026-06-19,no
ADV-248,Retail and ecommerce,Google,Carousel,2026-07-02,yes
ADV-545,Retail and ecommerce,Meta,Carousel,2026-07-22,yes
ADV-159,Technology and SaaS,Meta,Static,2026-06-08,no
ADV-312,Media and publishing,Meta,Static,2026-05-26,yes
ADV-835,Energy,Meta,Carousel,2026-05-30,yes
ADV-312,Media and publishing,Google,Video,2026-09-02,no
ADV-835,Media and publishing,Google,Carousel,2026-06-26,no
ADV-248,Public sector,Google,Carousel,2026-08-16,no
ADV-835,Media and publishing,Google,Video,2026-06-27,no
ADV-429,Retail and ecommerce,Google,Carousel,2026-08-23,yes
ADV-172,Energy,Google,Video,2026-09-02,no
ADV-835,Technology and SaaS,Meta,Static,2026-08-14,no
ADV-545,Media and publishing,Google,Video,2026-05-28,yes
ADV-172,Education,Google,Video,2026-09-12,yes
ADV-835,Retail and ecommerce,Meta,Video,2026-08-01,yes
ADV-159,Public sector,Meta,Carousel,2026-09-03,no
ADV-429,Technology and SaaS,Google,Video,2026-06-14,no
ADV-172,Public sector,Meta,Video,2026-05-31,yes
ADV-835,Technology and SaaS,Google,Video,2026-08-03,yes
ADV-545,Public sector,Meta,Video,2026-07-16,yes
ADV-835,Retail and ecommerce,Meta,Video,2026-07-16,no
ADV-835,Media and publishing,Meta,Video,2026-06-05,yes
ADV-545,Media and publishing,Google,Carousel,2026-07-28,no
ADV-159,Media and publishing,Google,Static,2026-08-18,no
ADV-545,Media and publishing,Meta,Video,2026-08-17,no
ADV-944,Energy,Meta,Carousel,2026-08-07,yes
ADV-429,Retail and ecommerce,Meta,Carousel,2026-06-20,no
ADV-248,Public sector,Google,Carousel,2026-07-30,no
ADV-312,Media and publishing,Google,Video,2026-06-15,no
ADV-248,Technology and SaaS,Google,Static,2026-08-01,no
ADV-835,Education,Google,Video,2026-08-16,no
ADV-944,Energy,Google,Video,2026-08-23,yes
ADV-429,Technology and SaaS,Meta,Carousel,2026-08-26,no
ADV-944,Technology and SaaS,Google,Static,2026-05-24,no
ADV-835,Education,Meta,Static,2026-06-22,yes
ADV-944,Public sector,Meta,Video,2026-09-12,yes
ADV-312,Energy,Google,Video,2026-07-27,no
ADV-835,Technology and SaaS,Google,Static,2026-07-23,yes
ADV-545,Media and publishing,Google,Video,2026-05-26,yes
ADV-312,Public sector,Meta,Carousel,2026-07-16,yes
ADV-172,Retail and ecommerce,Meta,Static,2026-08-24,no
ADV-312,Energy,Meta,Video,2026-08-20,no
ADV-248,Energy,Google,Static,2026-08-26,no
ADV-248,Energy,Google,Video,2026-07-16,no
ADV-429,Retail and ecommerce,Meta,Static,2026-07-09,yes
ADV-944,Education,Google,Video,2026-09-01,no
ADV-248,Energy,Google,Video,2026-06-16,no
ADV-159,Public sector,Meta,Carousel,2026-06-23,no
ADV-545,Media and publishing,Google,Video,2026-07-01,no
ADV-429,Technology and SaaS,Google,Video,2026-07-15,yes
ADV-159,Retail and ecommerce,Meta,Video,2026-08-14,yes
ADV-944,Public sector,Meta,Video,2026-06-28,no
ADV-545,Public sector,Google,Video,2026-06-30,no
ADV-944,Media and publishing,Google,Video,2026-06-12,yes
ADV-835,Education,Google,Carousel,2026-08-04,yes
ADV-545,Energy,Google,Carousel,2026-07-27,no
ADV-944,Education,Google,Video,2026-09-02,yes
ADV-429,Technology and SaaS,Google,Carousel,2026-06-21,yes
ADV-429,Technology and SaaS,Meta,Video,2026-05-27,yes
ADV-312,Media and publishing,Google,Carousel,2026-08-05,yes
ADV-545,Education,Meta,Video,2026-05-27,no
ADV-835,Education,Meta,Carousel,2026-05-28,yes
ADV-172,Education,Google,Carousel,2026-08-02,yes
ADV-944,Media and publishing,Google,Carousel,2026-09-01,no
ADV-172,Public sector,Google,Video,2026-07-02,no
ADV-835,Media and publishing,Meta,Video,2026-08-29,yes
ADV-159,Education,Meta,Video,2026-05-29,yes
ADV-159,Technology and SaaS,Meta,Video,2026-08-01,yes
ADV-312,Energy,Meta,Carousel,2026-07-27,yes
ADV-835,Education,Google,Video,2026-07-20,yes
ADV-312,Media and publishing,Meta,Carousel,2026-06-01,yes
ADV-159,Retail and ecommerce,Google,Static,2026-05-24,no
ADV-429,Education,Google,Carousel,2026-08-25,yes
ADV-429,Technology and SaaS,Google,Video,2026-07-08,yes
ADV-429,Technology and SaaS,Meta,Video,2026-06-14,yes
ADV-545,Energy,Meta,Video,2026-08-14,no
ADV-944,Technology and SaaS,Google,Video,2026-05-22,no
ADV-835,Technology and SaaS,Google,Carousel,2026-08-24,no
ADV-312,Technology and SaaS,Google,Static,2026-05-26,no
ADV-835,Retail and ecommerce,Google,Video,2026-08-29,yes
ADV-248,Technology and SaaS,Google,Video,2026-05-23,no
ADV-172,Education,Meta,Video,2026-09-10,yes
ADV-545,Media and publishing,Meta,Static,2026-08-03,yes
ADV-248,Technology and SaaS,Meta,Video,2026-08-27,no
ADV-944,Retail and ecommerce,Google,Carousel,2026-06-10,yes
ADV-172,Media and publishing,Meta,Video,2026-06-30,no
ADV-312,Retail and ecommerce,Google,Carousel,2026-06-01,no
ADV-159,Technology and SaaS,Google,Carousel,2026-09-03,yes
ADV-944,Retail and ecommerce,Meta,Video,2026-07-03,no
ADV-248,Public sector,Google,Carousel,2026-06-01,no
ADV-248,Technology and SaaS,Meta,Carousel,2026-08-09,no
ADV-944,Retail and ecommerce,Meta,Carousel,2026-07-31,yes
ADV-944,Retail and ecommerce,Google,Video,2026-08-17,no
ADV-835,Public sector,Meta,Carousel,2026-09-10,no
ADV-835,Technology and SaaS,Meta,Carousel,2026-06-20,no
ADV-944,Retail and ecommerce,Google,Video,2026-08-20,yes
ADV-545,Energy,Meta,Carousel,2026-06-21,no
ADV-312,Technology and SaaS,Google,Video,2026-05-17,yes
ADV-429,Technology and SaaS,Google,Video,2026-06-05,yes
ADV-429,Technology and SaaS,Meta,Video,2026-08-02,yes
ADV-312,Energy,Meta,Carousel,2026-08-15,yes
ADV-429,Retail and ecommerce,Google,Carousel,2026-08-28,no
ADV-429,Media and publishing,Google,Carousel,2026-08-19,yes
ADV-835,Education,Google,Carousel,2026-08-20,no
ADV-944,Energy,Google,Video,2026-05-16,no
ADV-172,Education,Meta,Video,2026-05-17,yes
ADV-545,Technology and SaaS,Meta,Video,2026-08-05,yes
ADV-248,Energy,Meta,Carousel,2026-05-25,yes
ADV-159,Technology and SaaS,Google,Video,2026-08-04,yes
ADV-429,Technology and SaaS,Meta,Carousel,2026-08-23,no
ADV-248,Public sector,Google,Video,2026-06-03,yes
ADV-944,Retail and ecommerce,Meta,Video,2026-07-03,no
ADV-429,Energy,Meta,Video,2026-06-12,yes
ADV-312,Energy,Meta,Static,2026-07-21,yes
ADV-545,Media and publishing,Google,Static,2026-07-11,yes
ADV-312,Media and publishing,Meta,Carousel,2026-07-26,no
ADV-944,Technology and SaaS,Meta,Carousel,2026-08-29,no
ADV-835,Technology and SaaS,Meta,Video,2026-07-18,yes
ADV-159,Technology and SaaS,Google,Carousel,2026-08-15,yes
ADV-172,Retail and ecommerce,Google,Carousel,2026-08-18,no
ADV-944,Technology and SaaS,Meta,Static,2026-09-11,yes
ADV-429,Retail and ecommerce,Meta,Carousel,2026-05-30,no
ADV-944,Energy,Google,Video,2026-06-25,yes
ADV-159,Technology and SaaS,Meta,Carousel,2026-06-17,no
ADV-248,Technology and SaaS,Google,Static,2026-08-30,no
ADV-172,Technology and SaaS,Google,Video,2026-06-08,yes
ADV-545,Energy,Meta,Carousel,2026-08-25,no
ADV-248,Media and publishing,Google,Static,2026-06-25,yes
ADV-429,Retail and ecommerce,Meta,Carousel,2026-08-17,yes
ADV-944,Technology and SaaS,Meta,Video,2026-06-22,yes
ADV-429,Retail and ecommerce,Meta,Video,2026-05-30,no
ADV-429,Media and publishing,Meta,Carousel,2026-07-12,yes
ADV-429,Energy,Meta,Video,2026-08-24,yes
ADV-172,Media and publishing,Google,Carousel,2026-06-04,yes
ADV-172,Technology and SaaS,Meta,Video,2026-09-05,yes
ADV-172,Media and publishing,Google,Video,2026-07-02,no
ADV-944,Public sector,Meta,Video,2026-05-31,yes
ADV-944,Retail and ecommerce,Meta,Video,2026-07-01,yes
ADV-944,Media and publishing,Google,Video,2026-07-06,yes
ADV-835,Retail and ecommerce,Meta,Static,2026-09-04,no
ADV-248,Education,Google,Carousel,2026-07-25,yes
ADV-835,Energy,Google,Video,2026-06-09,no
ADV-159,Media and publishing,Meta,Video,2026-08-31,no
ADV-248,Retail and ecommerce,Meta,Carousel,2026-06-11,yes
ADV-312,Energy,Google,Carousel,2026-07-25,no
ADV-545,Technology and SaaS,Google,Carousel,2026-05-31,yes
ADV-248,Retail and ecommerce,Google,Video,2026-09-04,yes
ADV-172,Public sector,Meta,Video,2026-06-22,yes
ADV-429,Media and publishing,Google,Video,2026-08-20,yes
ADV-944,Media and publishing,Meta,Carousel,2026-07-11,no
ADV-159,Retail and ecommerce,Google,Video,2026-06-23,yes
ADV-312,Public sector,Meta,Carousel,2026-05-21,yes
ADV-545,Media and publishing,Meta,Video,2026-05-19,yes
ADV-835,Education,Meta,Carousel,2026-08-27,yes
ADV-312,Education,Meta,Video,2026-06-03,yes
ADV-312,Retail and ecommerce,Meta,Video,2026-08-29,no
ADV-312,Energy,Meta,Carousel,2026-07-05,yes
ADV-159,Public sector,Meta,Carousel,2026-06-01,no
ADV-172,Public sector,Meta,Carousel,2026-09-07,yes
ADV-545,Energy,Meta,Carousel,2026-08-18,no
ADV-312,Public sector,Meta,Video,2026-05-24,yes
ADV-429,Education,Google,Carousel,2026-07-16,yes
ADV-159,Technology and SaaS,Meta,Carousel,2026-06-27,no
ADV-944,Retail and ecommerce,Meta,Video,2026-07-02,no
ADV-172,Media and publishing,Meta,Carousel,2026-08-12,yes
ADV-545,Technology and SaaS,Google,Video,2026-07-04,yes
ADV-159,Media and publishing,Meta,Video,2026-06-01,no
ADV-944,Media and publishing,Meta,Video,2026-07-12,yes
ADV-248,Energy,Google,Carousel,2026-08-22,yes
ADV-944,Public sector,Google,Video,2026-08-09,yes
ADV-944,Technology and SaaS,Google,Video,2026-07-07,no
ADV-835,Media and publishing,Google,Carousel,2026-08-04,no
ADV-159,Energy,Google,Video,2026-07-27,yes
ADV-172,Public sector,Meta,Video,2026-07-14,yes
ADV-248,Public sector,Meta,Video,2026-07-11,yes
ADV-172,Technology and SaaS,Google,Carousel,2026-08-15,no
ADV-248,Technology and SaaS,Google,Video,2026-08-04,no
ADV-172,Energy,Google,Static,2026-07-03,yes
ADV-312,Media and publishing,Meta,Video,2026-08-17,yes
ADV-545,Media and publishing,Meta,Carousel,2026-09-12,no
ADV-835,Education,Meta,Carousel,2026-06-28,yes
ADV-248,Retail and ecommerce,Meta,Carousel,2026-06-05,yes
ADV-545,Energy,Meta,Video,2026-07-27,yes
ADV-944,Retail and ecommerce,Meta,Static,2026-07-13,yes
ADV-172,Retail and ecommerce,Meta,Video,2026-06-01,yes
ADV-545,Technology and SaaS,Meta,Carousel,2026-05-18,yes
ADV-835,Media and publishing,Meta,Carousel,2026-06-20,no
ADV-944,Technology and SaaS,Meta,Carousel,2026-08-04,yes
ADV-172,Media and publishing,Meta,Carousel,2026-06-24,yes
ADV-545,Media and publishing,Meta,Video,2026-09-02,no
ADV-248,Media and publishing,Google,Video,2026-06-20,no
ADV-159,Technology and SaaS,Google,Video,2026-06-19,yes
ADV-429,Technology and SaaS,Google,Carousel,2026-08-06,yes
ADV-944,Education,Google,Static,2026-05-25,no
ADV-172,Technology and SaaS,Google,Carousel,2026-06-26,no
ADV-172,Public sector,Google,Video,2026-05-20,yes
ADV-172,Technology and SaaS,Meta,Video,2026-08-03,no
ADV-159,Education,Meta,Carousel,2026-06-01,yes
ADV-429,Education,Meta,Video,2026-05-22,no
ADV-545,Technology and SaaS,Meta,Video,2026-09-08,no
ADV-429,Media and publishing,Google,Carousel,2026-06-19,no
ADV-835,Retail and ecommerce,Meta,Carousel,2026-08-12,yes
ADV-835,Energy,Google,Video,2026-05-31,no
ADV-429,Public sector,Google,Video,2026-08-20,yes
ADV-248,Energy,Google,Video,2026-08-25,no
ADV-944,Technology and SaaS,Meta,Carousel,2026-06-03,no
ADV-835,Energy,Google,Video,2026-07-31,yes
ADV-248,Technology and SaaS,Google,Carousel,2026-06-04,no
ADV-312,Retail and ecommerce,Meta,Carousel,2026-08-22,no
ADV-159,Technology and SaaS,Meta,Video,2026-07-20,yes
ADV-429,Education,Meta,Video,2026-07-11,yes
ADV-429,Technology and SaaS,Google,Video,2026-05-23,no
ADV-835,Media and publishing,Meta,Static,2026-08-22,yes
ADV-835,Media and publishing,Google,Carousel,2026-05-21,no
ADV-835,Public sector,Google,Video,2026-07-22,yes
ADV-172,Public sector,Google,Static,2026-07-05,no
ADV-545,Retail and ecommerce,Meta,Carousel,2026-08-26,no
ADV-248,Media and publishing,Google,Static,2026-08-16,no
ADV-545,Retail and ecommerce,Google,Video,2026-06-16,yes
ADV-159,Public sector,Google,Carousel,2026-08-06,no
ADV-944,Public sector,Google,Video,2026-09-03,no
ADV-545,Retail and ecommerce,Meta,Video,2026-05-31,yes
ADV-944,Technology and SaaS,Meta,Video,2026-07-11,no
ADV-429,Media and publishing,Google,Video,2026-08-16,no
ADV-429,Media and publishing,Google,Video,2026-06-17,no
ADV-248,Public sector,Google,Carousel,2026-06-23,no
ADV-172,Technology and SaaS,Google,Video,2026-08-11,no
ADV-835,Technology and SaaS,Google,Carousel,2026-06-21,no
ADV-172,Public sector,Meta,Video,2026-06-29,yes
ADV-944,Public sector,Google,Carousel,2026-07-18,no
ADV-944,Technology and SaaS,Google,Video,2026-09-01,no
ADV-159,Public sector,Google,Carousel,2026-08-12,yes
ADV-944,Retail and ecommerce,Meta,Video,2026-07-01,yes
ADV-944,Technology and SaaS,Google,Carousel,2026-08-17,no
ADV-944,Public sector,Meta,Video,2026-08-12,yes
ADV-159,Technology and SaaS,Google,Carousel,2026-06-24,no
ADV-172,Retail and ecommerce,Google,Carousel,2026-06-22,yes
ADV-545,Technology and SaaS,Google,Video,2026-07-07,no
ADV-944,Technology and SaaS,Meta,Carousel,2026-08-23,no
ADV-248,Education,Google,Video,2026-06-13,yes
ADV-248,Technology and SaaS,Meta,Carousel,2026-07-27,yes
ADV-545,Media and publishing,Meta,Carousel,2026-07-29,yes
ADV-172,Technology and SaaS,Meta,Static,2026-06-26,yes
ADV-172,Energy,Google,Carousel,2026-06-02,no
ADV-248,Technology and SaaS,Meta,Video,2026-09-02,yes
ADV-429,Education,Meta,Video,2026-06-26,no
ADV-312,Technology and SaaS,Meta,Video,2026-06-12,yes
ADV-248,Media and publishing,Meta,Carousel,2026-08-13,yes
ADV-159,Media and publishing,Google,Video,2026-08-01,no
ADV-944,Technology and SaaS,Meta,Carousel,2026-07-30,yes
ADV-312,Public sector,Google,Carousel,2026-07-16,no
ADV-159,Retail and ecommerce,Meta,Video,2026-08-12,yes
ADV-944,Media and publishing,Meta,Video,2026-06-24,no
ADV-312,Energy,Meta,Carousel,2026-06-23,yes
ADV-545,Media and publishing,Meta,Carousel,2026-07-23,no
ADV-944,Media and publishing,Meta,Carousel,2026-06-27,yes
ADV-159,Public sector,Google,Video,2026-08-25,yes
ADV-172,Technology and SaaS,Google,Carousel,2026-09-08,yes
ADV-545,Media and publishing,Meta,Carousel,2026-05-29,yes
ADV-944,Public sector,Google,Carousel,2026-06-07,no
ADV-944,Education,Meta,Video,2026-08-11,yes
ADV-248,Retail and ecommerce,Google,Carousel,2026-05-23,yes
ADV-429,Education,Google,Carousel,2026-09-02,no
ADV-159,Media and publishing,Meta,Video,2026-06-26,yes
ADV-429,Energy,Google,Video,2026-07-29,yes
ADV-159,Energy,Google,Carousel,2026-08-15,no
ADV-429,Energy,Google,Carousel,2026-06-18,yes
ADV-312,Media and publishing,Meta,Carousel,2026-07-20,yes
ADV-835,Retail and ecommerce,Meta,Video,2026-08-01,yes
ADV-248,Education,Google,Video,2026-05-20,yes
ADV-312,Education,Google,Video,2026-07-15,no
ADV-159,Education,Google,Video,2026-06-22,yes
ADV-944,Energy,Meta,Video,2026-06-24,yes
ADV-248,Technology and SaaS,Google,Carousel,2026-06-09,no
ADV-545,Media and publishing,Google,Carousel,2026-08-07,no
ADV-312,Technology and SaaS,Meta,Video,2026-06-11,yes
ADV-545,Public sector,Google,Carousel,2026-06-19,no
ADV-248,Public sector,Meta,Video,2026-05-23,yes
ADV-159,Technology and SaaS,Meta,Carousel,2026-08-24,no
ADV-835,Energy,Google,Carousel,2026-07-18,yes
ADV-944,Media and publishing,Google,Carousel,2026-06-03,no
ADV-835,Retail and ecommerce,Google,Carousel,2026-07-27,no
ADV-248,Technology and SaaS,Google,Video,2026-06-13,yes
ADV-159,Media and publishing,Meta,Video,2026-08-07,no
ADV-835,Public sector,Meta,Video,2026-08-19,no
ADV-159,Public sector,Meta,Video,2026-07-27,yes
ADV-312,Energy,Google,Video,2026-08-10,yes
ADV-429,Retail and ecommerce,Google,Carousel,2026-05-29,yes
ADV-835,Technology and SaaS,Google,Video,2026-07-23,yes
ADV-172,Education,Google,Carousel,2026-05-29,yes
ADV-429,Media and publishing,Meta,Static,2026-06-11,yes
ADV-429,Technology and SaaS,Google,Video,2026-05-23,no
ADV-172,Media and publishing,Meta,Video,2026-07-12,yes
ADV-429,Media and publishing,Google,Static,2026-07-16,no
ADV-312,Public sector,Meta,Video,2026-08-23,yes
ADV-835,Education,Meta,Carousel,2026-07-14,yes
ADV-312,Technology and SaaS,Meta,Carousel,2026-07-30,yes
ADV-545,Education,Meta,Video,2026-07-05,no
ADV-944,Education,Meta,Video,2026-08-19,no
ADV-429,Energy,Meta,Video,2026-07-12,no
ADV-429,Public sector,Google,Video,2026-08-15,no
ADV-545,Retail and ecommerce,Meta,Video,2026-08-14,yes
ADV-172,Technology and SaaS,Google,Video,2026-09-07,yes
ADV-172,Media and publishing,Meta,Carousel,2026-06-18,no
ADV-835,Energy,Meta,Video,2026-06-13,yes
ADV-429,Technology and SaaS,Meta,Video,2026-07-29,no
ADV-248,Technology and SaaS,Google,Carousel,2026-06-04,no
ADV-159,Technology and SaaS,Meta,Carousel,2026-06-20,yes
ADV-248,Public sector,Meta,Static,2026-07-10,no
ADV-312,Energy,Google,Video,2026-07-13,yes
ADV-545,Technology and SaaS,Google,Carousel,2026-08-31,yes
ADV-312,Education,Meta,Carousel,2026-06-06,no
ADV-159,Technology and SaaS,Google,Video,2026-07-04,yes
ADV-835,Technology and SaaS,Google,Video,2026-08-11,yes
ADV-159,Retail and ecommerce,Meta,Carousel,2026-07-17,yes
ADV-429,Education,Google,Video,2026-05-31,no
ADV-944,Technology and SaaS,Meta,Carousel,2026-08-28,yes
ADV-545,Media and publishing,Meta,Video,2026-08-15,yes
ADV-172,Media and publishing,Google,Video,2026-09-05,yes
ADV-312,Technology and SaaS,Google,Carousel,2026-07-05,no
ADV-172,Media and publishing,Google,Video,2026-08-11,no
ADV-248,Education,Meta,Static,2026-07-08,yes
ADV-159,Media and publishing,Meta,Static,2026-07-20,no
ADV-429,Media and publishing,Google,Carousel,2026-09-01,yes
ADV-248,Media and publishing,Meta,Carousel,2026-09-11,no
ADV-312,Retail and ecommerce,Meta,Video,2026-06-19,yes
ADV-312,Technology and SaaS,Meta,Carousel,2026-07-14,no
ADV-312,Public sector,Google,Video,2026-07-09,yes
ADV-545,Education,Meta,Video,2026-09-02,yes
ADV-429,Technology and SaaS,Google,Video,2026-06-15,no
ADV-835,Energy,Meta,Video,2026-08-08,yes
ADV-172,Technology and SaaS,Google,Static,2026-08-24,yes
ADV-312,Energy,Google,Carousel,2026-06-18,no
ADV-944,Retail and ecommerce,Meta,Carousel,2026-08-16,yes
ADV-159,Retail and ecommerce,Google,Carousel,2026-08-21,yes
ADV-429,Media and publishing,Google,Video,2026-07-30,yes
ADV-312,Technology and SaaS,Google,Video,2026-05-16,no
ADV-159,Media and publishing,Google,Static,2026-08-13,yes
ADV-545,Media and publishing,Google,Static,2026-07-21,yes
ADV-312,Technology and SaaS,Google,Video,2026-05-17,yes
ADV-172,Technology and SaaS,Meta,Video,2026-08-05,no
ADV-944,Media and publishing,Meta,Static,2026-06-28,yes
ADV-835,Public sector,Meta,Video,2026-06-26,yes
ADV-835,Energy,Google,Video,2026-09-04,yes
ADV-159,Media and publishing,Meta,Video,2026-06-29,yes
ADV-172,Technology and SaaS,Google,Carousel,2026-06-04,yes
ADV-159,Technology and SaaS,Google,Carousel,2026-07-25,no
ADV-545,Education,Google,Carousel,2026-08-22,no
ADV-429,Technology and SaaS,Meta,Video,2026-07-25,no
ADV-429,Public sector,Meta,Carousel,2026-06-25,yes
ADV-312,Public sector,Meta,Static,2026-08-10,yes
ADV-835,Technology and SaaS,Meta,Carousel,2026-07-10,yes
ADV-944,Technology and SaaS,Google,Video,2026-05-28,yes
ADV-545,Media and publishing,Meta,Carousel,2026-07-25,yes
ADV-545,Media and publishing,Meta,Video,2026-06-22,no
ADV-248,Retail and ecommerce,Meta,Static,2026-07-05,no
ADV-429,Public sector,Meta,Video,2026-09-04,yes
ADV-429,Energy,Meta,Video,2026-08-03,yes
ADV-545,Media and publishing,Google,Static,2026-08-22,no
ADV-248,Media and publishing,Google,Video,2026-06-08,yes
ADV-159,Public sector,Google,Video,2026-09-10,no
ADV-159,Media and publishing,Google,Video,2026-05-31,yes
ADV-248,Public sector,Meta,Video,2026-07-18,yes
ADV-429,Energy,Meta,Carousel,2026-07-18,yes
ADV-429,Energy,Google,Video,2026-06-15,yes
ADV-172,Media and publishing,Google,Carousel,2026-08-04,no
ADV-248,Media and publishing,Meta,Video,2026-08-16,yes
ADV-545,Retail and ecommerce,Google,Carousel,2026-08-03,yes
ADV-545,Public sector,Google,Carousel,2026-05-22,yes
ADV-172,Technology and SaaS,Meta,Carousel,2026-06-30,yes
ADV-545,Energy,Google,Carousel,2026-08-28,yes
ADV-944,Education,Google,Video,2026-05-31,no
ADV-944,Energy,Google,Video,2026-06-07,no
ADV-159,Technology and SaaS,Meta,Carousel,2026-08-24,no
ADV-172,Media and publishing,Google,Carousel,2026-07-29,yes
ADV-944,Media and publishing,Google,Carousel,2026-08-13,no
ADV-944,Technology and SaaS,Google,Video,2026-05-28,yes
ADV-159,Education,Google,Carousel,2026-07-24,no
ADV-545,Education,Meta,Carousel,2026-06-07,no
ADV-159,Education,Google,Carousel,2026-08-29,yes
ADV-159,Technology and SaaS,Google,Carousel,2026-06-02,no
ADV-835,Technology and SaaS,Meta,Video,2026-07-26,yes
ADV-172,Media and publishing,Google,Video,2026-07-11,yes
ADV-545,Media and publishing,Meta,Carousel,2026-05-18,no
ADV-429,Education,Google,Carousel,2026-08-16,yes
ADV-312,Retail and ecommerce,Meta,Video,2026-09-05,no
ADV-312,Energy,Google,Video,2026-06-23,no
ADV-429,Media and publishing,Google,Video,2026-07-28,yes
ADV-248,Technology and SaaS,Google,Carousel,2026-05-21,no
ADV-944,Energy,Google,Carousel,2026-07-08,no
ADV-248,Technology and SaaS,Meta,Carousel,2026-07-31,yes
ADV-172,Retail and ecommerce,Meta,Carousel,2026-08-28,no
ADV-545,Technology and SaaS,Google,Video,2026-09-05,no
ADV-429,Energy,Google,Video,2026-06-23,no
ADV-172,Education,Meta,Video,2026-08-11,no
ADV-944,Education,Google,Carousel,2026-06-07,yes
ADV-545,Public sector,Google,Video,2026-05-30,no
ADV-835,Energy,Meta,Video,2026-09-01,no
ADV-312,Education,Google,Static,2026-07-01,no
ADV-944,Retail and ecommerce,Google,Static,2026-07-08,no
ADV-835,Media and publishing,Meta,Static,2026-08-19,no
ADV-944,Media and publishing,Meta,Video,2026-07-12,no
ADV-312,Media and publishing,Google,Video,2026-07-16,yes
ADV-312,Education,Meta,Video,2026-05-17,no
ADV-172,Media and publishing,Google,Video,2026-07-20,yes
ADV-248,Public sector,Meta,Video,2026-06-14,yes
ADV-429,Media and publishing,Meta,Carousel,2026-08-29,yes
ADV-312,Public sector,Meta,Video,2026-05-19,yes
ADV-545,Education,Google,Carousel,2026-06-02,yes
ADV-172,Energy,Meta,Static,2026-05-19,yes
ADV-545,Retail and ecommerce,Meta,Carousel,2026-08-30,no
ADV-835,Public sector,Google,Video,2026-06-14,yes
ADV-835,Education,Google,Static,2026-09-05,no
ADV-159,Technology and SaaS,Google,Carousel,2026-07-10,yes
ADV-545,Media and publishing,Meta,Carousel,2026-09-07,no
ADV-159,Education,Google,Video,2026-08-04,yes
ADV-545,Media and publishing,Meta,Static,2026-08-01,no
ADV-248,Energy,Google,Carousel,2026-07-07,no
ADV-429,Technology and SaaS,Meta,Video,2026-07-15,no
ADV-248,Media and publishing,Meta,Static,2026-06-24,no
ADV-172,Media and publishing,Google,Video,2026-07-22,no
ADV-429,Media and publishing,Meta,Video,2026-06-30,yes
ADV-944,Technology and SaaS,Meta,Static,2026-06-02,no
ADV-312,Public sector,Meta,Carousel,2026-07-27,no
ADV-835,Media and publishing,Meta,Video,2026-07-16,yes
ADV-835,Public sector,Meta,Video,2026-05-17,yes
ADV-248,Media and publishing,Meta,Static,2026-08-20,no
ADV-248,Retail and ecommerce,Google,Video,2026-06-03,yes
ADV-944,Technology and SaaS,Meta,Video,2026-08-01,yes
ADV-944,Energy,Google,Video,2026-07-26,no
ADV-312,Technology and SaaS,Meta,Carousel,2026-07-19,no
ADV-835,Energy,Meta,Carousel,2026-05-16,yes
ADV-172,Technology and SaaS,Meta,Video,2026-06-21,yes
ADV-172,Education,Meta,Video,2026-07-04,yes
ADV-172,Media and publishing,Google,Carousel,2026-08-23,no
ADV-429,Energy,Meta,Static,2026-06-20,yes
ADV-545,Energy,Google,Video,2026-08-04,no
ADV-429,Media and publishing,Google,Carousel,2026-05-28,no
ADV-159,Technology and SaaS,Google,Video,2026-06-27,no
ADV-429,Public sector,Meta,Video,2026-07-19,no
ADV-944,Energy,Meta,Static,2026-07-25,yes
ADV-429,Technology and SaaS,Meta,Carousel,2026-07-02,no
ADV-159,Technology and SaaS,Meta,Carousel,2026-07-30,yes
ADV-312,Media and publishing,Meta,Video,2026-07-06,no
ADV-159,Public sector,Google,Video,2026-08-09,no
ADV-172,Public sector,Meta,Carousel,2026-08-16,no
ADV-172,Education,Google,Carousel,2026-08-06,yes
ADV-159,Technology and SaaS,Meta,Static,2026-05-24,no
ADV-545,Technology and SaaS,Google,Video,2026-05-29,yes
ADV-312,Education,Google,Video,2026-05-17,no
ADV-944,Media and publishing,Google,Video,2026-07-17,no
ADV-172,Energy,Meta,Video,2026-08-08,yes
ADV-172,Energy,Google,Static,2026-07-26,no
ADV-159,Technology and SaaS,Google,Video,2026-08-01,no
ADV-172,Media and publishing,Google,Video,2026-07-20,no
ADV-172,Education,Google,Video,2026-05-27,yes
ADV-172,Media and publishing,Google,Video,2026-07-27,no
ADV-172,Technology and SaaS,Google,Video,2026-07-02,yes
ADV-944,Technology and SaaS,Meta,Video,2026-05-16,yes
ADV-248,Energy,Meta,Carousel,2026-09-07,yes
ADV-159,Media and publishing,Google,Carousel,2026-06-24,yes
ADV-312,Public sector,Meta,Video,2026-06-22,yes
ADV-944,Energy,Google,Video,2026-06-29,yes
ADV-312,Energy,Google,Static,2026-07-30,yes
ADV-944,Public sector,Meta,Video,2026-06-26,yes
ADV-944,Technology and SaaS,Google,Carousel,2026-08-30,yes
ADV-172,Education,Meta,Static,2026-07-20,no
ADV-172,Media and publishing,Google,Video,2026-09-03,no
ADV-172,Education,Google,Video,2026-08-26,no
ADV-248,Media and publishing,Meta,Video,2026-07-31,yes
ADV-429,Retail and ecommerce,Google,Carousel,2026-06-27,yes
ADV-429,Technology and SaaS,Meta,Video,2026-06-17,yes
ADV-159,Retail and ecommerce,Google,Carousel,2026-08-18,yes
ADV-159,Technology and SaaS,Meta,Carousel,2026-08-01,no
ADV-944,Energy,Meta,Video,2026-07-22,no
ADV-545,Public sector,Google,Carousel,2026-07-31,no
ADV-172,Education,Google,Carousel,2026-05-29,yes
ADV-835,Education,Google,Carousel,2026-08-16,yes
ADV-835,Media and publishing,Google,Carousel,2026-07-18,no
ADV-944,Media and publishing,Google,Static,2026-07-14,no
ADV-312,Media and publishing,Google,Carousel,2026-05-26,yes
ADV-429,Media and publishing,Google,Carousel,2026-05-25,no
ADV-248,Public sector,Meta,Carousel,2026-07-27,no
ADV-248,Media and publishing,Google,Carousel,2026-07-24,no
ADV-429,Education,Meta,Carousel,2026-08-27,no
ADV-248,Media and publishing,Google,Static,2026-07-12,no
ADV-835,Energy,Google,Video,2026-09-01,no
ADV-159,Energy,Meta,Video,2026-06-17,no
ADV-429,Education,Meta,Carousel,2026-06-25,no
ADV-312,Media and publishing,Google,Video,2026-07-07,no
ADV-159,Technology and SaaS,Google,Video,2026-06-14,no
ADV-545,Public sector,Meta,Static,2026-06-19,no
ADV-429,Energy,Meta,Static,2026-09-07,no
ADV-429,Public sector,Google,Carousel,2026-08-01,yes
ADV-159,Retail and ecommerce,Google,Carousel,2026-06-19,no
ADV-545,Media and publishing,Meta,Video,2026-06-17,no
ADV-248,Media and publishing,Google,Video,2026-08-26,no
ADV-172,Technology and SaaS,Google,Video,2026-07-27,yes
ADV-835,Media and publishing,Meta,Carousel,2026-08-01,yes
ADV-429,Energy,Google,Video,2026-07-01,no
ADV-248,Retail and ecommerce,Meta,Static,2026-05-28,yes
ADV-429,Energy,Google,Static,2026-05-30,no
ADV-312,Energy,Google,Static,2026-05-16,no
ADV-835,Media and publishing,Google,Video,2026-06-22,no
ADV-312,Media and publishing,Google,Carousel,2026-09-07,yes
ADV-545,Media and publishing,Meta,Video,2026-05-24,no
ADV-944,Technology and SaaS,Google,Video,2026-08-01,no
ADV-248,Energy,Google,Static,2026-09-04,no
ADV-545,Technology and SaaS,Google,Video,2026-06-09,yes
ADV-429,Public sector,Meta,Carousel,2026-07-15,yes
ADV-835,Public sector,Meta,Video,2026-09-02,yes
ADV-159,Energy,Meta,Video,2026-06-04,yes
ADV-835,Media and publishing,Meta,Video,2026-05-17,no
ADV-159,Education,Meta,Carousel,2026-05-17,yes
ADV-248,Energy,Meta,Carousel,2026-07-19,no
ADV-429,Public sector,Meta,Video,2026-06-14,yes
ADV-835,Media and publishing,Google,Static,2026-07-24,yes
ADV-545,Public sector,Meta,Carousel,2026-08-26,yes
ADV-312,Public sector,Meta,Video,2026-07-07,yes
ADV-312,Technology and SaaS,Meta,Static,2026-07-09,yes
ADV-248,Technology and SaaS,Google,Carousel,2026-08-02,no
ADV-159,Technology and SaaS,Google,Carousel,2026-09-01,no
ADV-312,Public sector,Google,Video,2026-09-10,yes
ADV-429,Technology and SaaS,Google,Carousel,2026-07-14,yes
ADV-312,Education,Google,Static,2026-08-27,yes
ADV-312,Energy,Google,Static,2026-08-19,yes
ADV-312,Technology and SaaS,Meta,Video,2026-07-27,yes
ADV-944,Energy,Google,Video,2026-06-17,no
ADV-248,Media and publishing,Google,Carousel,2026-07-25,no
ADV-312,Education,Google,Video,2026-06-05,no
ADV-429,Education,Google,Carousel,2026-08-19,yes
ADV-835,Education,Meta,Video,2026-07-27,yes
ADV-312,Retail and ecommerce,Meta,Video,2026-07-21,yes
ADV-312,Media and publishing,Meta,Video,2026-07-07,no
ADV-944,Media and publishing,Meta,Video,2026-08-24,no
ADV-172,Education,Google,Video,2026-08-27,yes
ADV-248,Public sector,Google,Carousel,2026-06-08,no
ADV-944,Technology and SaaS,Meta,Carousel,2026-06-19,no
ADV-159,Education,Meta,Video,2026-06-23,no
ADV-312,Public sector,Google,Video,2026-06-25,no
ADV-545,Technology and SaaS,Google,Video,2026-07-09,yes
ADV-545,Technology and SaaS,Meta,Carousel,2026-08-05,yes
ADV-248,Public sector,Meta,Carousel,2026-06-03,no
ADV-835,Public sector,Google,Carousel,2026-08-30,yes
ADV-172,Media and publishing,Meta,Video,2026-07-27,no
ADV-944,Energy,Google,Static,2026-09-03,no
ADV-248,Media and publishing,Google,Video,2026-08-09,yes
ADV-835,Education,Google,Carousel,2026-05-22,no
ADV-312,Technology and SaaS,Meta,Video,2026-07-16,yes
ADV-248,Education,Google,Video,2026-09-04,yes
ADV-545,Technology and SaaS,Meta,Carousel,2026-05-27,no
ADV-312,Technology and SaaS,Meta,Video,2026-08-17,yes
ADV-545,Technology and SaaS,Google,Video,2026-06-21,no
ADV-835,Media and publishing,Meta,Carousel,2026-06-03,yes
ADV-248,Energy,Google,Carousel,2026-08-09,no
ADV-312,Energy,Meta,Carousel,2026-07-13,no
ADV-835,Media and publishing,Google,Video,2026-06-07,no
ADV-835,Public sector,Meta,Video,2026-06-06,yes
ADV-248,Technology and SaaS,Meta,Carousel,2026-07-30,no
ADV-248,Public sector,Meta,Video,2026-08-17,yes
ADV-248,Public sector,Meta,Carousel,2026-09-06,no
ADV-172,Public sector,Google,Carousel,2026-06-13,no
ADV-944,Technology and SaaS,Meta,Video,2026-08-23,no
ADV-835,Public sector,Google,Carousel,2026-05-18,yes
ADV-248,Public sector,Meta,Video,2026-08-14,yes
ADV-172,Energy,Google,Carousel,2026-08-07,no
ADV-835,Technology and SaaS,Meta,Video,2026-06-26,no
ADV-944,Media and publishing,Google,Video,2026-07-14,no
ADV-429,Media and publishing,Meta,Video,2026-08-19,yes
ADV-159,Technology and SaaS,Google,Video,2026-08-12,no
ADV-835,Public sector,Google,Carousel,2026-09-10,no
ADV-312,Education,Meta,Carousel,2026-05-24,yes
ADV-248,Education,Google,Video,2026-05-31,yes
ADV-545,Education,Meta,Video,2026-07-05,no
ADV-312,Public sector,Meta,Carousel,2026-07-29,no
ADV-172,Technology and SaaS,Meta,Video,2026-07-26,no
ADV-835,Technology and SaaS,Google,Video,2026-07-27,no
ADV-835,Technology and SaaS,Meta,Carousel,2026-07-04,no
ADV-312,Energy,Google,Video,2026-05-20,yes
ADV-172,Energy,Meta,Video,2026-08-20,no
ADV-312,Technology and SaaS,Google,Video,2026-07-02,no
ADV-545,Technology and SaaS,Google,Carousel,2026-08-30,yes
ADV-835,Technology and SaaS,Meta,Video,2026-07-25,yes
ADV-944,Media and publishing,Meta,Static,2026-05-23,no
ADV-248,Media and publishing,Meta,Video,2026-08-15,yes
ADV-248,Technology and SaaS,Meta,Video,2026-06-19,no
ADV-835,Public sector,Meta,Video,2026-05-24,yes
ADV-545,Public sector,Google,Video,2026-08-26,no
ADV-159,Media and publishing,Meta,Video,2026-07-16,no
ADV-944,Media and publishing,Google,Video,2026-08-27,yes
ADV-835,Retail and ecommerce,Meta,Video,2026-07-26,no
ADV-545,Technology and SaaS,Google,Carousel,2026-06-12,yes
ADV-545,Retail and ecommerce,Google,Video,2026-08-18,no
ADV-159,Energy,Google,Video,2026-08-21,no
ADV-248,Media and publishing,Google,Video,2026-05-18,no
ADV-545,Technology and SaaS,Meta,Carousel,2026-08-21,no
ADV-835,Energy,Meta,Video,2026-06-13,no
ADV-248,Technology and SaaS,Meta,Video,2026-06-08,no
ADV-835,Energy,Meta,Video,2026-07-09,no
ADV-545,Energy,Google,Carousel,2026-05-31,no
ADV-312,Technology and SaaS,Google,Static,2026-07-07,yes
ADV-312,Technology and SaaS,Google,Carousel,2026-07-18,no
ADV-429,Technology and SaaS,Meta,Carousel,2026-08-01,no
ADV-835,Technology and SaaS,Google,Carousel,2026-08-12,no
ADV-545,Media and publishing,Google,Video,2026-07-30,no
ADV-159,Technology and SaaS,Google,Video,2026-09-04,yes
ADV-159,Technology and SaaS,Meta,Video,2026-06-04,no
ADV-429,Education,Meta,Carousel,2026-06-14,yes
ADV-545,Media and publishing,Google,Video,2026-07-18,yes
ADV-172,Retail and ecommerce,Google,Video,2026-09-02,yes
ADV-545,Technology and SaaS,Google,Carousel,2026-05-23,yes
ADV-159,Media and publishing,Google,Video,2026-08-03,no
ADV-172,Public sector,Meta,Video,2026-09-04,yes
ADV-835,Technology and SaaS,Google,Video,2026-08-30,yes
ADV-429,Technology and SaaS,Google,Carousel,2026-07-06,yes
ADV-545,Retail and ecommerce,Meta,Carousel,2026-07-27,yes
ADV-312,Education,Meta,Carousel,2026-09-09,no
ADV-248,Media and publishing,Meta,Video,2026-08-07,no
ADV-429,Public sector,Meta,Video,2026-07-19,yes
ADV-312,Energy,Google,Video,2026-08-04,no
ADV-944,Media and publishing,Meta,Carousel,2026-08-10,yes
ADV-159,Energy,Google,Static,2026-06-14,yes
ADV-429,Energy,Google,Video,2026-08-27,no
ADV-312,Education,Meta,Video,2026-06-11,no
ADV-248,Retail and ecommerce,Google,Static,2026-08-01,yes
ADV-312,Energy,Google,Video,2026-07-07,no
ADV-172,Technology and SaaS,Google,Video,2026-05-29,no
ADV-312,Retail and ecommerce,Meta,Video,2026-06-08,no
ADV-312,Public sector,Google,Carousel,2026-08-04,no
ADV-172,Public sector,Meta,Video,2026-05-26,yes
ADV-835,Energy,Google,Video,2026-07-30,yes
ADV-835,Public sector,Google,Static,2026-07-03,yes
ADV-248,Energy,Google,Carousel,2026-08-09,yes
ADV-944,Technology and SaaS,Meta,Carousel,2026-06-01,yes
ADV-545,Retail and ecommerce,Google,Video,2026-07-03,yes
ADV-429,Energy,Google,Carousel,2026-08-02,yes
ADV-172,Technology and SaaS,Meta,Carousel,2026-05-26,yes
ADV-159,Media and publishing,Google,Video,2026-09-07,no
ADV-159,Technology and SaaS,Meta,Static,2026-06-20,no
ADV-248,Media and publishing,Google,Video,2026-05-31,yes
ADV-835,Public sector,Meta,Carousel,2026-07-05,no
ADV-429,Media and publishing,Google,Video,2026-09-09,yes
ADV-312,Media and publishing,Meta,Video,2026-07-06,yes
ADV-248,Media and publishing,Google,Video,2026-08-12,yes
ADV-159,Technology and SaaS,Google,Static,2026-05-18,no
ADV-545,Technology and SaaS,Google,Video,2026-05-19,no
ADV-835,Energy,Meta,Static,2026-07-22,yes
ADV-835,Technology and SaaS,Meta,Carousel,2026-06-21,no
ADV-944,Retail and ecommerce,Google,Carousel,2026-08-01,no
ADV-248,Technology and SaaS,Google,Carousel,2026-07-06,yes
ADV-545,Technology and SaaS,Google,Video,2026-06-27,no
ADV-248,Education,Meta,Carousel,2026-08-22,no
ADV-944,Technology and SaaS,Google,Video,2026-05-18,yes
ADV-429,Media and publishing,Meta,Static,2026-06-11,yes
ADV-545,Retail and ecommerce,Meta,Carousel,2026-08-25,no
ADV-944,Media and publishing,Google,Carousel,2026-05-22,no
ADV-835,Media and publishing,Meta,Static,2026-06-13,no
ADV-545,Retail and ecommerce,Meta,Carousel,2026-07-20,yes
ADV-545,Media and publishing,Meta,Video,2026-07-15,yes
ADV-944,Energy,Meta,Static,2026-06-13,no
ADV-312,Media and publishing,Meta,Video,2026-05-29,no
ADV-172,Technology and SaaS,Meta,Video,2026-07-26,no
ADV-835,Education,Google,Carousel,2026-05-20,yes
ADV-429,Public sector,Meta,Video,2026-05-16,no
ADV-159,Retail and ecommerce,Google,Static,2026-08-22,no
ADV-429,Public sector,Meta,Video,2026-08-07,yes
ADV-835,Public sector,Google,Video,2026-07-09,yes
ADV-835,Energy,Meta,Video,2026-07-31,yes
ADV-248,Media and publishing,Meta,Video,2026-06-19,no
ADV-944,Technology and SaaS,Google,Static,2026-05-27,yes
ADV-429,Technology and SaaS,Google,Carousel,2026-07-28,no
ADV-312,Technology and SaaS,Google,Video,2026-05-16,yes
ADV-312,Media and publishing,Meta,Video,2026-05-22,no
ADV-835,Energy,Meta,Carousel,2026-06-24,no
ADV-545,Education,Google,Static,2026-09-03,yes
ADV-429,Media and publishing,Google,Video,2026-08-31,no
ADV-172,Education,Google,Video,2026-08-31,no
ADV-248,Technology and SaaS,Meta,Video,2026-09-05,no
ADV-312,Technology and SaaS,Google,Video,2026-06-24,yes
ADV-429,Public sector,Meta,Carousel,2026-08-23,no
ADV-944,Retail and ecommerce,Meta,Video,2026-08-06,no
ADV-545,Media and publishing,Meta,Carousel,2026-05-22,no
ADV-248,Media and publishing,Google,Video,2026-06-29,no
ADV-172,Technology and SaaS,Meta,Video,2026-07-14,yes
ADV-172,Technology and SaaS,Meta,Carousel,2026-08-29,yes
ADV-248,Media and publishing,Meta,Video,2026-09-05,no
ADV-312,Technology and SaaS,Google,Video,2026-08-30,yes
ADV-944,Education,Meta,Video,2026-08-25,yes
ADV-159,Media and publishing,Meta,Carousel,2026-07-21,no
ADV-944,Media and publishing,Meta,Carousel,2026-08-09,no
ADV-835,Education,Meta,Video,2026-05-30,yes
ADV-944,Technology and SaaS,Meta,Carousel,2026-09-11,yes
ADV-312,Technology and SaaS,Meta,Video,2026-09-03,yes
ADV-835,Technology and SaaS,Google,Carousel,2026-06-22,no
ADV-248,Retail and ecommerce,Meta,Carousel,2026-08-30,no
ADV-545,Media and publishing,Google,Static,2026-08-09,no
ADV-248,Public sector,Google,Video,2026-08-21,no
ADV-835,Retail and ecommerce,Google,Video,2026-05-21,no
ADV-429,Media and publishing,Google,Static,2026-08-28,no
ADV-248,Public sector,Google,Video,2026-06-07,no
ADV-429,Education,Google,Carousel,2026-06-28,yes
ADV-944,Media and publishing,Google,Carousel,2026-06-27,yes
ADV-312,Media and publishing,Google,Video,2026-06-01,yes
ADV-248,Education,Google,Carousel,2026-05-25,yes
ADV-312,Energy,Google,Video,2026-07-31,yes
ADV-248,Media and publishing,Google,Video,2026-06-27,no
ADV-944,Energy,Meta,Video,2026-06-21,no
ADV-312,Education,Google,Carousel,2026-07-17,no
ADV-312,Retail and ecommerce,Google,Video,2026-07-06,yes
ADV-835,Education,Google,Carousel,2026-07-12,yes
ADV-159,Technology and SaaS,Meta,Video,2026-08-07,yes
ADV-159,Media and publishing,Meta,Carousel,2026-08-10,yes
ADV-944,Public sector,Meta,Static,2026-08-31,yes
ADV-429,Technology and SaaS,Meta,Video,2026-07-07,yes
ADV-545,Retail and ecommerce,Google,Video,2026-07-16,no
ADV-312,Public sector,Google,Video,2026-07-12,yes
ADV-944,Public sector,Meta,Static,2026-08-21,yes
ADV-429,Media and publishing,Meta,Video,2026-06-21,yes
ADV-312,Media and publishing,Google,Video,2026-06-14,no
ADV-159,Retail and ecommerce,Meta,Carousel,2026-07-19,no
ADV-312,Education,Meta,Video,2026-07-14,yes
ADV-835,Media and publishing,Google,Static,2026-08-08,no
ADV-172,Energy,Google,Video,2026-08-25,no
ADV-312,Media and publishing,Google,Static,2026-08-11,no
ADV-545,Technology and SaaS,Google,Carousel,2026-07-16,no
ADV-312,Media and publishing,Meta,Carousel,2026-06-24,yes
ADV-944,Technology and SaaS,Google,Video,2026-08-31,no
ADV-172,Technology and SaaS,Meta,Static,2026-09-07,yes
ADV-172,Energy,Google,Video,2026-09-05,no
ADV-312,Retail and ecommerce,Meta,Static,2026-07-19,yes
ADV-835,Media and publishing,Meta,Carousel,2026-08-04,no
ADV-172,Media and publishing,Meta,Carousel,2026-05-21,no
ADV-312,Technology and SaaS,Google,Carousel,2026-07-07,no
ADV-172,Retail and ecommerce,Meta,Carousel,2026-09-10,yes
ADV-545,Media and publishing,Google,Video,2026-07-30,yes
ADV-429,Media and publishing,Meta,Video,2026-08-12,yes
ADV-159,Public sector,Google,Video,2026-06-20,no
ADV-248,Technology and SaaS,Meta,Carousel,2026-08-19,yes
ADV-429,Media and publishing,Google,Carousel,2026-08-31,no
ADV-429,Retail and ecommerce,Meta,Static,2026-08-01,no
ADV-312,Media and publishing,Meta,Carousel,2026-06-10,no
ADV-545,Technology and SaaS,Google,Video,2026-09-10,yes
ADV-159,Media and publishing,Google,Carousel,2026-08-08,no
ADV-545,Technology and SaaS,Google,Static,2026-09-11,no
ADV-159,Energy,Meta,Video,2026-09-05,no
ADV-159,Education,Google,Carousel,2026-09-10,no
ADV-944,Technology and SaaS,Meta,Carousel,2026-05-24,yes
ADV-248,Energy,Meta,Carousel,2026-08-29,yes
ADV-944,Media and publishing,Google,Video,2026-09-01,no
ADV-172,Media and publishing,Meta,Video,2026-08-31,no
ADV-312,Energy,Meta,Video,2026-06-26,yes
ADV-429,Technology and SaaS,Google,Carousel,2026-08-19,no
ADV-835,Public sector,Meta,Video,2026-06-10,yes
ADV-545,Media and publishing,Meta,Video,2026-08-29,yes
ADV-159,Technology and SaaS,Google,Carousel,2026-08-31,yes
ADV-312,Technology and SaaS,Google,Carousel,2026-08-24,yes
ADV-159,Energy,Meta,Video,2026-07-12,no
ADV-172,Technology and SaaS,Google,Carousel,2026-08-31,no
ADV-172,Energy,Meta,Static,2026-06-17,no
ADV-835,Media and publishing,Meta,Video,2026-09-07,yes
ADV-835,Retail and ecommerce,Google,Carousel,2026-08-25,no
ADV-545,Education,Google,Carousel,2026-08-04,no
ADV-944,Technology and SaaS,Meta,Static,2026-08-10,yes
ADV-248,Education,Meta,Video,2026-06-28,yes
ADV-944,Media and publishing,Meta,Carousel,2026-06-23,no
ADV-159,Media and publishing,Meta,Video,2026-06-29,yes
ADV-545,Public sector,Google,Carousel,2026-09-03,yes
ADV-248,Media and publishing,Google,Video,2026-06-01,yes
ADV-429,Public sector,Meta,Static,2026-06-20,no
ADV-835,Technology and SaaS,Google,Carousel,2026-06-06,yes
ADV-545,Education,Google,Video,2026-06-17,no
ADV-835,Education,Meta,Static,2026-05-28,no
ADV-248,Education,Google,Video,2026-07-08,yes
ADV-172,Media and publishing,Google,Static,2026-08-02,yes
ADV-172,Technology and SaaS,Google,Video,2026-07-01,yes
ADV-429,Retail and ecommerce,Google,Static,2026-06-05,yes
ADV-545,Public sector,Meta,Carousel,2026-06-15,yes
ADV-835,Public sector,Meta,Static,2026-05-27,no
ADV-159,Technology and SaaS,Meta,Carousel,2026-07-26,yes
ADV-545,Education,Google,Carousel,2026-08-13,no
ADV-159,Media and publishing,Meta,Video,2026-06-09,yes
ADV-835,Media and publishing,Meta,Carousel,2026-05-29,no
ADV-312,Technology and SaaS,Meta,Video,2026-07-27,yes
ADV-835,Technology and SaaS,Meta,Carousel,2026-05-29,yes
ADV-159,Energy,Meta,Video,2026-07-18,no
ADV-429,Technology and SaaS,Meta,Video,2026-06-22,no
ADV-944,Technology and SaaS,Google,Video,2026-06-18,yes
ADV-159,Technology and SaaS,Google,Carousel,2026-06-06,no
ADV-312,Media and publishing,Google,Carousel,2026-05-29,yes
ADV-172,Education,Google,Video,2026-06-13,no
ADV-429,Public sector,Meta,Carousel,2026-06-08,no
ADV-545,Technology and SaaS,Meta,Video,2026-05-29,yes
ADV-835,Education,Google,Video,2026-08-02,no
ADV-545,Retail and ecommerce,Google,Carousel,2026-06-18,no
ADV-159,Media and publishing,Meta,Carousel,2026-07-21,yes
ADV-312,Media and publishing,Meta,Carousel,2026-05-25,no
ADV-172,Retail and ecommerce,Meta,Static,2026-07-25,no
ADV-172,Media and publishing,Meta,Video,2026-06-05,yes
ADV-172,Media and publishing,Meta,Video,2026-07-11,no
ADV-312,Energy,Google,Video,2026-06-19,yes
ADV-159,Energy,Google,Video,2026-08-27,no
ADV-248,Public sector,Google,Static,2026-05-26,yes
ADV-944,Technology and SaaS,Meta,Video,2026-07-28,no
ADV-312,Education,Google,Carousel,2026-07-15,no
ADV-159,Media and publishing,Google,Carousel,2026-07-22,no
ADV-545,Public sector,Google,Carousel,2026-08-20,no
ADV-248,Education,Meta,Video,2026-07-20,no
ADV-159,Media and publishing,Google,Video,2026-06-26,yes
ADV-545,Retail and ecommerce,Google,Video,2026-06-06,no
ADV-248,Technology and SaaS,Google,Static,2026-05-24,yes
ADV-429,Public sector,Google,Carousel,2026-08-12,no
ADV-159,Technology and SaaS,Meta,Video,2026-08-27,no
ADV-159,Media and publishing,Google,Carousel,2026-05-31,no
ADV-545,Technology and SaaS,Meta,Carousel,2026-05-19,yes
ADV-248,Media and publishing,Meta,Video,2026-06-16,yes
ADV-248,Media and publishing,Google,Video,2026-09-04,no
ADV-545,Media and publishing,Meta,Carousel,2026-08-21,no
ADV-835,Technology and SaaS,Google,Static,2026-06-22,yes
ADV-172,Media and publishing,Google,Video,2026-07-17,yes
ADV-944,Energy,Meta,Video,2026-05-20,no
ADV-835,Public sector,Meta,Video,2026-08-10,no
ADV-248,Media and publishing,Google,Carousel,2026-08-11,yes
ADV-159,Media and publishing,Meta,Carousel,2026-05-17,no
ADV-835,Retail and ecommerce,Meta,Carousel,2026-08-15,no
ADV-545,Retail and ecommerce,Meta,Carousel,2026-05-23,yes
ADV-312,Media and publishing,Google,Video,2026-07-18,no
ADV-159,Technology and SaaS,Google,Video,2026-09-09,yes
ADV-312,Media and publishing,Meta,Carousel,2026-06-30,no
ADV-248,Media and publishing,Meta,Video,2026-05-27,yes
ADV-172,Technology and SaaS,Meta,Video,2026-08-12,yes
ADV-248,Education,Google,Carousel,2026-05-20,no
ADV-312,Energy,Meta,Video,2026-09-04,yes
ADV-312,Technology and SaaS,Meta,Video,2026-08-26,yes
ADV-545,Media and publishing,Google,Carousel,2026-06-20,no
ADV-159,Technology and SaaS,Meta,Video,2026-07-09,no
ADV-159,Energy,Meta,Static,2026-06-06,yes
ADV-429,Energy,Google,Video,2026-09-02,yes
ADV-159,Energy,Meta,Carousel,2026-07-27,yes
ADV-835,Education,Meta,Video,2026-07-15,no
ADV-545,Media and publishing,Google,Static,2026-08-18,no
ADV-248,Education,Meta,Video,2026-07-28,no
ADV-944,Media and publishing,Meta,Video,2026-05-25,no
ADV-172,Technology and SaaS,Meta,Video,2026-06-24,no
ADV-248,Public sector,Meta,Carousel,2026-06-27,no
ADV-545,Media and publishing,Google,Video,2026-07-01,yes
ADV-312,Energy,Meta,Video,2026-09-06,no
ADV-835,Media and publishing,Meta,Video,2026-08-08,no
ADV-159,Education,Google,Static,2026-05-26,no
ADV-944,Public sector,Meta,Carousel,2026-07-25,no
ADV-835,Energy,Meta,Carousel,2026-05-26,no
ADV-545,Technology and SaaS,Meta,Static,2026-07-15,no
ADV-248,Public sector,Meta,Video,2026-08-26,yes
ADV-429,Education,Meta,Static,2026-06-09,yes
ADV-835,Media and publishing,Google,Video,2026-09-09,yes
ADV-172,Media and publishing,Google,Carousel,2026-08-16,no
ADV-545,Retail and ecommerce,Meta,Carousel,2026-09-11,no
ADV-835,Education,Meta,Video,2026-08-28,no
ADV-312,Public sector,Meta,Carousel,2026-07-09,yes
ADV-545,Media and publishing,Google,Video,2026-06-05,yes
ADV-248,Public sector,Meta,Static,2026-06-08,no
ADV-312,Media and publishing,Meta,Video,2026-08-13,no
ADV-944,Technology and SaaS,Google,Carousel,2026-06-18,yes
ADV-312,Technology and SaaS,Google,Video,2026-08-06,no
ADV-248,Media and publishing,Meta,Video,2026-05-20,no
ADV-172,Media and publishing,Meta,Video,2026-06-21,yes
ADV-429,Media and publishing,Meta,Video,2026-09-07,no
ADV-944,Technology and SaaS,Google,Carousel,2026-08-28,no
ADV-312,Education,Meta,Static,2026-05-18,no
ADV-159,Education,Meta,Video,2026-05-17,no
ADV-545,Technology and SaaS,Meta,Carousel,2026-06-13,no
ADV-835,Energy,Meta,Video,2026-08-12,no
ADV-172,Education,Google,Video,2026-06-06,yes
ADV-172,Media and publishing,Google,Video,2026-05-28,no
ADV-312,Education,Meta,Video,2026-06-04,no
ADV-545,Technology and SaaS,Meta,Video,2026-09-08,yes
ADV-944,Media and publishing,Meta,Video,2026-06-11,yes
ADV-944,Technology and SaaS,Meta,Carousel,2026-08-28,yes
ADV-835,Media and publishing,Meta,Video,2026-05-16,no
ADV-944,Technology and SaaS,Google,Carousel,2026-08-20,no
ADV-944,Public sector,Meta,Video,2026-06-12,no
ADV-944,Media and publishing,Meta,Static,2026-09-10,yes
ADV-312,Public sector,Meta,Video,2026-06-29,yes
ADV-248,Media and publishing,Google,Static,2026-05-21,no
ADV-835,Energy,Meta,Video,2026-08-01,yes
ADV-835,Media and publishing,Google,Carousel,2026-05-18,no
ADV-944,Media and publishing,Meta,Video,2026-05-30,yes
ADV-172,Media and publishing,Meta,Static,2026-07-17,no
ADV-944,Education,Google,Static,2026-07-12,yes
ADV-159,Technology and SaaS,Google,Video,2026-08-09,no
ADV-248,Media and publishing,Meta,Static,2026-07-12,no
ADV-312,Media and publishing,Google,Static,2026-06-26,no
ADV-835,Public sector,Meta,Video,2026-07-26,no
ADV-248,Retail and ecommerce,Google,Video,2026-07-15,no
ADV-835,Technology and SaaS,Meta,Carousel,2026-07-05,no
ADV-944,Technology and SaaS,Google,Carousel,2026-07-03,yes
ADV-172,Technology and SaaS,Meta,Carousel,2026-08-15,yes
ADV-248,Energy,Meta,Video,2026-07-13,yes
ADV-248,Energy,Google,Video,2026-06-09,no
ADV-248,Retail and ecommerce,Meta,Video,2026-06-13,no
ADV-545,Public sector,Google,Carousel,2026-06-12,no
ADV-429,Media and publishing,Google,Video,2026-07-12,no
ADV-312,Technology and SaaS,Google,Video,2026-05-19,yes
ADV-944,Retail and ecommerce,Meta,Video,2026-09-12,no
ADV-545,Energy,Meta,Video,2026-05-17,no
ADV-944,Public sector,Meta,Static,2026-05-19,no
ADV-944,Energy,Google,Static,2026-09-09,yes
ADV-944,Media and publishing,Google,Carousel,2026-08-01,no
ADV-944,Public sector,Meta,Video,2026-06-08,no
ADV-248,Media and publishing,Google,Static,2026-08-23,yes
ADV-944,Media and publishing,Google,Video,2026-05-16,yes
ADV-545,Media and publishing,Meta,Carousel,2026-08-20,no
ADV-545,Public sector,Google,Static,2026-07-24,no
ADV-545,Media and publishing,Google,Carousel,2026-06-11,yes
ADV-944,Education,Google,Video,2026-05-17,no
ADV-944,Technology and SaaS,Google,Carousel,2026-07-06,no
ADV-248,Media and publishing,Google,Video,2026-08-09,no
ADV-172,Education,Meta,Carousel,2026-06-14,no
ADV-545,Education,Google,Carousel,2026-07-19,no
ADV-172,Energy,Google,Video,2026-08-24,yes
ADV-835,Technology and SaaS,Google,Carousel,2026-09-05,no
ADV-429,Technology and SaaS,Meta,Video,2026-08-02,yes
ADV-429,Media and publishing,Google,Carousel,2026-06-15,no
ADV-429,Technology and SaaS,Google,Static,2026-08-02,no
ADV-545,Public sector,Meta,Carousel,2026-09-07,yes
ADV-159,Technology and SaaS,Meta,Carousel,2026-09-08,yes
ADV-545,Media and publishing,Google,Video,2026-07-27,yes
ADV-545,Media and publishing,Google,Carousel,2026-05-28,yes
ADV-172,Energy,Google,Static,2026-08-11,no
ADV-248,Media and publishing,Meta,Static,2026-09-10,no
ADV-429,Retail and ecommerce,Google,Video,2026-07-17,yes
ADV-248,Retail and ecommerce,Google,Video,2026-08-22,no
ADV-159,Technology and SaaS,Google,Carousel,2026-07-22,no
ADV-944,Technology and SaaS,Meta,Video,2026-09-07,no
ADV-312,Education,Meta,Video,2026-06-10,no
ADV-312,Energy,Meta,Video,2026-08-25,yes
ADV-172,Technology and SaaS,Meta,Video,2026-08-22,yes
ADV-429,Retail and ecommerce,Meta,Carousel,2026-09-05,no
ADV-312,Technology and SaaS,Meta,Video,2026-07-13,yes
ADV-429,Retail and ecommerce,Google,Video,2026-09-09,yes
ADV-944,Technology and SaaS,Google,Static,2026-06-21,no
ADV-429,Media and publishing,Meta,Video,2026-08-12,yes
ADV-248,Public sector,Google,Static,2026-08-07,no
ADV-159,Public sector,Meta,Video,2026-09-04,yes
ADV-944,Media and publishing,Meta,Video,2026-06-17,no
ADV-248,Technology and SaaS,Google,Video,2026-07-27,no
ADV-248,Retail and ecommerce,Meta,Video,2026-09-02,no
ADV-545,Energy,Meta,Video,2026-06-14,no
ADV-545,Energy,Google,Carousel,2026-05-25,no
ADV-159,Retail and ecommerce,Meta,Video,2026-07-26,no
ADV-835,Media and publishing,Google,Carousel,2026-07-21,yes
ADV-172,Energy,Meta,Carousel,2026-05-23,yes
ADV-545,Media and publishing,Meta,Video,2026-05-28,yes
ADV-172,Media and publishing,Google,Video,2026-06-04,yes
ADV-835,Energy,Meta,Video,2026-09-03,no
ADV-159,Technology and SaaS,Google,Carousel,2026-07-31,no
ADV-248,Technology and SaaS,Meta,Static,2026-08-14,no
ADV-312,Media and publishing,Meta,Static,2026-07-08,no
ADV-545,Education,Meta,Carousel,2026-06-06,no
ADV-835,Media and publishing,Meta,Carousel,2026-07-11,yes
ADV-545,Technology and SaaS,Meta,Video,2026-09-07,yes
ADV-159,Media and publishing,Google,Carousel,2026-08-09,no
ADV-944,Technology and SaaS,Google,Carousel,2026-09-09,yes
ADV-248,Technology and SaaS,Google,Video,2026-09-05,yes
ADV-312,Media and publishing,Google,Carousel,2026-05-18,no
ADV-312,Technology and SaaS,Google,Static,2026-07-26,yes
ADV-172,Retail and ecommerce,Meta,Carousel,2026-08-03,yes
ADV-172,Public sector,Meta,Video,2026-09-04,no
ADV-248,Education,Google,Static,2026-08-05,yes
ADV-944,Retail and ecommerce,Meta,Video,2026-06-02,no
ADV-944,Public sector,Meta,Video,2026-06-06,yes
ADV-835,Media and publishing,Google,Video,2026-07-24,yes
ADV-172,Education,Meta,Static,2026-08-11,yes
ADV-159,Education,Meta,Video,2026-07-17,no
ADV-944,Media and publishing,Google,Static,2026-05-29,yes
ADV-248,Technology and SaaS,Meta,Carousel,2026-07-26,yes
ADV-429,Energy,Meta,Carousel,2026-06-01,no
ADV-248,Retail and ecommerce,Meta,Carousel,2026-08-09,no
ADV-944,Media and publishing,Meta,Carousel,2026-08-01,no
ADV-312,Media and publishing,Meta,Video,2026-05-21,no
ADV-172,Media and publishing,Meta,Video,2026-05-22,no
ADV-545,Retail and ecommerce,Google,Carousel,2026-08-05,yes
ADV-835,Retail and ecommerce,Google,Carousel,2026-08-19,yes
ADV-312,Public sector,Meta,Video,2026-06-28,no
ADV-248,Technology and SaaS,Google,Carousel,2026-09-03,yes
ADV-545,Education,Meta,Video,2026-05-25,yes
ADV-944,Media and publishing,Google,Video,2026-08-05,yes
ADV-545,Public sector,Google,Carousel,2026-05-24,no
ADV-248,Retail and ecommerce,Google,Video,2026-06-17,no
ADV-248,Media and publishing,Google,Video,2026-08-20,no
ADV-835,Media and publishing,Google,Video,2026-06-26,no
ADV-429,Public sector,Google,Static,2026-07-05,no
ADV-545,Retail and ecommerce,Meta,Carousel,2026-09-04,yes
ADV-545,Media and publishing,Google,Video,2026-08-21,no
ADV-835,Technology and SaaS,Meta,Video,2026-08-13,no
ADV-172,Energy,Google,Static,2026-08-04,yes
ADV-545,Public sector,Google,Carousel,2026-06-28,no
ADV-944,Media and publishing,Meta,Carousel,2026-05-25,no
ADV-835,Technology and SaaS,Meta,Video,2026-05-27,no
ADV-312,Education,Meta,Video,2026-08-13,no
ADV-835,Energy,Meta,Carousel,2026-09-12,yes
ADV-248,Retail and ecommerce,Meta,Video,2026-08-12,no
ADV-545,Education,Meta,Static,2026-07-08,yes
ADV-429,Energy,Meta,Video,2026-06-07,no
ADV-312,Energy,Google,Video,2026-09-05,no
ADV-545,Media and publishing,Google,Video,2026-09-06,yes
ADV-835,Technology and SaaS,Meta,Video,2026-05-21,no
ADV-159,Retail and ecommerce,Google,Carousel,2026-07-22,yes
ADV-429,Media and publishing,Meta,Carousel,2026-07-19,yes
ADV-172,Education,Google,Carousel,2026-06-19,no
ADV-835,Media and publishing,Google,Static,2026-05-24,yes
ADV-429,Education,Meta,Video,2026-07-06,no
ADV-835,Education,Meta,Video,2026-05-22,no
ADV-248,Public sector,Google,Carousel,2026-09-12,yes
ADV-429,Media and publishing,Meta,Video,2026-06-18,no
ADV-312,Education,Google,Video,2026-08-28,no
ADV-159,Education,Google,Static,2026-07-22,yes
ADV-545,Technology and SaaS,Meta,Carousel,2026-06-03,no
ADV-172,Media and publishing,Meta,Carousel,2026-07-02,no
ADV-835,Public sector,Meta,Carousel,2026-07-27,no
ADV-159,Education,Google,Video,2026-05-19,no
ADV-429,Public sector,Google,Video,2026-08-14,no
ADV-248,Technology and SaaS,Google,Carousel,2026-07-28,yes
ADV-944,Technology and SaaS,Meta,Carousel,2026-05-21,yes
ADV-172,Public sector,Google,Video,2026-06-30,yes
ADV-312,Education,Meta,Video,2026-08-27,no
ADV-159,Public sector,Google,Video,2026-08-01,no
ADV-835,Energy,Google,Video,2026-08-16,no
ADV-944,Technology and SaaS,Google,Video,2026-09-06,yes
ADV-545,Public sector,Meta,Video,2026-06-08,no
ADV-312,Education,Google,Carousel,2026-07-14,yes
ADV-944,Public sector,Meta,Video,2026-06-10,no
ADV-835,Media and publishing,Meta,Video,2026-08-27,no
ADV-159,Retail and ecommerce,Google,Video,2026-06-20,yes
ADV-944,Energy,Google,Carousel,2026-08-29,no
ADV-944,Retail and ecommerce,Google,Video,2026-07-13,yes
ADV-835,Retail and ecommerce,Meta,Carousel,2026-05-30,no
ADV-944,Education,Google,Video,2026-06-25,no
ADV-248,Education,Google,Video,2026-06-21,yes
ADV-944,Technology and SaaS,Google,Video,2026-08-16,no
ADV-159,Media and publishing,Meta,Static,2026-08-14,yes
ADV-429,Media and publishing,Meta,Video,2026-07-22,yes
ADV-172,Retail and ecommerce,Google,Video,2026-07-20,no
ADV-312,Public sector,Google,Carousel,2026-06-03,yes
ADV-172,Media and publishing,Meta,Carousel,2026-08-01,yes
ADV-429,Technology and SaaS,Meta,Carousel,2026-05-30,no
ADV-159,Technology and SaaS,Google,Video,2026-08-27,no
ADV-172,Technology and SaaS,Meta,Video,2026-06-30,no
ADV-172,Media and publishing,Google,Video,2026-09-12,no
ADV-312,Media and publishing,Google,Video,2026-06-09,no
ADV-312,Energy,Meta,Video,2026-06-18,yes
ADV-429,Public sector,Meta,Static,2026-08-22,no
ADV-429,Technology and SaaS,Google,Carousel,2026-06-23,yes
ADV-944,Media and publishing,Google,Video,2026-05-28,yes
ADV-545,Media and publishing,Google,Carousel,2026-08-30,no
ADV-312,Technology and SaaS,Meta,Carousel,2026-05-21,no
ADV-835,Technology and SaaS,Meta,Video,2026-05-29,no
ADV-248,Technology and SaaS,Google,Carousel,2026-08-28,no
ADV-835,Energy,Google,Video,2026-07-25,no
ADV-545,Public sector,Meta,Carousel,2026-08-17,yes
ADV-835,Retail and ecommerce,Meta,Carousel,2026-06-02,yes
ADV-835,Media and publishing,Google,Carousel,2026-08-23,yes
ADV-835,Education,Meta,Carousel,2026-07-10,yes
ADV-944,Energy,Google,Video,2026-08-05,no
ADV-172,Media and publishing,Meta,Video,2026-08-20,yes
ADV-429,Energy,Meta,Carousel,2026-05-31,yes
ADV-248,Technology and SaaS,Google,Carousel,2026-07-09,no
ADV-944,Education,Google,Carousel,2026-07-16,no
ADV-172,Energy,Google,Video,2026-06-12,no
ADV-429,Technology and SaaS,Google,Video,2026-06-29,yes
ADV-944,Energy,Google,Video,2026-08-17,no
ADV-248,Technology and SaaS,Google,Video,2026-09-08,no
ADV-429,Energy,Meta,Video,2026-08-28,yes
ADV-835,Technology and SaaS,Google,Video,2026-05-29,yes
ADV-545,Technology and SaaS,Google,Carousel,2026-06-17,yes
ADV-944,Media and publishing,Google,Video,2026-08-23,no
ADV-835,Media and publishing,Meta,Carousel,2026-08-16,no
ADV-248,Public sector,Google,Carousel,2026-08-02,yes
ADV-835,Education,Meta,Carousel,2026-07-24,no
ADV-312,Technology and SaaS,Google,Video,2026-08-11,no
ADV-545,Media and publishing,Google,Static,2026-07-27,yes
ADV-835,Retail and ecommerce,Google,Video,2026-07-31,yes
ADV-312,Technology and SaaS,Google,Video,2026-06-18,yes
ADV-835,Media and publishing,Google,Carousel,2026-05-30,no
ADV-248,Public sector,Meta,Carousel,2026-07-08,no
ADV-835,Retail and ecommerce,Meta,Video,2026-06-17,no
ADV-172,Energy,Google,Video,2026-07-29,no
ADV-159,Public sector,Meta,Video,2026-05-20,no
ADV-312,Technology and SaaS,Google,Video,2026-08-19,no
ADV-172,Media and publishing,Google,Carousel,2026-07-19,yes
ADV-312,Retail and ecommerce,Google,Static,2026-07-29,yes
ADV-172,Retail and ecommerce,Meta,Video,2026-06-10,yes
ADV-944,Public sector,Meta,Video,2026-07-05,yes
ADV-545,Energy,Google,Video,2026-06-12,yes
ADV-545,Media and publishing,Meta,Carousel,2026-08-25,no
ADV-159,Media and publishing,Google,Carousel,2026-08-28,no
ADV-159,Retail and ecommerce,Meta,Carousel,2026-08-16,no
ADV-944,Technology and SaaS,Meta,Video,2026-06-21,no
ADV-545,Media and publishing,Google,Video,2026-07-08,no
ADV-429,Retail and ecommerce,Meta,Static,2026-05-27,yes
ADV-545,Technology and SaaS,Meta,Video,2026-07-18,yes
ADV-429,Retail and ecommerce,Meta,Video,2026-07-18,yes
ADV-835,Technology and SaaS,Google,Carousel,2026-07-07,no
ADV-944,Technology and SaaS,Google,Static,2026-09-09,no
ADV-429,Public sector,Meta,Carousel,2026-05-23,yes
ADV-172,Education,Meta,Video,2026-06-01,no
ADV-944,Technology and SaaS,Google,Carousel,2026-07-21,yes
ADV-835,Technology and SaaS,Google,Video,2026-08-11,no
ADV-159,Education,Meta,Video,2026-08-30,yes
ADV-835,Technology and SaaS,Meta,Video,2026-06-30,no
ADV-248,Public sector,Google,Video,2026-06-26,no
ADV-429,Media and publishing,Meta,Carousel,2026-07-27,yes
ADV-835,Public sector,Meta,Static,2026-06-13,no
ADV-944,Retail and ecommerce,Meta,Video,2026-06-24,yes
ADV-835,Media and publishing,Google,Carousel,2026-09-12,no
ADV-159,Technology and SaaS,Google,Video,2026-09-02,yes
ADV-312,Energy,Meta,Carousel,2026-09-12,no
ADV-944,Media and publishing,Meta,Carousel,2026-06-06,yes
ADV-159,Education,Google,Video,2026-07-20,yes
ADV-835,Technology and SaaS,Meta,Video,2026-09-09,yes
ADV-545,Education,Meta,Video,2026-05-31,no
ADV-159,Public sector,Meta,Video,2026-06-15,no
ADV-248,Education,Meta,Video,2026-09-02,no
ADV-172,Energy,Meta,Carousel,2026-09-06,no
ADV-159,Media and publishing,Meta,Carousel,2026-06-03,no
ADV-835,Technology and SaaS,Meta,Video,2026-07-19,no
ADV-429,Public sector,Meta,Video,2026-05-21,no
ADV-835,Education,Google,Video,2026-08-03,yes
ADV-172,Energy,Meta,Video,2026-07-19,yes
ADV-835,Technology and SaaS,Meta,Carousel,2026-08-05,yes
ADV-312,Energy,Google,Video,2026-06-14,yes
ADV-248,Retail and ecommerce,Google,Carousel,2026-09-11,no
ADV-429,Media and publishing,Meta,Carousel,2026-05-24,yes
ADV-172,Technology and SaaS,Meta,Video,2026-08-14,no
ADV-248,Technology and SaaS,Meta,Video,2026-06-03,yes
ADV-429,Technology and SaaS,Meta,Carousel,2026-09-11,yes
ADV-312,Technology and SaaS,Meta,Video,2026-06-24,no
ADV-835,Education,Meta,Video,2026-07-06,no
ADV-835,Technology and SaaS,Google,Video,2026-07-15,no
ADV-159,Energy,Google,Video,2026-08-23,yes
ADV-159,Retail and ecommerce,Google,Video,2026-08-12,no
ADV-312,Technology and SaaS,Google,Static,2026-07-01,yes
ADV-172,Education,Meta,Video,2026-05-27,no
ADV-944,Technology and SaaS,Google,Carousel,2026-05-25,no
ADV-172,Media and publishing,Google,Video,2026-07-26,no
ADV-429,Public sector,Meta,Static,2026-07-30,no
ADV-248,Retail and ecommerce,Google,Video,2026-07-23,yes
ADV-312,Technology and SaaS,Meta,Carousel,2026-08-19,yes
ADV-159,Technology and SaaS,Meta,Carousel,2026-07-26,no
ADV-159,Public sector,Meta,Video,2026-09-12,no
ADV-944,Education,Meta,Static,2026-07-23,no
ADV-172,Energy,Meta,Video,2026-07-03,yes
ADV-172,Technology and SaaS,Google,Carousel,2026-07-19,no
ADV-159,Media and publishing,Google,Video,2026-07-02,yes
ADV-312,Media and publishing,Meta,Video,2026-08-12,yes
ADV-835,Media and publishing,Meta,Carousel,2026-05-28,yes
ADV-545,Education,Meta,Carousel,2026-06-12,no
ADV-159,Media and publishing,Meta,Carousel,2026-07-14,no
ADV-429,Energy,Google,Carousel,2026-09-08,no
ADV-545,Media and publishing,Meta,Video,2026-07-14,yes
ADV-248,Media and publishing,Google,Video,2026-08-25,no
ADV-545,Technology and SaaS,Meta,Video,2026-09-02,yes
ADV-545,Media and publishing,Meta,Static,2026-09-12,no
ADV-159,Technology and SaaS,Google,Carousel,2026-05-28,no
ADV-172,Media and publishing,Google,Static,2026-06-10,no
ADV-312,Retail and ecommerce,Google,Video,2026-07-24,no
ADV-159,Public sector,Meta,Carousel,2026-06-23,yes
ADV-545,Retail and ecommerce,Meta,Video,2026-08-25,yes
ADV-429,Education,Meta,Video,2026-06-19,no
ADV-429,Public sector,Google,Carousel,2026-05-26,no
ADV-172,Technology and SaaS,Meta,Carousel,2026-08-29,no
ADV-172,Education,Meta,Carousel,2026-06-05,yes
ADV-944,Media and publishing,Meta,Video,2026-06-25,no
ADV-159,Technology and SaaS,Google,Carousel,2026-06-17,yes
ADV-545,Technology and SaaS,Google,Video,2026-06-14,no
ADV-312,Media and publishing,Meta,Carousel,2026-07-03,no
ADV-248,Retail and ecommerce,Google,Video,2026-06-09,yes
ADV-312,Energy,Google,Video,2026-07-03,no
ADV-172,Retail and ecommerce,Google,Video,2026-07-11,yes
ADV-835,Media and publishing,Meta,Carousel,2026-06-13,no
ADV-429,Retail and ecommerce,Meta,Video,2026-06-20,yes
ADV-248,Media and publishing,Google,Static,2026-07-30,yes
ADV-429,Technology and SaaS,Google,Video,2026-08-11,no
ADV-159,Education,Google,Carousel,2026-09-11,no
ADV-248,Technology and SaaS,Meta,Carousel,2026-07-06,no
ADV-429,Media and publishing,Meta,Video,2026-07-31,no
ADV-159,Media and publishing,Google,Carousel,2026-09-09,yes
ADV-545,Media and publishing,Google,Video,2026-05-27,no
ADV-429,Energy,Google,Video,2026-09-08,no
ADV-248,Public sector,Meta,Video,2026-09-12,yes
ADV-429,Energy,Google,Static,2026-08-21,yes
ADV-248,Media and publishing,Google,Video,2026-05-30,yes
ADV-159,Technology and SaaS,Google,Video,2026-08-29,yes
ADV-545,Media and publishing,Meta,Video,2026-06-12,no
ADV-835,Education,Google,Video,2026-07-07,no
ADV-248,Technology and SaaS,Google,Carousel,2026-08-09,yes
ADV-312,Media and publishing,Meta,Carousel,2026-06-27,no
ADV-545,Media and publishing,Google,Video,2026-07-26,yes
ADV-835,Education,Meta,Video,2026-08-20,yes
ADV-835,Technology and SaaS,Google,Video,2026-06-11,yes
ADV-312,Media and publishing,Meta,Video,2026-05-26,yes
ADV-429,Public sector,Google,Video,2026-07-01,yes
ADV-429,Media and publishing,Google,Video,2026-06-06,yes
ADV-545,Energy,Meta,Static,2026-08-20,no
ADV-312,Public sector,Meta,Carousel,2026-06-08,no
ADV-944,Retail and ecommerce,Meta,Video,2026-07-11,no
ADV-159,Technology and SaaS,Meta,Carousel,2026-07-04,yes
ADV-545,Retail and ecommerce,Google,Carousel,2026-06-25,yes
ADV-944,Education,Google,Video,2026-07-14,no
ADV-429,Technology and SaaS,Meta,Video,2026-09-03,yes
ADV-545,Technology and SaaS,Google,Video,2026-07-12,yes
ADV-545,Technology and SaaS,Google,Carousel,2026-06-23,yes
ADV-172,Technology and SaaS,Meta,Video,2026-07-14,no
ADV-545,Media and publishing,Google,Carousel,2026-09-06,yes
ADV-312,Energy,Google,Video,2026-07-27,no
ADV-944,Media and publishing,Meta,Video,2026-07-15,yes
ADV-944,Public sector,Meta,Video,2026-07-24,no
ADV-248,Media and publishing,Google,Video,2026-06-13,yes
ADV-159,Media and publishing,Meta,Carousel,2026-06-24,no
ADV-312,Retail and ecommerce,Google,Video,2026-06-25,yes
ADV-944,Media and publishing,Google,Video,2026-05-28,no
ADV-944,Education,Google,Video,2026-07-04,yes
ADV-312,Technology and SaaS,Google,Video,2026-08-01,yes
ADV-248,Media and publishing,Google,Carousel,2026-08-19,no
ADV-172,Technology and SaaS,Google,Video,2026-09-04,yes
ADV-159,Energy,Meta,Video,2026-06-04,no
ADV-835,Technology and SaaS,Google,Carousel,2026-07-21,no
ADV-312,Media and publishing,Google,Carousel,2026-06-30,no
ADV-545,Public sector,Meta,Video,2026-07-06,yes
ADV-429,Media and publishing,Google,Video,2026-05-19,no
ADV-312,Education,Google,Video,2026-05-21,yes
ADV-248,Technology and SaaS,Google,Video,2026-09-11,yes
ADV-159,Media and publishing,Meta,Video,2026-08-31,no
ADV-835,Technology and SaaS,Google,Video,2026-09-03,no
ADV-545,Technology and SaaS,Google,Video,2026-09-02,yes
ADV-159,Technology and SaaS,Google,Carousel,2026-08-26,no
ADV-248,Public sector,Meta,Video,2026-08-28,yes
ADV-835,Public sector,Meta,Carousel,2026-05-21,yes
ADV-835,Media and publishing,Meta,Video,2026-09-08,yes
ADV-172,Education,Google,Static,2026-08-16,yes
ADV-159,Energy,Google,Video,2026-06-06,yes
ADV-312,Media and publishing,Meta,Video,2026-07-10,yes
ADV-429,Public sector,Google,Carousel,2026-05-26,yes
ADV-545,Technology and SaaS,Google,Video,2026-06-07,no
ADV-835,Media and publishing,Meta,Carousel,2026-06-08,no
ADV-429,Technology and SaaS,Meta,Carousel,2026-06-09,yes
ADV-545,Media and publishing,Google,Carousel,2026-07-16,no
ADV-429,Technology and SaaS,Google,Carousel,2026-07-22,no
ADV-312,Technology and SaaS,Google,Static,2026-06-19,yes
ADV-545,Education,Google,Carousel,2026-08-08,no
ADV-944,Media and publishing,Google,Video,2026-06-18,no
ADV-312,Retail and ecommerce,Meta,Video,2026-09-05,no
ADV-944,Technology and SaaS,Meta,Video,2026-08-31,no
ADV-944,Education,Meta,Video,2026-09-07,yes
ADV-312,Media and publishing,Google,Carousel,2026-07-14,no
ADV-545,Public sector,Google,Video,2026-07-26,yes
ADV-944,Media and publishing,Meta,Video,2026-06-25,no
ADV-429,Technology and SaaS,Google,Video,2026-06-27,no
ADV-172,Retail and ecommerce,Google,Carousel,2026-09-09,no
ADV-248,Retail and ecommerce,Google,Carousel,2026-07-29,yes
ADV-159,Energy,Meta,Static,2026-08-05,yes
ADV-248,Technology and SaaS,Google,Video,2026-07-03,yes
ADV-835,Education,Meta,Video,2026-07-20,yes
ADV-429,Media and publishing,Google,Video,2026-06-13,no
ADV-545,Public sector,Google,Video,2026-07-01,no
ADV-172,Public sector,Google,Carousel,2026-08-11,yes
ADV-944,Technology and SaaS,Google,Carousel,2026-06-05,yes
ADV-429,Media and publishing,Google,Carousel,2026-05-17,no
ADV-159,Media and publishing,Meta,Static,2026-07-19,no
ADV-172,Public sector,Google,Carousel,2026-07-28,no
ADV-312,Media and publishing,Google,Carousel,2026-05-27,no
ADV-248,Retail and ecommerce,Meta,Video,2026-05-28,no
ADV-835,Retail and ecommerce,Meta,Carousel,2026-08-13,yes
ADV-172,Technology and SaaS,Meta,Carousel,2026-07-18,yes
ADV-429,Technology and SaaS,Meta,Video,2026-06-13,no
ADV-835,Education,Meta,Carousel,2026-09-08,yes
ADV-248,Public sector,Meta,Video,2026-08-15,yes
ADV-944,Media and publishing,Google,Carousel,2026-06-22,yes
ADV-159,Public sector,Meta,Video,2026-08-31,yes
ADV-545,Education,Google,Carousel,2026-09-09,yes
ADV-944,Public sector,Meta,Carousel,2026-08-06,yes
ADV-835,Media and publishing,Google,Carousel,2026-08-09,no
ADV-429,Technology and SaaS,Google,Video,2026-05-18,yes
ADV-172,Retail and ecommerce,Google,Static,2026-07-23,no
ADV-172,Media and publishing,Meta,Video,2026-06-06,no
ADV-835,Technology and SaaS,Meta,Video,2026-07-23,no
ADV-248,Education,Meta,Carousel,2026-07-28,yes
ADV-429,Technology and SaaS,Google,Carousel,2026-07-21,yes
ADV-944,Media and publishing,Meta,Carousel,2026-08-19,no
ADV-944,Technology and SaaS,Google,Carousel,2026-09-11,no
ADV-312,Technology and SaaS,Meta,Video,2026-07-04,yes
ADV-944,Technology and SaaS,Meta,Carousel,2026-08-17,yes
ADV-172,Technology and SaaS,Meta,Carousel,2026-08-22,no
ADV-545,Technology and SaaS,Meta,Video,2026-07-08,yes
ADV-159,Media and publishing,Meta,Static,2026-08-02,no
ADV-835,Media and publishing,Google,Video,2026-05-26,no
ADV-545,Energy,Google,Video,2026-08-21,yes
ADV-172,Media and publishing,Google,Carousel,2026-07-25,yes
ADV-835,Energy,Google,Carousel,2026-06-22,yes
ADV-545,Public sector,Meta,Video,2026-07-01,no
ADV-835,Media and publishing,Meta,Carousel,2026-08-24,no
ADV-545,Media and publishing,Google,Video,2026-08-14,yes
ADV-248,Technology and SaaS,Google,Video,2026-07-10,yes
ADV-835,Education,Google,Carousel,2026-08-27,yes
ADV-159,Energy,Google,Static,2026-07-08,no
ADV-172,Media and publishing,Google,Carousel,2026-08-29,yes
ADV-248,Media and publishing,Meta,Carousel,2026-06-13,no
ADV-835,Technology and SaaS,Meta,Video,2026-09-08,yes
ADV-248,Public sector,Google,Video,2026-06-04,no
ADV-312,Public sector,Google,Video,2026-07-24,no
ADV-429,Retail and ecommerce,Google,Video,2026-06-26,yes
ADV-429,Education,Google,Carousel,2026-07-29,no
ADV-172,Technology and SaaS,Google,Video,2026-08-08,yes
ADV-545,Technology and SaaS,Meta,Static,2026-08-05,yes
ADV-312,Education,Meta,Video,2026-07-20,yes
ADV-545,Energy,Google,Video,2026-09-10,no
ADV-944,Technology and SaaS,Meta,Carousel,2026-08-22,no
ADV-159,Public sector,Google,Carousel,2026-06-16,no
ADV-159,Media and publishing,Meta,Video,2026-08-02,no
ADV-312,Public sector,Meta,Video,2026-08-12,yes
ADV-835,Technology and SaaS,Meta,Carousel,2026-07-06,yes
ADV-835,Energy,Google,Video,2026-07-12,yes
ADV-835,Retail and ecommerce,Meta,Video,2026-09-04,no
ADV-159,Energy,Meta,Video,2026-07-01,no
ADV-312,Education,Google,Static,2026-07-02,yes
ADV-835,Technology and SaaS,Meta,Video,2026-08-28,yes
ADV-545,Energy,Meta,Video,2026-08-04,no
ADV-835,Media and publishing,Meta,Video,2026-08-29,yes
ADV-159,Energy,Google,Carousel,2026-05-23,no
ADV-944,Technology and SaaS,Google,Video,2026-06-13,no
ADV-545,Technology and SaaS,Meta,Video,2026-07-07,no
ADV-312,Retail and ecommerce,Meta,Video,2026-05-25,no
ADV-835,Media and publishing,Meta,Carousel,2026-06-19,yes
ADV-429,Education,Meta,Carousel,2026-06-06,no
ADV-944,Media and publishing,Meta,Video,2026-08-19,yes
ADV-545,Public sector,Google,Carousel,2026-06-16,no
ADV-159,Technology and SaaS,Google,Video,2026-07-19,yes
ADV-172,Retail and ecommerce,Google,Carousel,2026-05-22,yes
ADV-545,Education,Meta,Carousel,2026-09-12,no
ADV-172,Retail and ecommerce,Google,Video,2026-05-25,no
ADV-312,Technology and SaaS,Meta,Carousel,2026-05-31,no
ADV-248,Technology and SaaS,Google,Video,2026-06-25,no
ADV-944,Energy,Meta,Carousel,2026-06-08,no
ADV-944,Technology and SaaS,Google,Video,2026-08-01,yes
ADV-944,Public sector,Google,Video,2026-05-31,yes
ADV-159,Technology and SaaS,Meta,Carousel,2026-07-03,no
ADV-835,Technology and SaaS,Google,Carousel,2026-08-20,yes
ADV-545,Media and publishing,Google,Static,2026-06-24,yes
ADV-312,Education,Meta,Carousel,2026-06-13,no
ADV-159,Public sector,Google,Video,2026-06-19,no
ADV-312,Media and publishing,Google,Video,2026-08-06,no
ADV-159,Energy,Google,Video,2026-07-22,no
ADV-248,Public sector,Meta,Carousel,2026-07-16,no
ADV-248,Media and publishing,Google,Carousel,2026-06-15,no
ADV-312,Energy,Meta,Static,2026-07-11,no
ADV-944,Energy,Google,Video,2026-06-19,yes
ADV-545,Public sector,Google,Carousel,2026-09-02,yes
ADV-944,Technology and SaaS,Google,Carousel,2026-06-14,no
ADV-248,Education,Google,Carousel,2026-08-06,no
ADV-835,Media and publishing,Meta,Static,2026-07-29,no
ADV-248,Public sector,Google,Video,2026-06-13,no
ADV-545,Retail and ecommerce,Meta,Video,2026-08-16,yes
ADV-545,Media and publishing,Google,Video,2026-09-10,no
ADV-944,Technology and SaaS,Google,Video,2026-07-25,no
ADV-835,Media and publishing,Google,Carousel,2026-05-23,no
ADV-545,Energy,Meta,Carousel,2026-06-06,no
ADV-429,Technology and SaaS,Meta,Carousel,2026-08-25,no
ADV-248,Technology and SaaS,Meta,Video,2026-06-03,yes
ADV-248,Media and publishing,Meta,Static,2026-06-02,no
ADV-312,Technology and SaaS,Meta,Video,2026-07-27,no
ADV-545,Public sector,Google,Video,2026-08-31,yes
ADV-172,Retail and ecommerce,Meta,Carousel,2026-07-06,no
ADV-159,Media and publishing,Meta,Video,2026-08-01,no
ADV-172,Technology and SaaS,Meta,Carousel,2026-07-31,no
ADV-944,Media and publishing,Meta,Video,2026-06-28,no
ADV-835,Technology and SaaS,Google,Carousel,2026-05-28,no
ADV-312,Education,Google,Carousel,2026-06-08,yes
ADV-248,Technology and SaaS,Meta,Video,2026-08-16,yes
ADV-944,Education,Meta,Carousel,2026-06-04,no
ADV-248,Technology and SaaS,Google,Static,2026-07-27,no
ADV-835,Energy,Google,Video,2026-09-12,yes
ADV-159,Technology and SaaS,Meta,Carousel,2026-05-16,yes
ADV-429,Technology and SaaS,Meta,Video,2026-06-21,no
ADV-944,Media and publishing,Google,Carousel,2026-08-12,yes
ADV-248,Media and publishing,Google,Carousel,2026-08-06,no
ADV-172,Technology and SaaS,Google,Video,2026-05-18,no
ADV-312,Technology and SaaS,Google,Carousel,2026-08-09,no
ADV-835,Media and publishing,Meta,Video,2026-06-01,yes
ADV-159,Technology and SaaS,Meta,Static,2026-06-24,no
ADV-248,Public sector,Google,Static,2026-08-27,yes
ADV-429,Retail and ecommerce,Meta,Video,2026-06-10,no
ADV-545,Retail and ecommerce,Meta,Static,2026-06-25,yes
ADV-159,Media and publishing,Google,Static,2026-08-07,yes
ADV-248,Media and publishing,Meta,Video,2026-06-07,no
ADV-429,Public sector,Meta,Static,2026-07-25,no
ADV-172,Media and publishing,Google,Carousel,2026-06-27,no
ADV-545,Media and publishing,Google,Video,2026-05-27,no
ADV-429,Education,Meta,Static,2026-07-29,yes
ADV-159,Technology and SaaS,Meta,Video,2026-05-27,no
ADV-545,Media and publishing,Meta,Video,2026-08-16,yes
ADV-312,Energy,Meta,Carousel,2026-08-18,no
ADV-159,Retail and ecommerce,Google,Video,2026-07-20,no
ADV-429,Education,Meta,Video,2026-07-02,yes
ADV-248,Energy,Google,Static,2026-06-10,no
ADV-159,Technology and SaaS,Meta,Carousel,2026-08-10,yes
ADV-312,Media and publishing,Google,Carousel,2026-08-13,yes
ADV-159,Energy,Google,Video,2026-09-07,yes
ADV-429,Public sector,Google,Carousel,2026-05-28,no
ADV-312,Education,Meta,Video,2026-06-03,no
ADV-429,Public sector,Google,Carousel,2026-08-09,no
ADV-545,Media and publishing,Meta,Video,2026-07-07,no
ADV-429,Public sector,Google,Static,2026-07-06,yes
ADV-312,Public sector,Google,Video,2026-07-08,no
ADV-159,Media and publishing,Google,Carousel,2026-06-18,yes
ADV-835,Retail and ecommerce,Meta,Video,2026-06-27,no
ADV-835,Technology and SaaS,Google,Video,2026-06-26,yes
ADV-248,Energy,Meta,Carousel,2026-05-22,no
ADV-248,Public sector,Meta,Video,2026-08-01,yes
ADV-944,Retail and ecommerce,Meta,Video,2026-07-21,yes
ADV-944,Retail and ecommerce,Google,Carousel,2026-08-30,no
ADV-944,Retail and ecommerce,Meta,Video,2026-05-19,yes
ADV-429,Retail and ecommerce,Meta,Carousel,2026-08-30,yes
ADV-248,Media and publishing,Google,Video,2026-06-29,yes
ADV-429,Media and publishing,Google,Static,2026-08-24,yes
ADV-172,Energy,Meta,Static,2026-09-02,no
ADV-835,Technology and SaaS,Meta,Carousel,2026-09-07,no
ADV-159,Education,Google,Video,2026-07-29,no
ADV-172,Media and publishing,Meta,Carousel,2026-05-20,no
ADV-248,Education,Google,Video,2026-08-28,no
ADV-545,Education,Google,Video,2026-07-12,no
ADV-248,Retail and ecommerce,Google,Carousel,2026-06-13,no
ADV-429,Energy,Google,Video,2026-06-11,yes
ADV-312,Media and publishing,Google,Carousel,2026-06-10,no
ADV-159,Energy,Google,Carousel,2026-05-24,no
ADV-312,Retail and ecommerce,Google,Video,2026-06-28,no
ADV-159,Media and publishing,Meta,Video,2026-07-08,no
ADV-172,Education,Google,Carousel,2026-08-01,yes
ADV-312,Media and publishing,Meta,Video,2026-08-29,no
ADV-159,Education,Google,Carousel,2026-08-21,yes
ADV-172,Education,Google,Video,2026-07-02,no
ADV-248,Education,Meta,Video,2026-05-19,yes
ADV-248,Retail and ecommerce,Google,Video,2026-07-21,yes
ADV-248,Energy,Google,Video,2026-07-02,yes
ADV-429,Education,Google,Video,2026-06-17,yes
ADV-545,Energy,Google,Video,2026-05-17,yes
ADV-172,Energy,Meta,Carousel,2026-08-16,no
ADV-545,Technology and SaaS,Google,Carousel,2026-09-09,no
ADV-248,Technology and SaaS,Google,Video,2026-06-21,yes
ADV-248,Energy,Google,Carousel,2026-06-29,yes
ADV-835,Energy,Meta,Carousel,2026-05-26,no
ADV-835,Technology and SaaS,Meta,Carousel,2026-06-10,no
ADV-312,Public sector,Google,Video,2026-07-18,no
ADV-248,Education,Meta,Video,2026-06-19,no
ADV-944,Energy,Google,Video,2026-08-27,yes
ADV-545,Media and publishing,Google,Static,2026-08-09,yes
ADV-545,Energy,Meta,Carousel,2026-08-11,yes
ADV-835,Technology and SaaS,Google,Video,2026-09-09,no
ADV-172,Technology and SaaS,Meta,Static,2026-08-24,no
ADV-835,Technology and SaaS,Google,Video,2026-07-23,no
ADV-248,Technology and SaaS,Google,Carousel,2026-07-06,no
ADV-248,Retail and ecommerce,Google,Carousel,2026-06-05,no
ADV-312,Education,Google,Carousel,2026-05-30,no
ADV-159,Media and publishing,Google,Video,2026-05-28,no
ADV-159,Technology and SaaS,Meta,Carousel,2026-08-02,no
ADV-159,Media and publishing,Meta,Static,2026-09-09,yes
ADV-248,Media and publishing,Google,Video,2026-08-23,no
ADV-944,Media and publishing,Google,Video,2026-07-09,yes
ADV-545,Education,Meta,Video,2026-07-23,yes
ADV-312,Education,Meta,Video,2026-07-25,yes
ADV-944,Technology and SaaS,Google,Carousel,2026-07-27,yes
ADV-944,Retail and ecommerce,Google,Video,2026-07-20,no
ADV-835,Technology and SaaS,Meta,Carousel,2026-07-11,no
ADV-312,Retail and ecommerce,Meta,Carousel,2026-07-03,no
ADV-545,Media and publishing,Google,Carousel,2026-05-19,yes
ADV-545,Media and publishing,Google,Video,2026-08-14,yes
ADV-545,Technology and SaaS,Meta,Carousel,2026-06-02,yes
ADV-545,Education,Meta,Video,2026-06-19,no
ADV-944,Technology and SaaS,Google,Carousel,2026-07-29,no
ADV-545,Technology and SaaS,Google,Carousel,2026-07-28,no
ADV-312,Education,Google,Static,2026-06-18,yes
ADV-312,Media and publishing,Meta,Carousel,2026-06-22,no
ADV-159,Technology and SaaS,Google,Static,2026-06-03,no
ADV-312,Media and publishing,Google,Carousel,2026-09-09,no
ADV-545,Media and publishing,Google,Video,2026-06-03,no
ADV-944,Public sector,Google,Video,2026-06-11,yes
ADV-172,Media and publishing,Google,Carousel,2026-08-05,yes
ADV-172,Energy,Meta,Video,2026-06-17,no
ADV-835,Media and publishing,Google,Carousel,2026-06-19,no
ADV-159,Energy,Meta,Carousel,2026-06-08,no
ADV-312,Education,Google,Carousel,2026-06-24,yes
ADV-312,Education,Meta,Static,2026-08-07,no
ADV-429,Media and publishing,Google,Video,2026-05-22,yes
ADV-312,Media and publishing,Meta,Carousel,2026-09-03,no
ADV-429,Energy,Google,Carousel,2026-06-08,yes
ADV-248,Public sector,Meta,Carousel,2026-06-23,yes
ADV-172,Technology and SaaS,Google,Video,2026-08-16,no
ADV-159,Education,Meta,Carousel,2026-07-02,no
ADV-429,Retail and ecommerce,Google,Video,2026-09-08,yes
ADV-545,Technology and SaaS,Meta,Carousel,2026-06-30,yes
ADV-172,Education,Google,Carousel,2026-09-09,no
ADV-172,Retail and ecommerce,Meta,Carousel,2026-06-18,no
ADV-172,Media and publishing,Meta,Video,2026-08-07,no
ADV-312,Public sector,Meta,Carousel,2026-06-01,yes
ADV-944,Media and publishing,Meta,Static,2026-07-03,no
ADV-312,Media and publishing,Google,Carousel,2026-09-02,no
ADV-944,Media and publishing,Meta,Static,2026-07-16,yes
ADV-172,Education,Meta,Carousel,2026-07-21,no
ADV-159,Public sector,Google,Carousel,2026-06-21,no
ADV-944,Public sector,Meta,Video,2026-05-23,no
ADV-944,Media and publishing,Google,Video,2026-07-05,no
ADV-159,Media and publishing,Google,Video,2026-07-15,no
ADV-312,Energy,Google,Video,2026-07-31,yes
ADV-429,Technology and SaaS,Google,Static,2026-05-28,yes
ADV-248,Technology and SaaS,Meta,Video,2026-08-21,no
ADV-835,Media and publishing,Meta,Carousel,2026-06-05,no
ADV-545,Education,Meta,Carousel,2026-08-12,yes
ADV-159,Technology and SaaS,Google,Video,2026-05-23,no
ADV-248,Technology and SaaS,Google,Static,2026-09-06,yes
ADV-545,Retail and ecommerce,Google,Video,2026-07-30,yes
ADV-944,Public sector,Meta,Video,2026-09-02,yes
ADV-545,Technology and SaaS,Google,Video,2026-08-11,yes
ADV-835,Energy,Meta,Video,2026-05-20,no
ADV-312,Education,Meta,Carousel,2026-06-16,no
ADV-159,Technology and SaaS,Google,Video,2026-07-06,yes
ADV-159,Technology and SaaS,Meta,Carousel,2026-07-22,no
ADV-312,Public sector,Google,Static,2026-07-28,yes
ADV-545,Retail and ecommerce,Meta,Video,2026-07-12,yes
ADV-944,Media and publishing,Meta,Carousel,2026-07-29,no
ADV-545,Media and publishing,Google,Video,2026-08-11,yes
ADV-429,Retail and ecommerce,Google,Video,2026-05-25,yes
ADV-248,Retail and ecommerce,Meta,Static,2026-07-18,no
ADV-159,Technology and SaaS,Meta,Video,2026-06-04,yes
ADV-159,Retail and ecommerce,Meta,Video,2026-08-11,yes
ADV-248,Technology and SaaS,Meta,Video,2026-07-04,yes
ADV-312,Technology and SaaS,Google,Static,2026-09-12,no
ADV-312,Energy,Google,Video,2026-07-24,yes
ADV-835,Energy,Google,Video,2026-08-09,no
ADV-545,Media and publishing,Google,Static,2026-06-02,yes
ADV-312,Technology and SaaS,Meta,Carousel,2026-09-10,no
ADV-159,Retail and ecommerce,Google,Static,2026-07-26,yes
ADV-172,Retail and ecommerce,Google,Carousel,2026-06-22,no
ADV-429,Media and publishing,Google,Static,2026-08-12,yes
ADV-545,Education,Meta,Carousel,2026-08-28,yes
ADV-944,Energy,Google,Video,2026-08-31,no
ADV-835,Technology and SaaS,Meta,Video,2026-09-05,no
ADV-159,Public sector,Google,Static,2026-06-21,no
ADV-944,Education,Meta,Video,2026-07-05,yes
ADV-159,Technology and SaaS,Google,Carousel,2026-07-22,no
ADV-248,Media and publishing,Google,Carousel,2026-09-04,no
ADV-429,Media and publishing,Meta,Carousel,2026-08-28,no
ADV-172,Retail and ecommerce,Meta,Carousel,2026-09-02,no
ADV-944,Technology and SaaS,Google,Carousel,2026-07-19,no
ADV-172,Media and publishing,Google,Video,2026-08-10,no
ADV-545,Retail and ecommerce,Meta,Carousel,2026-05-28,yes
ADV-172,Media and publishing,Google,Video,2026-06-03,no
ADV-248,Education,Google,Static,2026-07-13,yes
ADV-944,Retail and ecommerce,Google,Carousel,2026-06-20,yes
ADV-172,Energy,Meta,Video,2026-05-26,no
ADV-159,Public sector,Meta,Carousel,2026-08-22,yes
ADV-944,Energy,Google,Carousel,2026-08-24,no
ADV-172,Energy,Meta,Video,2026-08-16,yes
ADV-172,Retail and ecommerce,Meta,Carousel,2026-06-04,no
ADV-248,Technology and SaaS,Meta,Carousel,2026-08-05,yes
ADV-545,Public sector,Google,Static,2026-07-16,no
ADV-248,Retail and ecommerce,Google,Static,2026-09-04,no
ADV-159,Education,Google,Carousel,2026-06-09,yes
ADV-248,Media and publishing,Google,Static,2026-07-19,yes
ADV-312,Technology and SaaS,Google,Video,2026-05-23,no
ADV-159,Media and publishing,Google,Carousel,2026-08-02,yes
ADV-248,Technology and SaaS,Google,Video,2026-05-21,yes
ADV-159,Technology and SaaS,Google,Video,2026-07-07,yes
ADV-312,Technology and SaaS,Meta,Video,2026-09-03,yes
ADV-429,Media and publishing,Google,Carousel,2026-06-04,yes
ADV-172,Media and publishing,Google,Video,2026-07-06,no
ADV-159,Education,Google,Static,2026-08-05,yes
ADV-944,Retail and ecommerce,Meta,Video,2026-05-20,yes
ADV-159,Public sector,Meta,Video,2026-05-29,no
ADV-248,Technology and SaaS,Meta,Carousel,2026-08-11,no
ADV-172,Media and publishing,Meta,Video,2026-06-10,yes
ADV-429,Media and publishing,Google,Carousel,2026-07-30,yes
ADV-312,Technology and SaaS,Google,Carousel,2026-06-18,yes
ADV-429,Public sector,Google,Video,2026-08-27,no
ADV-159,Technology and SaaS,Google,Video,2026-08-11,yes
ADV-159,Technology and SaaS,Google,Carousel,2026-08-07,yes
ADV-159,Media and publishing,Google,Static,2026-08-17,yes
ADV-545,Technology and SaaS,Meta,Carousel,2026-08-27,yes
ADV-944,Media and publishing,Meta,Video,2026-07-17,no
ADV-312,Energy,Meta,Video,2026-07-21,yes
ADV-835,Media and publishing,Google,Video,2026-08-30,no
ADV-248,Media and publishing,Google,Carousel,2026-05-17,yes
ADV-312,Technology and SaaS,Google,Video,2026-08-14,yes
ADV-159,Education,Meta,Carousel,2026-06-08,yes
ADV-159,Energy,Google,Video,2026-05-21,yes
ADV-172,Technology and SaaS,Google,Video,2026-05-16,no
ADV-248,Retail and ecommerce,Meta,Video,2026-08-30,no
ADV-172,Energy,Meta,Static,2026-08-15,yes
ADV-312,Media and publishing,Meta,Video,2026-06-29,yes
ADV-545,Technology and SaaS,Google,Video,2026-05-27,no
ADV-835,Media and publishing,Google,Static,2026-07-28,yes
ADV-159,Media and publishing,Google,Carousel,2026-07-10,yes
ADV-159,Public sector,Meta,Static,2026-07-16,no
ADV-172,Public sector,Google,Video,2026-06-08,yes
ADV-159,Public sector,Meta,Video,2026-05-21,yes
ADV-429,Energy,Google,Carousel,2026-09-12,no
ADV-312,Technology and SaaS,Meta,Carousel,2026-05-21,yes
ADV-248,Technology and SaaS,Meta,Video,2026-08-24,yes
ADV-944,Education,Google,Carousel,2026-06-09,no
ADV-944,Media and publishing,Google,Carousel,2026-05-30,yes
ADV-429,Media and publishing,Google,Carousel,2026-08-12,no
ADV-944,Media and publishing,Meta,Video,2026-09-10,yes
ADV-312,Retail and ecommerce,Google,Video,2026-07-12,yes
ADV-429,Energy,Google,Video,2026-09-02,no
ADV-248,Education,Meta,Static,2026-09-08,no
ADV-172,Education,Google,Carousel,2026-06-20,yes
ADV-159,Technology and SaaS,Google,Carousel,2026-05-19,yes
ADV-429,Media and publishing,Meta,Carousel,2026-09-07,yes
ADV-545,Education,Meta,Video,2026-09-12,no
ADV-312,Energy,Meta,Video,2026-08-21,no
ADV-312,Technology and SaaS,Meta,Video,2026-05-31,yes
ADV-159,Public sector,Google,Video,2026-07-21,yes
ADV-159,Education,Meta,Carousel,2026-05-22,yes
ADV-944,Retail and ecommerce,Meta,Video,2026-06-25,no
ADV-172,Education,Meta,Video,2026-06-28,yes
ADV-172,Public sector,Meta,Video,2026-06-12,yes
ADV-312,Retail and ecommerce,Meta,Carousel,2026-05-17,no
ADV-944,Technology and SaaS,Meta,Video,2026-07-18,yes
ADV-545,Media and publishing,Google,Video,2026-07-05,yes
ADV-312,Public sector,Meta,Carousel,2026-09-12,yes
ADV-944,Technology and SaaS,Google,Video,2026-06-22,yes
ADV-159,Media and publishing,Meta,Static,2026-05-31,yes
ADV-545,Media and publishing,Google,Video,2026-06-12,no
ADV-944,Energy,Google,Video,2026-06-25,yes
ADV-944,Media and publishing,Meta,Video,2026-05-27,no
ADV-545,Media and publishing,Meta,Video,2026-09-02,yes
ADV-429,Public sector,Meta,Video,2026-08-12,yes
ADV-172,Energy,Google,Carousel,2026-07-18,yes
ADV-545,Energy,Google,Video,2026-08-14,no
ADV-248,Media and publishing,Google,Static,2026-05-22,yes
ADV-429,Public sector,Google,Video,2026-08-11,yes
ADV-944,Energy,Google,Video,2026-06-14,no
ADV-159,Energy,Google,Carousel,2026-05-22,yes
ADV-248,Media and publishing,Google,Carousel,2026-08-03,yes
ADV-944,Retail and ecommerce,Meta,Carousel,2026-08-04,no
ADV-429,Media and publishing,Google,Video,2026-08-30,yes
ADV-944,Technology and SaaS,Meta,Carousel,2026-05-25,yes
ADV-248,Technology and SaaS,Google,Carousel,2026-05-19,yes
ADV-248,Public sector,Google,Video,2026-07-06,yes
ADV-172,Media and publishing,Meta,Video,2026-07-19,no
ADV-944,Retail and ecommerce,Google,Video,2026-05-25,no
ADV-545,Technology and SaaS,Meta,Carousel,2026-08-30,no
ADV-312,Media and publishing,Meta,Video,2026-08-22,yes
ADV-835,Retail and ecommerce,Google,Video,2026-09-10,yes
ADV-944,Education,Meta,Carousel,2026-07-27,yes
ADV-172,Media and publishing,Meta,Carousel,2026-06-08,no
ADV-248,Technology and SaaS,Google,Video,2026-07-01,no
ADV-835,Energy,Meta,Video,2026-06-18,yes
ADV-312,Retail and ecommerce,Google,Video,2026-09-06,yes
ADV-312,Technology and SaaS,Google,Carousel,2026-07-03,yes
ADV-429,Media and publishing,Meta,Video,2026-06-17,no
ADV-159,Education,Meta,Video,2026-08-21,yes
ADV-545,Technology and SaaS,Meta,Video,2026-07-18,no
ADV-312,Public sector,Meta,Video,2026-06-09,no
ADV-248,Retail and ecommerce,Google,Video,2026-07-09,no
ADV-172,Media and publishing,Meta,Video,2026-07-12,yes
ADV-248,Public sector,Meta,Video,2026-06-30,no
ADV-835,Public sector,Meta,Video,2026-06-10,no
ADV-159,Media and publishing,Google,Video,2026-07-06,no
ADV-248,Public sector,Google,Video,2026-08-25,yes
ADV-312,Media and publishing,Meta,Carousel,2026-05-26,no
ADV-944,Education,Meta,Carousel,2026-08-02,no
ADV-429,Media and publishing,Google,Static,2026-06-18,yes
ADV-835,Retail and ecommerce,Meta,Video,2026-06-28,no
ADV-835,Retail and ecommerce,Google,Video,2026-07-29,no
ADV-172,Technology and SaaS,Google,Video,2026-07-08,no
ADV-248,Education,Meta,Video,2026-07-19,yes
ADV-835,Education,Meta,Video,2026-08-05,yes
ADV-248,Education,Meta,Carousel,2026-07-17,no
ADV-312,Technology and SaaS,Meta,Carousel,2026-07-26,no
ADV-172,Media and publishing,Google,Carousel,2026-07-31,no
ADV-312,Retail and ecommerce,Meta,Video,2026-06-25,yes
ADV-248,Media and publishing,Meta,Carousel,2026-05-29,no
ADV-312,Media and publishing,Google,Carousel,2026-09-10,yes
ADV-545,Energy,Meta,Video,2026-08-11,yes
ADV-312,Education,Google,Carousel,2026-09-08,no
ADV-835,Media and publishing,Meta,Static,2026-08-29,yes
ADV-312,Public sector,Meta,Carousel,2026-08-05,yes
ADV-312,Media and publishing,Google,Carousel,2026-08-30,yes
ADV-172,Public sector,Google,Video,2026-08-31,no
ADV-248,Technology and SaaS,Google,Video,2026-05-26,yes
ADV-312,Retail and ecommerce,Meta,Video,2026-06-09,no
ADV-248,Retail and ecommerce,Google,Video,2026-07-03,no
ADV-545,Technology and SaaS,Meta,Carousel,2026-06-21,yes
ADV-429,Energy,Meta,Video,2026-08-27,yes
ADV-545,Technology and SaaS,Meta,Carousel,2026-06-11,yes
ADV-429,Media and publishing,Google,Video,2026-05-18,no
ADV-545,Media and publishing,Meta,Video,2026-08-12,yes
ADV-545,Technology and SaaS,Meta,Video,2026-05-22,no
ADV-312,Media and publishing,Meta,Video,2026-08-12,yes
ADV-172,Retail and ecommerce,Google,Video,2026-06-30,no
ADV-159,Education,Meta,Video,2026-08-18,no
ADV-545,Education,Meta,Video,2026-05-24,no
ADV-835,Public sector,Meta,Video,2026-06-24,yes
ADV-248,Media and publishing,Meta,Video,2026-05-20,no
ADV-248,Media and publishing,Meta,Video,2026-07-05,yes
ADV-172,Energy,Meta,Carousel,2026-07-20,yes
ADV-312,Technology and SaaS,Meta,Carousel,2026-07-27,yes
ADV-545,Technology and SaaS,Google,Video,2026-07-16,yes
ADV-159,Energy,Meta,Video,2026-08-20,no
ADV-312,Media and publishing,Meta,Video,2026-05-26,yes
ADV-944,Retail and ecommerce,Meta,Video,2026-05-17,yes
ADV-312,Media and publishing,Meta,Video,2026-05-30,no
ADV-312,Media and publishing,Meta,Video,2026-06-18,yes
ADV-545,Retail and ecommerce,Google,Video,2026-07-25,no
ADV-545,Public sector,Google,Carousel,2026-07-29,no
ADV-944,Media and publishing,Google,Video,2026-07-14,yes
ADV-429,Media and publishing,Meta,Video,2026-07-27,yes
ADV-545,Technology and SaaS,Google,Video,2026-06-29,yes
ADV-429,Education,Google,Carousel,2026-06-25,no
ADV-545,Public sector,Meta,Video,2026-07-29,no
ADV-172,Media and publishing,Meta,Carousel,2026-06-24,yes
ADV-172,Media and publishing,Meta,Carousel,2026-07-12,yes
ADV-159,Media and publishing,Meta,Carousel,2026-05-18,yes
ADV-944,Technology and SaaS,Google,Carousel,2026-05-19,no
ADV-312,Education,Google,Static,2026-07-12,yes
ADV-248,Media and publishing,Meta,Video,2026-08-05,no
ADV-545,Technology and SaaS,Google,Carousel,2026-07-29,no
ADV-545,Technology and SaaS,Google,Carousel,2026-06-17,no
ADV-835,Retail and ecommerce,Google,Static,2026-08-22,no
ADV-172,Education,Meta,Carousel,2026-06-05,no
ADV-944,Retail and ecommerce,Google,Video,2026-07-18,yes
ADV-172,Education,Google,Carousel,2026-07-21,yes
ADV-159,Retail and ecommerce,Meta,Video,2026-08-02,no
ADV-248,Technology and SaaS,Meta,Static,2026-07-05,yes
ADV-159,Retail and ecommerce,Google,Carousel,2026-07-17,yes
ADV-312,Media and publishing,Meta,Video,2026-07-23,no
ADV-835,Energy,Meta,Carousel,2026-05-31,yes
ADV-312,Media and publishing,Meta,Carousel,2026-07-02,no
ADV-429,Public sector,Meta,Carousel,2026-08-22,no
ADV-835,Media and publishing,Google,Video,2026-07-15,yes
ADV-159,Technology and SaaS,Meta,Video,2026-05-22,no
ADV-172,Media and publishing,Google,Video,2026-07-02,yes
ADV-835,Technology and SaaS,Meta,Video,2026-07-02,yes
ADV-944,Media and publishing,Meta,Carousel,2026-07-03,no
ADV-545,Public sector,Google,Video,2026-07-03,no
ADV-835,Retail and ecommerce,Google,Video,2026-08-20,no
ADV-835,Media and publishing,Meta,Video,2026-08-22,no
ADV-944,Retail and ecommerce,Meta,Carousel,2026-06-22,yes
ADV-835,Media and publishing,Meta,Video,2026-06-24,no
ADV-172,Public sector,Google,Video,2026-05-28,no
ADV-312,Technology and SaaS,Meta,Carousel,2026-07-24,yes
ADV-248,Technology and SaaS,Google,Video,2026-05-29,no
ADV-429,Media and publishing,Google,Video,2026-09-05,no
ADV-159,Retail and ecommerce,Meta,Video,2026-07-19,yes
ADV-159,Technology and SaaS,Meta,Static,2026-09-05,no
ADV-944,Public sector,Google,Video,2026-09-05,no
ADV-835,Media and publishing,Google,Carousel,2026-06-03,no
ADV-944,Technology and SaaS,Google,Video,2026-06-27,yes
ADV-545,Media and publishing,Google,Carousel,2026-05-25,no
ADV-248,Media and publishing,Meta,Carousel,2026-07-30,yes
ADV-172,Retail and ecommerce,Meta,Video,2026-06-07,no
ADV-545,Technology and SaaS,Google,Carousel,2026-07-15,yes
ADV-944,Retail and ecommerce,Meta,Carousel,2026-06-27,yes
ADV-172,Education,Google,Carousel,2026-06-21,yes
ADV-545,Media and publishing,Google,Video,2026-08-25,no
ADV-545,Technology and SaaS,Meta,Static,2026-08-08,no
ADV-545,Energy,Meta,Carousel,2026-08-21,no
ADV-944,Technology and SaaS,Meta,Video,2026-06-16,no
ADV-312,Public sector,Meta,Video,2026-07-04,yes
ADV-835,Technology and SaaS,Google,Video,2026-09-02,yes
ADV-172,Media and publishing,Meta,Video,2026-09-03,yes
ADV-159,Education,Meta,Carousel,2026-07-21,yes
ADV-172,Energy,Google,Video,2026-07-30,no
ADV-172,Energy,Google,Video,2026-06-07,yes
ADV-429,Technology and SaaS,Meta,Video,2026-07-27,yes
ADV-944,Public sector,Google,Video,2026-08-28,yes
ADV-944,Public sector,Meta,Carousel,2026-05-19,no
ADV-172,Media and publishing,Google,Carousel,2026-06-11,yes
ADV-944,Media and publishing,Meta,Static,2026-09-10,no
ADV-172,Technology and SaaS,Google,Video,2026-06-25,no
ADV-159,Media and publishing,Meta,Video,2026-08-31,no
ADV-312,Energy,Meta,Carousel,2026-08-23,no
ADV-835,Technology and SaaS,Meta,Carousel,2026-08-15,no
ADV-159,Retail and ecommerce,Meta,Carousel,2026-09-05,no
ADV-835,Energy,Google,Video,2026-07-28,yes
ADV-248,Media and publishing,Google,Video,2026-08-16,no
ADV-312,Retail and ecommerce,Google,Carousel,2026-07-07,yes
ADV-172,Technology and SaaS,Meta,Video,2026-07-06,no
ADV-944,Technology and SaaS,Meta,Static,2026-07-25,no
ADV-545,Retail and ecommerce,Google,Carousel,2026-09-06,no
ADV-835,Media and publishing,Meta,Video,2026-06-24,no
ADV-429,Technology and SaaS,Google,Static,2026-07-21,no
ADV-312,Media and publishing,Google,Video,2026-08-20,yes
ADV-248,Energy,Meta,Static,2026-06-13,yes
ADV-159,Public sector,Meta,Static,2026-08-18,yes
ADV-172,Public sector,Meta,Video,2026-07-31,yes
ADV-429,Media and publishing,Meta,Carousel,2026-08-31,no
ADV-545,Public sector,Meta,Video,2026-08-05,no
ADV-312,Technology and SaaS,Meta,Video,2026-07-13,yes
ADV-159,Retail and ecommerce,Google,Video,2026-09-10,yes
ADV-835,Energy,Meta,Carousel,2026-09-07,yes
ADV-172,Energy,Google,Video,2026-08-30,yes
ADV-429,Education,Google,Static,2026-08-15,no
ADV-429,Technology and SaaS,Meta,Video,2026-08-01,yes
ADV-429,Media and publishing,Google,Carousel,2026-09-02,yes
ADV-944,Public sector,Meta,Video,2026-08-15,yes
ADV-545,Technology and SaaS,Meta,Carousel,2026-08-20,yes
ADV-312,Media and publishing,Google,Static,2026-07-29,yes
ADV-159,Energy,Google,Video,2026-06-22,yes
ADV-159,Public sector,Meta,Carousel,2026-06-08,yes
ADV-312,Media and publishing,Meta,Video,2026-09-04,yes
ADV-429,Technology and SaaS,Meta,Video,2026-07-08,yes
ADV-835,Technology and SaaS,Google,Video,2026-06-28,yes
ADV-944,Media and publishing,Meta,Video,2026-05-27,no
ADV-159,Retail and ecommerce,Meta,Video,2026-05-28,no
ADV-944,Media and publishing,Google,Carousel,2026-06-08,no
ADV-944,Technology and SaaS,Google,Video,2026-08-13,no
ADV-172,Education,Google,Carousel,2026-07-06,yes
ADV-835,Technology and SaaS,Meta,Carousel,2026-07-17,no
ADV-429,Public sector,Google,Carousel,2026-08-26,yes
ADV-312,Technology and SaaS,Google,Carousel,2026-08-10,no
ADV-172,Technology and SaaS,Google,Video,2026-06-03,yes
ADV-835,Media and publishing,Meta,Video,2026-09-05,yes
ADV-835,Media and publishing,Meta,Video,2026-08-15,no
ADV-835,Media and publishing,Meta,Carousel,2026-06-10,yes
ADV-172,Education,Meta,Video,2026-07-03,yes
ADV-545,Energy,Google,Video,2026-08-01,yes
ADV-248,Public sector,Google,Static,2026-07-25,yes
ADV-429,Technology and SaaS,Google,Carousel,2026-07-29,no
ADV-248,Technology and SaaS,Meta,Static,2026-08-21,yes
ADV-429,Media and publishing,Google,Static,2026-05-25,yes
ADV-159,Education,Google,Video,2026-06-28,yes
ADV-944,Energy,Meta,Video,2026-08-06,yes
ADV-159,Media and publishing,Google,Carousel,2026-09-04,no
ADV-545,Education,Meta,Video,2026-06-14,yes
ADV-172,Public sector,Google,Video,2026-08-18,yes
ADV-312,Technology and SaaS,Meta,Video,2026-06-30,yes
ADV-159,Energy,Meta,Video,2026-07-19,yes
ADV-159,Education,Google,Carousel,2026-07-26,yes
ADV-545,Public sector,Google,Carousel,2026-08-04,no
ADV-159,Energy,Google,Carousel,2026-05-20,yes
ADV-312,Media and publishing,Google,Video,2026-06-14,yes
ADV-944,Technology and SaaS,Meta,Carousel,2026-09-03,yes
ADV-248,Public sector,Google,Video,2026-06-24,no
ADV-429,Public sector,Meta,Carousel,2026-08-26,yes
ADV-545,Public sector,Google,Static,2026-07-22,yes
ADV-248,Media and publishing,Meta,Carousel,2026-07-24,no
ADV-835,Retail and ecommerce,Google,Video,2026-07-11,yes
ADV-248,Technology and SaaS,Meta,Video,2026-07-19,no
ADV-159,Retail and ecommerce,Meta,Static,2026-05-28,no
ADV-159,Education,Google,Carousel,2026-06-02,yes
ADV-429,Technology and SaaS,Google,Video,2026-05-21,no
ADV-545,Media and publishing,Meta,Video,2026-06-26,no
ADV-312,Education,Meta,Video,2026-09-09,yes
ADV-545,Technology and SaaS,Meta,Video,2026-05-22,yes
ADV-944,Retail and ecommerce,Google,Static,2026-08-03,yes
ADV-312,Media and publishing,Meta,Carousel,2026-05-25,no
ADV-312,Technology and SaaS,Meta,Video,2026-06-29,no
ADV-312,Technology and SaaS,Google,Video,2026-09-11,no
ADV-545,Technology and SaaS,Google,Video,2026-06-22,yes
ADV-312,Retail and ecommerce,Google,Video,2026-06-06,yes
ADV-545,Public sector,Meta,Video,2026-07-30,yes
ADV-429,Retail and ecommerce,Google,Video,2026-09-08,yes
ADV-545,Technology and SaaS,Meta,Video,2026-07-24,yes
ADV-312,Media and publishing,Meta,Video,2026-07-20,yes
ADV-944,Education,Google,Carousel,2026-06-26,no
ADV-172,Retail and ecommerce,Google,Static,2026-08-15,no
ADV-429,Technology and SaaS,Google,Video,2026-08-02,no
ADV-248,Public sector,Google,Video,2026-07-14,no
ADV-835,Education,Google,Carousel,2026-06-17,yes
ADV-159,Media and publishing,Google,Carousel,2026-09-12,no
ADV-429,Retail and ecommerce,Google,Carousel,2026-06-22,no
ADV-835,Public sector,Google,Video,2026-05-31,yes
ADV-248,Technology and SaaS,Meta,Static,2026-09-06,no
ADV-429,Media and publishing,Google,Video,2026-06-17,yes
ADV-312,Technology and SaaS,Google,Carousel,2026-05-22,no
ADV-944,Retail and ecommerce,Google,Carousel,2026-06-30,no
ADV-312,Education,Meta,Video,2026-08-25,yes
ADV-172,Energy,Google,Video,2026-06-24,no
ADV-545,Education,Meta,Video,2026-06-26,no
ADV-545,Public sector,Google,Video,2026-09-08,no
ADV-312,Technology and SaaS,Google,Static,2026-06-13,yes
ADV-944,Technology and SaaS,Google,Video,2026-08-21,no
ADV-835,Technology and SaaS,Meta,Video,2026-05-29,no
ADV-835,Media and publishing,Google,Carousel,2026-06-29,yes
ADV-429,Education,Meta,Video,2026-08-06,yes
ADV-172,Education,Meta,Carousel,2026-06-12,no
ADV-172,Education,Meta,Carousel,2026-07-27,yes
ADV-429,Technology and SaaS,Google,Carousel,2026-08-23,yes
ADV-944,Energy,Google,Static,2026-06-26,yes
ADV-429,Education,Google,Carousel,2026-07-25,yes
ADV-429,Media and publishing,Meta,Video,2026-07-11,no
ADV-545,Education,Google,Carousel,2026-07-03,no
ADV-159,Public sector,Meta,Static,2026-06-08,yes
ADV-248,Media and publishing,Google,Video,2026-08-15,yes
ADV-944,Technology and SaaS,Meta,Video,2026-07-02,no
ADV-545,Media and publishing,Meta,Video,2026-09-12,yes
ADV-545,Technology and SaaS,Google,Video,2026-05-21,yes
ADV-172,Technology and SaaS,Meta,Video,2026-08-04,yes
ADV-248,Energy,Google,Video,2026-07-05,no
ADV-944,Technology and SaaS,Meta,Carousel,2026-05-23,yes
ADV-835,Technology and SaaS,Meta,Carousel,2026-05-18,yes
ADV-944,Media and publishing,Meta,Carousel,2026-08-28,yes
ADV-429,Education,Meta,Carousel,2026-07-07,yes
ADV-172,Public sector,Google,Carousel,2026-08-22,yes
ADV-835,Education,Google,Video,2026-07-01,no
ADV-312,Media and publishing,Meta,Carousel,2026-05-20,yes
ADV-835,Technology and SaaS,Meta,Carousel,2026-07-07,yes
ADV-159,Retail and ecommerce,Meta,Video,2026-06-02,yes
ADV-429,Media and publishing,Google,Video,2026-06-24,yes
ADV-172,Media and publishing,Meta,Carousel,2026-06-05,yes
ADV-312,Energy,Google,Video,2026-08-18,yes
ADV-159,Media and publishing,Meta,Carousel,2026-08-01,yes
ADV-944,Media and publishing,Meta,Video,2026-07-06,yes
ADV-429,Energy,Meta,Carousel,2026-08-16,yes
ADV-429,Media and publishing,Google,Video,2026-07-30,yes
ADV-159,Energy,Google,Video,2026-05-28,yes
ADV-248,Technology and SaaS,Meta,Video,2026-06-15,yes
ADV-429,Technology and SaaS,Meta,Carousel,2026-07-27,no
ADV-545,Media and publishing,Google,Video,2026-08-28,yes
ADV-172,Technology and SaaS,Meta,Video,2026-06-23,yes
ADV-248,Media and publishing,Meta,Video,2026-08-13,no
ADV-159,Technology and SaaS,Google,Video,2026-07-24,no
ADV-159,Technology and SaaS,Google,Video,2026-05-27,no
ADV-248,Media and publishing,Google,Carousel,2026-05-27,yes
ADV-944,Energy,Meta,Video,2026-07-05,no
ADV-545,Public sector,Google,Video,2026-05-22,yes
ADV-429,Public sector,Meta,Video,2026-06-04,no
ADV-312,Technology and SaaS,Google,Carousel,2026-05-16,no
ADV-172,Energy,Meta,Carousel,2026-09-01,no
ADV-159,Technology and SaaS,Meta,Carousel,2026-07-29,yes
ADV-429,Retail and ecommerce,Google,Carousel,2026-07-16,yes
ADV-835,Technology and SaaS,Meta,Video,2026-09-10,yes
ADV-429,Technology and SaaS,Google,Video,2026-07-14,yes
ADV-545,Media and publishing,Google,Static,2026-08-10,yes
ADV-835,Education,Google,Video,2026-08-24,no
ADV-545,Retail and ecommerce,Meta,Video,2026-08-15,yes
ADV-944,Energy,Meta,Video,2026-08-16,no
ADV-545,Media and publishing,Google,Video,2026-08-31,no
ADV-545,Energy,Google,Carousel,2026-09-02,yes
ADV-835,Media and publishing,Google,Video,2026-07-18,yes
ADV-944,Media and publishing,Meta,Video,2026-08-13,no
ADV-172,Energy,Google,Carousel,2026-08-17,yes
ADV-835,Technology and SaaS,Meta,Video,2026-08-31,yes
ADV-172,Retail and ecommerce,Google,Video,2026-08-20,no
ADV-835,Public sector,Google,Carousel,2026-07-16,yes
ADV-835,Media and publishing,Meta,Static,2026-07-28,yes
ADV-248,Media and publishing,Google,Carousel,2026-09-05,yes
ADV-545,Education,Meta,Video,2026-07-21,yes
ADV-835,Retail and ecommerce,Google,Video,2026-08-19,no
ADV-159,Technology and SaaS,Google,Video,2026-08-17,yes
ADV-248,Education,Google,Video,2026-07-07,yes
ADV-172,Energy,Meta,Carousel,2026-08-09,yes
ADV-835,Technology and SaaS,Meta,Static,2026-07-05,yes
ADV-429,Media and publishing,Google,Video,2026-08-09,yes
ADV-159,Education,Meta,Carousel,2026-06-01,no
ADV-944,Education,Google,Video,2026-09-03,no
ADV-545,Retail and ecommerce,Google,Carousel,2026-07-03,no
ADV-172,Retail and ecommerce,Google,Carousel,2026-06-23,yes
ADV-312,Technology and SaaS,Google,Video,2026-08-30,no
ADV-429,Technology and SaaS,Meta,Video,2026-08-11,yes
ADV-944,Technology and SaaS,Google,Carousel,2026-07-01,no
ADV-835,Technology and SaaS,Google,Carousel,2026-09-08,no
ADV-429,Education,Meta,Carousel,2026-05-18,no
ADV-429,Technology and SaaS,Meta,Video,2026-07-12,yes
ADV-248,Media and publishing,Meta,Carousel,2026-07-27,yes
ADV-429,Education,Google,Carousel,2026-06-12,yes
ADV-835,Media and publishing,Google,Video,2026-09-09,yes
ADV-312,Retail and ecommerce,Meta,Static,2026-09-11,no
ADV-312,Retail and ecommerce,Google,Video,2026-08-09,no
ADV-172,Retail and ecommerce,Google,Static,2026-06-15,yes
ADV-944,Energy,Google,Carousel,2026-08-17,no
ADV-429,Media and publishing,Meta,Video,2026-08-03,no
ADV-172,Energy,Meta,Carousel,2026-09-01,yes
ADV-312,Education,Google,Video,2026-07-01,yes
ADV-172,Technology and SaaS,Google,Video,2026-07-31,no
ADV-545,Media and publishing,Google,Video,2026-09-04,yes
ADV-248,Retail and ecommerce,Google,Static,2026-05-24,no
ADV-172,Technology and SaaS,Meta,Video,2026-08-28,yes
ADV-835,Media and publishing,Meta,Carousel,2026-08-25,no
ADV-545,Technology and SaaS,Google,Carousel,2026-07-15,no
ADV-248,Energy,Google,Video,2026-06-24,yes
ADV-248,Retail and ecommerce,Google,Carousel,2026-06-01,no
ADV-312,Media and publishing,Google,Video,2026-08-24,yes
ADV-429,Public sector,Google,Carousel,2026-07-16,yes
ADV-312,Technology and SaaS,Meta,Video,2026-06-05,no
ADV-172,Energy,Google,Video,2026-08-22,yes
ADV-944,Public sector,Meta,Carousel,2026-06-03,yes
ADV-545,Public sector,Meta,Carousel,2026-09-06,no
ADV-835,Technology and SaaS,Meta,Video,2026-06-23,no
ADV-312,Technology and SaaS,Meta,Carousel,2026-05-28,no
ADV-429,Public sector,Meta,Video,2026-05-19,no
ADV-429,Education,Google,Carousel,2026-07-20,yes
ADV-429,Education,Google,Video,2026-08-13,yes
ADV-312,Media and publishing,Meta,Video,2026-08-26,yes
ADV-944,Technology and SaaS,Google,Video,2026-07-31,yes
ADV-312,Technology and SaaS,Meta,Video,2026-09-07,no
ADV-429,Energy,Google,Video,2026-06-28,yes
ADV-835,Technology and SaaS,Google,Video,2026-07-18,yes
ADV-248,Energy,Meta,Video,2026-08-05,yes
ADV-159,Media and publishing,Meta,Video,2026-05-29,yes
ADV-312,Technology and SaaS,Meta,Video,2026-05-27,no
ADV-429,Education,Meta,Carousel,2026-06-29,no
ADV-248,Energy,Meta,Video,2026-06-08,yes
ADV-159,Technology and SaaS,Google,Carousel,2026-08-26,no
ADV-159,Technology and SaaS,Google,Video,2026-05-28,yes
ADV-545,Technology and SaaS,Google,Static,2026-05-25,no
ADV-944,Education,Google,Video,2026-07-08,no
ADV-159,Media and publishing,Google,Static,2026-07-13,yes
ADV-835,Technology and SaaS,Meta,Carousel,2026-06-20,no
ADV-835,Public sector,Meta,Static,2026-08-15,no
ADV-944,Education,Google,Carousel,2026-08-26,yes
ADV-429,Retail and ecommerce,Meta,Static,2026-07-01,no
ADV-429,Education,Google,Video,2026-08-11,yes
ADV-944,Media and publishing,Google,Video,2026-05-20,no
ADV-835,Media and publishing,Google,Carousel,2026-07-08,no
ADV-172,Technology and SaaS,Google,Static,2026-06-25,no
ADV-312,Technology and SaaS,Google,Carousel,2026-05-16,yes
ADV-944,Retail and ecommerce,Meta,Video,2026-05-18,yes
ADV-312,Energy,Google,Carousel,2026-08-28,no
ADV-248,Education,Meta,Video,2026-07-23,no
ADV-312,Public sector,Meta,Video,2026-06-15,yes
ADV-835,Technology and SaaS,Meta,Video,2026-07-23,yes
ADV-835,Energy,Google,Video,2026-05-16,no
ADV-545,Technology and SaaS,Google,Video,2026-06-04,yes
ADV-248,Retail and ecommerce,Meta,Carousel,2026-07-09,no
ADV-545,Energy,Meta,Carousel,2026-06-02,no
ADV-835,Technology and SaaS,Meta,Video,2026-05-17,no
ADV-429,Media and publishing,Meta,Video,2026-09-11,no
ADV-944,Media and publishing,Meta,Carousel,2026-06-17,yes
ADV-944,Technology and SaaS,Meta,Static,2026-06-01,no
ADV-545,Energy,Google,Video,2026-05-30,yes
ADV-545,Energy,Meta,Video,2026-09-12,yes
ADV-172,Technology and SaaS,Meta,Video,2026-09-01,yes
ADV-545,Media and publishing,Google,Video,2026-08-12,yes
ADV-248,Public sector,Google,Static,2026-07-11,yes
ADV-944,Media and publishing,Meta,Video,2026-08-05,no
ADV-248,Technology and SaaS,Google,Static,2026-06-04,yes
ADV-545,Media and publishing,Meta,Carousel,2026-07-24,yes
ADV-944,Media and publishing,Meta,Static,2026-07-09,yes
ADV-835,Education,Google,Carousel,2026-05-30,yes
ADV-312,Public sector,Meta,Video,2026-08-28,yes
ADV-172,Education,Google,Video,2026-06-30,yes
ADV-835,Media and publishing,Google,Video,2026-06-06,no
ADV-429,Media and publishing,Meta,Video,2026-08-14,yes
ADV-944,Retail and ecommerce,Meta,Video,2026-08-20,no
ADV-545,Public sector,Google,Video,2026-09-02,no
ADV-172,Retail and ecommerce,Google,Video,2026-07-09,yes
ADV-835,Retail and ecommerce,Google,Video,2026-06-25,yes
ADV-172,Technology and SaaS,Google,Video,2026-07-04,yes
ADV-159,Media and publishing,Google,Carousel,2026-07-10,no
ADV-835,Education,Meta,Carousel,2026-06-21,no
ADV-248,Technology and SaaS,Google,Static,2026-07-21,no
ADV-248,Technology and SaaS,Google,Video,2026-06-11,no
ADV-248,Energy,Google,Video,2026-06-27,no
ADV-944,Retail and ecommerce,Meta,Video,2026-06-02,yes
ADV-248,Technology and SaaS,Google,Carousel,2026-08-25,yes
ADV-248,Media and publishing,Google,Carousel,2026-08-22,no
ADV-159,Technology and SaaS,Meta,Static,2026-06-07,no
ADV-429,Public sector,Google,Static,2026-09-06,no
ADV-248,Technology and SaaS,Meta,Carousel,2026-07-25,yes
ADV-429,Retail and ecommerce,Google,Video,2026-05-31,yes
ADV-429,Education,Google,Video,2026-06-10,no
ADV-429,Retail and ecommerce,Google,Carousel,2026-07-11,yes
ADV-429,Education,Google,Static,2026-06-10,no
ADV-429,Education,Google,Video,2026-06-30,yes
ADV-835,Technology and SaaS,Meta,Static,2026-08-04,no
ADV-835,Public sector,Google,Video,2026-07-16,no
ADV-545,Retail and ecommerce,Google,Video,2026-08-20,yes
ADV-159,Education,Google,Static,2026-07-18,no
ADV-429,Education,Google,Carousel,2026-08-31,yes
ADV-429,Media and publishing,Google,Carousel,2026-09-04,yes
ADV-944,Media and publishing,Google,Video,2026-07-28,yes
ADV-172,Public sector,Google,Video,2026-07-20,no
ADV-312,Media and publishing,Meta,Carousel,2026-07-19,no
ADV-172,Education,Meta,Carousel,2026-08-08,yes
ADV-159,Media and publishing,Meta,Carousel,2026-06-04,yes
ADV-159,Technology and SaaS,Meta,Carousel,2026-05-20,yes
ADV-159,Energy,Google,Video,2026-09-01,no
ADV-248,Media and publishing,Google,Video,2026-06-20,yes
ADV-944,Education,Meta,Carousel,2026-08-28,no
ADV-159,Energy,Google,Carousel,2026-06-15,yes
ADV-429,Media and publishing,Google,Video,2026-08-14,no
ADV-312,Media and publishing,Meta,Video,2026-06-10,yes
ADV-944,Technology and SaaS,Meta,Carousel,2026-08-13,yes
ADV-172,Public sector,Meta,Video,2026-07-31,no
ADV-159,Media and publishing,Meta,Video,2026-06-10,no
ADV-429,Retail and ecommerce,Meta,Carousel,2026-08-30,yes
ADV-172,Public sector,Meta,Carousel,2026-06-02,yes
ADV-159,Media and publishing,Meta,Carousel,2026-08-21,yes
ADV-312,Retail and ecommerce,Meta,Video,2026-09-12,no
ADV-312,Public sector,Meta,Video,2026-07-29,no
ADV-248,Energy,Meta,Carousel,2026-08-11,yes
ADV-159,Media and publishing,Meta,Carousel,2026-08-13,yes
ADV-248,Education,Meta,Video,2026-07-31,yes
ADV-159,Public sector,Google,Video,2026-05-23,yes
ADV-545,Retail and ecommerce,Google,Video,2026-09-12,yes
ADV-429,Media and publishing,Meta,Carousel,2026-05-25,no
ADV-159,Retail and ecommerce,Meta,Video,2026-09-06,no
ADV-312,Retail and ecommerce,Google,Static,2026-08-04,yes
ADV-312,Technology and SaaS,Google,Video,2026-05-17,no
ADV-248,Media and publishing,Meta,Video,2026-08-03,no
ADV-159,Technology and SaaS,Google,Carousel,2026-09-03,no
ADV-429,Public sector,Meta,Video,2026-07-04,yes
ADV-172,Technology and SaaS,Google,Carousel,2026-06-20,no
ADV-172,Media and publishing,Meta,Video,2026-08-07,yes
ADV-172,Media and publishing,Google,Video,2026-07-23,no
ADV-159,Media and publishing,Meta,Static,2026-06-21,yes
ADV-429,Education,Meta,Video,2026-05-20,yes
ADV-312,Technology and SaaS,Google,Video,2026-08-28,no
ADV-944,Technology and SaaS,Google,Carousel,2026-08-29,yes
ADV-545,Technology and SaaS,Meta,Video,2026-08-18,yes
ADV-248,Education,Meta,Video,2026-09-03,no
ADV-172,Media and publishing,Google,Video,2026-08-01,yes
ADV-545,Media and publishing,Google,Static,2026-08-30,no
ADV-248,Media and publishing,Meta,Carousel,2026-05-24,yes
ADV-248,Education,Meta,Carousel,2026-07-09,yes
ADV-944,Media and publishing,Google,Video,2026-06-29,yes
ADV-172,Education,Google,Carousel,2026-08-27,no
ADV-545,Technology and SaaS,Google,Carousel,2026-05-29,no
ADV-172,Technology and SaaS,Google,Video,2026-07-24,no
ADV-159,Education,Google,Video,2026-05-29,no
ADV-944,Retail and ecommerce,Google,Carousel,2026-08-22,no
ADV-944,Media and publishing,Google,Video,2026-07-24,no
ADV-944,Retail and ecommerce,Meta,Static,2026-06-21,yes
ADV-159,Retail and ecommerce,Meta,Video,2026-07-10,yes
ADV-429,Technology and SaaS,Meta,Carousel,2026-07-27,no
ADV-944,Technology and SaaS,Google,Carousel,2026-07-18,yes
ADV-429,Public sector,Meta,Carousel,2026-08-31,yes
ADV-545,Public sector,Meta,Video,2026-07-11,no
ADV-429,Technology and SaaS,Meta,Video,2026-05-16,yes
ADV-312,Technology and SaaS,Meta,Video,2026-06-24,yes
ADV-944,Education,Meta,Carousel,2026-05-27,no
ADV-944,Media and publishing,Google,Carousel,2026-06-17,no
ADV-944,Media and publishing,Google,Carousel,2026-08-31,no
ADV-545,Media and publishing,Meta,Video,2026-08-20,no
ADV-429,Energy,Google,Video,2026-07-07,no
ADV-944,Retail and ecommerce,Meta,Video,2026-08-25,yes
ADV-159,Retail and ecommerce,Meta,Video,2026-07-06,no
ADV-545,Media and publishing,Google,Video,2026-06-07,no
ADV-545,Public sector,Meta,Video,2026-08-27,no
ADV-172,Media and publishing,Meta,Carousel,2026-07-15,no
ADV-545,Retail and ecommerce,Meta,Video,2026-05-31,no
ADV-944,Education,Google,Video,2026-08-26,no
ADV-312,Energy,Meta,Static,2026-06-14,yes
ADV-545,Technology and SaaS,Meta,Video,2026-05-26,yes
ADV-944,Media and publishing,Meta,Static,2026-06-22,yes
ADV-248,Media and publishing,Google,Video,2026-08-17,no
ADV-248,Retail and ecommerce,Meta,Carousel,2026-05-31,yes
ADV-835,Media and publishing,Meta,Static,2026-08-28,no
ADV-429,Retail and ecommerce,Meta,Video,2026-06-27,no
ADV-835,Energy,Meta,Carousel,2026-06-18,no
ADV-248,Public sector,Meta,Carousel,2026-07-20,no
ADV-545,Public sector,Google,Carousel,2026-08-17,no
ADV-545,Media and publishing,Meta,Video,2026-07-24,no
ADV-159,Technology and SaaS,Meta,Video,2026-09-06,no
ADV-545,Public sector,Google,Static,2026-05-31,yes
ADV-312,Technology and SaaS,Meta,Video,2026-08-29,no
ADV-545,Media and publishing,Google,Video,2026-08-21,yes
ADV-248,Public sector,Google,Carousel,2026-08-10,yes
ADV-248,Energy,Google,Video,2026-07-11,yes
ADV-172,Public sector,Meta,Carousel,2026-07-10,no
ADV-545,Technology and SaaS,Meta,Carousel,2026-06-12,no
ADV-835,Energy,Google,Video,2026-06-29,yes
ADV-248,Media and publishing,Google,Video,2026-08-28,yes
ADV-172,Media and publishing,Google,Carousel,2026-09-03,yes
ADV-248,Education,Google,Static,2026-09-07,yes
ADV-159,Media and publishing,Meta,Carousel,2026-06-13,no
ADV-159,Public sector,Google,Video,2026-08-17,yes
ADV-159,Retail and ecommerce,Meta,Carousel,2026-06-21,yes
ADV-172,Education,Meta,Video,2026-08-10,no
ADV-545,Media and publishing,Google,Static,2026-07-22,yes
ADV-835,Public sector,Meta,Video,2026-07-18,no
ADV-545,Technology and SaaS,Google,Video,2026-07-15,no
ADV-248,Media and publishing,Google,Video,2026-07-25,yes
ADV-944,Education,Google,Video,2026-05-24,no
ADV-172,Energy,Google,Video,2026-09-09,no
ADV-248,Technology and SaaS,Meta,Static,2026-06-07,yes
ADV-545,Media and publishing,Google,Video,2026-05-31,yes
ADV-159,Energy,Google,Static,2026-07-04,yes
ADV-312,Technology and SaaS,Meta,Video,2026-06-21,yes
ADV-944,Energy,Google,Carousel,2026-07-19,yes
ADV-944,Energy,Google,Carousel,2026-07-10,yes
ADV-248,Education,Google,Video,2026-05-16,no
ADV-172,Education,Google,Video,2026-07-22,no
ADV-312,Media and publishing,Google,Carousel,2026-09-01,no
ADV-248,Energy,Google,Video,2026-09-11,no
ADV-429,Media and publishing,Meta,Video,2026-06-30,yes
ADV-159,Education,Google,Carousel,2026-06-19,no
ADV-545,Media and publishing,Google,Video,2026-05-25,no
ADV-248,Education,Google,Video,2026-06-07,no
ADV-248,Media and publishing,Meta,Carousel,2026-08-08,no
ADV-944,Energy,Google,Video,2026-06-25,no
ADV-944,Energy,Meta,Carousel,2026-06-04,yes
ADV-248,Energy,Meta,Carousel,2026-06-27,yes
ADV-429,Media and publishing,Google,Carousel,2026-07-13,no
ADV-835,Public sector,Meta,Video,2026-07-14,no
ADV-835,Retail and ecommerce,Meta,Video,2026-08-08,no
ADV-429,Education,Meta,Carousel,2026-06-26,yes
ADV-312,Technology and SaaS,Google,Carousel,2026-08-03,no
ADV-312,Media and publishing,Google,Video,2026-06-28,yes
ADV-545,Media and publishing,Google,Carousel,2026-06-04,no
ADV-248,Energy,Google,Carousel,2026-06-01,no
ADV-944,Media and publishing,Google,Carousel,2026-08-12,no
ADV-172,Retail and ecommerce,Google,Carousel,2026-06-04,yes
ADV-835,Retail and ecommerce,Meta,Video,2026-06-09,yes
ADV-429,Education,Meta,Static,2026-09-03,yes
ADV-312,Technology and SaaS,Meta,Video,2026-08-05,no
ADV-835,Media and publishing,Google,Static,2026-05-25,no
ADV-944,Media and publishing,Meta,Video,2026-07-08,no
ADV-172,Technology and SaaS,Google,Carousel,2026-08-23,no
ADV-159,Media and publishing,Meta,Carousel,2026-06-22,yes
ADV-835,Technology and SaaS,Meta,Video,2026-07-20,no
ADV-835,Energy,Meta,Static,2026-07-14,yes
ADV-172,Technology and SaaS,Google,Video,2026-06-14,yes
ADV-312,Media and publishing,Google,Video,2026-09-02,no
ADV-429,Media and publishing,Google,Video,2026-06-17,no
ADV-429,Technology and SaaS,Google,Video,2026-07-30,no
ADV-429,Technology and SaaS,Google,Video,2026-06-25,no
ADV-944,Media and publishing,Google,Video,2026-07-25,no
ADV-172,Media and publishing,Meta,Static,2026-06-21,no
ADV-545,Technology and SaaS,Google,Carousel,2026-08-12,no
ADV-835,Media and publishing,Google,Static,2026-06-24,yes
ADV-312,Technology and SaaS,Google,Carousel,2026-05-27,no
ADV-545,Energy,Google,Video,2026-06-12,no
ADV-159,Energy,Meta,Static,2026-06-02,yes
ADV-545,Energy,Meta,Carousel,2026-05-29,yes
ADV-159,Energy,Google,Video,2026-09-11,no
ADV-545,Retail and ecommerce,Meta,Video,2026-06-22,yes
ADV-159,Media and publishing,Meta,Video,2026-07-07,yes
ADV-172,Retail and ecommerce,Meta,Video,2026-05-20,yes
ADV-944,Retail and ecommerce,Google,Carousel,2026-05-23,yes
ADV-429,Media and publishing,Google,Carousel,2026-07-09,no
ADV-312,Media and publishing,Meta,Carousel,2026-09-09,yes
ADV-172,Retail and ecommerce,Google,Video,2026-05-22,yes
ADV-545,Energy,Google,Carousel,2026-07-01,yes
ADV-172,Media and publishing,Google,Video,2026-06-14,yes
ADV-159,Education,Google,Static,2026-07-24,yes
ADV-159,Retail and ecommerce,Google,Video,2026-09-04,no
ADV-159,Media and publishing,Google,Static,2026-08-14,no
ADV-248,Energy,Google,Video,2026-07-14,no
ADV-248,Technology and SaaS,Meta,Video,2026-08-17,no
ADV-172,Retail and ecommerce,Google,Carousel,2026-06-12,no
ADV-944,Technology and SaaS,Google,Carousel,2026-07-08,no
ADV-429,Technology and SaaS,Meta,Carousel,2026-06-20,yes
ADV-248,Media and publishing,Google,Video,2026-07-25,yes
ADV-159,Media and publishing,Google,Carousel,2026-06-27,yes
ADV-248,Technology and SaaS,Google,Video,2026-07-07,yes
ADV-944,Education,Google,Carousel,2026-08-30,no
ADV-429,Retail and ecommerce,Google,Video,2026-07-19,no
ADV-172,Media and publishing,Google,Video,2026-07-04,yes
ADV-248,Media and publishing,Google,Video,2026-05-20,no
ADV-312,Energy,Meta,Video,2026-06-29,yes
ADV-545,Energy,Google,Static,2026-05-19,no
ADV-545,Energy,Google,Carousel,2026-08-21,yes
ADV-159,Media and publishing,Google,Video,2026-06-10,yes
ADV-429,Public sector,Google,Carousel,2026-05-28,no
ADV-429,Media and publishing,Google,Video,2026-08-27,no
ADV-312,Energy,Google,Video,2026-07-24,yes
ADV-545,Energy,Meta,Video,2026-06-05,yes
ADV-312,Technology and SaaS,Google,Carousel,2026-07-30,yes
ADV-835,Energy,Google,Video,2026-05-31,no
ADV-159,Education,Meta,Video,2026-08-30,no
ADV-429,Energy,Meta,Video,2026-07-30,no
ADV-248,Public sector,Meta,Video,2026-06-01,no
ADV-835,Media and publishing,Google,Video,2026-09-08,yes
ADV-545,Public sector,Meta,Video,2026-06-03,no
ADV-944,Media and publishing,Google,Carousel,2026-09-12,no
ADV-835,Technology and SaaS,Meta,Carousel,2026-07-21,no
ADV-248,Public sector,Google,Carousel,2026-06-03,no
ADV-545,Media and publishing,Google,Video,2026-06-13,no
ADV-312,Retail and ecommerce,Meta,Carousel,2026-07-21,no
ADV-159,Technology and SaaS,Google,Video,2026-06-08,no
ADV-312,Media and publishing,Google,Video,2026-06-06,yes
ADV-545,Retail and ecommerce,Google,Video,2026-05-23,yes
ADV-248,Retail and ecommerce,Meta,Video,2026-06-30,yes
ADV-312,Technology and SaaS,Meta,Video,2026-09-11,no
ADV-159,Technology and SaaS,Meta,Static,2026-09-12,no
ADV-312,Energy,Meta,Carousel,2026-07-05,no
ADV-172,Media and publishing,Meta,Video,2026-05-24,no
ADV-172,Retail and ecommerce,Google,Video,2026-08-20,no
ADV-835,Media and publishing,Meta,Video,2026-08-19,yes
ADV-545,Public sector,Google,Video,2026-06-08,no
ADV-944,Education,Google,Video,2026-07-02,no
ADV-248,Retail and ecommerce,Meta,Video,2026-09-02,yes
ADV-159,Technology and SaaS,Meta,Video,2026-06-10,yes
ADV-159,Energy,Meta,Video,2026-07-14,no
ADV-429,Public sector,Google,Video,2026-07-06,no
ADV-944,Education,Meta,Carousel,2026-09-03,yes
ADV-172,Public sector,Google,Carousel,2026-07-18,no
ADV-835,Technology and SaaS,Google,Carousel,2026-06-16,no
ADV-835,Public sector,Google,Video,2026-06-04,yes
ADV-429,Energy,Google,Video,2026-09-02,no
ADV-312,Public sector,Meta,Video,2026-08-16,no
ADV-429,Public sector,Google,Video,2026-09-06,no
ADV-312,Retail and ecommerce,Google,Carousel,2026-06-27,no
ADV-172,Public sector,Google,Carousel,2026-07-14,no
ADV-172,Technology and SaaS,Google,Video,2026-08-31,yes
ADV-248,Public sector,Meta,Video,2026-07-13,yes
ADV-248,Energy,Meta,Carousel,2026-06-09,no
ADV-312,Education,Meta,Video,2026-09-10,yes
ADV-944,Technology and SaaS,Google,Video,2026-06-09,yes
ADV-429,Media and publishing,Google,Video,2026-07-03,no
ADV-835,Public sector,Google,Carousel,2026-09-04,no
ADV-172,Energy,Google,Video,2026-07-20,no
ADV-429,Retail and ecommerce,Meta,Carousel,2026-06-29,no
ADV-429,Technology and SaaS,Meta,Carousel,2026-06-06,yes
ADV-545,Media and publishing,Meta,Video,2026-08-08,no
ADV-545,Retail and ecommerce,Meta,Video,2026-08-24,yes
ADV-312,Retail and ecommerce,Google,Video,2026-07-04,no
ADV-159,Media and publishing,Meta,Video,2026-06-21,no
ADV-172,Retail and ecommerce,Google,Video,2026-09-09,no
ADV-944,Media and publishing,Google,Carousel,2026-06-14,no
ADV-944,Media and publishing,Meta,Video,2026-08-06,yes
ADV-248,Technology and SaaS,Meta,Carousel,2026-08-19,no
ADV-545,Retail and ecommerce,Google,Carousel,2026-08-30,yes
ADV-312,Technology and SaaS,Google,Carousel,2026-09-12,yes
ADV-545,Media and publishing,Google,Video,2026-06-05,no
ADV-429,Public sector,Meta,Video,2026-06-25,no
ADV-159,Media and publishing,Google,Carousel,2026-07-22,no
ADV-159,Public sector,Google,Video,2026-08-23,no
ADV-835,Media and publishing,Google,Carousel,2026-06-14,yes
ADV-159,Technology and SaaS,Google,Carousel,2026-08-22,no
ADV-545,Public sector,Meta,Carousel,2026-07-19,yes
ADV-312,Media and publishing,Meta,Video,2026-05-19,yes
ADV-944,Media and publishing,Meta,Video,2026-08-09,no
ADV-248,Public sector,Meta,Video,2026-05-30,no
ADV-835,Retail and ecommerce,Meta,Video,2026-08-19,no
ADV-159,Public sector,Google,Static,2026-05-19,no
ADV-159,Retail and ecommerce,Meta,Video,2026-07-06,no
ADV-159,Retail and ecommerce,Google,Video,2026-07-22,yes
ADV-159,Technology and SaaS,Google,Carousel,2026-08-29,yes
ADV-545,Technology and SaaS,Meta,Carousel,2026-06-14,yes
ADV-159,Technology and SaaS,Meta,Carousel,2026-07-07,yes
ADV-545,Education,Meta,Carousel,2026-07-16,yes
ADV-835,Public sector,Meta,Video,2026-05-21,no
ADV-172,Public sector,Google,Video,2026-05-25,yes
ADV-248,Technology and SaaS,Meta,Carousel,2026-06-06,no
ADV-944,Education,Meta,Video,2026-06-24,yes
ADV-429,Public sector,Meta,Video,2026-06-24,no
ADV-248,Retail and ecommerce,Google,Carousel,2026-08-04,yes
ADV-429,Education,Meta,Video,2026-08-14,no
ADV-159,Public sector,Google,Carousel,2026-07-19,no
ADV-944,Technology and SaaS,Meta,Video,2026-07-12,no
ADV-835,Retail and ecommerce,Meta,Video,2026-06-15,no
ADV-312,Public sector,Meta,Video,2026-07-13,no
ADV-429,Education,Meta,Video,2026-07-28,yes
ADV-545,Public sector,Meta,Static,2026-06-24,no
ADV-248,Education,Google,Video,2026-06-27,no
ADV-429,Technology and SaaS,Google,Carousel,2026-06-13,yes
ADV-835,Technology and SaaS,Meta,Carousel,2026-06-12,no
ADV-545,Technology and SaaS,Google,Video,2026-08-23,yes
ADV-312,Retail and ecommerce,Meta,Video,2026-09-10,no
ADV-159,Technology and SaaS,Meta,Carousel,2026-07-31,no
ADV-172,Public sector,Meta,Carousel,2026-09-10,no
ADV-835,Technology and SaaS,Meta,Video,2026-09-12,yes
ADV-172,Energy,Meta,Video,2026-08-03,no
ADV-312,Technology and SaaS,Meta,Carousel,2026-07-30,yes
ADV-545,Media and publishing,Google,Carousel,2026-05-21,yes
ADV-172,Retail and ecommerce,Meta,Video,2026-09-11,no
ADV-172,Energy,Meta,Static,2026-05-23,yes
ADV-835,Technology and SaaS,Google,Carousel,2026-07-07,no
ADV-835,Public sector,Meta,Video,2026-09-06,yes
ADV-835,Media and publishing,Meta,Static,2026-06-14,no
ADV-248,Public sector,Google,Static,2026-08-31,yes
ADV-944,Technology and SaaS,Google,Carousel,2026-06-25,no
ADV-172,Media and publishing,Meta,Carousel,2026-08-10,yes
ADV-429,Technology and SaaS,Google,Carousel,2026-06-29,yes
ADV-172,Public sector,Meta,Video,2026-08-20,yes
ADV-159,Public sector,Google,Carousel,2026-09-09,no
ADV-429,Technology and SaaS,Google,Carousel,2026-07-25,yes
ADV-429,Technology and SaaS,Meta,Static,2026-06-16,yes
ADV-944,Energy,Google,Carousel,2026-06-19,yes
ADV-312,Technology and SaaS,Meta,Video,2026-06-27,yes
ADV-835,Technology and SaaS,Google,Video,2026-06-11,no
ADV-312,Retail and ecommerce,Google,Carousel,2026-08-12,no
ADV-545,Media and publishing,Google,Carousel,2026-07-24,yes
ADV-944,Education,Meta,Carousel,2026-08-27,no
ADV-944,Technology and SaaS,Meta,Video,2026-07-12,no
ADV-159,Media and publishing,Google,Video,2026-07-24,no
ADV-545,Media and publishing,Meta,Carousel,2026-07-15,no
ADV-944,Technology and SaaS,Google,Video,2026-09-10,no
ADV-429,Public sector,Meta,Video,2026-08-28,yes
ADV-545,Public sector,Meta,Video,2026-07-29,yes
ADV-429,Media and publishing,Google,Static,2026-06-23,no
ADV-429,Media and publishing,Meta,Video,2026-08-27,yes
ADV-835,Public sector,Google,Video,2026-05-30,no
ADV-545,Public sector,Meta,Video,2026-07-23,no
ADV-159,Media and publishing,Meta,Video,2026-07-09,no
ADV-429,Media and publishing,Meta,Carousel,2026-06-16,yes
ADV-159,Technology and SaaS,Meta,Carousel,2026-07-16,no
ADV-312,Media and publishing,Meta,Video,2026-06-09,yes
ADV-248,Media and publishing,Google,Static,2026-08-20,yes
ADV-944,Media and publishing,Meta,Carousel,2026-06-01,yes
ADV-159,Media and publishing,Google,Static,2026-05-25,yes
ADV-159,Technology and SaaS,Google,Carousel,2026-08-19,no
ADV-429,Education,Meta,Video,2026-07-02,yes
ADV-835,Media and publishing,Meta,Video,2026-09-05,yes
ADV-944,Technology and SaaS,Google,Carousel,2026-08-05,no
ADV-248,Public sector,Google,Carousel,2026-05-31,yes
ADV-159,Media and publishing,Google,Carousel,2026-07-01,yes
ADV-159,Retail and ecommerce,Google,Carousel,2026-06-26,no
ADV-159,Media and publishing,Google,Carousel,2026-08-03,no
ADV-312,Education,Meta,Video,2026-07-15,no
ADV-835,Media and publishing,Google,Carousel,2026-07-04,no
ADV-429,Media and publishing,Google,Video,2026-07-20,no
ADV-312,Retail and ecommerce,Google,Video,2026-08-28,no
ADV-429,Media and publishing,Meta,Carousel,2026-05-16,no
ADV-944,Technology and SaaS,Google,Video,2026-07-12,yes
ADV-429,Education,Google,Video,2026-08-17,no
ADV-545,Retail and ecommerce,Google,Carousel,2026-07-02,yes
ADV-159,Retail and ecommerce,Google,Video,2026-07-05,no
ADV-159,Technology and SaaS,Google,Video,2026-08-24,yes
ADV-159,Public sector,Meta,Carousel,2026-06-24,no
ADV-944,Media and publishing,Google,Video,2026-09-11,no
ADV-172,Retail and ecommerce,Google,Static,2026-07-10,yes
ADV-944,Media and publishing,Meta,Static,2026-06-20,no
ADV-545,Public sector,Meta,Video,2026-08-01,yes
ADV-835,Technology and SaaS,Google,Video,2026-05-20,yes
ADV-248,Technology and SaaS,Meta,Carousel,2026-07-11,yes
ADV-312,Technology and SaaS,Meta,Video,2026-07-19,yes
ADV-159,Energy,Google,Carousel,2026-06-16,yes
ADV-545,Technology and SaaS,Meta,Video,2026-08-21,no
ADV-429,Technology and SaaS,Meta,Carousel,2026-05-27,no
ADV-248,Retail and ecommerce,Google,Video,2026-08-11,yes
ADV-429,Retail and ecommerce,Google,Carousel,2026-07-02,no
ADV-835,Public sector,Google,Video,2026-08-14,no
ADV-944,Education,Meta,Carousel,2026-09-06,yes
ADV-835,Technology and SaaS,Google,Carousel,2026-08-28,yes
ADV-248,Energy,Google,Video,2026-05-22,yes
ADV-312,Public sector,Google,Video,2026-07-13,yes
ADV-312,Energy,Google,Static,2026-06-03,no
ADV-944,Public sector,Google,Video,2026-06-14,no
ADV-944,Media and publishing,Google,Video,2026-05-21,yes
ADV-944,Energy,Meta,Carousel,2026-08-17,yes
ADV-545,Media and publishing,Google,Carousel,2026-09-07,yes
ADV-159,Technology and SaaS,Meta,Video,2026-06-25,yes
ADV-545,Media and publishing,Meta,Carousel,2026-06-27,no
ADV-429,Public sector,Meta,Carousel,2026-06-02,no
ADV-159,Education,Google,Video,2026-06-27,no
ADV-248,Energy,Meta,Carousel,2026-08-20,yes
ADV-545,Media and publishing,Meta,Static,2026-08-09,no
ADV-248,Public sector,Meta,Video,2026-07-14,no
ADV-429,Media and publishing,Google,Carousel,2026-05-30,no
ADV-172,Technology and SaaS,Meta,Static,2026-08-27,no
ADV-835,Retail and ecommerce,Google,Video,2026-07-16,no
ADV-172,Retail and ecommerce,Google,Carousel,2026-07-29,yes
ADV-835,Technology and SaaS,Meta,Video,2026-09-12,yes
ADV-835,Technology and SaaS,Meta,Carousel,2026-07-04,no
ADV-944,Retail and ecommerce,Google,Carousel,2026-05-16,no
ADV-172,Media and publishing,Google,Video,2026-06-29,no
ADV-172,Media and publishing,Meta,Video,2026-09-03,no
ADV-248,Media and publishing,Google,Video,2026-06-07,yes
ADV-159,Media and publishing,Meta,Video,2026-05-22,no
ADV-159,Media and publishing,Google,Video,2026-07-24,no
ADV-545,Retail and ecommerce,Meta,Static,2026-07-31,yes
ADV-172,Retail and ecommerce,Google,Video,2026-08-19,yes
ADV-429,Technology and SaaS,Google,Video,2026-06-03,yes
ADV-944,Technology and SaaS,Google,Static,2026-09-05,no
ADV-835,Media and publishing,Meta,Carousel,2026-07-16,no
ADV-429,Retail and ecommerce,Meta,Video,2026-08-26,no
ADV-312,Media and publishing,Meta,Video,2026-06-24,no
ADV-248,Media and publishing,Google,Video,2026-07-24,no
ADV-312,Retail and ecommerce,Google,Video,2026-08-05,yes
ADV-944,Media and publishing,Google,Video,2026-07-20,no
ADV-172,Retail and ecommerce,Google,Carousel,2026-09-11,yes
ADV-248,Technology and SaaS,Meta,Video,2026-08-28,yes
ADV-312,Technology and SaaS,Meta,Video,2026-06-16,no
ADV-429,Media and publishing,Google,Video,2026-05-25,yes
ADV-172,Media and publishing,Meta,Video,2026-06-12,no
ADV-545,Technology and SaaS,Google,Carousel,2026-09-01,yes
ADV-429,Energy,Meta,Video,2026-08-31,yes
ADV-545,Media and publishing,Google,Static,2026-06-23,yes
ADV-944,Public sector,Google,Carousel,2026-07-12,no
ADV-248,Energy,Meta,Static,2026-06-12,yes
ADV-545,Technology and SaaS,Meta,Video,2026-05-24,yes
ADV-248,Education,Meta,Carousel,2026-07-13,no
ADV-159,Retail and ecommerce,Meta,Video,2026-08-31,no
ADV-312,Technology and SaaS,Google,Carousel,2026-07-22,no
ADV-429,Technology and SaaS,Meta,Video,2026-05-18,yes
ADV-835,Media and publishing,Google,Carousel,2026-08-11,yes
ADV-545,Technology and SaaS,Meta,Video,2026-07-19,no
ADV-159,Media and publishing,Meta,Video,2026-06-30,yes
ADV-172,Media and publishing,Meta,Carousel,2026-06-14,no
ADV-835,Education,Google,Carousel,2026-07-30,yes
ADV-172,Education,Google,Carousel,2026-05-31,no
ADV-429,Retail and ecommerce,Google,Video,2026-07-14,yes
ADV-172,Media and publishing,Google,Carousel,2026-07-14,yes
ADV-944,Retail and ecommerce,Meta,Carousel,2026-09-02,yes
ADV-429,Technology and SaaS,Meta,Carousel,2026-08-09,no
ADV-944,Energy,Meta,Carousel,2026-06-10,yes
ADV-312,Education,Meta,Video,2026-05-31,no
ADV-545,Technology and SaaS,Meta,Video,2026-06-18,no
ADV-835,Technology and SaaS,Meta,Video,2026-08-11,no
ADV-159,Media and publishing,Google,Video,2026-08-28,no
ADV-429,Media and publishing,Meta,Video,2026-08-20,no
ADV-835,Technology and SaaS,Google,Video,2026-06-27,yes
ADV-248,Energy,Google,Carousel,2026-05-24,yes
ADV-248,Retail and ecommerce,Meta,Carousel,2026-07-17,yes
ADV-545,Education,Meta,Static,2026-06-06,no
ADV-944,Retail and ecommerce,Google,Video,2026-06-20,no
ADV-172,Technology and SaaS,Google,Video,2026-08-11,no
ADV-545,Public sector,Meta,Video,2026-08-23,yes
ADV-835,Education,Meta,Carousel,2026-07-29,no
ADV-944,Energy,Google,Video,2026-09-09,yes
ADV-159,Education,Meta,Video,2026-05-30,yes
ADV-248,Public sector,Meta,Static,2026-09-03,no
ADV-944,Media and publishing,Meta,Carousel,2026-05-21,no
ADV-248,Public sector,Meta,Video,2026-08-27,yes
ADV-429,Public sector,Meta,Carousel,2026-08-28,no
ADV-159,Media and publishing,Meta,Static,2026-09-10,no
ADV-835,Education,Meta,Video,2026-08-15,yes
ADV-944,Public sector,Google,Static,2026-06-06,yes
ADV-545,Education,Meta,Carousel,2026-07-20,no
ADV-248,Energy,Meta,Video,2026-05-22,no
ADV-835,Retail and ecommerce,Google,Video,2026-05-19,no
ADV-429,Energy,Google,Static,2026-07-09,yes
ADV-944,Technology and SaaS,Google,Carousel,2026-07-06,yes
ADV-172,Public sector,Meta,Video,2026-05-20,yes
ADV-172,Media and publishing,Meta,Carousel,2026-06-12,yes
ADV-545,Public sector,Google,Video,2026-07-22,no
ADV-172,Public sector,Meta,Static,2026-07-04,no
ADV-159,Technology and SaaS,Meta,Video,2026-09-08,no
ADV-944,Education,Google,Carousel,2026-06-11,no
ADV-429,Media and publishing,Google,Video,2026-07-07,no
ADV-545,Education,Meta,Carousel,2026-07-27,no
ADV-159,Technology and SaaS,Google,Static,2026-08-06,yes
ADV-545,Public sector,Meta,Video,2026-05-20,yes
ADV-429,Public sector,Meta,Video,2026-07-31,no
ADV-248,Education,Meta,Video,2026-06-07,no
ADV-172,Public sector,Meta,Video,2026-06-24,yes
ADV-429,Technology and SaaS,Google,Carousel,2026-07-25,no
ADV-944,Media and publishing,Google,Static,2026-06-24,yes
ADV-429,Media and publishing,Google,Carousel,2026-08-29,yes
ADV-835,Education,Google,Static,2026-09-07,yes
ADV-835,Media and publishing,Google,Carousel,2026-07-31,no
ADV-312,Retail and ecommerce,Google,Carousel,2026-06-26,yes
ADV-835,Technology and SaaS,Google,Video,2026-06-25,no
ADV-312,Technology and SaaS,Meta,Carousel,2026-08-05,no
ADV-248,Technology and SaaS,Google,Carousel,2026-07-31,yes
ADV-429,Public sector,Google,Video,2026-08-03,yes
ADV-159,Technology and SaaS,Google,Static,2026-05-25,no
ADV-159,Media and publishing,Meta,Carousel,2026-08-31,yes
ADV-248,Technology and SaaS,Meta,Carousel,2026-05-24,yes
ADV-545,Education,Google,Video,2026-06-17,no
ADV-312,Energy,Google,Carousel,2026-08-17,no
ADV-172,Media and publishing,Google,Carousel,2026-07-27,no
ADV-172,Media and publishing,Meta,Carousel,2026-05-21,no
ADV-312,Retail and ecommerce,Meta,Carousel,2026-09-03,no
ADV-429,Education,Meta,Carousel,2026-08-03,no
ADV-835,Media and publishing,Meta,Video,2026-07-12,no
ADV-944,Technology and SaaS,Google,Video,2026-08-22,yes
ADV-248,Energy,Meta,Video,2026-07-04,yes
ADV-159,Media and publishing,Google,Video,2026-08-05,yes
ADV-172,Energy,Meta,Video,2026-07-09,yes
ADV-429,Education,Google,Video,2026-06-16,yes
ADV-429,Energy,Google,Video,2026-06-10,yes
ADV-172,Media and publishing,Meta,Video,2026-08-05,yes
ADV-429,Education,Meta,Video,2026-08-27,no
ADV-835,Technology and SaaS,Google,Carousel,2026-08-10,yes
ADV-545,Media and publishing,Google,Video,2026-08-11,yes
ADV-159,Energy,Meta,Carousel,2026-07-25,no
ADV-172,Public sector,Google,Video,2026-08-15,yes
ADV-429,Public sector,Meta,Video,2026-08-02,no
ADV-248,Energy,Google,Video,2026-06-16,yes
ADV-545,Technology and SaaS,Meta,Carousel,2026-05-17,yes
ADV-545,Technology and SaaS,Meta,Video,2026-06-28,yes
ADV-312,Energy,Meta,Video,2026-08-14,no
ADV-172,Public sector,Meta,Carousel,2026-08-09,no
ADV-312,Technology and SaaS,Meta,Static,2026-08-13,yes
ADV-835,Education,Meta,Carousel,2026-06-28,yes
ADV-944,Public sector,Google,Video,2026-06-09,yes
ADV-172,Energy,Meta,Video,2026-07-02,yes
ADV-429,Education,Google,Video,2026-06-17,yes
ADV-159,Technology and SaaS,Meta,Video,2026-07-24,yes
ADV-159,Technology and SaaS,Meta,Static,2026-08-30,yes
ADV-944,Technology and SaaS,Google,Carousel,2026-05-23,yes
ADV-159,Energy,Google,Static,2026-08-12,no
ADV-944,Technology and SaaS,Google,Static,2026-08-07,yes
ADV-429,Technology and SaaS,Google,Carousel,2026-09-06,no
ADV-835,Energy,Meta,Video,2026-08-10,yes
ADV-248,Public sector,Google,Static,2026-06-12,no
ADV-248,Public sector,Google,Video,2026-07-25,yes
ADV-429,Technology and SaaS,Meta,Video,2026-05-24,yes
ADV-172,Retail and ecommerce,Google,Carousel,2026-07-31,no
ADV-835,Education,Meta,Carousel,2026-05-19,yes
ADV-248,Public sector,Google,Carousel,2026-07-20,yes
ADV-944,Energy,Meta,Carousel,2026-08-05,no
ADV-835,Education,Google,Video,2026-05-16,yes
ADV-312,Public sector,Meta,Static,2026-06-24,no
ADV-944,Media and publishing,Google,Video,2026-06-19,yes
ADV-545,Education,Google,Video,2026-09-04,yes
ADV-429,Energy,Google,Carousel,2026-07-27,yes
ADV-545,Technology and SaaS,Meta,Carousel,2026-09-06,no
ADV-429,Education,Meta,Video,2026-06-21,no
ADV-172,Technology and SaaS,Meta,Carousel,2026-06-14,no
ADV-944,Education,Meta,Video,2026-06-05,yes
ADV-172,Technology and SaaS,Meta,Carousel,2026-08-04,no
ADV-159,Education,Google,Video,2026-07-07,no
ADV-429,Technology and SaaS,Meta,Carousel,2026-06-19,yes
ADV-159,Education,Meta,Carousel,2026-06-30,yes
ADV-545,Public sector,Meta,Carousel,2026-07-03,no
ADV-159,Media and publishing,Meta,Video,2026-08-03,yes
ADV-835,Energy,Meta,Static,2026-07-30,yes
ADV-835,Media and publishing,Google,Static,2026-07-03,no
ADV-172,Technology and SaaS,Meta,Carousel,2026-06-06,no
ADV-248,Retail and ecommerce,Google,Carousel,2026-07-25,yes
ADV-248,Education,Meta,Carousel,2026-06-06,no
ADV-312,Education,Google,Video,2026-06-18,no
ADV-159,Technology and SaaS,Google,Carousel,2026-08-19,yes
ADV-429,Technology and SaaS,Google,Static,2026-06-06,no
ADV-172,Technology and SaaS,Google,Carousel,2026-07-25,no
ADV-835,Education,Meta,Carousel,2026-08-04,yes
ADV-159,Media and publishing,Meta,Video,2026-06-07,no
ADV-944,Education,Meta,Video,2026-07-16,no
ADV-312,Education,Google,Static,2026-05-24,no
ADV-248,Technology and SaaS,Meta,Video,2026-06-20,no
ADV-159,Public sector,Meta,Video,2026-09-05,no
ADV-944,Media and publishing,Google,Video,2026-08-30,yes
ADV-944,Public sector,Google,Carousel,2026-08-27,yes
ADV-944,Media and publishing,Meta,Carousel,2026-07-20,yes
ADV-172,Media and publishing,Meta,Video,2026-08-25,no
ADV-429,Public sector,Google,Carousel,2026-07-18,yes
ADV-835,Technology and SaaS,Google,Video,2026-07-22,no
ADV-159,Public sector,Meta,Video,2026-09-03,no
ADV-545,Public sector,Google,Video,2026-05-31,yes
ADV-248,Technology and SaaS,Meta,Carousel,2026-09-07,yes
ADV-944,Technology and SaaS,Meta,Video,2026-08-25,no
ADV-429,Public sector,Google,Static,2026-08-09,no
ADV-835,Public sector,Google,Video,2026-05-18,yes
ADV-429,Media and publishing,Google,Carousel,2026-07-05,yes
ADV-172,Public sector,Google,Video,2026-06-29,no
ADV-429,Energy,Meta,Carousel,2026-07-10,no
ADV-248,Technology and SaaS,Google,Carousel,2026-07-31,yes
ADV-248,Energy,Meta,Video,2026-05-23,yes
ADV-248,Technology and SaaS,Meta,Video,2026-08-11,yes
ADV-545,Energy,Meta,Video,2026-07-30,yes
ADV-248,Retail and ecommerce,Meta,Video,2026-07-30,no
ADV-429,Media and publishing,Meta,Video,2026-08-25,yes
ADV-312,Media and publishing,Meta,Video,2026-06-01,yes
ADV-429,Retail and ecommerce,Meta,Video,2026-06-09,no
ADV-835,Media and publishing,Google,Static,2026-08-12,yes
ADV-172,Media and publishing,Meta,Carousel,2026-07-17,yes
ADV-944,Media and publishing,Google,Video,2026-06-17,yes
ADV-545,Technology and SaaS,Google,Carousel,2026-06-12,no
ADV-159,Media and publishing,Meta,Video,2026-06-05,no
ADV-545,Technology and SaaS,Google,Carousel,2026-07-07,no
ADV-835,Media and publishing,Meta,Carousel,2026-08-16,yes
ADV-835,Education,Meta,Video,2026-09-07,no
ADV-312,Energy,Google,Carousel,2026-06-01,yes
ADV-172,Retail and ecommerce,Meta,Carousel,2026-05-23,no
ADV-312,Technology and SaaS,Google,Carousel,2026-08-15,yes
ADV-944,Education,Google,Video,2026-07-31,no
ADV-159,Media and publishing,Google,Video,2026-08-30,yes
ADV-429,Media and publishing,Google,Carousel,2026-06-25,yes
ADV-159,Technology and SaaS,Meta,Video,2026-07-28,yes
ADV-312,Retail and ecommerce,Meta,Video,2026-07-22,no
ADV-312,Public sector,Meta,Static,2026-06-15,yes
ADV-429,Technology and SaaS,Google,Video,2026-05-28,yes
ADV-545,Energy,Google,Carousel,2026-06-30,no
ADV-248,Retail and ecommerce,Google,Carousel,2026-06-15,no
ADV-835,Media and publishing,Meta,Carousel,2026-05-30,yes
ADV-545,Media and publishing,Meta,Carousel,2026-07-21,yes
ADV-429,Public sector,Google,Carousel,2026-07-17,no
ADV-545,Media and publishing,Meta,Video,2026-08-29,yes
ADV-429,Energy,Google,Video,2026-05-25,yes
ADV-159,Education,Meta,Carousel,2026-07-24,yes
ADV-429,Technology and SaaS,Google,Static,2026-07-15,no
ADV-248,Public sector,Meta,Video,2026-06-26,no
ADV-248,Technology and SaaS,Meta,Carousel,2026-06-21,no
ADV-545,Energy,Meta,Static,2026-06-28,yes
ADV-159,Public sector,Google,Carousel,2026-07-09,no
ADV-159,Media and publishing,Google,Static,2026-08-21,yes
ADV-248,Technology and SaaS,Google,Video,2026-06-22,yes
ADV-835,Media and publishing,Meta,Carousel,2026-06-07,no
ADV-429,Media and publishing,Meta,Video,2026-05-27,yes
ADV-312,Technology and SaaS,Meta,Carousel,2026-05-23,no
ADV-312,Education,Meta,Video,2026-07-14,yes
ADV-944,Energy,Google,Carousel,2026-09-03,no
ADV-312,Public sector,Google,Video,2026-07-18,no
ADV-312,Public sector,Google,Video,2026-08-22,yes
ADV-835,Media and publishing,Google,Video,2026-09-01,yes
ADV-312,Public sector,Meta,Carousel,2026-07-22,no
ADV-429,Media and publishing,Google,Video,2026-07-24,no
ADV-545,Technology and SaaS,Google,Carousel,2026-07-07,yes
ADV-172,Technology and SaaS,Google,Video,2026-06-25,no
ADV-312,Energy,Meta,Video,2026-08-02,no
ADV-429,Retail and ecommerce,Google,Video,2026-07-01,yes
ADV-545,Media and publishing,Meta,Carousel,2026-07-15,no
ADV-835,Education,Meta,Video,2026-09-12,no
ADV-944,Education,Meta,Static,2026-06-27,no
ADV-248,Retail and ecommerce,Meta,Carousel,2026-05-16,yes
ADV-159,Retail and ecommerce,Meta,Static,2026-06-10,no
ADV-172,Media and publishing,Meta,Video,2026-06-05,yes
ADV-248,Public sector,Meta,Video,2026-09-10,yes
ADV-248,Media and publishing,Meta,Carousel,2026-09-07,yes
ADV-429,Technology and SaaS,Google,Video,2026-08-23,yes
ADV-172,Education,Google,Video,2026-08-28,yes
ADV-545,Education,Google,Video,2026-05-21,yes
ADV-312,Technology and SaaS,Meta,Static,2026-08-04,yes
ADV-248,Technology and SaaS,Meta,Video,2026-06-04,no
ADV-429,Technology and SaaS,Meta,Carousel,2026-09-01,yes
ADV-545,Media and publishing,Meta,Static,2026-07-09,no
ADV-835,Energy,Google,Video,2026-06-14,yes
ADV-248,Public sector,Meta,Video,2026-07-01,no
ADV-248,Media and publishing,Meta,Static,2026-06-03,no
ADV-248,Public sector,Google,Carousel,2026-09-12,yes
ADV-944,Technology and SaaS,Meta,Video,2026-07-05,no
ADV-944,Media and publishing,Meta,Video,2026-05-23,yes
ADV-172,Education,Google,Video,2026-09-08,no
ADV-429,Media and publishing,Google,Carousel,2026-05-30,yes
ADV-429,Media and publishing,Meta,Carousel,2026-07-13,no
ADV-835,Energy,Google,Carousel,2026-06-16,yes
ADV-159,Technology and SaaS,Meta,Carousel,2026-07-23,no
ADV-835,Technology and SaaS,Google,Carousel,2026-07-01,yes
ADV-159,Energy,Meta,Carousel,2026-06-25,yes
ADV-248,Media and publishing,Google,Video,2026-06-10,no
ADV-159,Media and publishing,Meta,Video,2026-07-11,no
ADV-429,Public sector,Google,Static,2026-08-05,no
ADV-172,Energy,Meta,Carousel,2026-07-11,no
ADV-172,Education,Google,Video,2026-08-07,no
ADV-172,Education,Google,Video,2026-06-09,yes
ADV-159,Retail and ecommerce,Google,Video,2026-06-02,no
ADV-429,Retail and ecommerce,Meta,Video,2026-06-16,yes
ADV-429,Energy,Google,Video,2026-05-16,yes
ADV-159,Technology and SaaS,Google,Carousel,2026-08-19,yes
ADV-159,Retail and ecommerce,Google,Carousel,2026-07-30,no
ADV-248,Technology and SaaS,Meta,Video,2026-06-16,no
ADV-248,Public sector,Google,Video,2026-06-20,yes
ADV-944,Media and publishing,Meta,Video,2026-07-29,no
ADV-172,Public sector,Meta,Carousel,2026-07-04,yes
ADV-172,Technology and SaaS,Meta,Video,2026-06-23,yes
ADV-545,Media and publishing,Meta,Video,2026-09-11,yes
ADV-312,Media and publishing,Google,Video,2026-05-29,no
ADV-159,Public sector,Meta,Video,2026-06-04,yes
ADV-429,Retail and ecommerce,Meta,Video,2026-07-15,yes
ADV-312,Media and publishing,Google,Video,2026-06-24,no
ADV-159,Media and publishing,Google,Carousel,2026-08-16,yes
ADV-944,Technology and SaaS,Meta,Video,2026-07-16,no
ADV-312,Technology and SaaS,Meta,Static,2026-07-12,no
ADV-312,Education,Meta,Carousel,2026-05-17,no
ADV-545,Public sector,Google,Static,2026-05-27,yes
ADV-545,Technology and SaaS,Google,Carousel,2026-07-08,no
ADV-545,Retail and ecommerce,Meta,Carousel,2026-08-14,no
ADV-159,Technology and SaaS,Meta,Carousel,2026-05-19,yes
ADV-835,Media and publishing,Google,Video,2026-09-12,no
ADV-172,Media and publishing,Google,Carousel,2026-05-23,yes
ADV-248,Media and publishing,Google,Carousel,2026-08-29,yes
ADV-159,Media and publishing,Meta,Carousel,2026-08-31,yes
ADV-312,Media and publishing,Google,Video,2026-09-06,no
ADV-248,Education,Google,Video,2026-08-20,yes
ADV-545,Public sector,Meta,Video,2026-05-24,no
ADV-312,Media and publishing,Google,Carousel,2026-08-05,no
ADV-835,Energy,Google,Video,2026-07-10,no
ADV-944,Media and publishing,Meta,Carousel,2026-08-31,yes
ADV-248,Media and publishing,Meta,Carousel,2026-05-20,no
ADV-248,Media and publishing,Google,Video,2026-07-17,yes
ADV-159,Technology and SaaS,Meta,Carousel,2026-08-24,yes
ADV-312,Media and publishing,Google,Video,2026-08-16,no
ADV-944,Media and publishing,Meta,Video,2026-08-26,no
ADV-944,Media and publishing,Google,Video,2026-05-18,no
ADV-545,Retail and ecommerce,Meta,Video,2026-07-01,no
ADV-312,Education,Meta,Carousel,2026-06-12,yes
ADV-545,Energy,Google,Static,2026-07-16,yes
ADV-835,Media and publishing,Google,Carousel,2026-08-31,no
ADV-545,Media and publishing,Google,Carousel,2026-05-20,no
ADV-248,Technology and SaaS,Meta,Video,2026-09-06,no
ADV-159,Technology and SaaS,Meta,Carousel,2026-05-23,yes
ADV-429,Media and publishing,Google,Video,2026-08-03,yes
ADV-159,Retail and ecommerce,Google,Carousel,2026-08-07,no
ADV-172,Education,Google,Video,2026-05-18,no
ADV-172,Media and publishing,Meta,Video,2026-06-15,yes
ADV-944,Energy,Meta,Video,2026-08-08,no
ADV-248,Energy,Google,Carousel,2026-06-20,no
ADV-835,Retail and ecommerce,Meta,Video,2026-05-18,yes
ADV-312,Technology and SaaS,Google,Carousel,2026-06-24,no
ADV-429,Energy,Meta,Carousel,2026-06-04,no
ADV-944,Media and publishing,Meta,Video,2026-08-04,yes
ADV-248,Technology and SaaS,Meta,Video,2026-07-09,yes
ADV-545,Media and publishing,Google,Video,2026-08-14,yes
ADV-159,Public sector,Meta,Video,2026-08-09,no
ADV-545,Media and publishing,Google,Video,2026-08-05,no
ADV-312,Media and publishing,Meta,Video,2026-06-09,no
ADV-312,Media and publishing,Google,Static,2026-08-10,no
ADV-545,Media and publishing,Meta,Carousel,2026-06-21,no
ADV-172,Technology and SaaS,Google,Carousel,2026-07-04,no
ADV-248,Energy,Google,Video,2026-05-20,yes
ADV-312,Media and publishing,Google,Video,2026-05-24,yes
ADV-312,Technology and SaaS,Meta,Video,2026-08-17,no
ADV-545,Media and publishing,Google,Static,2026-06-19,no
ADV-429,Education,Google,Video,2026-07-30,no
ADV-545,Retail and ecommerce,Meta,Carousel,2026-07-30,no
ADV-545,Energy,Meta,Video,2026-05-29,yes
ADV-159,Education,Google,Carousel,2026-07-21,yes
ADV-248,Education,Meta,Video,2026-05-22,yes
ADV-312,Public sector,Meta,Video,2026-06-30,yes
ADV-944,Technology and SaaS,Meta,Video,2026-09-06,no
ADV-835,Education,Google,Carousel,2026-05-25,no
ADV-172,Technology and SaaS,Meta,Video,2026-06-01,no
ADV-545,Media and publishing,Meta,Video,2026-06-24,no
ADV-159,Media and publishing,Google,Carousel,2026-06-16,yes
ADV-835,Technology and SaaS,Google,Video,2026-05-28,no
ADV-159,Energy,Meta,Video,2026-06-01,no
ADV-172,Media and publishing,Google,Static,2026-08-14,no
ADV-944,Technology and SaaS,Meta,Video,2026-09-11,no
ADV-312,Education,Meta,Carousel,2026-08-22,yes
ADV-312,Public sector,Google,Video,2026-06-27,yes
ADV-545,Technology and SaaS,Meta,Video,2026-07-22,yes
ADV-944,Energy,Meta,Video,2026-07-12,yes
ADV-545,Energy,Meta,Video,2026-07-25,yes
ADV-545,Retail and ecommerce,Google,Video,2026-08-02,no
ADV-172,Energy,Google,Static,2026-07-05,yes
ADV-944,Technology and SaaS,Google,Carousel,2026-08-03,yes
ADV-312,Retail and ecommerce,Meta,Carousel,2026-07-11,yes
ADV-835,Media and publishing,Meta,Static,2026-05-28,no
ADV-312,Media and publishing,Meta,Video,2026-08-06,yes
ADV-545,Media and publishing,Google,Static,2026-08-19,yes
ADV-248,Media and publishing,Meta,Static,2026-05-16,yes
ADV-172,Technology and SaaS,Google,Video,2026-07-22,yes
ADV-248,Media and publishing,Meta,Video,2026-08-11,no
ADV-159,Energy,Google,Video,2026-06-18,yes
ADV-944,Media and publishing,Google,Carousel,2026-07-16,yes
ADV-312,Technology and SaaS,Meta,Carousel,2026-08-20,yes
ADV-429,Technology and SaaS,Meta,Video,2026-06-30,yes
ADV-312,Technology and SaaS,Google,Video,2026-08-18,no
ADV-835,Media and publishing,Google,Carousel,2026-07-09,yes
ADV-159,Technology and SaaS,Google,Carousel,2026-09-09,no
ADV-159,Education,Meta,Video,2026-07-26,no
ADV-944,Media and publishing,Google,Video,2026-07-08,yes
ADV-159,Energy,Meta,Video,2026-08-18,yes
ADV-944,Energy,Meta,Carousel,2026-06-17,no
ADV-944,Energy,Google,Video,2026-06-25,yes
ADV-429,Education,Google,Video,2026-06-15,yes
ADV-312,Retail and ecommerce,Meta,Carousel,2026-05-19,yes
ADV-159,Energy,Meta,Video,2026-07-09,no
ADV-248,Media and publishing,Meta,Static,2026-05-19,yes
ADV-429,Energy,Meta,Carousel,2026-05-16,yes
ADV-545,Media and publishing,Google,Carousel,2026-07-07,yes
ADV-429,Retail and ecommerce,Meta,Carousel,2026-06-24,yes
ADV-248,Technology and SaaS,Google,Carousel,2026-05-25,yes
ADV-159,Media and publishing,Google,Static,2026-09-12,no
ADV-944,Public sector,Meta,Static,2026-07-23,yes
ADV-248,Public sector,Google,Carousel,2026-06-27,no
ADV-312,Retail and ecommerce,Google,Video,2026-08-22,yes
ADV-429,Media and publishing,Meta,Carousel,2026-08-22,no
ADV-835,Public sector,Meta,Video,2026-07-20,yes
ADV-835,Public sector,Google,Carousel,2026-07-28,yes
ADV-429,Media and publishing,Google,Video,2026-06-03,no
ADV-835,Media and publishing,Google,Carousel,2026-07-31,yes
ADV-429,Retail and ecommerce,Meta,Video,2026-08-06,no
ADV-429,Technology and SaaS,Google,Carousel,2026-08-13,no
ADV-835,Retail and ecommerce,Meta,Video,2026-07-24,no
ADV-835,Education,Meta,Carousel,2026-06-23,no
ADV-172,Public sector,Google,Carousel,2026-06-21,yes
ADV-312,Retail and ecommerce,Meta,Video,2026-07-25,yes
ADV-159,Retail and ecommerce,Meta,Carousel,2026-07-27,no
ADV-429,Public sector,Meta,Carousel,2026-08-04,no
ADV-312,Education,Google,Carousel,2026-08-17,yes
ADV-312,Media and publishing,Meta,Static,2026-07-21,no
ADV-545,Technology and SaaS,Meta,Video,2026-09-06,yes
ADV-248,Technology and SaaS,Google,Carousel,2026-06-15,no
ADV-172,Energy,Meta,Carousel,2026-08-11,yes
ADV-835,Technology and SaaS,Google,Carousel,2026-08-12,yes
ADV-429,Public sector,Google,Carousel,2026-06-29,yes
ADV-248,Media and publishing,Meta,Carousel,2026-07-23,yes
ADV-944,Technology and SaaS,Meta,Video,2026-05-29,yes
ADV-944,Energy,Google,Video,2026-07-03,yes
ADV-429,Technology and SaaS,Meta,Video,2026-05-22,yes
ADV-312,Media and publishing,Meta,Static,2026-09-05,no
ADV-545,Technology and SaaS,Meta,Video,2026-08-18,yes
ADV-944,Education,Meta,Video,2026-08-20,no
ADV-312,Technology and SaaS,Meta,Carousel,2026-07-27,no
ADV-429,Media and publishing,Google,Video,2026-06-12,yes
ADV-172,Public sector,Google,Video,2026-06-06,yes
ADV-159,Energy,Meta,Video,2026-06-22,yes
ADV-172,Technology and SaaS,Google,Carousel,2026-07-17,yes
ADV-312,Energy,Google,Carousel,2026-05-20,yes
ADV-159,Technology and SaaS,Google,Video,2026-07-10,no
ADV-172,Energy,Meta,Video,2026-06-10,yes
ADV-312,Technology and SaaS,Google,Carousel,2026-07-19,no
ADV-944,Energy,Google,Video,2026-07-16,no
ADV-944,Retail and ecommerce,Meta,Video,2026-08-20,yes
ADV-944,Energy,Google,Carousel,2026-06-18,no
ADV-944,Media and publishing,Meta,Carousel,2026-09-06,yes
ADV-159,Technology and SaaS,Meta,Video,2026-08-15,no
ADV-944,Energy,Google,Video,2026-05-17,yes
ADV-312,Retail and ecommerce,Meta,Video,2026-07-07,yes
ADV-429,Education,Google,Carousel,2026-08-01,yes
ADV-429,Media and publishing,Meta,Video,2026-08-16,yes
ADV-159,Education,Meta,Static,2026-07-20,yes
ADV-159,Media and publishing,Google,Static,2026-08-31,no
ADV-429,Energy,Google,Carousel,2026-07-04,no
ADV-172,Media and publishing,Meta,Carousel,2026-08-28,no
ADV-159,Media and publishing,Meta,Carousel,2026-08-24,no
ADV-835,Technology and SaaS,Meta,Video,2026-07-06,yes
ADV-248,Retail and ecommerce,Meta,Video,2026-09-04,yes
ADV-248,Technology and SaaS,Meta,Video,2026-07-19,no
ADV-248,Technology and SaaS,Google,Video,2026-06-04,yes
ADV-835,Media and publishing,Meta,Video,2026-08-28,yes
ADV-835,Media and publishing,Google,Video,2026-06-24,no
ADV-944,Media and publishing,Meta,Carousel,2026-07-04,no
ADV-312,Technology and SaaS,Meta,Static,2026-08-17,yes
ADV-312,Education,Meta,Carousel,2026-09-07,no
ADV-429,Public sector,Google,Carousel,2026-07-23,yes
ADV-545,Energy,Google,Video,2026-07-15,no
ADV-312,Technology and SaaS,Meta,Carousel,2026-07-14,no
ADV-172,Media and publishing,Meta,Video,2026-08-30,yes
ADV-545,Education,Google,Video,2026-09-02,yes
ADV-172,Retail and ecommerce,Google,Video,2026-06-22,no
ADV-545,Media and publishing,Meta,Video,2026-08-12,yes
ADV-172,Media and publishing,Google,Video,2026-08-14,no
ADV-944,Public sector,Meta,Video,2026-08-30,no
ADV-312,Energy,Google,Carousel,2026-05-28,yes
ADV-248,Retail and ecommerce,Google,Carousel,2026-07-28,no
ADV-172,Technology and SaaS,Meta,Static,2026-05-20,no
ADV-835,Technology and SaaS,Meta,Static,2026-07-05,yes
ADV-545,Public sector,Meta,Video,2026-05-24,no
ADV-172,Retail and ecommerce,Google,Static,2026-05-24,no
ADV-312,Education,Google,Carousel,2026-06-25,yes
ADV-545,Energy,Meta,Carousel,2026-07-03,yes
ADV-172,Technology and SaaS,Google,Video,2026-07-05,no
ADV-944,Media and publishing,Google,Video,2026-06-05,no
ADV-159,Retail and ecommerce,Meta,Video,2026-07-21,yes
ADV-159,Technology and SaaS,Google,Video,2026-08-21,yes
ADV-944,Technology and SaaS,Meta,Carousel,2026-08-17,yes
ADV-944,Technology and SaaS,Meta,Static,2026-05-20,no
ADV-159,Education,Google,Static,2026-07-13,no
ADV-835,Media and publishing,Meta,Video,2026-05-23,yes
ADV-248,Retail and ecommerce,Meta,Carousel,2026-09-12,no
ADV-835,Technology and SaaS,Meta,Carousel,2026-06-24,yes
ADV-159,Education,Google,Carousel,2026-07-23,yes
ADV-159,Technology and SaaS,Google,Video,2026-08-07,no
ADV-835,Retail and ecommerce,Google,Video,2026-06-21,yes
ADV-545,Media and publishing,Google,Static,2026-07-23,no
ADV-429,Energy,Google,Video,2026-06-11,no
ADV-429,Education,Google,Video,2026-08-20,no
ADV-944,Technology and SaaS,Meta,Video,2026-05-21,no
ADV-159,Education,Google,Video,2026-07-11,no
ADV-172,Technology and SaaS,Meta,Carousel,2026-05-25,yes
ADV-545,Technology and SaaS,Google,Video,2026-08-27,yes
ADV-429,Media and publishing,Google,Carousel,2026-08-09,yes
ADV-159,Energy,Meta,Video,2026-07-15,no
ADV-172,Energy,Meta,Static,2026-06-13,no
ADV-248,Retail and ecommerce,Meta,Video,2026-06-12,no
ADV-545,Public sector,Meta,Video,2026-07-11,yes
ADV-835,Technology and SaaS,Meta,Video,2026-08-10,no
ADV-429,Energy,Google,Carousel,2026-08-27,yes
ADV-545,Retail and ecommerce,Meta,Carousel,2026-07-07,no
ADV-159,Technology and SaaS,Meta,Carousel,2026-06-21,yes
ADV-248,Public sector,Google,Video,2026-06-26,yes
ADV-429,Education,Meta,Video,2026-08-11,no
ADV-944,Energy,Meta,Video,2026-06-01,no
ADV-545,Media and publishing,Meta,Carousel,2026-08-06,yes
ADV-545,Media and publishing,Google,Static,2026-06-15,yes
ADV-172,Technology and SaaS,Google,Carousel,2026-05-31,yes
ADV-159,Media and publishing,Google,Video,2026-06-03,no
ADV-545,Education,Meta,Carousel,2026-08-08,yes
ADV-159,Energy,Meta,Carousel,2026-06-11,yes
ADV-429,Media and publishing,Google,Video,2026-07-28,yes
ADV-172,Media and publishing,Meta,Carousel,2026-09-03,yes
ADV-172,Education,Google,Carousel,2026-06-06,no
ADV-429,Media and publishing,Meta,Carousel,2026-06-06,yes
ADV-248,Media and publishing,Meta,Video,2026-07-26,no
ADV-159,Technology and SaaS,Meta,Carousel,2026-08-04,no
ADV-545,Media and publishing,Google,Carousel,2026-08-10,yes
ADV-429,Technology and SaaS,Meta,Video,2026-05-30,no
ADV-545,Public sector,Google,Carousel,2026-05-19,yes
ADV-944,Technology and SaaS,Meta,Video,2026-09-06,no
ADV-312,Media and publishing,Meta,Video,2026-07-30,yes
ADV-944,Retail and ecommerce,Meta,Video,2026-08-07,no
ADV-944,Public sector,Meta,Video,2026-06-24,no
ADV-835,Retail and ecommerce,Google,Carousel,2026-08-30,no
ADV-944,Energy,Google,Static,2026-06-23,yes
ADV-172,Public sector,Meta,Carousel,2026-09-01,no
ADV-835,Retail and ecommerce,Meta,Video,2026-09-12,yes
ADV-172,Technology and SaaS,Google,Video,2026-08-23,yes
ADV-545,Energy,Meta,Video,2026-06-01,yes
ADV-429,Retail and ecommerce,Google,Video,2026-07-27,yes
ADV-248,Technology and SaaS,Google,Carousel,2026-08-09,yes
ADV-835,Technology and SaaS,Meta,Video,2026-07-18,no
ADV-172,Education,Meta,Carousel,2026-06-30,no
ADV-944,Media and publishing,Google,Carousel,2026-05-17,yes
ADV-312,Public sector,Google,Video,2026-08-09,no
ADV-312,Technology and SaaS,Meta,Video,2026-07-23,no
ADV-429,Technology and SaaS,Google,Video,2026-06-13,yes
ADV-429,Technology and SaaS,Meta,Video,2026-08-02,yes
ADV-944,Media and publishing,Google,Video,2026-06-10,yes
ADV-835,Technology and SaaS,Meta,Video,2026-08-27,no
ADV-944,Technology and SaaS,Meta,Carousel,2026-06-18,yes
ADV-429,Media and publishing,Google,Carousel,2026-06-19,yes
ADV-248,Education,Google,Video,2026-08-02,yes
ADV-429,Retail and ecommerce,Google,Video,2026-07-10,no
ADV-545,Retail and ecommerce,Meta,Video,2026-06-12,no
ADV-312,Technology and SaaS,Meta,Video,2026-06-12,yes
ADV-545,Public sector,Google,Video,2026-09-02,yes
ADV-944,Technology and SaaS,Meta,Static,2026-07-21,yes
ADV-835,Media and publishing,Google,Static,2026-09-04,yes
ADV-429,Public sector,Meta,Static,2026-07-08,no
ADV-312,Media and publishing,Meta,Video,2026-08-16,yes
ADV-944,Technology and SaaS,Meta,Video,2026-08-02,yes
ADV-545,Energy,Meta,Video,2026-05-29,yes
ADV-944,Retail and ecommerce,Google,Carousel,2026-07-13,no
ADV-835,Technology and SaaS,Meta,Carousel,2026-08-07,no
ADV-545,Public sector,Google,Carousel,2026-09-04,no
ADV-429,Public sector,Google,Video,2026-06-17,no
ADV-429,Education,Google,Video,2026-06-03,no
ADV-159,Education,Google,Carousel,2026-06-12,yes
ADV-944,Energy,Google,Carousel,2026-05-30,yes
ADV-429,Technology and SaaS,Meta,Carousel,2026-08-30,yes
ADV-172,Media and publishing,Meta,Carousel,2026-08-14,yes
ADV-312,Media and publishing,Meta,Carousel,2026-07-14,no
ADV-944,Technology and SaaS,Google,Carousel,2026-06-21,no
ADV-172,Technology and SaaS,Meta,Carousel,2026-06-07,no
ADV-944,Education,Google,Video,2026-07-01,yes
ADV-944,Public sector,Google,Carousel,2026-06-21,yes
ADV-312,Education,Google,Video,2026-09-01,yes
ADV-159,Energy,Google,Video,2026-07-04,no
ADV-545,Retail and ecommerce,Google,Video,2026-08-20,no
ADV-545,Energy,Google,Video,2026-06-24,no
ADV-944,Retail and ecommerce,Google,Carousel,2026-07-09,no
ADV-312,Education,Meta,Static,2026-06-29,no
ADV-159,Media and publishing,Google,Carousel,2026-08-03,no
ADV-172,Media and publishing,Meta,Carousel,2026-09-08,no
ADV-312,Technology and SaaS,Meta,Video,2026-06-28,no
ADV-159,Technology and SaaS,Meta,Carousel,2026-06-07,yes
ADV-545,Technology and SaaS,Meta,Carousel,2026-06-12,yes
ADV-248,Energy,Google,Carousel,2026-07-28,yes
ADV-172,Public sector,Meta,Carousel,2026-05-17,yes
ADV-429,Media and publishing,Meta,Video,2026-06-27,no
ADV-248,Media and publishing,Google,Static,2026-05-27,yes
ADV-172,Education,Meta,Carousel,2026-09-02,no
ADV-312,Technology and SaaS,Google,Carousel,2026-08-04,no
ADV-835,Public sector,Meta,Static,2026-07-19,yes
ADV-835,Retail and ecommerce,Meta,Video,2026-07-23,yes
ADV-248,Retail and ecommerce,Meta,Video,2026-08-14,no
ADV-545,Education,Google,Video,2026-05-21,no
ADV-429,Retail and ecommerce,Meta,Carousel,2026-08-05,no
ADV-312,Technology and SaaS,Meta,Video,2026-07-03,no
ADV-159,Public sector,Google,Video,2026-06-09,yes
ADV-248,Education,Google,Carousel,2026-06-08,yes
ADV-429,Technology and SaaS,Meta,Video,2026-06-14,yes
ADV-545,Energy,Google,Video,2026-08-25,yes
ADV-248,Education,Google,Static,2026-08-11,yes
ADV-545,Public sector,Google,Carousel,2026-09-02,no
ADV-944,Energy,Google,Static,2026-07-08,no
ADV-835,Technology and SaaS,Meta,Static,2026-05-25,no
ADV-429,Public sector,Google,Carousel,2026-09-12,no
ADV-172,Public sector,Google,Video,2026-06-23,no
ADV-248,Technology and SaaS,Google,Video,2026-07-13,no
ADV-944,Education,Meta,Video,2026-09-03,yes
ADV-312,Technology and SaaS,Google,Video,2026-05-16,yes
ADV-835,Media and publishing,Meta,Video,2026-09-08,yes
ADV-172,Media and publishing,Google,Video,2026-05-27,no
ADV-835,Technology and SaaS,Google,Video,2026-08-31,yes
ADV-172,Energy,Google,Carousel,2026-05-29,no
ADV-429,Retail and ecommerce,Meta,Carousel,2026-07-16,yes
ADV-835,Public sector,Meta,Video,2026-05-16,no
ADV-835,Retail and ecommerce,Google,Video,2026-07-14,no
ADV-159,Media and publishing,Meta,Static,2026-07-21,yes
ADV-172,Education,Meta,Carousel,2026-06-22,no
ADV-248,Education,Meta,Carousel,2026-06-12,yes
ADV-835,Media and publishing,Meta,Carousel,2026-07-10,yes
ADV-248,Media and publishing,Google,Video,2026-08-31,yes
ADV-248,Media and publishing,Google,Video,2026-08-08,yes
ADV-172,Retail and ecommerce,Meta,Static,2026-06-06,no
ADV-248,Media and publishing,Meta,Carousel,2026-07-01,yes
ADV-429,Technology and SaaS,Google,Video,2026-05-28,no
ADV-545,Energy,Google,Carousel,2026-08-23,yes
ADV-248,Energy,Google,Video,2026-07-22,no
ADV-172,Technology and SaaS,Meta,Video,2026-07-19,no
ADV-545,Public sector,Google,Video,2026-05-31,yes
ADV-159,Retail and ecommerce,Meta,Static,2026-05-23,yes
ADV-429,Media and publishing,Meta,Carousel,2026-06-08,yes
ADV-172,Media and publishing,Google,Carousel,2026-09-03,yes
ADV-429,Public sector,Google,Video,2026-06-25,yes
ADV-835,Technology and SaaS,Meta,Carousel,2026-07-27,yes
ADV-159,Media and publishing,Google,Video,2026-08-18,yes
ADV-429,Technology and SaaS,Google,Carousel,2026-06-19,no
ADV-545,Media and publishing,Meta,Carousel,2026-07-31,yes
ADV-545,Media and publishing,Google,Carousel,2026-05-18,no
ADV-312,Education,Google,Carousel,2026-07-24,yes
ADV-312,Energy,Google,Static,2026-06-25,yes
ADV-545,Technology and SaaS,Meta,Carousel,2026-06-19,yes
ADV-429,Retail and ecommerce,Google,Video,2026-06-28,yes
ADV-312,Technology and SaaS,Meta,Video,2026-09-12,no
ADV-429,Technology and SaaS,Google,Video,2026-08-05,no
ADV-944,Technology and SaaS,Meta,Carousel,2026-07-04,yes
ADV-312,Retail and ecommerce,Google,Video,2026-08-19,no
ADV-312,Education,Meta,Video,2026-06-25,no
ADV-545,Education,Google,Video,2026-08-13,yes
ADV-159,Energy,Meta,Static,2026-06-22,yes
ADV-944,Energy,Google,Video,2026-09-09,no
ADV-835,Technology and SaaS,Google,Video,2026-08-28,yes
ADV-172,Media and publishing,Google,Video,2026-08-27,no
ADV-545,Education,Google,Carousel,2026-05-28,no
ADV-248,Public sector,Google,Carousel,2026-06-15,no
ADV-545,Public sector,Google,Carousel,2026-08-05,no
ADV-159,Technology and SaaS,Meta,Carousel,2026-05-31,no
ADV-429,Media and publishing,Google,Static,2026-05-24,no
ADV-312,Technology and SaaS,Google,Carousel,2026-05-25,no
ADV-835,Retail and ecommerce,Google,Video,2026-07-05,yes
ADV-545,Retail and ecommerce,Meta,Carousel,2026-06-08,no
ADV-835,Retail and ecommerce,Google,Carousel,2026-08-30,yes
ADV-159,Technology and SaaS,Meta,Video,2026-07-02,yes
ADV-835,Technology and SaaS,Meta,Carousel,2026-07-19,no
ADV-159,Technology and SaaS,Meta,Video,2026-07-08,yes
ADV-159,Public sector,Google,Static,2026-07-03,yes
ADV-429,Education,Meta,Carousel,2026-06-20,yes
ADV-248,Retail and ecommerce,Google,Video,2026-06-29,yes
ADV-545,Education,Meta,Video,2026-08-06,no
ADV-944,Retail and ecommerce,Google,Video,2026-05-17,no
ADV-159,Education,Google,Video,2026-06-10,yes
ADV-172,Energy,Google,Video,2026-07-28,no
ADV-545,Education,Meta,Video,2026-08-18,no
ADV-312,Retail and ecommerce,Google,Static,2026-09-06,no
ADV-159,Energy,Google,Static,2026-06-06,yes
ADV-944,Technology and SaaS,Meta,Carousel,2026-08-20,no
ADV-429,Technology and SaaS,Google,Carousel,2026-07-24,no
ADV-312,Education,Google,Video,2026-08-23,no
ADV-312,Media and publishing,Meta,Video,2026-07-02,no
ADV-172,Media and publishing,Meta,Video,2026-06-06,no
ADV-172,Energy,Google,Video,2026-07-04,yes
ADV-944,Technology and SaaS,Google,Video,2026-09-11,no
ADV-545,Technology and SaaS,Meta,Carousel,2026-07-14,yes
ADV-545,Education,Google,Video,2026-08-22,yes
ADV-248,Technology and SaaS,Google,Carousel,2026-06-13,no
ADV-248,Technology and SaaS,Google,Video,2026-08-02,no
ADV-835,Technology and SaaS,Google,Static,2026-09-12,yes
ADV-835,Energy,Google,Video,2026-07-03,yes
ADV-312,Education,Meta,Video,2026-07-08,yes
ADV-312,Technology and SaaS,Google,Video,2026-05-26,yes
ADV-172,Retail and ecommerce,Meta,Carousel,2026-05-29,yes
ADV-312,Media and publishing,Google,Carousel,2026-09-06,yes
ADV-312,Technology and SaaS,Google,Video,2026-08-07,no
ADV-545,Education,Meta,Carousel,2026-06-21,yes
ADV-835,Energy,Google,Video,2026-07-01,yes
ADV-172,Retail and ecommerce,Meta,Video,2026-07-19,yes
ADV-159,Energy,Meta,Carousel,2026-05-31,no
ADV-172,Energy,Meta,Video,2026-08-09,no
ADV-944,Technology and SaaS,Meta,Carousel,2026-06-22,yes
ADV-835,Education,Google,Carousel,2026-06-26,no
ADV-429,Technology and SaaS,Google,Carousel,2026-07-26,no
ADV-429,Education,Google,Carousel,2026-08-25,yes
ADV-835,Public sector,Meta,Carousel,2026-08-28,yes
ADV-835,Technology and SaaS,Google,Video,2026-08-11,no
ADV-172,Public sector,Google,Video,2026-07-12,yes
ADV-172,Public sector,Google,Video,2026-07-24,yes
ADV-835,Public sector,Google,Carousel,2026-06-29,yes
ADV-545,Public sector,Meta,Video,2026-06-21,no
ADV-312,Energy,Google,Static,2026-07-25,no
ADV-312,Public sector,Google,Carousel,2026-05-24,no
ADV-172,Technology and SaaS,Meta,Carousel,2026-09-09,no
ADV-835,Technology and SaaS,Google,Static,2026-05-16,no
ADV-159,Education,Google,Video,2026-07-31,no
ADV-545,Media and publishing,Meta,Video,2026-09-08,yes
ADV-944,Technology and SaaS,Meta,Video,2026-08-19,yes
ADV-312,Retail and ecommerce,Google,Video,2026-07-23,no
ADV-172,Retail and ecommerce,Google,Carousel,2026-08-24,no
ADV-429,Retail and ecommerce,Meta,Carousel,2026-06-18,yes
ADV-835,Media and publishing,Meta,Video,2026-07-25,no
ADV-159,Energy,Meta,Static,2026-08-03,no
ADV-159,Education,Google,Carousel,2026-05-21,yes
ADV-312,Public sector,Google,Video,2026-07-20,yes
ADV-312,Media and publishing,Google,Video,2026-06-10,no
ADV-545,Retail and ecommerce,Google,Video,2026-06-29,yes
ADV-835,Technology and SaaS,Meta,Carousel,2026-06-21,no
ADV-248,Energy,Meta,Static,2026-08-06,no
ADV-545,Media and publishing,Google,Static,2026-07-23,no
ADV-312,Media and publishing,Meta,Video,2026-08-29,no
ADV-429,Education,Meta,Video,2026-09-10,no
ADV-159,Technology and SaaS,Google,Carousel,2026-07-19,yes
ADV-429,Media and publishing,Google,Video,2026-06-16,no
ADV-944,Technology and SaaS,Meta,Carousel,2026-07-22,no
ADV-248,Public sector,Meta,Static,2026-06-07,yes
ADV-248,Education,Google,Video,2026-06-21,no
ADV-429,Retail and ecommerce,Meta,Video,2026-07-01,yes
ADV-248,Public sector,Meta,Video,2026-07-09,no
ADV-159,Media and publishing,Meta,Video,2026-06-11,yes
ADV-248,Media and publishing,Meta,Carousel,2026-07-31,yes
ADV-835,Retail and ecommerce,Google,Video,2026-06-25,yes
ADV-545,Education,Meta,Video,2026-07-26,yes
ADV-835,Media and publishing,Google,Carousel,2026-07-09,no
ADV-944,Retail and ecommerce,Google,Video,2026-06-23,yes
ADV-159,Media and publishing,Google,Video,2026-05-21,no
ADV-545,Technology and SaaS,Google,Static,2026-07-06,no
ADV-944,Media and publishing,Meta,Video,2026-05-25,yes
ADV-429,Media and publishing,Meta,Video,2026-07-25,no
ADV-159,Media and publishing,Google,Video,2026-08-02,yes
ADV-429,Technology and SaaS,Meta,Video,2026-09-12,yes
ADV-944,Technology and SaaS,Google,Carousel,2026-09-11,yes
ADV-835,Retail and ecommerce,Google,Video,2026-08-28,yes
ADV-944,Media and publishing,Google,Video,2026-08-29,yes
ADV-159,Retail and ecommerce,Meta,Video,2026-05-20,no
ADV-835,Retail and ecommerce,Meta,Video,2026-09-07,yes
ADV-312,Media and publishing,Meta,Video,2026-08-31,no
ADV-835,Technology and SaaS,Google,Carousel,2026-08-27,yes
ADV-835,Media and publishing,Meta,Carousel,2026-05-22,yes
ADV-312,Public sector,Meta,Static,2026-06-05,yes
ADV-312,Technology and SaaS,Google,Static,2026-08-21,no
ADV-172,Media and publishing,Google,Video,2026-07-02,yes
ADV-248,Media and publishing,Google,Video,2026-05-29,yes
ADV-159,Technology and SaaS,Meta,Video,2026-05-29,no
ADV-172,Retail and ecommerce,Google,Video,2026-05-22,yes
ADV-429,Media and publishing,Meta,Video,2026-05-17,no
ADV-944,Retail and ecommerce,Meta,Video,2026-08-06,yes
ADV-545,Retail and ecommerce,Google,Video,2026-08-25,no
ADV-429,Public sector,Meta,Video,2026-07-06,yes
ADV-835,Technology and SaaS,Meta,Carousel,2026-06-29,no
ADV-429,Public sector,Meta,Video,2026-06-04,yes
ADV-429,Retail and ecommerce,Google,Video,2026-05-23,no
ADV-545,Retail and ecommerce,Meta,Carousel,2026-06-17,yes
ADV-944,Education,Meta,Carousel,2026-06-03,yes
ADV-248,Technology and SaaS,Meta,Video,2026-09-09,no
ADV-172,Public sector,Meta,Video,2026-07-05,no
ADV-248,Education,Meta,Carousel,2026-06-23,no
ADV-172,Education,Meta,Video,2026-05-28,yes
ADV-172,Media and publishing,Google,Carousel,2026-05-26,no
ADV-545,Education,Google,Carousel,2026-07-08,yes
ADV-248,Energy,Meta,Static,2026-07-28,yes
ADV-545,Media and publishing,Meta,Carousel,2026-08-17,yes
ADV-429,Media and publishing,Meta,Video,2026-06-11,yes
ADV-312,Retail and ecommerce,Meta,Video,2026-08-16,no
ADV-835,Technology and SaaS,Meta,Carousel,2026-08-16,yes
ADV-172,Public sector,Google,Carousel,2026-08-04,no
ADV-944,Media and publishing,Meta,Video,2026-08-09,no
ADV-172,Media and publishing,Meta,Video,2026-05-18,yes
ADV-545,Media and publishing,Meta,Video,2026-08-02,yes
ADV-545,Retail and ecommerce,Meta,Video,2026-08-15,yes
ADV-944,Education,Meta,Video,2026-08-15,yes
ADV-944,Retail and ecommerce,Google,Static,2026-06-16,yes
ADV-248,Media and publishing,Google,Video,2026-06-06,no
ADV-944,Technology and SaaS,Meta,Video,2026-06-15,no
ADV-159,Education,Google,Carousel,2026-08-28,yes
ADV-429,Technology and SaaS,Google,Carousel,2026-07-01,yes
ADV-545,Retail and ecommerce,Meta,Video,2026-05-27,no
ADV-312,Retail and ecommerce,Meta,Video,2026-07-08,yes
ADV-248,Education,Meta,Static,2026-06-08,yes
ADV-545,Public sector,Google,Video,2026-05-26,yes
ADV-429,Technology and SaaS,Meta,Static,2026-06-02,no
ADV-944,Public sector,Google,Carousel,2026-06-04,yes
ADV-429,Education,Meta,Video,2026-08-30,no
ADV-545,Retail and ecommerce,Meta,Static,2026-09-10,yes
ADV-835,Media and publishing,Google,Carousel,2026-06-02,yes
ADV-944,Education,Meta,Carousel,2026-06-07,no
ADV-835,Media and publishing,Google,Video,2026-07-20,yes
ADV-545,Media and publishing,Meta,Video,2026-09-08,no
ADV-248,Retail and ecommerce,Google,Carousel,2026-07-27,no
ADV-172,Media and publishing,Meta,Video,2026-06-20,no
ADV-944,Media and publishing,Meta,Carousel,2026-05-22,yes
ADV-312,Public sector,Meta,Video,2026-06-03,yes
ADV-429,Media and publishing,Meta,Carousel,2026-08-09,yes
ADV-159,Media and publishing,Google,Carousel,2026-06-21,no
ADV-248,Energy,Google,Video,2026-08-18,no
ADV-159,Technology and SaaS,Google,Video,2026-06-26,yes
ADV-835,Education,Meta,Video,2026-06-30,no
ADV-429,Media and publishing,Meta,Video,2026-06-23,no
ADV-835,Energy,Google,Static,2026-06-14,no
ADV-835,Media and publishing,Google,Carousel,2026-07-15,yes
ADV-312,Retail and ecommerce,Meta,Carousel,2026-07-28,no
ADV-159,Technology and SaaS,Meta,Carousel,2026-08-12,no
ADV-248,Technology and SaaS,Google,Video,2026-06-11,no
ADV-429,Media and publishing,Meta,Carousel,2026-05-28,no
ADV-835,Media and publishing,Meta,Video,2026-07-27,yes
ADV-159,Technology and SaaS,Meta,Carousel,2026-06-13,yes
ADV-172,Technology and SaaS,Meta,Video,2026-05-21,no
ADV-248,Media and publishing,Google,Video,2026-05-29,no
ADV-248,Education,Google,Carousel,2026-07-30,yes
ADV-172,Media and publishing,Google,Carousel,2026-06-02,no
ADV-545,Education,Google,Carousel,2026-06-07,yes
ADV-835,Public sector,Google,Carousel,2026-08-10,no
ADV-835,Media and publishing,Meta,Carousel,2026-07-19,no
ADV-944,Technology and SaaS,Meta,Video,2026-06-16,no
ADV-172,Technology and SaaS,Meta,Carousel,2026-07-13,yes
ADV-429,Retail and ecommerce,Google,Static,2026-05-29,yes
ADV-159,Media and publishing,Meta,Carousel,2026-08-25,yes
ADV-159,Technology and SaaS,Google,Video,2026-05-25,yes
ADV-545,Public sector,Google,Static,2026-08-18,yes
ADV-944,Retail and ecommerce,Meta,Static,2026-08-24,yes
ADV-312,Energy,Meta,Static,2026-08-25,no
ADV-545,Media and publishing,Google,Video,2026-07-20,no
ADV-944,Public sector,Meta,Video,2026-07-16,yes
ADV-944,Education,Google,Video,2026-07-14,yes
ADV-944,Media and publishing,Google,Video,2026-08-12,no
ADV-248,Media and publishing,Google,Video,2026-06-05,no
ADV-312,Energy,Google,Carousel,2026-08-16,yes
ADV-429,Technology and SaaS,Google,Carousel,2026-06-06,yes
ADV-159,Retail and ecommerce,Google,Video,2026-06-12,no
ADV-312,Retail and ecommerce,Google,Static,2026-07-08,yes
ADV-159,Media and publishing,Meta,Carousel,2026-06-25,no
ADV-944,Public sector,Google,Video,2026-05-17,no
ADV-545,Media and publishing,Google,Video,2026-05-25,yes
ADV-429,Technology and SaaS,Meta,Video,2026-08-21,yes
ADV-172,Media and publishing,Google,Carousel,2026-07-21,no
ADV-429,Technology and SaaS,Meta,Carousel,2026-06-30,no
ADV-312,Technology and SaaS,Google,Carousel,2026-05-18,no
ADV-159,Retail and ecommerce,Meta,Video,2026-07-26,yes
ADV-944,Retail and ecommerce,Google,Static,2026-09-07,yes
ADV-835,Retail and ecommerce,Meta,Carousel,2026-07-15,yes
ADV-248,Education,Meta,Carousel,2026-05-28,yes
ADV-248,Retail and ecommerce,Google,Video,2026-09-06,yes
ADV-172,Education,Google,Static,2026-08-19,yes
ADV-429,Education,Google,Video,2026-07-06,no
ADV-159,Technology and SaaS,Meta,Video,2026-07-12,yes
ADV-312,Public sector,Meta,Video,2026-06-09,no
ADV-429,Retail and ecommerce,Meta,Carousel,2026-06-20,yes
ADV-159,Media and publishing,Google,Video,2026-07-14,yes
ADV-835,Energy,Meta,Video,2026-07-12,yes
ADV-835,Technology and SaaS,Google,Carousel,2026-09-12,yes
ADV-312,Energy,Meta,Carousel,2026-07-01,yes
ADV-312,Retail and ecommerce,Meta,Carousel,2026-08-12,no
ADV-835,Energy,Google,Carousel,2026-06-22,yes
ADV-312,Technology and SaaS,Meta,Carousel,2026-06-26,no
ADV-248,Technology and SaaS,Meta,Static,2026-09-07,no
ADV-312,Media and publishing,Google,Carousel,2026-05-27,yes
ADV-944,Education,Google,Carousel,2026-07-19,no
ADV-545,Public sector,Meta,Carousel,2026-06-30,no
ADV-248,Retail and ecommerce,Meta,Video,2026-06-26,yes
ADV-159,Education,Meta,Carousel,2026-08-05,yes
ADV-312,Technology and SaaS,Google,Video,2026-08-27,yes
ADV-248,Energy,Google,Video,2026-06-14,yes
ADV-248,Technology and SaaS,Meta,Video,2026-08-17,yes
ADV-248,Technology and SaaS,Google,Carousel,2026-08-09,yes
ADV-312,Public sector,Google,Video,2026-06-08,yes
ADV-159,Energy,Meta,Video,2026-06-22,yes
ADV-172,Retail and ecommerce,Meta,Video,2026-07-23,no
ADV-545,Technology and SaaS,Google,Video,2026-09-07,no
ADV-835,Energy,Google,Video,2026-05-22,no
ADV-944,Technology and SaaS,Google,Video,2026-08-20,yes
ADV-545,Education,Meta,Carousel,2026-08-15,no
ADV-172,Public sector,Meta,Video,2026-07-26,yes
ADV-944,Media and publishing,Meta,Video,2026-08-09,yes
ADV-545,Energy,Google,Video,2026-05-24,no
ADV-159,Education,Meta,Carousel,2026-06-03,yes
ADV-312,Media and publishing,Meta,Video,2026-08-13,yes
ADV-172,Media and publishing,Google,Video,2026-08-29,no
ADV-429,Media and publishing,Meta,Video,2026-07-05,yes
ADV-429,Retail and ecommerce,Google,Carousel,2026-08-12,no
ADV-429,Education,Google,Video,2026-08-31,no
ADV-159,Media and publishing,Google,Carousel,2026-06-01,yes
ADV-159,Technology and SaaS,Meta,Video,2026-08-14,no
ADV-429,Public sector,Google,Video,2026-09-07,no
ADV-944,Education,Google,Video,2026-06-25,no
ADV-429,Media and publishing,Meta,Carousel,2026-07-07,yes
ADV-159,Technology and SaaS,Google,Video,2026-06-09,no
ADV-545,Retail and ecommerce,Meta,Video,2026-07-08,no
ADV-172,Technology and SaaS,Google,Carousel,2026-09-08,no
ADV-312,Technology and SaaS,Google,Video,2026-05-21,no
ADV-172,Media and publishing,Meta,Carousel,2026-08-15,yes
ADV-429,Media and publishing,Google,Video,2026-08-02,no
ADV-159,Public sector,Google,Video,2026-07-15,no
ADV-159,Public sector,Google,Carousel,2026-08-19,yes
ADV-312,Media and publishing,Google,Carousel,2026-07-21,yes
ADV-835,Technology and SaaS,Meta,Video,2026-08-15,yes
ADV-312,Education,Meta,Carousel,2026-06-03,no
ADV-248,Energy,Google,Static,2026-06-06,no
ADV-248,Retail and ecommerce,Google,Video,2026-07-14,no
ADV-248,Technology and SaaS,Google,Video,2026-07-31,yes
ADV-312,Technology and SaaS,Meta,Static,2026-06-07,no
ADV-248,Technology and SaaS,Google,Carousel,2026-08-18,no
ADV-545,Public sector,Meta,Video,2026-06-09,no
ADV-835,Retail and ecommerce,Meta,Video,2026-05-30,no
ADV-835,Technology and SaaS,Google,Video,2026-09-06,no
ADV-172,Technology and SaaS,Google,Carousel,2026-07-03,yes
ADV-835,Media and publishing,Meta,Video,2026-09-11,no
ADV-835,Media and publishing,Google,Carousel,2026-08-14,yes
ADV-159,Energy,Meta,Video,2026-06-29,no
ADV-429,Public sector,Google,Video,2026-08-09,no
ADV-159,Technology and SaaS,Meta,Carousel,2026-05-24,no
ADV-429,Energy,Meta,Video,2026-07-09,yes
ADV-172,Energy,Google,Video,2026-08-06,no
ADV-172,Media and publishing,Google,Video,2026-06-07,yes
ADV-159,Education,Meta,Carousel,2026-09-12,no
ADV-248,Technology and SaaS,Google,Carousel,2026-06-13,no
ADV-944,Technology and SaaS,Google,Carousel,2026-07-23,no
ADV-312,Technology and SaaS,Google,Carousel,2026-08-18,no
ADV-429,Retail and ecommerce,Meta,Video,2026-06-07,yes
ADV-172,Media and publishing,Google,Video,2026-07-24,no
ADV-248,Retail and ecommerce,Google,Video,2026-06-27,no
ADV-429,Retail and ecommerce,Google,Video,2026-05-24,no
ADV-835,Media and publishing,Google,Video,2026-06-15,no
ADV-545,Public sector,Google,Static,2026-07-04,no
ADV-248,Technology and SaaS,Google,Carousel,2026-06-23,no
ADV-545,Education,Google,Video,2026-08-23,yes
ADV-172,Media and publishing,Meta,Carousel,2026-07-02,yes
ADV-835,Technology and SaaS,Google,Static,2026-08-06,no
ADV-944,Media and publishing,Google,Video,2026-05-27,no
ADV-159,Retail and ecommerce,Google,Carousel,2026-08-10,yes
ADV-835,Media and publishing,Google,Video,2026-07-06,no
ADV-545,Education,Google,Carousel,2026-07-20,yes
ADV-835,Energy,Google,Static,2026-08-31,yes
ADV-248,Media and publishing,Google,Video,2026-07-10,yes
ADV-944,Retail and ecommerce,Google,Video,2026-07-11,no
ADV-312,Media and publishing,Google,Video,2026-08-20,no
ADV-172,Public sector,Google,Video,2026-05-16,no
ADV-172,Technology and SaaS,Meta,Static,2026-07-17,no
ADV-429,Public sector,Google,Video,2026-06-12,no
ADV-545,Energy,Google,Carousel,2026-07-29,no
ADV-944,Education,Meta,Video,2026-06-12,no
ADV-944,Education,Google,Video,2026-06-27,no
ADV-429,Media and publishing,Google,Video,2026-06-29,yes
ADV-944,Media and publishing,Meta,Carousel,2026-05-17,no
ADV-312,Retail and ecommerce,Meta,Static,2026-06-22,yes
ADV-835,Technology and SaaS,Meta,Video,2026-08-13,yes
ADV-545,Media and publishing,Google,Video,2026-07-15,yes
ADV-545,Retail and ecommerce,Google,Carousel,2026-09-05,no
ADV-545,Education,Meta,Carousel,2026-05-29,yes
ADV-545,Media and publishing,Meta,Static,2026-07-13,no
ADV-159,Retail and ecommerce,Meta,Video,2026-08-17,no
ADV-312,Retail and ecommerce,Google,Carousel,2026-08-25,no
ADV-944,Technology and SaaS,Google,Video,2026-06-11,yes
ADV-172,Energy,Meta,Video,2026-06-03,no
ADV-835,Energy,Google,Video,2026-08-14,yes
ADV-159,Education,Meta,Carousel,2026-07-12,no
ADV-159,Energy,Meta,Video,2026-08-11,yes
ADV-312,Energy,Google,Video,2026-08-12,no
ADV-545,Media and publishing,Google,Carousel,2026-06-25,no
ADV-835,Technology and SaaS,Meta,Static,2026-05-17,no
ADV-172,Retail and ecommerce,Meta,Video,2026-08-14,yes
ADV-835,Media and publishing,Meta,Video,2026-07-18,yes
ADV-172,Retail and ecommerce,Google,Static,2026-05-17,no
ADV-248,Media and publishing,Meta,Video,2026-08-07,yes
ADV-944,Technology and SaaS,Google,Video,2026-07-01,no
ADV-545,Technology and SaaS,Google,Carousel,2026-06-02,no
ADV-944,Education,Google,Carousel,2026-08-31,no
ADV-429,Media and publishing,Google,Video,2026-05-23,no
ADV-429,Education,Google,Video,2026-08-13,yes
ADV-172,Public sector,Google,Video,2026-07-14,no
ADV-248,Media and publishing,Google,Carousel,2026-08-24,no
ADV-172,Technology and SaaS,Google,Carousel,2026-06-28,yes
ADV-172,Media and publishing,Google,Carousel,2026-08-26,no
ADV-545,Media and publishing,Google,Static,2026-08-12,no
ADV-835,Media and publishing,Meta,Carousel,2026-06-08,yes
ADV-172,Media and publishing,Meta,Video,2026-07-03,yes
ADV-545,Education,Google,Carousel,2026-07-01,yes
ADV-159,Technology and SaaS,Meta,Video,2026-06-20,yes
ADV-835,Technology and SaaS,Google,Video,2026-07-10,no
ADV-159,Technology and SaaS,Meta,Static,2026-07-12,yes
ADV-429,Technology and SaaS,Google,Static,2026-08-23,yes
ADV-159,Media and publishing,Google,Video,2026-08-24,no
ADV-835,Technology and SaaS,Meta,Video,2026-05-21,no
ADV-248,Education,Meta,Carousel,2026-05-20,yes
ADV-312,Retail and ecommerce,Meta,Carousel,2026-07-26,yes
ADV-944,Media and publishing,Meta,Static,2026-07-13,yes
ADV-835,Technology and SaaS,Google,Carousel,2026-07-17,no
ADV-159,Media and publishing,Google,Static,2026-07-16,no
ADV-545,Technology and SaaS,Meta,Carousel,2026-08-31,yes
ADV-545,Technology and SaaS,Meta,Carousel,2026-07-28,no
ADV-172,Media and publishing,Meta,Carousel,2026-06-15,no
ADV-944,Retail and ecommerce,Meta,Carousel,2026-08-30,yes
ADV-429,Media and publishing,Meta,Carousel,2026-08-29,no
ADV-159,Media and publishing,Google,Carousel,2026-06-15,yes
ADV-248,Education,Meta,Carousel,2026-06-28,no
ADV-944,Public sector,Meta,Carousel,2026-09-11,no
ADV-248,Energy,Meta,Video,2026-06-30,yes
ADV-248,Education,Meta,Carousel,2026-08-15,yes
ADV-429,Media and publishing,Meta,Carousel,2026-09-05,yes
ADV-429,Media and publishing,Meta,Video,2026-07-21,yes
ADV-248,Energy,Meta,Video,2026-05-31,no
ADV-545,Technology and SaaS,Google,Video,2026-07-08,no
ADV-312,Media and publishing,Meta,Carousel,2026-05-23,no
ADV-545,Media and publishing,Google,Static,2026-09-10,no
ADV-172,Technology and SaaS,Google,Video,2026-06-01,no
ADV-545,Public sector,Meta,Carousel,2026-07-02,no
ADV-248,Media and publishing,Google,Video,2026-06-21,yes
ADV-312,Media and publishing,Meta,Video,2026-06-25,no
ADV-944,Public sector,Google,Video,2026-08-05,yes
ADV-545,Education,Google,Carousel,2026-06-05,no
ADV-545,Media and publishing,Meta,Static,2026-07-26,no
ADV-944,Technology and SaaS,Google,Video,2026-08-10,yes
ADV-159,Technology and SaaS,Google,Video,2026-07-16,no
ADV-312,Education,Google,Video,2026-05-24,yes
ADV-429,Public sector,Meta,Video,2026-06-13,yes
ADV-429,Public sector,Google,Video,2026-08-05,yes
ADV-248,Education,Meta,Carousel,2026-09-02,yes
ADV-312,Technology and SaaS,Google,Video,2026-06-09,yes
ADV-248,Retail and ecommerce,Meta,Static,2026-06-29,no
ADV-429,Public sector,Google,Static,2026-07-21,yes
ADV-312,Public sector,Meta,Carousel,2026-06-25,yes
ADV-159,Education,Meta,Video,2026-05-23,no
ADV-172,Media and publishing,Meta,Carousel,2026-08-13,no
ADV-312,Education,Meta,Carousel,2026-07-23,yes
ADV-835,Retail and ecommerce,Meta,Carousel,2026-08-09,no
ADV-835,Energy,Meta,Carousel,2026-09-10,yes
ADV-159,Technology and SaaS,Google,Video,2026-08-22,no
ADV-835,Technology and SaaS,Meta,Carousel,2026-08-09,no
ADV-545,Technology and SaaS,Google,Video,2026-07-12,yes
ADV-248,Energy,Google,Video,2026-08-19,no
ADV-172,Technology and SaaS,Google,Static,2026-08-26,yes
ADV-159,Media and publishing,Google,Carousel,2026-06-11,yes
ADV-248,Media and publishing,Meta,Video,2026-05-22,yes
ADV-172,Technology and SaaS,Google,Video,2026-06-15,yes
ADV-835,Energy,Google,Carousel,2026-08-03,yes
ADV-312,Technology and SaaS,Google,Video,2026-08-07,yes
ADV-172,Public sector,Google,Video,2026-09-01,yes
ADV-248,Media and publishing,Google,Carousel,2026-06-17,yes
ADV-835,Public sector,Meta,Static,2026-07-07,yes
ADV-159,Media and publishing,Google,Carousel,2026-08-17,no
ADV-429,Education,Meta,Video,2026-07-18,no
ADV-312,Education,Meta,Video,2026-07-25,yes
ADV-172,Technology and SaaS,Meta,Carousel,2026-07-14,no
ADV-172,Public sector,Google,Video,2026-08-02,yes
ADV-545,Technology and SaaS,Meta,Video,2026-06-07,no
ADV-429,Technology and SaaS,Meta,Carousel,2026-07-02,no
ADV-835,Public sector,Meta,Static,2026-08-16,no
ADV-429,Education,Meta,Video,2026-07-12,no
ADV-159,Education,Meta,Video,2026-06-27,no
ADV-312,Technology and SaaS,Google,Carousel,2026-06-23,no
ADV-172,Public sector,Google,Video,2026-09-03,yes
ADV-312,Technology and SaaS,Meta,Video,2026-07-10,no
ADV-172,Technology and SaaS,Google,Video,2026-07-16,yes
ADV-248,Retail and ecommerce,Meta,Carousel,2026-08-14,yes
ADV-172,Media and publishing,Google,Static,2026-08-08,yes
ADV-159,Education,Meta,Static,2026-08-05,no
ADV-172,Education,Google,Carousel,2026-08-28,no
ADV-545,Energy,Meta,Video,2026-08-16,no
ADV-248,Education,Meta,Video,2026-07-28,yes
ADV-159,Energy,Google,Video,2026-05-31,no
ADV-545,Education,Google,Carousel,2026-08-24,yes
ADV-172,Energy,Google,Video,2026-06-24,no
ADV-312,Public sector,Meta,Video,2026-09-12,no
ADV-944,Education,Google,Static,2026-09-06,no
ADV-312,Retail and ecommerce,Google,Video,2026-07-22,no
ADV-429,Media and publishing,Meta,Video,2026-07-17,no
ADV-835,Media and publishing,Google,Video,2026-06-20,yes
ADV-159,Energy,Meta,Carousel,2026-08-23,no
ADV-429,Energy,Meta,Video,2026-08-24,yes
ADV-172,Energy,Meta,Video,2026-09-12,no
ADV-545,Public sector,Google,Carousel,2026-06-09,no
ADV-159,Education,Google,Carousel,2026-09-10,yes
ADV-159,Media and publishing,Meta,Carousel,2026-07-30,no
ADV-944,Technology and SaaS,Google,Video,2026-07-18,no
ADV-944,Technology and SaaS,Meta,Static,2026-08-24,yes
ADV-545,Media and publishing,Google,Video,2026-06-26,yes
ADV-429,Technology and SaaS,Google,Video,2026-09-06,no
ADV-172,Retail and ecommerce,Google,Video,2026-08-31,yes
ADV-248,Media and publishing,Google,Carousel,2026-06-01,yes
ADV-159,Media and publishing,Meta,Video,2026-07-12,no
ADV-248,Education,Google,Video,2026-08-14,yes
ADV-248,Retail and ecommerce,Meta,Carousel,2026-06-30,no
ADV-944,Energy,Google,Video,2026-07-22,yes
ADV-172,Technology and SaaS,Google,Video,2026-06-04,no
ADV-312,Technology and SaaS,Meta,Carousel,2026-06-04,no
ADV-545,Energy,Google,Carousel,2026-07-05,no
ADV-172,Energy,Google,Carousel,2026-07-13,yes
ADV-312,Technology and SaaS,Meta,Video,2026-08-10,yes
ADV-944,Education,Google,Carousel,2026-07-11,no
ADV-835,Energy,Meta,Video,2026-07-20,no
ADV-172,Education,Google,Video,2026-07-27,no
ADV-312,Media and publishing,Google,Video,2026-09-06,yes
ADV-159,Technology and SaaS,Google,Video,2026-08-12,no
ADV-248,Energy,Meta,Carousel,2026-07-03,no
ADV-429,Technology and SaaS,Google,Carousel,2026-06-30,yes
ADV-159,Technology and SaaS,Meta,Video,2026-08-03,yes
ADV-312,Technology and SaaS,Google,Carousel,2026-06-28,yes
ADV-835,Media and publishing,Google,Video,2026-05-31,yes
ADV-545,Retail and ecommerce,Meta,Carousel,2026-05-22,yes
ADV-172,Energy,Meta,Video,2026-05-29,yes
ADV-429,Energy,Meta,Video,2026-07-02,yes
ADV-248,Education,Meta,Carousel,2026-07-10,no
ADV-248,Media and publishing,Meta,Carousel,2026-08-10,yes
ADV-545,Technology and SaaS,Google,Carousel,2026-05-25,yes
ADV-159,Public sector,Google,Video,2026-08-18,yes
ADV-248,Media and publishing,Meta,Carousel,2026-08-10,no
ADV-172,Media and publishing,Meta,Video,2026-07-01,yes
ADV-312,Public sector,Google,Carousel,2026-05-30,yes
ADV-159,Media and publishing,Meta,Video,2026-08-04,no
ADV-545,Education,Meta,Carousel,2026-07-12,no
ADV-429,Education,Meta,Carousel,2026-06-01,yes
ADV-312,Retail and ecommerce,Meta,Video,2026-09-10,no
ADV-944,Media and publishing,Google,Carousel,2026-07-19,no
ADV-248,Media and publishing,Meta,Static,2026-08-27,yes
ADV-429,Energy,Google,Static,2026-05-24,no
ADV-944,Media and publishing,Meta,Video,2026-05-17,no
ADV-159,Media and publishing,Meta,Carousel,2026-06-25,yes
ADV-835,Technology and SaaS,Google,Video,2026-07-07,yes
ADV-944,Public sector,Meta,Video,2026-05-16,no
ADV-429,Media and publishing,Meta,Static,2026-07-24,yes
ADV-248,Retail and ecommerce,Google,Carousel,2026-08-25,no
ADV-545,Retail and ecommerce,Meta,Carousel,2026-07-08,yes
ADV-545,Media and publishing,Meta,Carousel,2026-05-19,yes
ADV-835,Technology and SaaS,Google,Carousel,2026-05-19,yes
ADV-944,Education,Google,Carousel,2026-09-07,yes
ADV-159,Education,Meta,Video,2026-06-22,no
ADV-429,Retail and ecommerce,Google,Carousel,2026-08-30,yes
ADV-248,Media and publishing,Meta,Video,2026-09-12,yes
ADV-312,Technology and SaaS,Google,Video,2026-05-18,yes
ADV-835,Public sector,Meta,Video,2026-06-14,no
ADV-248,Media and publishing,Google,Carousel,2026-07-22,yes
ADV-312,Energy,Google,Static,2026-06-23,yes
ADV-248,Technology and SaaS,Google,Carousel,2026-05-19,no
ADV-944,Media and publishing,Meta,Carousel,2026-05-30,no
ADV-312,Public sector,Meta,Video,2026-06-24,yes
ADV-835,Retail and ecommerce,Google,Video,2026-08-29,yes
ADV-248,Retail and ecommerce,Meta,Carousel,2026-09-11,no
ADV-944,Education,Meta,Carousel,2026-09-03,no
ADV-835,Education,Google,Video,2026-05-26,no
ADV-248,Education,Meta,Carousel,2026-06-15,yes
ADV-429,Media and publishing,Google,Video,2026-06-02,no
ADV-172,Technology and SaaS,Meta,Carousel,2026-07-26,no
ADV-312,Retail and ecommerce,Meta,Static,2026-07-27,yes
ADV-248,Technology and SaaS,Meta,Video,2026-06-23,no
ADV-248,Technology and SaaS,Meta,Carousel,2026-08-05,yes
ADV-312,Technology and SaaS,Google,Carousel,2026-07-13,yes
ADV-159,Technology and SaaS,Meta,Carousel,2026-06-10,no
ADV-835,Technology and SaaS,Meta,Carousel,2026-07-18,no
ADV-429,Energy,Google,Carousel,2026-05-28,no
ADV-944,Energy,Meta,Video,2026-08-18,yes
ADV-545,Technology and SaaS,Meta,Carousel,2026-05-16,no
ADV-172,Education,Google,Video,2026-07-27,no
ADV-159,Retail and ecommerce,Google,Video,2026-06-21,yes
ADV-172,Technology and SaaS,Meta,Static,2026-05-25,no
ADV-835,Media and publishing,Google,Video,2026-05-31,no
ADV-159,Technology and SaaS,Meta,Carousel,2026-06-08,no
ADV-835,Education,Meta,Carousel,2026-09-08,yes
ADV-172,Energy,Meta,Video,2026-07-05,no
ADV-429,Energy,Google,Carousel,2026-06-03,no
ADV-159,Education,Google,Video,2026-07-17,yes
ADV-248,Technology and SaaS,Meta,Static,2026-07-11,no
ADV-429,Energy,Meta,Static,2026-09-11,no
ADV-545,Retail and ecommerce,Meta,Video,2026-05-28,yes
ADV-545,Technology and SaaS,Meta,Video,2026-07-10,no
ADV-429,Technology and SaaS,Meta,Video,2026-06-19,no
ADV-312,Media and publishing,Meta,Video,2026-08-22,no
ADV-545,Energy,Google,Static,2026-07-06,no
ADV-312,Education,Meta,Carousel,2026-08-11,yes
ADV-944,Education,Google,Video,2026-06-21,no
ADV-835,Retail and ecommerce,Meta,Carousel,2026-08-12,yes
ADV-172,Public sector,Meta,Video,2026-05-30,yes
ADV-159,Public sector,Google,Video,2026-06-22,yes
ADV-545,Education,Meta,Video,2026-08-15,yes
ADV-172,Public sector,Google,Video,2026-08-20,yes
ADV-545,Education,Google,Video,2026-07-03,yes
ADV-545,Education,Meta,Video,2026-07-11,yes
ADV-159,Technology and SaaS,Google,Video,2026-09-05,no
ADV-172,Education,Google,Carousel,2026-08-25,no
ADV-312,Education,Google,Static,2026-07-23,no
ADV-429,Technology and SaaS,Meta,Video,2026-06-06,no
ADV-248,Technology and SaaS,Meta,Video,2026-08-12,yes
ADV-944,Media and publishing,Google,Video,2026-06-16,yes
ADV-172,Retail and ecommerce,Google,Carousel,2026-06-15,no
ADV-545,Public sector,Meta,Static,2026-07-08,no
ADV-172,Education,Meta,Video,2026-08-31,yes
ADV-545,Education,Meta,Video,2026-05-18,yes
ADV-835,Media and publishing,Google,Video,2026-07-04,no
ADV-312,Media and publishing,Google,Carousel,2026-07-25,yes
ADV-545,Technology and SaaS,Meta,Carousel,2026-07-28,no
ADV-172,Public sector,Google,Carousel,2026-06-19,no
ADV-545,Retail and ecommerce,Google,Static,2026-07-06,yes
ADV-312,Technology and SaaS,Google,Carousel,2026-06-07,yes
ADV-545,Energy,Google,Video,2026-06-16,no
ADV-248,Technology and SaaS,Google,Video,2026-05-23,no
ADV-248,Education,Google,Carousel,2026-07-16,no
ADV-835,Retail and ecommerce,Meta,Carousel,2026-06-13,yes
ADV-312,Retail and ecommerce,Google,Carousel,2026-08-29,yes
ADV-159,Media and publishing,Meta,Carousel,2026-09-02,no
ADV-172,Public sector,Meta,Static,2026-05-30,no
ADV-312,Retail and ecommerce,Google,Video,2026-07-19,no
ADV-312,Energy,Google,Video,2026-07-17,no
ADV-159,Public sector,Meta,Video,2026-07-18,yes
ADV-944,Retail and ecommerce,Google,Video,2026-08-23,no
ADV-944,Education,Google,Video,2026-08-05,yes
ADV-944,Public sector,Meta,Carousel,2026-08-24,no
ADV-312,Energy,Meta,Video,2026-07-09,yes
ADV-429,Energy,Google,Carousel,2026-07-26,no
ADV-248,Education,Google,Carousel,2026-07-02,yes
ADV-312,Media and publishing,Google,Video,2026-08-08,no
ADV-545,Public sector,Meta,Carousel,2026-07-23,no
ADV-159,Public sector,Google,Video,2026-07-03,no
ADV-835,Energy,Google,Static,2026-07-31,no
ADV-545,Media and publishing,Google,Carousel,2026-06-09,no
ADV-312,Technology and SaaS,Google,Video,2026-05-17,yes
ADV-944,Education,Meta,Carousel,2026-07-21,no
ADV-312,Energy,Google,Carousel,2026-08-18,no
ADV-312,Education,Google,Video,2026-08-29,no
ADV-159,Public sector,Google,Carousel,2026-07-27,no
ADV-159,Media and publishing,Google,Carousel,2026-08-03,no
ADV-312,Retail and ecommerce,Google,Carousel,2026-06-29,yes
ADV-429,Energy,Meta,Carousel,2026-06-22,no
ADV-172,Technology and SaaS,Google,Video,2026-08-18,yes
ADV-312,Public sector,Meta,Video,2026-08-20,yes
ADV-172,Technology and SaaS,Meta,Carousel,2026-05-22,yes
ADV-545,Education,Meta,Static,2026-05-26,yes
ADV-159,Education,Meta,Carousel,2026-07-08,yes
ADV-159,Retail and ecommerce,Meta,Video,2026-08-02,no
ADV-545,Education,Meta,Carousel,2026-07-20,yes
ADV-312,Technology and SaaS,Meta,Video,2026-08-19,no
ADV-172,Technology and SaaS,Meta,Carousel,2026-08-11,yes
ADV-835,Technology and SaaS,Meta,Video,2026-08-31,no
ADV-312,Public sector,Google,Video,2026-07-10,yes
ADV-248,Energy,Google,Video,2026-07-13,no
ADV-545,Education,Google,Carousel,2026-07-29,no
ADV-159,Media and publishing,Meta,Carousel,2026-06-20,no
ADV-944,Technology and SaaS,Meta,Video,2026-07-04,yes
ADV-159,Technology and SaaS,Google,Video,2026-08-03,yes
ADV-944,Media and publishing,Google,Static,2026-05-21,no
ADV-172,Technology and SaaS,Google,Carousel,2026-07-17,no
ADV-944,Media and publishing,Google,Video,2026-08-03,no
ADV-429,Energy,Google,Video,2026-06-06,no
ADV-159,Media and publishing,Meta,Static,2026-06-11,no
ADV-545,Media and publishing,Google,Video,2026-08-06,no
ADV-312,Media and publishing,Google,Video,2026-06-06,no
ADV-944,Media and publishing,Google,Video,2026-07-06,no
ADV-944,Technology and SaaS,Google,Static,2026-07-30,no
ADV-835,Technology and SaaS,Google,Video,2026-06-14,yes
ADV-429,Energy,Google,Video,2026-07-08,no
ADV-312,Energy,Meta,Video,2026-07-02,yes
ADV-944,Technology and SaaS,Meta,Carousel,2026-07-05,no
ADV-172,Technology and SaaS,Meta,Video,2026-05-19,yes
ADV-835,Public sector,Google,Static,2026-07-21,no
ADV-429,Technology and SaaS,Google,Static,2026-07-07,no
ADV-429,Retail and ecommerce,Meta,Static,2026-08-18,no
ADV-429,Technology and SaaS,Meta,Video,2026-09-02,yes
ADV-944,Public sector,Meta,Video,2026-06-03,no
ADV-545,Education,Meta,Carousel,2026-09-05,no
ADV-944,Technology and SaaS,Meta,Video,2026-08-23,yes
ADV-248,Technology and SaaS,Google,Carousel,2026-08-20,no
ADV-159,Media and publishing,Meta,Static,2026-08-24,no
ADV-248,Media and publishing,Meta,Carousel,2026-05-23,no
ADV-248,Energy,Google,Carousel,2026-06-18,yes
ADV-312,Media and publishing,Meta,Video,2026-08-30,no
ADV-248,Retail and ecommerce,Meta,Static,2026-06-22,no
ADV-835,Technology and SaaS,Google,Carousel,2026-06-15,yes
ADV-429,Media and publishing,Meta,Static,2026-06-29,yes
ADV-835,Public sector,Google,Carousel,2026-08-08,no
ADV-545,Media and publishing,Google,Carousel,2026-05-25,yes
ADV-835,Education,Meta,Static,2026-09-11,no
ADV-248,Education,Google,Video,2026-09-07,yes
ADV-248,Retail and ecommerce,Meta,Video,2026-05-30,no
ADV-248,Public sector,Meta,Video,2026-05-22,yes
ADV-944,Energy,Google,Carousel,2026-07-27,yes
ADV-944,Energy,Meta,Video,2026-09-05,yes
ADV-159,Technology and SaaS,Meta,Video,2026-06-20,no
ADV-172,Technology and SaaS,Google,Video,2026-06-13,no
ADV-835,Retail and ecommerce,Meta,Video,2026-06-26,yes
ADV-835,Technology and SaaS,Google,Video,2026-06-14,no
ADV-172,Media and publishing,Google,Carousel,2026-08-31,yes
ADV-944,Technology and SaaS,Meta,Carousel,2026-08-13,yes
ADV-172,Education,Meta,Video,2026-08-17,yes
ADV-429,Media and publishing,Meta,Video,2026-08-20,no
ADV-944,Media and publishing,Meta,Carousel,2026-05-17,yes
ADV-944,Media and publishing,Meta,Video,2026-08-15,no
ADV-835,Media and publishing,Google,Video,2026-08-26,yes
ADV-172,Media and publishing,Meta,Carousel,2026-07-02,no
ADV-545,Retail and ecommerce,Meta,Video,2026-08-09,yes
ADV-835,Media and publishing,Google,Static,2026-07-27,yes
ADV-545,Media and publishing,Google,Carousel,2026-06-04,no
ADV-429,Media and publishing,Google,Video,2026-06-08,no
ADV-248,Media and publishing,Meta,Carousel,2026-08-16,yes
ADV-545,Technology and SaaS,Google,Video,2026-08-12,yes
ADV-312,Technology and SaaS,Google,Carousel,2026-07-09,no
ADV-172,Technology and SaaS,Google,Video,2026-08-31,no
ADV-835,Technology and SaaS,Google,Carousel,2026-06-15,no
ADV-172,Public sector,Meta,Video,2026-08-30,no
ADV-835,Media and publishing,Meta,Carousel,2026-05-17,yes
ADV-172,Technology and SaaS,Google,Carousel,2026-06-02,yes
ADV-835,Media and publishing,Google,Video,2026-06-04,yes
ADV-429,Technology and SaaS,Google,Static,2026-08-06,no
ADV-429,Technology and SaaS,Google,Video,2026-05-20,no
ADV-172,Education,Meta,Carousel,2026-05-21,no
ADV-312,Technology and SaaS,Google,Carousel,2026-09-10,no
ADV-429,Retail and ecommerce,Google,Carousel,2026-05-28,yes
ADV-172,Media and publishing,Meta,Video,2026-06-29,no
ADV-429,Media and publishing,Meta,Video,2026-07-17,no
ADV-172,Technology and SaaS,Google,Video,2026-05-19,no
ADV-835,Education,Google,Carousel,2026-08-06,yes
ADV-545,Education,Google,Video,2026-08-02,no
ADV-545,Media and publishing,Google,Video,2026-08-13,no
ADV-248,Media and publishing,Meta,Video,2026-06-24,no
ADV-429,Energy,Google,Carousel,2026-08-29,no
ADV-312,Media and publishing,Meta,Video,2026-06-21,yes
ADV-312,Technology and SaaS,Google,Video,2026-08-19,no
ADV-545,Public sector,Google,Carousel,2026-05-18,yes
ADV-312,Education,Meta,Video,2026-08-02,yes
ADV-835,Media and publishing,Google,Video,2026-08-28,no
ADV-835,Retail and ecommerce,Meta,Carousel,2026-06-10,no
ADV-312,Technology and SaaS,Meta,Carousel,2026-09-06,yes
ADV-944,Energy,Meta,Video,2026-06-01,yes
ADV-429,Technology and SaaS,Meta,Video,2026-09-05,no
ADV-835,Public sector,Google,Static,2026-08-21,yes
ADV-159,Retail and ecommerce,Meta,Video,2026-08-31,no
ADV-248,Media and publishing,Meta,Carousel,2026-08-23,yes
ADV-312,Retail and ecommerce,Meta,Video,2026-08-05,no
ADV-944,Energy,Google,Video,2026-08-28,yes
ADV-312,Retail and ecommerce,Google,Video,2026-07-04,yes
ADV-248,Technology and SaaS,Google,Carousel,2026-08-20,no
ADV-944,Technology and SaaS,Google,Static,2026-07-21,no
ADV-545,Public sector,Google,Video,2026-06-21,yes
ADV-545,Public sector,Google,Static,2026-05-16,no
ADV-835,Technology and SaaS,Google,Video,2026-08-26,no
ADV-429,Media and publishing,Google,Static,2026-07-21,yes
ADV-545,Retail and ecommerce,Google,Video,2026-08-05,no
ADV-159,Technology and SaaS,Meta,Video,2026-06-22,yes
ADV-944,Media and publishing,Google,Video,2026-06-08,no
ADV-545,Media and publishing,Google,Carousel,2026-07-28,no
ADV-248,Media and publishing,Meta,Video,2026-06-28,no
ADV-159,Media and publishing,Google,Video,2026-07-16,no
ADV-835,Technology and SaaS,Meta,Video,2026-06-10,no
ADV-835,Technology and SaaS,Meta,Video,2026-05-18,yes
ADV-835,Public sector,Google,Video,2026-06-15,no
ADV-159,Energy,Meta,Carousel,2026-07-02,no
ADV-248,Technology and SaaS,Meta,Video,2026-08-23,yes
ADV-312,Retail and ecommerce,Meta,Carousel,2026-05-20,yes
ADV-159,Media and publishing,Meta,Video,2026-05-23,no
ADV-944,Technology and SaaS,Meta,Video,2026-08-24,no
ADV-835,Public sector,Google,Video,2026-06-19,no
ADV-159,Technology and SaaS,Google,Video,2026-08-05,no
ADV-248,Public sector,Google,Video,2026-06-23,no
ADV-835,Public sector,Meta,Video,2026-05-20,no
ADV-944,Media and publishing,Meta,Video,2026-06-10,yes
ADV-429,Education,Google,Video,2026-08-11,yes
ADV-312,Public sector,Meta,Video,2026-06-15,yes
ADV-312,Education,Meta,Static,2026-08-22,yes
ADV-172,Media and publishing,Google,Video,2026-08-24,yes
ADV-248,Media and publishing,Google,Video,2026-09-08,yes
ADV-248,Energy,Google,Carousel,2026-07-20,no
ADV-429,Media and publishing,Google,Carousel,2026-06-02,yes
ADV-172,Technology and SaaS,Google,Carousel,2026-07-24,no
ADV-545,Technology and SaaS,Meta,Video,2026-05-23,no
ADV-159,Media and publishing,Meta,Video,2026-08-02,no
ADV-545,Technology and SaaS,Google,Carousel,2026-09-02,yes
ADV-545,Media and publishing,Google,Carousel,2026-07-27,no
ADV-312,Technology and SaaS,Meta,Video,2026-05-31,yes
ADV-248,Technology and SaaS,Meta,Carousel,2026-07-11,yes
ADV-312,Media and publishing,Meta,Video,2026-07-15,no
ADV-172,Media and publishing,Google,Carousel,2026-05-24,no
ADV-159,Education,Google,Video,2026-07-02,no
ADV-172,Public sector,Google,Video,2026-09-11,yes
ADV-429,Retail and ecommerce,Meta,Carousel,2026-06-10,no
ADV-835,Media and publishing,Google,Static,2026-07-13,yes
ADV-545,Media and publishing,Meta,Static,2026-06-12,yes
ADV-248,Retail and ecommerce,Google,Static,2026-08-21,no
ADV-248,Media and publishing,Google,Static,2026-05-22,yes
ADV-545,Energy,Google,Static,2026-05-30,no
ADV-159,Technology and SaaS,Meta,Carousel,2026-06-12,no
ADV-944,Media and publishing,Google,Video,2026-05-24,yes
ADV-545,Public sector,Google,Carousel,2026-08-15,no
ADV-312,Media and publishing,Google,Video,2026-07-15,no
ADV-312,Media and publishing,Meta,Carousel,2026-08-02,yes
ADV-944,Energy,Meta,Carousel,2026-06-24,yes
ADV-172,Technology and SaaS,Meta,Static,2026-06-17,yes
ADV-429,Media and publishing,Google,Carousel,2026-07-09,yes
ADV-944,Technology and SaaS,Meta,Video,2026-06-28,yes
ADV-312,Technology and SaaS,Meta,Video,2026-08-08,yes
ADV-159,Education,Google,Video,2026-06-16,no
ADV-944,Technology and SaaS,Google,Video,2026-07-27,no
ADV-172,Media and publishing,Meta,Video,2026-07-14,no
ADV-248,Media and publishing,Google,Static,2026-05-24,no
ADV-944,Media and publishing,Meta,Carousel,2026-06-16,yes
ADV-545,Media and publishing,Meta,Carousel,2026-06-17,no
ADV-944,Public sector,Meta,Carousel,2026-05-18,yes
ADV-835,Retail and ecommerce,Google,Carousel,2026-07-22,no
ADV-248,Media and publishing,Google,Static,2026-08-10,no
ADV-312,Retail and ecommerce,Meta,Carousel,2026-06-22,no
ADV-944,Technology and SaaS,Meta,Static,2026-06-30,yes
ADV-159,Media and publishing,Meta,Carousel,2026-09-10,no
ADV-159,Education,Google,Video,2026-07-21,yes
ADV-312,Public sector,Google,Carousel,2026-08-16,no
ADV-248,Media and publishing,Google,Carousel,2026-07-24,yes
ADV-429,Public sector,Meta,Video,2026-07-05,yes
ADV-545,Technology and SaaS,Google,Carousel,2026-08-28,no
ADV-429,Technology and SaaS,Google,Video,2026-08-01,yes
ADV-159,Media and publishing,Google,Video,2026-08-07,yes
ADV-835,Technology and SaaS,Meta,Video,2026-07-17,yes
ADV-944,Technology and SaaS,Meta,Carousel,2026-06-09,no
ADV-312,Education,Meta,Carousel,2026-08-21,yes
ADV-429,Technology and SaaS,Google,Video,2026-07-13,no
ADV-944,Public sector,Google,Video,2026-06-11,no
ADV-545,Energy,Meta,Video,2026-07-30,yes
ADV-545,Technology and SaaS,Meta,Video,2026-06-21,yes
ADV-429,Technology and SaaS,Google,Video,2026-06-16,no
ADV-312,Education,Google,Carousel,2026-07-27,no
ADV-429,Retail and ecommerce,Meta,Carousel,2026-07-28,yes
ADV-248,Education,Meta,Video,2026-05-17,yes
ADV-835,Education,Google,Static,2026-07-19,yes
ADV-944,Media and publishing,Meta,Static,2026-07-15,yes
ADV-429,Retail and ecommerce,Meta,Static,2026-07-26,no
ADV-545,Energy,Google,Video,2026-06-07,yes
ADV-248,Public sector,Google,Static,2026-08-21,no
ADV-545,Public sector,Meta,Video,2026-06-15,no
ADV-172,Media and publishing,Google,Static,2026-08-30,yes
ADV-312,Technology and SaaS,Google,Carousel,2026-06-08,yes
ADV-172,Retail and ecommerce,Google,Carousel,2026-05-28,no
ADV-545,Media and publishing,Google,Static,2026-06-22,no
ADV-545,Energy,Meta,Video,2026-07-26,no
ADV-159,Technology and SaaS,Google,Video,2026-06-17,yes
ADV-944,Technology and SaaS,Meta,Video,2026-07-10,no
ADV-159,Education,Google,Video,2026-06-29,no
ADV-429,Public sector,Google,Carousel,2026-06-22,no
ADV-248,Retail and ecommerce,Meta,Carousel,2026-06-03,yes
ADV-429,Education,Meta,Video,2026-08-01,no
ADV-159,Retail and ecommerce,Meta,Carousel,2026-08-21,no
ADV-429,Media and publishing,Google,Carousel,2026-08-12,no
ADV-172,Media and publishing,Meta,Video,2026-07-09,yes
ADV-545,Education,Google,Carousel,2026-09-05,no
ADV-312,Media and publishing,Meta,Static,2026-07-22,yes
ADV-835,Public sector,Google,Video,2026-08-26,yes
ADV-159,Technology and SaaS,Meta,Video,2026-06-24,yes
ADV-172,Retail and ecommerce,Google,Carousel,2026-06-22,yes
ADV-429,Media and publishing,Google,Carousel,2026-06-13,yes
ADV-835,Technology and SaaS,Meta,Carousel,2026-06-08,no
ADV-429,Media and publishing,Meta,Video,2026-07-08,yes
ADV-159,Media and publishing,Meta,Video,2026-07-13,no
ADV-944,Media and publishing,Google,Carousel,2026-08-10,yes
ADV-545,Technology and SaaS,Google,Static,2026-08-29,yes
ADV-312,Media and publishing,Google,Video,2026-06-16,no
ADV-159,Retail and ecommerce,Meta,Video,2026-07-20,no
ADV-248,Media and publishing,Google,Carousel,2026-08-02,no
ADV-545,Technology and SaaS,Google,Video,2026-09-02,yes
ADV-159,Technology and SaaS,Meta,Carousel,2026-05-29,yes
ADV-248,Technology and SaaS,Google,Video,2026-07-11,yes
ADV-429,Education,Meta,Video,2026-06-02,yes
ADV-248,Energy,Meta,Static,2026-05-18,yes
ADV-159,Public sector,Meta,Carousel,2026-05-27,yes
ADV-835,Energy,Meta,Video,2026-06-25,no
ADV-248,Technology and SaaS,Google,Video,2026-07-15,yes
ADV-944,Technology and SaaS,Google,Video,2026-05-17,no
ADV-835,Technology and SaaS,Meta,Video,2026-09-04,yes
ADV-248,Retail and ecommerce,Google,Video,2026-06-06,yes
ADV-159,Public sector,Meta,Video,2026-08-30,no
ADV-835,Energy,Google,Carousel,2026-07-08,no
ADV-248,Retail and ecommerce,Google,Video,2026-09-09,yes
ADV-944,Public sector,Meta,Video,2026-09-03,yes
ADV-429,Media and publishing,Meta,Video,2026-06-03,yes
ADV-248,Media and publishing,Meta,Static,2026-08-16,no
ADV-159,Technology and SaaS,Meta,Carousel,2026-06-14,no
ADV-944,Energy,Google,Video,2026-08-05,yes
ADV-545,Energy,Google,Video,2026-09-09,yes
ADV-159,Media and publishing,Meta,Static,2026-08-18,yes
ADV-248,Technology and SaaS,Meta,Carousel,2026-07-17,no
ADV-312,Retail and ecommerce,Meta,Carousel,2026-05-30,no
ADV-944,Public sector,Google,Carousel,2026-06-26,no
ADV-429,Technology and SaaS,Meta,Carousel,2026-08-06,no
ADV-172,Technology and SaaS,Google,Video,2026-08-06,no
ADV-159,Media and publishing,Meta,Video,2026-08-30,yes
ADV-835,Technology and SaaS,Meta,Carousel,2026-08-28,yes
ADV-159,Retail and ecommerce,Meta,Carousel,2026-09-07,yes
ADV-429,Technology and SaaS,Google,Video,2026-07-10,no
ADV-159,Retail and ecommerce,Meta,Video,2026-06-19,no
ADV-944,Technology and SaaS,Google,Video,2026-06-30,yes
ADV-429,Media and publishing,Google,Carousel,2026-07-05,yes
ADV-429,Public sector,Google,Carousel,2026-09-07,yes
ADV-159,Retail and ecommerce,Google,Video,2026-09-07,no
ADV-159,Energy,Google,Video,2026-07-23,no
ADV-944,Retail and ecommerce,Google,Video,2026-08-04,yes
ADV-944,Media and publishing,Google,Video,2026-09-06,yes
ADV-172,Energy,Google,Static,2026-05-26,no
ADV-159,Retail and ecommerce,Meta,Carousel,2026-06-26,yes
ADV-159,Media and publishing,Google,Video,2026-07-03,no
ADV-172,Media and publishing,Meta,Carousel,2026-08-02,yes
ADV-172,Education,Meta,Carousel,2026-05-22,no
ADV-159,Public sector,Google,Video,2026-08-01,no
ADV-835,Technology and SaaS,Google,Video,2026-07-07,yes
ADV-172,Media and publishing,Meta,Static,2026-09-08,yes
ADV-545,Public sector,Google,Video,2026-07-21,no
ADV-835,Education,Meta,Video,2026-07-19,no
ADV-159,Retail and ecommerce,Google,Video,2026-05-27,no
ADV-429,Technology and SaaS,Meta,Video,2026-07-16,yes
ADV-172,Education,Meta,Video,2026-07-10,no
ADV-545,Media and publishing,Google,Static,2026-06-06,yes
ADV-545,Media and publishing,Google,Video,2026-09-08,yes
ADV-545,Public sector,Meta,Video,2026-06-02,no
ADV-545,Public sector,Meta,Carousel,2026-06-05,no
ADV-159,Retail and ecommerce,Meta,Carousel,2026-05-21,no
ADV-172,Media and publishing,Google,Video,2026-07-15,no
ADV-312,Retail and ecommerce,Google,Video,2026-08-04,yes
ADV-944,Media and publishing,Google,Carousel,2026-07-19,no
ADV-944,Technology and SaaS,Google,Video,2026-09-09,no
ADV-545,Public sector,Google,Carousel,2026-06-24,yes
ADV-835,Energy,Google,Video,2026-07-15,yes
ADV-172,Retail and ecommerce,Google,Video,2026-08-13,yes
ADV-944,Education,Meta,Video,2026-06-05,yes
ADV-944,Education,Meta,Video,2026-06-14,no
ADV-545,Technology and SaaS,Google,Carousel,2026-07-30,no
ADV-944,Technology and SaaS,Meta,Video,2026-06-26,no
ADV-159,Public sector,Meta,Carousel,2026-08-24,yes
ADV-545,Technology and SaaS,Meta,Video,2026-06-28,no
ADV-835,Technology and SaaS,Meta,Carousel,2026-06-04,no
ADV-429,Energy,Google,Video,2026-07-06,no
ADV-835,Education,Google,Carousel,2026-09-09,no
ADV-545,Technology and SaaS,Meta,Carousel,2026-06-14,yes
ADV-835,Energy,Meta,Video,2026-07-29,yes
ADV-312,Media and publishing,Meta,Carousel,2026-08-29,no
ADV-545,Technology and SaaS,Meta,Carousel,2026-08-31,no
ADV-172,Energy,Google,Video,2026-07-25,yes
ADV-429,Public sector,Meta,Video,2026-06-24,no
ADV-835,Technology and SaaS,Google,Static,2026-05-16,no
ADV-944,Technology and SaaS,Google,Carousel,2026-07-26,no
ADV-312,Media and publishing,Meta,Carousel,2026-05-19,yes
ADV-172,Public sector,Meta,Static,2026-09-04,no
ADV-172,Public sector,Google,Static,2026-08-23,no
ADV-944,Technology and SaaS,Meta,Video,2026-07-26,yes
ADV-545,Energy,Meta,Static,2026-06-27,no
ADV-312,Technology and SaaS,Google,Video,2026-08-04,yes
ADV-835,Public sector,Google,Carousel,2026-07-27,no
ADV-312,Education,Google,Static,2026-08-15,no
ADV-545,Public sector,Meta,Static,2026-05-26,yes
ADV-429,Energy,Meta,Video,2026-09-02,yes
ADV-248,Public sector,Meta,Carousel,2026-07-26,yes
ADV-944,Energy,Google,Video,2026-08-02,yes
ADV-835,Technology and SaaS,Meta,Video,2026-07-16,yes
ADV-159,Education,Meta,Video,2026-05-31,yes
ADV-312,Technology and SaaS,Meta,Carousel,2026-07-08,no
ADV-159,Technology and SaaS,Google,Video,2026-08-17,yes
ADV-159,Energy,Google,Carousel,2026-08-07,yes
ADV-429,Education,Meta,Carousel,2026-06-19,no
ADV-248,Energy,Meta,Carousel,2026-09-02,yes
ADV-944,Technology and SaaS,Meta,Carousel,2026-06-27,no
ADV-248,Media and publishing,Meta,Carousel,2026-05-20,no
ADV-248,Technology and SaaS,Google,Video,2026-08-03,no
ADV-545,Retail and ecommerce,Meta,Video,2026-08-20,yes
ADV-944,Energy,Meta,Video,2026-05-19,yes
ADV-248,Media and publishing,Meta,Carousel,2026-07-22,yes
ADV-248,Retail and ecommerce,Google,Static,2026-07-01,no
ADV-312,Media and publishing,Meta,Video,2026-07-10,yes
ADV-944,Media and publishing,Google,Carousel,2026-08-14,yes
ADV-159,Education,Meta,Video,2026-05-22,no
ADV-172,Media and publishing,Google,Video,2026-06-13,yes
ADV-312,Retail and ecommerce,Google,Carousel,2026-07-30,no
ADV-944,Public sector,Meta,Video,2026-06-24,yes
ADV-159,Public sector,Meta,Carousel,2026-07-03,yes
ADV-159,Technology and SaaS,Meta,Video,2026-06-24,yes
ADV-172,Media and publishing,Meta,Carousel,2026-06-19,yes
ADV-248,Education,Meta,Video,2026-07-25,yes
ADV-172,Education,Google,Carousel,2026-05-22,yes
ADV-944,Public sector,Google,Carousel,2026-08-14,no
ADV-248,Public sector,Google,Video,2026-05-18,no
ADV-429,Technology and SaaS,Google,Video,2026-09-06,yes
ADV-312,Media and publishing,Google,Carousel,2026-08-30,yes
ADV-944,Education,Google,Video,2026-08-19,no
ADV-159,Media and publishing,Google,Video,2026-05-28,no
ADV-545,Technology and SaaS,Meta,Carousel,2026-07-20,no
ADV-172,Public sector,Meta,Video,2026-07-25,yes
ADV-248,Technology and SaaS,Google,Carousel,2026-08-16,yes
ADV-545,Technology and SaaS,Meta,Video,2026-09-02,yes
ADV-944,Technology and SaaS,Meta,Video,2026-07-30,yes
ADV-944,Technology and SaaS,Meta,Video,2026-07-24,no
ADV-545,Public sector,Google,Carousel,2026-08-19,no
ADV-312,Technology and SaaS,Google,Carousel,2026-09-07,no
ADV-429,Technology and SaaS,Google,Video,2026-07-14,yes
ADV-159,Energy,Google,Video,2026-08-01,yes
ADV-159,Media and publishing,Meta,Static,2026-09-07,no
ADV-172,Technology and SaaS,Google,Video,2026-07-30,yes
ADV-835,Technology and SaaS,Google,Carousel,2026-07-27,yes
ADV-159,Media and publishing,Meta,Carousel,2026-06-10,yes
ADV-835,Retail and ecommerce,Meta,Carousel,2026-06-06,yes
ADV-545,Energy,Meta,Carousel,2026-08-07,yes
ADV-172,Education,Meta,Video,2026-05-23,no
ADV-312,Media and publishing,Google,Video,2026-06-14,no
ADV-172,Technology and SaaS,Meta,Carousel,2026-07-29,no
ADV-248,Technology and SaaS,Meta,Video,2026-06-17,no
ADV-172,Technology and SaaS,Meta,Video,2026-06-13,yes
ADV-429,Media and publishing,Google,Carousel,2026-08-04,no
ADV-545,Retail and ecommerce,Google,Carousel,2026-07-16,yes
ADV-944,Media and publishing,Meta,Carousel,2026-07-24,no
ADV-944,Technology and SaaS,Meta,Video,2026-08-04,yes
ADV-172,Technology and SaaS,Meta,Static,2026-08-23,no
ADV-159,Media and publishing,Google,Carousel,2026-06-27,no
ADV-835,Education,Meta,Carousel,2026-07-08,no
ADV-944,Education,Meta,Carousel,2026-06-03,yes
ADV-248,Education,Meta,Carousel,2026-08-16,yes
ADV-545,Energy,Google,Video,2026-08-28,yes
ADV-172,Media and publishing,Meta,Video,2026-07-26,yes
ADV-944,Public sector,Google,Video,2026-07-20,no
ADV-429,Public sector,Meta,Video,2026-09-02,yes
ADV-429,Technology and SaaS,Google,Static,2026-07-23,yes
ADV-545,Energy,Google,Video,2026-08-20,no
ADV-172,Technology and SaaS,Google,Carousel,2026-07-16,yes
ADV-172,Technology and SaaS,Meta,Video,2026-08-08,no
ADV-172,Retail and ecommerce,Google,Video,2026-08-17,yes
ADV-545,Media and publishing,Google,Video,2026-09-05,yes
ADV-835,Energy,Google,Video,2026-06-18,yes
ADV-248,Public sector,Meta,Carousel,2026-06-28,yes
ADV-429,Education,Meta,Video,2026-08-30,yes
ADV-944,Media and publishing,Meta,Video,2026-06-05,no
ADV-944,Technology and SaaS,Google,Video,2026-07-26,yes
ADV-944,Public sector,Google,Carousel,2026-07-24,no
ADV-172,Media and publishing,Meta,Static,2026-07-15,no
ADV-248,Public sector,Meta,Video,2026-09-11,yes
ADV-944,Education,Meta,Carousel,2026-06-29,no
ADV-429,Public sector,Meta,Video,2026-06-17,yes
ADV-248,Energy,Meta,Video,2026-08-18,no
ADV-248,Public sector,Meta,Static,2026-08-14,yes
ADV-159,Education,Google,Video,2026-09-04,no
ADV-312,Technology and SaaS,Google,Static,2026-08-02,yes
ADV-312,Technology and SaaS,Meta,Carousel,2026-08-05,yes
ADV-248,Public sector,Google,Video,2026-07-21,yes
ADV-172,Education,Google,Video,2026-09-04,yes
ADV-248,Media and publishing,Google,Carousel,2026-08-11,yes
ADV-429,Media and publishing,Google,Carousel,2026-09-04,yes
ADV-835,Technology and SaaS,Google,Video,2026-08-23,yes
ADV-312,Public sector,Meta,Carousel,2026-07-12,no
ADV-172,Media and publishing,Meta,Carousel,2026-07-21,no
ADV-944,Media and publishing,Google,Video,2026-06-16,yes
ADV-835,Public sector,Meta,Video,2026-08-02,yes
ADV-248,Media and publishing,Meta,Video,2026-07-03,no
ADV-172,Public sector,Meta,Video,2026-07-12,yes
ADV-835,Retail and ecommerce,Google,Video,2026-05-27,yes
ADV-312,Technology and SaaS,Google,Video,2026-07-07,yes
ADV-944,Retail and ecommerce,Meta,Video,2026-07-20,no
ADV-312,Energy,Meta,Carousel,2026-07-18,no
ADV-248,Energy,Google,Static,2026-06-26,no
ADV-312,Public sector,Google,Carousel,2026-06-14,no
ADV-312,Education,Meta,Video,2026-05-26,yes
ADV-545,Public sector,Google,Video,2026-08-23,no
ADV-312,Retail and ecommerce,Meta,Video,2026-05-19,no
ADV-159,Energy,Meta,Video,2026-06-24,yes
ADV-159,Public sector,Google,Carousel,2026-06-26,no
ADV-312,Media and publishing,Meta,Video,2026-08-08,no
ADV-429,Public sector,Google,Video,2026-06-28,no
ADV-312,Technology and SaaS,Google,Video,2026-08-30,yes
ADV-429,Technology and SaaS,Google,Carousel,2026-07-16,no
ADV-312,Education,Meta,Video,2026-09-05,no
ADV-429,Energy,Meta,Video,2026-08-27,yes
ADV-835,Media and publishing,Google,Carousel,2026-07-06,yes
ADV-248,Retail and ecommerce,Google,Carousel,2026-08-17,no
ADV-835,Public sector,Meta,Video,2026-07-15,no
ADV-944,Media and publishing,Google,Carousel,2026-08-14,no
ADV-172,Education,Google,Video,2026-07-01,no
ADV-172,Retail and ecommerce,Meta,Static,2026-05-31,no
ADV-159,Technology and SaaS,Meta,Carousel,2026-06-28,no
ADV-429,Technology and SaaS,Meta,Carousel,2026-07-21,yes
ADV-248,Education,Meta,Carousel,2026-07-30,yes
ADV-159,Energy,Meta,Video,2026-06-01,no
ADV-944,Public sector,Google,Video,2026-06-11,yes
ADV-312,Retail and ecommerce,Meta,Carousel,2026-05-30,yes
ADV-159,Retail and ecommerce,Google,Video,2026-05-30,yes
ADV-159,Technology and SaaS,Google,Video,2026-08-15,yes
ADV-944,Media and publishing,Meta,Carousel,2026-09-08,yes
ADV-835,Education,Google,Video,2026-08-12,yes
ADV-159,Media and publishing,Google,Video,2026-09-03,no
ADV-835,Media and publishing,Meta,Carousel,2026-05-22,yes
ADV-944,Energy,Google,Static,2026-09-01,no
ADV-944,Public sector,Google,Video,2026-06-05,yes
ADV-835,Retail and ecommerce,Google,Static,2026-08-17,yes
ADV-545,Public sector,Meta,Carousel,2026-06-19,yes
ADV-835,Media and publishing,Meta,Carousel,2026-09-08,no
ADV-172,Public sector,Google,Carousel,2026-06-10,no
ADV-835,Technology and SaaS,Meta,Video,2026-06-10,yes
ADV-944,Retail and ecommerce,Google,Carousel,2026-07-11,no
ADV-545,Media and publishing,Google,Video,2026-07-10,no
ADV-545,Energy,Meta,Video,2026-06-10,no
ADV-545,Education,Meta,Carousel,2026-07-12,yes
ADV-545,Media and publishing,Meta,Video,2026-06-26,no
ADV-159,Public sector,Google,Carousel,2026-07-08,no
ADV-248,Technology and SaaS,Meta,Carousel,2026-06-22,yes
ADV-545,Technology and SaaS,Google,Carousel,2026-08-20,no
ADV-944,Technology and SaaS,Meta,Carousel,2026-08-13,no
ADV-429,Technology and SaaS,Google,Video,2026-06-06,no
ADV-944,Retail and ecommerce,Google,Video,2026-09-11,yes
ADV-159,Education,Google,Carousel,2026-05-19,no
ADV-944,Energy,Google,Carousel,2026-06-23,yes
ADV-159,Technology and SaaS,Meta,Video,2026-08-29,yes
ADV-248,Education,Google,Carousel,2026-06-26,no
ADV-248,Retail and ecommerce,Google,Video,2026-08-12,yes
ADV-172,Media and publishing,Meta,Carousel,2026-06-11,no
ADV-172,Technology and SaaS,Meta,Video,2026-06-26,no
ADV-835,Education,Meta,Video,2026-07-25,yes
ADV-835,Media and publishing,Google,Video,2026-08-31,yes
ADV-545,Technology and SaaS,Google,Video,2026-06-27,yes
ADV-545,Public sector,Meta,Carousel,2026-08-06,yes
ADV-835,Technology and SaaS,Google,Static,2026-07-18,no
ADV-835,Technology and SaaS,Meta,Video,2026-07-20,yes
ADV-312,Media and publishing,Google,Video,2026-08-27,no
ADV-172,Technology and SaaS,Meta,Video,2026-07-29,yes
ADV-248,Energy,Google,Carousel,2026-06-28,no
ADV-312,Technology and SaaS,Google,Carousel,2026-05-23,no
ADV-172,Public sector,Meta,Video,2026-07-10,no
ADV-944,Technology and SaaS,Google,Static,2026-07-03,no
ADV-172,Media and publishing,Google,Video,2026-07-10,no
ADV-172,Retail and ecommerce,Meta,Carousel,2026-08-26,no
ADV-944,Education,Meta,Video,2026-08-09,no
ADV-159,Education,Google,Video,2026-08-12,no
ADV-248,Education,Google,Carousel,2026-06-08,yes
ADV-248,Media and publishing,Google,Video,2026-07-06,no
ADV-248,Technology and SaaS,Meta,Carousel,2026-06-20,no
ADV-429,Public sector,Meta,Video,2026-09-08,yes
ADV-545,Technology and SaaS,Google,Video,2026-08-21,no
ADV-429,Public sector,Google,Video,2026-08-06,no
ADV-159,Media and publishing,Meta,Video,2026-05-20,no
ADV-248,Technology and SaaS,Google,Video,2026-08-20,yes
ADV-312,Public sector,Google,Static,2026-08-23,no
ADV-248,Media and publishing,Google,Video,2026-06-11,no
ADV-944,Technology and SaaS,Google,Carousel,2026-08-14,yes
ADV-545,Technology and SaaS,Google,Static,2026-07-04,yes
ADV-172,Retail and ecommerce,Google,Video,2026-08-12,no
ADV-312,Media and publishing,Meta,Static,2026-08-06,yes
ADV-545,Technology and SaaS,Google,Video,2026-08-15,yes
ADV-944,Media and publishing,Meta,Video,2026-08-27,yes
ADV-312,Media and publishing,Google,Carousel,2026-07-14,yes
ADV-159,Energy,Meta,Video,2026-06-11,no
ADV-835,Education,Google,Video,2026-06-25,yes
ADV-312,Technology and SaaS,Meta,Carousel,2026-08-30,no
ADV-429,Education,Meta,Static,2026-09-06,yes
ADV-835,Media and publishing,Meta,Carousel,2026-09-06,yes
ADV-248,Media and publishing,Meta,Video,2026-09-03,yes
ADV-944,Public sector,Google,Carousel,2026-05-17,yes
ADV-248,Media and publishing,Google,Carousel,2026-06-05,yes
ADV-159,Technology and SaaS,Google,Video,2026-07-27,yes
ADV-835,Education,Meta,Video,2026-06-18,no
ADV-159,Media and publishing,Google,Carousel,2026-06-03,no
ADV-248,Technology and SaaS,Meta,Video,2026-08-02,no
ADV-312,Education,Meta,Carousel,2026-05-18,yes
ADV-159,Technology and SaaS,Meta,Carousel,2026-07-13,yes
ADV-545,Education,Meta,Carousel,2026-07-22,yes
ADV-159,Technology and SaaS,Meta,Carousel,2026-08-15,yes
ADV-248,Technology and SaaS,Meta,Video,2026-08-18,no
ADV-312,Technology and SaaS,Meta,Carousel,2026-06-19,yes
ADV-248,Media and publishing,Meta,Video,2026-06-24,yes
ADV-248,Media and publishing,Meta,Video,2026-06-14,no
ADV-944,Technology and SaaS,Google,Static,2026-07-22,yes
ADV-172,Technology and SaaS,Meta,Video,2026-07-25,no
ADV-429,Media and publishing,Google,Video,2026-07-18,no
ADV-835,Energy,Meta,Video,2026-05-30,yes
ADV-429,Education,Google,Video,2026-06-21,no
ADV-835,Energy,Meta,Static,2026-06-25,yes
ADV-159,Media and publishing,Google,Video,2026-06-14,no
ADV-944,Technology and SaaS,Meta,Carousel,2026-07-31,no
ADV-944,Media and publishing,Google,Static,2026-07-12,no
ADV-944,Retail and ecommerce,Meta,Video,2026-07-18,no
ADV-172,Media and publishing,Meta,Video,2026-08-20,no
ADV-159,Public sector,Meta,Video,2026-06-17,yes
ADV-545,Media and publishing,Meta,Video,2026-09-08,yes
ADV-159,Media and publishing,Google,Video,2026-09-09,yes
ADV-835,Public sector,Meta,Carousel,2026-06-29,no
ADV-248,Technology and SaaS,Meta,Video,2026-08-31,yes
ADV-172,Media and publishing,Google,Carousel,2026-05-21,no
ADV-944,Education,Meta,Static,2026-08-21,yes
ADV-248,Public sector,Google,Carousel,2026-08-25,yes
ADV-172,Energy,Meta,Carousel,2026-08-01,yes
ADV-944,Technology and SaaS,Google,Video,2026-05-17,no
ADV-944,Education,Meta,Carousel,2026-08-16,yes
ADV-429,Retail and ecommerce,Meta,Static,2026-05-26,no
ADV-312,Media and publishing,Google,Video,2026-07-09,no
ADV-835,Media and publishing,Google,Video,2026-06-16,yes
ADV-172,Education,Google,Static,2026-09-05,no
ADV-312,Media and publishing,Meta,Video,2026-07-24,yes
ADV-429,Technology and SaaS,Google,Video,2026-09-02,no
ADV-835,Education,Meta,Carousel,2026-07-06,yes
ADV-545,Education,Google,Video,2026-09-11,yes
ADV-248,Technology and SaaS,Meta,Video,2026-08-02,yes
ADV-248,Retail and ecommerce,Google,Video,2026-08-09,yes
ADV-172,Energy,Google,Carousel,2026-06-13,no
ADV-172,Technology and SaaS,Google,Video,2026-07-15,no
ADV-429,Energy,Google,Video,2026-06-01,no
ADV-172,Media and publishing,Meta,Carousel,2026-05-24,yes
ADV-545,Energy,Meta,Video,2026-07-20,yes
ADV-835,Education,Meta,Carousel,2026-06-28,yes
ADV-545,Technology and SaaS,Meta,Carousel,2026-06-04,yes
ADV-944,Technology and SaaS,Google,Video,2026-08-23,yes
ADV-944,Retail and ecommerce,Meta,Video,2026-09-08,no
ADV-248,Energy,Google,Carousel,2026-07-31,yes
ADV-944,Media and publishing,Meta,Video,2026-08-06,yes
ADV-944,Retail and ecommerce,Meta,Video,2026-08-16,no
ADV-835,Education,Google,Video,2026-07-15,yes
ADV-944,Media and publishing,Google,Carousel,2026-07-13,yes
ADV-835,Technology and SaaS,Meta,Carousel,2026-06-01,yes
ADV-545,Media and publishing,Meta,Carousel,2026-08-24,no
ADV-944,Retail and ecommerce,Google,Video,2026-08-15,no
ADV-944,Public sector,Google,Video,2026-07-03,no
ADV-545,Media and publishing,Meta,Video,2026-06-14,no
ADV-248,Technology and SaaS,Meta,Video,2026-05-29,no
ADV-159,Retail and ecommerce,Google,Carousel,2026-07-04,yes
ADV-944,Technology and SaaS,Meta,Video,2026-08-03,no
ADV-159,Education,Google,Carousel,2026-05-20,yes
ADV-835,Education,Meta,Static,2026-08-31,no
ADV-159,Technology and SaaS,Google,Video,2026-06-08,yes
ADV-172,Media and publishing,Google,Carousel,2026-07-03,yes
ADV-429,Media and publishing,Google,Carousel,2026-06-12,yes
ADV-159,Education,Meta,Video,2026-05-24,no
ADV-172,Education,Meta,Video,2026-07-08,no
ADV-159,Media and publishing,Google,Carousel,2026-07-25,yes
ADV-248,Technology and SaaS,Google,Video,2026-06-24,yes
ADV-172,Retail and ecommerce,Google,Carousel,2026-07-30,yes
ADV-944,Technology and SaaS,Google,Carousel,2026-08-24,no
ADV-944,Education,Meta,Carousel,2026-08-11,no
ADV-429,Technology and SaaS,Google,Video,2026-07-22,yes
ADV-835,Energy,Google,Video,2026-07-22,no
ADV-248,Technology and SaaS,Meta,Video,2026-07-08,yes
ADV-172,Energy,Google,Static,2026-09-08,no
ADV-835,Technology and SaaS,Google,Video,2026-07-10,yes
ADV-429,Public sector,Meta,Video,2026-07-17,no
ADV-248,Public sector,Meta,Video,2026-05-26,yes
ADV-835,Media and publishing,Meta,Carousel,2026-06-12,no
ADV-159,Education,Meta,Carousel,2026-06-05,no
ADV-172,Technology and SaaS,Meta,Static,2026-07-15,no
ADV-312,Technology and SaaS,Google,Static,2026-09-01,yes
ADV-835,Technology and SaaS,Google,Video,2026-07-16,yes
ADV-545,Public sector,Google,Video,2026-09-12,no
ADV-429,Retail and ecommerce,Meta,Video,2026-07-09,yes
ADV-429,Media and publishing,Meta,Video,2026-06-13,yes
ADV-172,Education,Google,Video,2026-09-09,no
ADV-944,Retail and ecommerce,Meta,Carousel,2026-08-05,yes
ADV-248,Technology and SaaS,Meta,Video,2026-07-17,no
ADV-312,Media and publishing,Google,Carousel,2026-06-16,yes
ADV-835,Media and publishing,Meta,Video,2026-07-24,yes
ADV-172,Retail and ecommerce,Meta,Static,2026-07-24,no
ADV-159,Public sector,Meta,Video,2026-05-28,yes
ADV-248,Technology and SaaS,Meta,Video,2026-07-24,yes
ADV-835,Technology and SaaS,Meta,Video,2026-08-17,no
ADV-944,Retail and ecommerce,Google,Video,2026-07-06,no
ADV-429,Education,Meta,Carousel,2026-08-08,no
ADV-835,Technology and SaaS,Google,Video,2026-08-30,no
ADV-312,Energy,Meta,Carousel,2026-07-15,yes
ADV-944,Education,Meta,Video,2026-08-07,no
ADV-545,Technology and SaaS,Google,Video,2026-08-18,no
ADV-248,Media and publishing,Google,Video,2026-09-09,no
ADV-944,Technology and SaaS,Meta,Carousel,2026-07-28,no
ADV-159,Public sector,Google,Video,2026-08-13,no
ADV-248,Energy,Meta,Video,2026-08-03,no
ADV-944,Energy,Meta,Carousel,2026-08-30,no
ADV-312,Education,Meta,Video,2026-08-24,no
ADV-159,Media and publishing,Meta,Carousel,2026-08-11,no
ADV-545,Technology and SaaS,Meta,Carousel,2026-06-02,no
ADV-312,Technology and SaaS,Meta,Video,2026-08-16,no
ADV-545,Media and publishing,Meta,Carousel,2026-06-06,no
ADV-248,Public sector,Google,Carousel,2026-07-14,yes
ADV-944,Media and publishing,Meta,Video,2026-08-20,no
ADV-248,Energy,Google,Video,2026-06-05,yes
ADV-545,Media and publishing,Google,Video,2026-07-23,yes
ADV-159,Education,Meta,Video,2026-07-08,no
ADV-835,Energy,Meta,Video,2026-05-22,no
ADV-944,Retail and ecommerce,Google,Carousel,2026-06-02,no
ADV-429,Retail and ecommerce,Google,Carousel,2026-06-05,yes
ADV-312,Technology and SaaS,Meta,Video,2026-07-05,no
ADV-429,Technology and SaaS,Google,Carousel,2026-08-01,yes
ADV-159,Technology and SaaS,Meta,Video,2026-07-26,yes
ADV-545,Retail and ecommerce,Meta,Carousel,2026-05-30,no
ADV-248,Technology and SaaS,Google,Carousel,2026-06-17,yes
ADV-172,Media and publishing,Meta,Video,2026-05-23,no
ADV-159,Technology and SaaS,Google,Carousel,2026-06-10,yes
ADV-944,Media and publishing,Google,Carousel,2026-07-29,yes
ADV-159,Technology and SaaS,Meta,Video,2026-06-15,yes
ADV-248,Public sector,Meta,Carousel,2026-07-17,no
ADV-429,Energy,Meta,Carousel,2026-08-15,no
ADV-944,Public sector,Google,Video,2026-06-02,no
ADV-159,Education,Meta,Video,2026-08-16,no
ADV-159,Media and publishing,Google,Carousel,2026-06-18,yes
ADV-172,Media and publishing,Meta,Video,2026-06-06,yes
ADV-312,Media and publishing,Meta,Carousel,2026-08-08,no
ADV-172,Media and publishing,Google,Video,2026-07-28,no
ADV-312,Retail and ecommerce,Google,Video,2026-06-07,yes
ADV-159,Public sector,Google,Carousel,2026-05-17,no
ADV-429,Technology and SaaS,Google,Static,2026-07-04,yes
ADV-172,Public sector,Google,Video,2026-05-31,yes
ADV-248,Technology and SaaS,Google,Video,2026-08-31,no
ADV-159,Education,Google,Video,2026-08-18,no
ADV-835,Energy,Meta,Carousel,2026-07-14,yes
ADV-429,Technology and SaaS,Google,Static,2026-06-30,no
ADV-944,Media and publishing,Google,Carousel,2026-05-29,no
ADV-429,Energy,Meta,Static,2026-08-06,no
ADV-172,Media and publishing,Google,Video,2026-06-29,no
ADV-159,Media and publishing,Google,Video,2026-08-10,no
ADV-545,Public sector,Google,Video,2026-07-07,no
ADV-248,Retail and ecommerce,Google,Static,2026-06-24,no
ADV-312,Public sector,Meta,Video,2026-08-27,no
ADV-835,Media and publishing,Google,Carousel,2026-08-24,yes
ADV-944,Energy,Google,Video,2026-06-08,no
ADV-835,Media and publishing,Meta,Carousel,2026-08-12,no
ADV-159,Media and publishing,Meta,Video,2026-07-21,no
ADV-944,Energy,Google,Video,2026-06-11,yes
ADV-248,Education,Google,Carousel,2026-09-12,no
ADV-944,Education,Google,Video,2026-08-24,no
ADV-159,Technology and SaaS,Google,Video,2026-07-25,yes
ADV-312,Retail and ecommerce,Meta,Video,2026-05-19,yes
ADV-429,Media and publishing,Meta,Carousel,2026-06-15,no
ADV-429,Technology and SaaS,Google,Video,2026-07-12,no
ADV-429,Technology and SaaS,Meta,Video,2026-08-24,yes
ADV-172,Media and publishing,Meta,Video,2026-06-04,no
ADV-172,Education,Meta,Video,2026-06-07,no
ADV-429,Public sector,Meta,Carousel,2026-07-13,no
ADV-172,Media and publishing,Meta,Carousel,2026-06-16,no
ADV-944,Retail and ecommerce,Meta,Carousel,2026-07-20,no
ADV-944,Technology and SaaS,Google,Video,2026-08-07,yes
ADV-944,Technology and SaaS,Meta,Video,2026-09-04,no
ADV-159,Technology and SaaS,Google,Carousel,2026-05-29,yes
ADV-248,Public sector,Meta,Video,2026-08-12,yes
ADV-248,Technology and SaaS,Meta,Video,2026-09-06,no
ADV-944,Retail and ecommerce,Meta,Static,2026-08-07,yes
ADV-312,Education,Google,Carousel,2026-07-23,yes
ADV-159,Energy,Google,Carousel,2026-08-13,yes
ADV-248,Technology and SaaS,Google,Video,2026-08-10,yes
ADV-835,Retail and ecommerce,Google,Video,2026-08-11,yes
ADV-248,Public sector,Meta,Carousel,2026-06-22,yes
ADV-944,Education,Meta,Carousel,2026-07-30,no
ADV-159,Retail and ecommerce,Google,Video,2026-06-13,yes
ADV-312,Education,Meta,Video,2026-08-17,no
ADV-545,Media and publishing,Meta,Static,2026-07-27,no
ADV-159,Education,Google,Video,2026-08-08,no
ADV-835,Technology and SaaS,Meta,Video,2026-08-08,no
ADV-312,Education,Meta,Video,2026-06-23,no
ADV-835,Public sector,Google,Carousel,2026-08-10,no
ADV-835,Technology and SaaS,Google,Carousel,2026-08-14,yes
ADV-835,Media and publishing,Google,Video,2026-08-01,no
ADV-248,Public sector,Google,Video,2026-06-28,no
ADV-159,Education,Google,Static,2026-08-15,yes
ADV-172,Media and publishing,Google,Video,2026-05-24,no
ADV-159,Public sector,Google,Static,2026-08-22,no
ADV-159,Education,Meta,Video,2026-05-22,no
ADV-944,Media and publishing,Meta,Video,2026-09-12,yes
ADV-944,Technology and SaaS,Google,Carousel,2026-09-07,yes
ADV-172,Technology and SaaS,Meta,Video,2026-09-04,yes
ADV-429,Energy,Google,Carousel,2026-07-29,yes
ADV-172,Media and publishing,Google,Carousel,2026-08-13,yes
ADV-545,Technology and SaaS,Google,Video,2026-09-05,yes
ADV-944,Technology and SaaS,Meta,Video,2026-08-15,no
ADV-835,Energy,Google,Static,2026-07-24,yes
ADV-312,Public sector,Meta,Video,2026-06-10,yes
ADV-159,Public sector,Google,Carousel,2026-07-13,no
ADV-248,Public sector,Meta,Video,2026-09-06,no
ADV-248,Media and publishing,Meta,Carousel,2026-05-21,no
ADV-159,Technology and SaaS,Meta,Carousel,2026-07-11,no
ADV-944,Technology and SaaS,Google,Carousel,2026-07-21,no
ADV-172,Energy,Meta,Video,2026-06-07,yes
ADV-835,Media and publishing,Meta,Video,2026-07-07,no
ADV-944,Technology and SaaS,Meta,Carousel,2026-06-29,no
ADV-429,Media and publishing,Google,Video,2026-06-09,no
ADV-944,Energy,Google,Video,2026-08-24,yes
ADV-944,Technology and SaaS,Google,Carousel,2026-07-26,yes
ADV-429,Public sector,Meta,Video,2026-08-28,no
ADV-248,Technology and SaaS,Google,Video,2026-08-13,yes
ADV-172,Energy,Meta,Video,2026-09-08,yes
ADV-248,Retail and ecommerce,Meta,Carousel,2026-08-07,no
ADV-944,Public sector,Meta,Video,2026-05-29,no
ADV-545,Retail and ecommerce,Meta,Video,2026-09-06,no
ADV-248,Technology and SaaS,Google,Video,2026-07-18,yes
ADV-159,Education,Meta,Carousel,2026-05-22,no
ADV-159,Media and publishing,Meta,Video,2026-06-02,yes
ADV-429,Technology and SaaS,Meta,Carousel,2026-06-10,no
ADV-835,Energy,Google,Video,2026-07-20,yes
ADV-248,Education,Meta,Carousel,2026-06-15,no
ADV-248,Retail and ecommerce,Google,Carousel,2026-06-08,yes
ADV-248,Education,Meta,Carousel,2026-07-06,yes
ADV-944,Retail and ecommerce,Google,Video,2026-06-29,yes
ADV-944,Public sector,Meta,Carousel,2026-08-29,no
ADV-545,Education,Google,Video,2026-07-27,no
ADV-172,Technology and SaaS,Google,Carousel,2026-05-31,yes
ADV-835,Technology and SaaS,Google,Video,2026-07-31,yes
ADV-944,Technology and SaaS,Google,Carousel,2026-07-15,no
ADV-248,Media and publishing,Meta,Carousel,2026-08-01,yes
ADV-835,Retail and ecommerce,Google,Video,2026-09-01,no
ADV-429,Public sector,Google,Carousel,2026-07-03,no
ADV-429,Public sector,Google,Carousel,2026-07-02,no
ADV-944,Energy,Google,Video,2026-06-26,yes
ADV-248,Media and publishing,Google,Carousel,2026-09-02,yes
ADV-545,Technology and SaaS,Meta,Video,2026-05-17,yes
ADV-248,Technology and SaaS,Google,Video,2026-09-07,no
ADV-172,Technology and SaaS,Google,Video,2026-05-31,yes
ADV-429,Public sector,Meta,Video,2026-07-19,yes
ADV-429,Retail and ecommerce,Meta,Carousel,2026-06-30,yes
ADV-944,Public sector,Meta,Video,2026-08-23,no
ADV-429,Energy,Google,Carousel,2026-08-25,yes
ADV-248,Media and publishing,Google,Carousel,2026-06-17,no
ADV-835,Media and publishing,Google,Video,2026-06-22,no
ADV-248,Technology and SaaS,Google,Video,2026-06-20,no
ADV-545,Public sector,Meta,Static,2026-09-03,no
ADV-835,Education,Google,Video,2026-06-27,no
ADV-248,Education,Meta,Carousel,2026-08-08,no
ADV-312,Technology and SaaS,Meta,Static,2026-08-18,yes
ADV-944,Technology and SaaS,Meta,Static,2026-05-25,yes
ADV-835,Technology and SaaS,Meta,Carousel,2026-05-20,no
ADV-312,Education,Google,Video,2026-08-24,no
ADV-545,Energy,Meta,Video,2026-08-23,no
ADV-944,Public sector,Meta,Carousel,2026-07-16,no
ADV-835,Energy,Google,Video,2026-06-29,yes
ADV-172,Technology and SaaS,Google,Video,2026-07-08,no
ADV-159,Technology and SaaS,Google,Carousel,2026-05-20,no
ADV-172,Education,Meta,Carousel,2026-09-08,no
ADV-944,Energy,Google,Video,2026-07-12,no
ADV-429,Retail and ecommerce,Google,Carousel,2026-08-11,no
ADV-312,Technology and SaaS,Meta,Carousel,2026-09-11,no
ADV-545,Technology and SaaS,Meta,Carousel,2026-05-27,no
ADV-159,Technology and SaaS,Meta,Static,2026-07-01,yes
ADV-835,Media and publishing,Meta,Video,2026-08-03,no
ADV-172,Retail and ecommerce,Google,Carousel,2026-07-27,yes
ADV-545,Education,Google,Video,2026-09-06,no
ADV-312,Retail and ecommerce,Google,Video,2026-06-01,no
ADV-159,Education,Meta,Carousel,2026-06-10,yes
ADV-429,Retail and ecommerce,Meta,Video,2026-08-09,yes
ADV-545,Public sector,Google,Video,2026-07-03,no
ADV-248,Technology and SaaS,Meta,Video,2026-06-05,yes
ADV-312,Media and publishing,Google,Video,2026-07-20,no
ADV-545,Technology and SaaS,Meta,Video,2026-08-12,no
ADV-429,Technology and SaaS,Meta,Video,2026-05-21,yes
ADV-172,Technology and SaaS,Meta,Carousel,2026-08-03,no
ADV-312,Energy,Meta,Video,2026-08-01,yes
ADV-312,Media and publishing,Google,Video,2026-09-05,no
ADV-248,Media and publishing,Meta,Carousel,2026-08-19,no
ADV-429,Retail and ecommerce,Meta,Carousel,2026-05-31,no
ADV-172,Retail and ecommerce,Google,Video,2026-06-19,no
ADV-429,Media and publishing,Meta,Video,2026-05-25,no
ADV-172,Media and publishing,Meta,Carousel,2026-08-04,no
ADV-429,Education,Google,Video,2026-08-27,yes
ADV-545,Media and publishing,Meta,Carousel,2026-07-27,no
ADV-159,Education,Google,Video,2026-07-06,no
ADV-159,Technology and SaaS,Meta,Video,2026-07-20,no
ADV-944,Retail and ecommerce,Google,Carousel,2026-06-17,no
ADV-835,Technology and SaaS,Meta,Carousel,2026-09-02,yes
ADV-545,Media and publishing,Meta,Video,2026-08-06,no
ADV-248,Public sector,Google,Video,2026-05-16,no
ADV-159,Media and publishing,Google,Video,2026-07-11,no
ADV-159,Retail and ecommerce,Google,Carousel,2026-07-21,no
ADV-172,Technology and SaaS,Google,Carousel,2026-06-28,yes
ADV-835,Technology and SaaS,Meta,Carousel,2026-07-27,yes
ADV-944,Retail and ecommerce,Google,Static,2026-08-30,no
ADV-944,Energy,Meta,Video,2026-07-02,no
ADV-944,Technology and SaaS,Meta,Carousel,2026-08-28,yes
ADV-835,Energy,Google,Video,2026-09-08,yes
ADV-944,Media and publishing,Google,Carousel,2026-07-31,no
ADV-248,Education,Meta,Carousel,2026-05-29,no
ADV-248,Public sector,Google,Carousel,2026-09-03,no
ADV-159,Media and publishing,Google,Carousel,2026-06-03,no
ADV-159,Technology and SaaS,Meta,Video,2026-07-15,no
ADV-172,Technology and SaaS,Meta,Carousel,2026-08-15,no
ADV-172,Education,Google,Static,2026-07-20,yes
ADV-172,Retail and ecommerce,Google,Static,2026-07-26,no
ADV-429,Media and publishing,Meta,Static,2026-08-05,no
ADV-248,Education,Google,Video,2026-07-23,no
ADV-312,Retail and ecommerce,Meta,Carousel,2026-06-04,yes
ADV-172,Public sector,Meta,Carousel,2026-08-17,yes
ADV-429,Media and publishing,Meta,Video,2026-07-19,yes
ADV-835,Education,Meta,Carousel,2026-07-05,no
ADV-248,Public sector,Google,Carousel,2026-06-09,yes
ADV-835,Education,Meta,Static,2026-05-20,no
ADV-248,Public sector,Meta,Carousel,2026-06-29,no
ADV-312,Energy,Google,Carousel,2026-06-29,yes
ADV-429,Retail and ecommerce,Meta,Video,2026-06-18,no
ADV-429,Technology and SaaS,Google,Video,2026-05-30,no
ADV-835,Media and publishing,Google,Carousel,2026-07-20,no
ADV-248,Technology and SaaS,Google,Carousel,2026-06-13,no
ADV-429,Technology and SaaS,Google,Carousel,2026-08-21,yes
ADV-429,Retail and ecommerce,Google,Carousel,2026-06-01,yes
ADV-172,Media and publishing,Meta,Static,2026-07-13,yes
ADV-835,Media and publishing,Meta,Video,2026-07-28,no
ADV-545,Education,Google,Video,2026-08-14,yes
ADV-545,Media and publishing,Google,Carousel,2026-06-10,yes
ADV-545,Public sector,Google,Carousel,2026-09-01,no
ADV-159,Technology and SaaS,Meta,Carousel,2026-09-12,yes
ADV-545,Media and publishing,Meta,Carousel,2026-06-13,no
ADV-835,Media and publishing,Meta,Video,2026-08-12,yes
ADV-944,Public sector,Meta,Video,2026-08-12,no
ADV-172,Technology and SaaS,Google,Video,2026-05-16,no
ADV-835,Public sector,Meta,Video,2026-05-27,yes
ADV-429,Technology and SaaS,Meta,Carousel,2026-06-08,no
ADV-944,Technology and SaaS,Google,Static,2026-05-20,yes
ADV-312,Technology and SaaS,Meta,Carousel,2026-09-02,no
ADV-429,Media and publishing,Google,Video,2026-07-28,no
ADV-248,Technology and SaaS,Google,Carousel,2026-08-20,yes
ADV-835,Public sector,Meta,Video,2026-07-27,yes
ADV-172,Education,Google,Static,2026-06-16,yes
ADV-312,Media and publishing,Meta,Video,2026-08-07,no
ADV-835,Technology and SaaS,Meta,Carousel,2026-08-02,yes
ADV-835,Technology and SaaS,Google,Static,2026-08-22,yes
ADV-312,Media and publishing,Google,Video,2026-07-17,no
ADV-312,Media and publishing,Meta,Video,2026-07-18,no
ADV-429,Education,Google,Carousel,2026-08-28,no
ADV-312,Technology and SaaS,Google,Video,2026-07-08,no
ADV-835,Technology and SaaS,Meta,Video,2026-08-20,no
ADV-159,Media and publishing,Google,Video,2026-07-11,no
ADV-248,Technology and SaaS,Meta,Video,2026-07-09,yes
ADV-944,Technology and SaaS,Google,Carousel,2026-07-15,no
ADV-159,Technology and SaaS,Meta,Video,2026-06-14,no
ADV-944,Energy,Meta,Static,2026-07-26,no
ADV-429,Retail and ecommerce,Google,Carousel,2026-06-29,no
ADV-835,Public sector,Meta,Video,2026-06-25,yes
ADV-172,Technology and SaaS,Meta,Video,2026-07-29,no
ADV-944,Media and publishing,Meta,Video,2026-07-20,yes
ADV-159,Media and publishing,Meta,Carousel,2026-09-12,no
ADV-172,Retail and ecommerce,Google,Video,2026-07-03,yes
ADV-172,Technology and SaaS,Meta,Video,2026-08-29,yes
ADV-248,Energy,Google,Video,2026-06-27,yes
ADV-944,Energy,Meta,Video,2026-08-24,no
ADV-835,Public sector,Meta,Video,2026-07-26,no
ADV-248,Public sector,Google,Static,2026-05-16,no
ADV-835,Technology and SaaS,Meta,Video,2026-07-05,yes
ADV-312,Retail and ecommerce,Meta,Video,2026-07-15,no
ADV-248,Energy,Google,Video,2026-09-06,no
ADV-248,Energy,Google,Video,2026-08-18,yes
ADV-312,Media and publishing,Google,Video,2026-05-21,no
ADV-312,Media and publishing,Google,Video,2026-07-09,no
ADV-944,Education,Google,Video,2026-07-19,yes
ADV-159,Retail and ecommerce,Meta,Carousel,2026-08-24,yes
ADV-159,Media and publishing,Meta,Video,2026-05-22,yes
ADV-545,Media and publishing,Google,Carousel,2026-06-27,yes
ADV-429,Energy,Google,Carousel,2026-05-30,no
ADV-429,Education,Google,Static,2026-06-05,no
ADV-429,Education,Google,Carousel,2026-07-19,no
ADV-429,Technology and SaaS,Meta,Carousel,2026-08-04,yes
ADV-835,Retail and ecommerce,Google,Video,2026-06-17,yes
ADV-172,Media and publishing,Google,Video,2026-08-07,yes
ADV-944,Technology and SaaS,Meta,Video,2026-08-24,no
ADV-312,Technology and SaaS,Meta,Video,2026-09-03,no
ADV-545,Energy,Meta,Video,2026-08-12,yes
ADV-545,Media and publishing,Google,Video,2026-07-20,no
ADV-159,Public sector,Meta,Video,2026-05-17,yes
ADV-429,Media and publishing,Google,Carousel,2026-07-21,no
ADV-944,Media and publishing,Meta,Carousel,2026-06-06,no
ADV-248,Public sector,Google,Carousel,2026-05-18,yes
ADV-159,Technology and SaaS,Meta,Carousel,2026-08-21,no
ADV-835,Education,Google,Carousel,2026-05-19,yes
ADV-172,Media and publishing,Google,Carousel,2026-08-03,no
ADV-159,Energy,Meta,Carousel,2026-09-09,no
ADV-429,Media and publishing,Meta,Video,2026-08-07,yes
ADV-835,Technology and SaaS,Meta,Carousel,2026-08-15,no
ADV-429,Technology and SaaS,Google,Carousel,2026-07-04,yes
ADV-172,Technology and SaaS,Google,Static,2026-07-14,no
ADV-835,Public sector,Google,Static,2026-05-28,yes
ADV-312,Retail and ecommerce,Meta,Static,2026-06-08,no
ADV-944,Technology and SaaS,Google,Video,2026-07-19,no
ADV-248,Energy,Meta,Carousel,2026-06-17,no
ADV-172,Retail and ecommerce,Google,Carousel,2026-09-08,no
ADV-172,Media and publishing,Google,Carousel,2026-07-18,yes
ADV-545,Technology and SaaS,Google,Static,2026-08-21,no
ADV-159,Media and publishing,Meta,Video,2026-06-26,no
ADV-172,Media and publishing,Meta,Static,2026-06-05,no
ADV-248,Public sector,Meta,Video,2026-07-03,yes
ADV-429,Education,Meta,Static,2026-08-30,no
ADV-944,Media and publishing,Meta,Carousel,2026-07-14,yes
ADV-944,Public sector,Google,Static,2026-07-06,no
ADV-944,Retail and ecommerce,Meta,Carousel,2026-09-04,no
ADV-312,Public sector,Google,Carousel,2026-06-14,yes
ADV-172,Retail and ecommerce,Meta,Video,2026-09-10,no
ADV-248,Media and publishing,Meta,Static,2026-06-09,yes
ADV-835,Public sector,Google,Carousel,2026-09-09,no
ADV-429,Media and publishing,Google,Static,2026-09-08,yes
ADV-944,Retail and ecommerce,Meta,Video,2026-05-21,yes
ADV-159,Technology and SaaS,Meta,Carousel,2026-08-31,yes
ADV-312,Energy,Meta,Video,2026-09-09,yes
ADV-248,Public sector,Meta,Video,2026-08-17,yes
ADV-545,Public sector,Google,Carousel,2026-06-11,no
ADV-248,Technology and SaaS,Google,Video,2026-05-21,yes
ADV-944,Technology and SaaS,Google,Video,2026-08-23,yes
ADV-312,Energy,Google,Video,2026-06-25,no
ADV-172,Retail and ecommerce,Google,Carousel,2026-08-18,yes
ADV-545,Media and publishing,Meta,Video,2026-07-08,yes
ADV-159,Retail and ecommerce,Meta,Static,2026-06-02,no
ADV-944,Technology and SaaS,Google,Video,2026-07-17,yes
ADV-944,Energy,Google,Carousel,2026-09-08,no
ADV-429,Energy,Google,Video,2026-08-17,yes
ADV-944,Retail and ecommerce,Meta,Carousel,2026-08-04,yes
ADV-429,Media and publishing,Meta,Carousel,2026-08-10,yes
ADV-429,Technology and SaaS,Meta,Static,2026-09-05,no
ADV-944,Media and publishing,Google,Carousel,2026-08-06,yes
ADV-545,Energy,Google,Carousel,2026-07-09,no
ADV-159,Public sector,Meta,Video,2026-08-27,yes
ADV-429,Public sector,Google,Carousel,2026-06-20,yes
ADV-835,Media and publishing,Google,Carousel,2026-08-24,no
ADV-159,Media and publishing,Meta,Video,2026-09-10,yes
ADV-172,Education,Google,Video,2026-08-05,no
ADV-312,Technology and SaaS,Google,Video,2026-08-28,no
ADV-172,Education,Meta,Carousel,2026-07-26,yes
ADV-835,Education,Google,Video,2026-05-23,no
ADV-172,Energy,Google,Carousel,2026-08-27,yes
ADV-172,Technology and SaaS,Meta,Carousel,2026-06-20,yes
ADV-545,Retail and ecommerce,Google,Video,2026-07-24,no
ADV-835,Media and publishing,Meta,Static,2026-07-17,yes
ADV-159,Energy,Meta,Video,2026-07-10,no
ADV-545,Media and publishing,Google,Carousel,2026-07-07,yes
ADV-944,Technology and SaaS,Meta,Video,2026-08-28,yes
ADV-248,Media and publishing,Meta,Carousel,2026-05-21,no
ADV-545,Education,Google,Static,2026-06-16,no
ADV-312,Media and publishing,Meta,Video,2026-07-29,no
ADV-835,Retail and ecommerce,Google,Carousel,2026-06-10,no
ADV-429,Retail and ecommerce,Google,Video,2026-06-30,yes
ADV-159,Energy,Meta,Video,2026-07-06,no
ADV-944,Technology and SaaS,Google,Video,2026-08-02,yes
ADV-312,Energy,Google,Video,2026-06-29,yes
ADV-312,Technology and SaaS,Google,Carousel,2026-09-04,yes
ADV-172,Education,Meta,Video,2026-07-27,no
ADV-248,Retail and ecommerce,Meta,Static,2026-07-25,yes
ADV-172,Education,Meta,Video,2026-05-19,no
ADV-248,Technology and SaaS,Google,Static,2026-06-19,yes
ADV-172,Technology and SaaS,Meta,Video,2026-06-03,no
ADV-429,Media and publishing,Google,Video,2026-08-09,no
ADV-312,Retail and ecommerce,Google,Static,2026-08-13,yes
ADV-312,Public sector,Google,Video,2026-07-05,no
ADV-159,Media and publishing,Meta,Video,2026-08-20,no
ADV-545,Energy,Google,Carousel,2026-07-16,yes
ADV-835,Technology and SaaS,Meta,Carousel,2026-06-20,no
ADV-835,Energy,Meta,Video,2026-05-25,no
ADV-944,Media and publishing,Meta,Static,2026-05-26,no
ADV-172,Technology and SaaS,Google,Carousel,2026-08-15,no
ADV-545,Media and publishing,Meta,Static,2026-08-07,yes
ADV-944,Retail and ecommerce,Google,Carousel,2026-07-04,no
ADV-944,Technology and SaaS,Google,Video,2026-07-30,yes
ADV-429,Retail and ecommerce,Meta,Video,2026-08-18,yes
ADV-835,Energy,Google,Video,2026-08-13,no
ADV-159,Technology and SaaS,Google,Static,2026-08-19,no
ADV-835,Public sector,Meta,Carousel,2026-06-18,yes
ADV-248,Technology and SaaS,Meta,Video,2026-08-26,no
ADV-835,Education,Meta,Video,2026-06-28,no
ADV-248,Media and publishing,Meta,Video,2026-08-16,no
ADV-172,Technology and SaaS,Meta,Carousel,2026-09-01,no
ADV-835,Public sector,Google,Video,2026-08-01,yes
ADV-429,Education,Meta,Carousel,2026-08-23,yes
ADV-312,Technology and SaaS,Meta,Video,2026-07-06,yes
ADV-248,Technology and SaaS,Meta,Video,2026-09-12,yes
ADV-545,Education,Meta,Video,2026-07-01,yes
ADV-545,Education,Google,Video,2026-07-12,no
ADV-172,Public sector,Meta,Carousel,2026-08-06,yes
ADV-172,Media and publishing,Google,Video,2026-08-02,yes
ADV-835,Education,Meta,Carousel,2026-08-02,no
ADV-172,Technology and SaaS,Meta,Static,2026-08-10,no
ADV-248,Media and publishing,Google,Carousel,2026-08-16,no
ADV-429,Energy,Google,Carousel,2026-07-07,no
ADV-545,Public sector,Google,Carousel,2026-06-03,yes
ADV-248,Public sector,Google,Carousel,2026-06-19,yes
ADV-835,Technology and SaaS,Google,Video,2026-07-15,no
ADV-248,Education,Google,Video,2026-08-16,yes
ADV-248,Education,Google,Video,2026-08-27,no
ADV-944,Energy,Google,Video,2026-08-26,yes
ADV-312,Education,Meta,Static,2026-06-05,yes
ADV-429,Public sector,Google,Static,2026-07-23,no
ADV-312,Education,Meta,Video,2026-07-31,no
ADV-312,Energy,Meta,Carousel,2026-05-25,no
ADV-835,Public sector,Google,Carousel,2026-05-23,no
ADV-545,Public sector,Meta,Video,2026-07-20,yes
ADV-835,Retail and ecommerce,Google,Video,2026-08-26,yes
ADV-248,Retail and ecommerce,Meta,Carousel,2026-07-03,yes
ADV-172,Media and publishing,Meta,Video,2026-06-02,no
ADV-312,Media and publishing,Meta,Carousel,2026-05-21,no
ADV-429,Media and publishing,Meta,Static,2026-05-17,yes
ADV-312,Public sector,Google,Carousel,2026-07-13,no
ADV-248,Retail and ecommerce,Meta,Video,2026-08-02,yes
ADV-312,Technology and SaaS,Meta,Video,2026-07-06,yes
ADV-944,Retail and ecommerce,Google,Video,2026-05-17,no
ADV-944,Technology and SaaS,Google,Static,2026-09-10,yes
ADV-312,Energy,Google,Static,2026-08-14,yes
ADV-545,Education,Meta,Carousel,2026-07-21,yes
ADV-429,Media and publishing,Meta,Carousel,2026-07-25,no
ADV-248,Media and publishing,Meta,Carousel,2026-05-18,yes
ADV-248,Media and publishing,Meta,Carousel,2026-07-22,yes
ADV-248,Media and publishing,Google,Carousel,2026-06-18,yes
ADV-429,Retail and ecommerce,Google,Video,2026-07-14,yes
ADV-944,Retail and ecommerce,Google,Carousel,2026-07-03,yes
ADV-944,Retail and ecommerce,Meta,Carousel,2026-09-12,no
ADV-429,Media and publishing,Meta,Video,2026-06-29,no
ADV-312,Public sector,Google,Video,2026-06-26,no
ADV-312,Technology and SaaS,Google,Video,2026-05-26,yes
ADV-312,Retail and ecommerce,Google,Carousel,2026-07-18,yes
ADV-248,Retail and ecommerce,Google,Video,2026-06-29,yes
ADV-159,Public sector,Google,Carousel,2026-07-14,yes
ADV-835,Technology and SaaS,Meta,Carousel,2026-07-10,yes
ADV-159,Media and publishing,Google,Video,2026-08-28,yes
ADV-248,Technology and SaaS,Google,Carousel,2026-07-23,no
ADV-545,Retail and ecommerce,Meta,Video,2026-07-23,yes
ADV-835,Technology and SaaS,Google,Video,2026-08-08,yes
ADV-248,Technology and SaaS,Google,Video,2026-06-21,no
ADV-545,Technology and SaaS,Meta,Static,2026-08-20,no
ADV-172,Media and publishing,Meta,Video,2026-05-23,yes
ADV-429,Technology and SaaS,Google,Carousel,2026-08-28,yes
ADV-248,Media and publishing,Google,Video,2026-08-01,yes
ADV-172,Education,Meta,Video,2026-06-06,no
ADV-248,Media and publishing,Meta,Carousel,2026-06-21,yes
ADV-835,Media and publishing,Google,Video,2026-07-29,yes
ADV-312,Retail and ecommerce,Google,Video,2026-09-12,no
ADV-312,Technology and SaaS,Google,Static,2026-09-04,no
ADV-248,Media and publishing,Meta,Carousel,2026-06-12,yes
ADV-429,Education,Meta,Video,2026-08-28,no
ADV-248,Education,Meta,Static,2026-09-12,yes
ADV-159,Energy,Meta,Video,2026-08-27,no
ADV-944,Public sector,Google,Video,2026-07-28,no
ADV-429,Public sector,Meta,Video,2026-05-19,yes
ADV-429,Technology and SaaS,Google,Video,2026-07-05,yes
ADV-172,Energy,Meta,Carousel,2026-08-17,yes
ADV-248,Energy,Meta,Carousel,2026-06-11,no
ADV-944,Media and publishing,Google,Carousel,2026-07-05,yes
ADV-172,Public sector,Google,Carousel,2026-07-20,yes
ADV-429,Education,Meta,Carousel,2026-06-18,no
ADV-312,Education,Meta,Carousel,2026-08-04,yes
ADV-944,Technology and SaaS,Google,Video,2026-08-02,no
ADV-429,Media and publishing,Google,Video,2026-06-10,yes
ADV-835,Retail and ecommerce,Google,Carousel,2026-09-02,no
ADV-545,Technology and SaaS,Meta,Carousel,2026-05-16,yes
ADV-312,Retail and ecommerce,Google,Video,2026-05-20,yes
ADV-248,Education,Google,Video,2026-07-18,yes
ADV-944,Public sector,Google,Video,2026-08-09,yes
ADV-172,Energy,Meta,Video,2026-09-08,no
ADV-429,Retail and ecommerce,Google,Video,2026-07-09,no
ADV-312,Media and publishing,Meta,Video,2026-09-02,yes
ADV-944,Technology and SaaS,Meta,Video,2026-05-29,no
ADV-835,Education,Meta,Static,2026-07-11,no
ADV-312,Media and publishing,Google,Carousel,2026-06-16,yes
ADV-835,Media and publishing,Google,Video,2026-06-04,yes
ADV-835,Retail and ecommerce,Meta,Video,2026-07-03,yes
ADV-835,Retail and ecommerce,Google,Carousel,2026-06-25,yes
ADV-944,Media and publishing,Google,Video,2026-09-03,no
ADV-312,Technology and SaaS,Meta,Video,2026-05-31,no
ADV-159,Energy,Meta,Static,2026-08-22,no
ADV-312,Energy,Google,Video,2026-06-04,yes
ADV-429,Public sector,Google,Video,2026-08-05,yes
ADV-172,Media and publishing,Google,Video,2026-08-04,yes
ADV-312,Education,Google,Carousel,2026-08-06,yes
ADV-545,Public sector,Meta,Carousel,2026-07-26,no
ADV-944,Public sector,Google,Static,2026-07-19,yes
ADV-429,Education,Google,Video,2026-07-22,no
ADV-312,Technology and SaaS,Meta,Video,2026-07-05,yes
ADV-312,Retail and ecommerce,Google,Carousel,2026-07-22,no
ADV-172,Media and publishing,Meta,Video,2026-08-21,no
ADV-545,Technology and SaaS,Meta,Video,2026-07-06,no
ADV-159,Public sector,Google,Video,2026-07-29,yes
ADV-429,Technology and SaaS,Meta,Video,2026-09-04,no
ADV-835,Education,Google,Carousel,2026-09-06,yes
ADV-159,Technology and SaaS,Google,Static,2026-06-16,yes
ADV-159,Technology and SaaS,Google,Video,2026-07-04,no
ADV-545,Technology and SaaS,Google,Video,2026-07-15,yes
ADV-159,Technology and SaaS,Google,Carousel,2026-08-09,no
ADV-835,Retail and ecommerce,Meta,Video,2026-06-02,yes
ADV-545,Energy,Google,Video,2026-06-23,yes
ADV-545,Public sector,Meta,Video,2026-07-02,no
ADV-172,Energy,Google,Video,2026-09-07,yes
ADV-545,Energy,Meta,Carousel,2026-07-27,yes
ADV-312,Technology and SaaS,Google,Carousel,2026-05-24,no
ADV-944,Technology and SaaS,Google,Video,2026-07-30,yes
ADV-172,Media and publishing,Meta,Video,2026-09-05,no
ADV-172,Energy,Google,Video,2026-07-22,yes
ADV-172,Media and publishing,Google,Video,2026-07-21,no
ADV-835,Energy,Meta,Video,2026-07-09,no
ADV-159,Media and publishing,Google,Video,2026-08-26,yes
ADV-312,Public sector,Meta,Video,2026-05-27,yes
ADV-312,Media and publishing,Meta,Carousel,2026-08-27,yes
ADV-312,Retail and ecommerce,Google,Video,2026-08-27,no
ADV-545,Media and publishing,Google,Static,2026-08-28,yes
ADV-545,Energy,Google,Video,2026-07-29,no
ADV-429,Technology and SaaS,Google,Video,2026-06-28,no
ADV-248,Media and publishing,Google,Carousel,2026-09-09,yes
ADV-248,Technology and SaaS,Meta,Carousel,2026-09-10,no
ADV-944,Education,Google,Carousel,2026-08-18,yes
ADV-312,Technology and SaaS,Meta,Carousel,2026-05-24,yes
ADV-172,Media and publishing,Google,Video,2026-09-06,no
ADV-835,Technology and SaaS,Google,Video,2026-06-15,yes
ADV-944,Retail and ecommerce,Meta,Carousel,2026-06-20,no
ADV-248,Media and publishing,Meta,Video,2026-07-25,no
ADV-159,Public sector,Meta,Carousel,2026-07-01,yes
ADV-429,Technology and SaaS,Google,Video,2026-05-28,yes
ADV-944,Technology and SaaS,Meta,Video,2026-07-24,yes
ADV-545,Retail and ecommerce,Meta,Carousel,2026-08-23,yes
ADV-944,Media and publishing,Google,Carousel,2026-06-30,yes
ADV-944,Media and publishing,Meta,Static,2026-07-12,no
ADV-944,Media and publishing,Google,Carousel,2026-05-20,yes
ADV-172,Energy,Google,Carousel,2026-08-11,yes
ADV-835,Education,Meta,Video,2026-07-26,yes
ADV-429,Media and publishing,Meta,Carousel,2026-06-26,no
ADV-312,Public sector,Google,Video,2026-05-23,yes
ADV-312,Energy,Meta,Video,2026-08-22,no
ADV-312,Energy,Meta,Carousel,2026-08-04,no
ADV-429,Education,Meta,Video,2026-08-03,no
ADV-545,Public sector,Meta,Static,2026-07-12,yes
ADV-159,Education,Google,Carousel,2026-07-05,yes
ADV-172,Media and publishing,Google,Video,2026-09-05,yes
ADV-172,Energy,Google,Carousel,2026-06-16,no
ADV-159,Public sector,Google,Carousel,2026-08-13,yes
ADV-429,Energy,Meta,Video,2026-07-03,yes
ADV-835,Education,Google,Static,2026-05-16,no
ADV-835,Education,Google,Video,2026-06-15,yes
ADV-944,Technology and SaaS,Meta,Carousel,2026-06-19,yes
ADV-944,Media and publishing,Google,Video,2026-08-14,no
ADV-944,Media and publishing,Meta,Carousel,2026-06-01,no
ADV-248,Energy,Google,Carousel,2026-08-19,no
ADV-429,Technology and SaaS,Meta,Video,2026-06-11,no
ADV-248,Retail and ecommerce,Meta,Carousel,2026-07-03,yes
ADV-835,Retail and ecommerce,Meta,Video,2026-07-14,yes
ADV-944,Retail and ecommerce,Google,Video,2026-08-23,no
ADV-248,Media and publishing,Google,Video,2026-06-26,yes
ADV-429,Retail and ecommerce,Meta,Carousel,2026-09-08,yes
ADV-312,Media and publishing,Google,Static,2026-05-17,no
ADV-248,Media and publishing,Meta,Video,2026-07-03,yes
ADV-429,Media and publishing,Google,Video,2026-07-05,yes
ADV-545,Media and publishing,Meta,Video,2026-05-24,yes
ADV-944,Retail and ecommerce,Meta,Carousel,2026-08-30,yes
ADV-248,Public sector,Google,Video,2026-08-03,no
ADV-159,Technology and SaaS,Google,Carousel,2026-07-27,yes
ADV-248,Retail and ecommerce,Google,Video,2026-08-17,yes
ADV-172,Retail and ecommerce,Meta,Carousel,2026-08-04,no
ADV-172,Technology and SaaS,Google,Carousel,2026-06-10,yes
ADV-248,Technology and SaaS,Google,Carousel,2026-06-07,yes
ADV-835,Public sector,Meta,Carousel,2026-08-17,yes
ADV-429,Education,Google,Carousel,2026-06-01,yes
ADV-429,Technology and SaaS,Google,Carousel,2026-06-19,no
ADV-172,Technology and SaaS,Google,Carousel,2026-06-03,yes
ADV-944,Public sector,Meta,Static,2026-07-22,yes
ADV-944,Public sector,Meta,Video,2026-08-07,yes
ADV-172,Technology and SaaS,Google,Carousel,2026-06-29,no
ADV-172,Technology and SaaS,Google,Static,2026-07-15,yes
ADV-944,Education,Meta,Video,2026-07-06,yes
ADV-835,Technology and SaaS,Google,Static,2026-07-05,yes
ADV-312,Technology and SaaS,Google,Carousel,2026-08-14,no
ADV-312,Retail and ecommerce,Meta,Carousel,2026-06-16,no
ADV-159,Energy,Google,Carousel,2026-07-04,no
ADV-159,Retail and ecommerce,Google,Video,2026-08-07,yes
ADV-429,Public sector,Google,Video,2026-08-13,no
ADV-312,Technology and SaaS,Google,Video,2026-09-05,no
ADV-312,Technology and SaaS,Meta,Carousel,2026-08-17,no
ADV-429,Technology and SaaS,Meta,Static,2026-09-08,no
ADV-159,Education,Meta,Carousel,2026-05-16,yes
ADV-944,Media and publishing,Google,Video,2026-09-01,no
ADV-312,Education,Google,Carousel,2026-06-18,no
ADV-835,Public sector,Google,Carousel,2026-06-24,no
ADV-545,Technology and SaaS,Meta,Carousel,2026-05-22,no
ADV-248,Technology and SaaS,Google,Video,2026-09-06,no
ADV-172,Retail and ecommerce,Meta,Video,2026-05-29,yes
ADV-312,Technology and SaaS,Meta,Carousel,2026-08-31,no
ADV-429,Media and publishing,Google,Video,2026-08-14,yes
ADV-944,Media and publishing,Google,Carousel,2026-05-25,yes
ADV-248,Media and publishing,Google,Video,2026-07-18,no
ADV-944,Technology and SaaS,Google,Carousel,2026-05-30,no
ADV-429,Public sector,Google,Carousel,2026-08-28,yes
ADV-835,Energy,Google,Carousel,2026-06-03,yes
ADV-172,Energy,Meta,Carousel,2026-05-20,yes
ADV-312,Energy,Meta,Carousel,2026-06-28,no
ADV-312,Media and publishing,Google,Video,2026-08-07,yes
ADV-835,Technology and SaaS,Google,Carousel,2026-08-08,no
ADV-944,Technology and SaaS,Google,Static,2026-07-10,yes
ADV-429,Energy,Meta,Carousel,2026-07-16,yes
ADV-159,Technology and SaaS,Meta,Carousel,2026-08-15,yes
ADV-835,Public sector,Meta,Static,2026-08-14,no
ADV-312,Technology and SaaS,Meta,Carousel,2026-06-13,yes
ADV-172,Retail and ecommerce,Google,Video,2026-08-01,no
ADV-835,Technology and SaaS,Google,Video,2026-06-11,yes
ADV-545,Retail and ecommerce,Meta,Carousel,2026-05-30,yes
ADV-944,Media and publishing,Google,Carousel,2026-06-29,yes
ADV-312,Media and publishing,Google,Video,2026-07-23,yes
ADV-248,Technology and SaaS,Google,Static,2026-08-25,yes
ADV-545,Retail and ecommerce,Google,Static,2026-08-23,yes
ADV-312,Energy,Google,Carousel,2026-07-31,yes
ADV-429,Media and publishing,Google,Carousel,2026-06-29,no
ADV-312,Energy,Meta,Video,2026-06-27,yes
ADV-835,Media and publishing,Google,Static,2026-07-23,no
ADV-944,Education,Meta,Video,2026-07-29,no
ADV-312,Energy,Google,Carousel,2026-07-08,no
ADV-944,Technology and SaaS,Google,Video,2026-07-19,yes
ADV-159,Technology and SaaS,Meta,Video,2026-07-29,no
ADV-835,Energy,Meta,Static,2026-05-17,yes
ADV-248,Retail and ecommerce,Google,Video,2026-06-12,yes
ADV-172,Energy,Google,Carousel,2026-07-30,no
ADV-545,Retail and ecommerce,Meta,Video,2026-07-09,no
ADV-545,Public sector,Google,Carousel,2026-08-13,no
ADV-545,Media and publishing,Google,Video,2026-08-07,yes
ADV-312,Public sector,Meta,Carousel,2026-08-25,no
ADV-545,Media and publishing,Google,Static,2026-07-23,yes
ADV-944,Media and publishing,Google,Video,2026-09-08,yes
ADV-944,Retail and ecommerce,Google,Video,2026-06-13,yes
ADV-248,Technology and SaaS,Meta,Video,2026-07-10,no
ADV-944,Technology and SaaS,Meta,Static,2026-08-05,no
ADV-248,Retail and ecommerce,Meta,Video,2026-06-27,no
ADV-944,Media and publishing,Meta,Carousel,2026-06-16,no
ADV-429,Retail and ecommerce,Google,Carousel,2026-07-26,no
ADV-545,Education,Meta,Static,2026-09-06,no
ADV-835,Energy,Google,Video,2026-08-07,yes
ADV-159,Media and publishing,Google,Carousel,2026-08-04,no
ADV-248,Public sector,Meta,Carousel,2026-09-02,no
ADV-248,Public sector,Google,Video,2026-06-24,yes
ADV-312,Media and publishing,Meta,Video,2026-09-10,yes
ADV-159,Technology and SaaS,Google,Static,2026-08-22,no
ADV-944,Technology and SaaS,Meta,Video,2026-06-06,yes
ADV-159,Media and publishing,Meta,Video,2026-08-22,no
ADV-944,Public sector,Meta,Carousel,2026-06-13,no
ADV-248,Retail and ecommerce,Meta,Carousel,2026-06-30,yes
ADV-835,Technology and SaaS,Meta,Video,2026-05-18,yes
ADV-248,Media and publishing,Meta,Video,2026-07-30,yes
ADV-312,Media and publishing,Google,Static,2026-05-22,yes
ADV-835,Public sector,Google,Carousel,2026-05-27,no
ADV-429,Energy,Google,Video,2026-08-28,no
ADV-835,Media and publishing,Google,Carousel,2026-05-25,yes
ADV-248,Public sector,Meta,Static,2026-08-30,yes
ADV-159,Technology and SaaS,Meta,Video,2026-06-28,no
ADV-159,Education,Google,Static,2026-05-24,yes
ADV-545,Retail and ecommerce,Google,Video,2026-07-31,no
ADV-172,Energy,Google,Static,2026-07-29,yes
ADV-248,Education,Meta,Carousel,2026-06-25,no
ADV-835,Education,Google,Carousel,2026-08-30,yes
ADV-944,Retail and ecommerce,Google,Video,2026-06-13,yes
ADV-835,Energy,Meta,Static,2026-09-08,yes
ADV-545,Retail and ecommerce,Meta,Carousel,2026-06-25,no
ADV-312,Technology and SaaS,Google,Video,2026-09-07,yes
ADV-159,Technology and SaaS,Meta,Video,2026-05-25,no
ADV-944,Technology and SaaS,Meta,Carousel,2026-05-21,no
ADV-429,Media and publishing,Google,Carousel,2026-07-10,no
ADV-429,Media and publishing,Meta,Video,2026-08-05,yes
ADV-172,Education,Google,Video,2026-08-25,yes
ADV-159,Media and publishing,Meta,Video,2026-07-14,no
ADV-159,Media and publishing,Google,Video,2026-06-20,no
ADV-835,Media and publishing,Google,Video,2026-07-06,no
ADV-429,Energy,Meta,Carousel,2026-09-02,yes
ADV-835,Energy,Google,Video,2026-05-30,no
ADV-429,Energy,Google,Video,2026-05-21,yes
ADV-835,Retail and ecommerce,Google,Carousel,2026-07-21,no
ADV-944,Technology and SaaS,Google,Static,2026-05-31,yes
ADV-429,Media and publishing,Meta,Carousel,2026-07-24,no
ADV-944,Technology and SaaS,Google,Carousel,2026-09-01,yes
ADV-835,Technology and SaaS,Google,Carousel,2026-07-04,yes
ADV-545,Education,Meta,Video,2026-06-22,yes
ADV-545,Education,Meta,Carousel,2026-08-28,no
ADV-944,Retail and ecommerce,Google,Video,2026-05-26,yes
ADV-159,Public sector,Meta,Video,2026-05-17,no
ADV-944,Education,Google,Video,2026-06-04,no
ADV-835,Media and publishing,Meta,Video,2026-09-11,yes
ADV-312,Technology and SaaS,Google,Video,2026-07-07,no
ADV-248,Energy,Meta,Video,2026-06-05,yes
ADV-835,Media and publishing,Meta,Static,2026-07-14,yes
ADV-545,Retail and ecommerce,Meta,Video,2026-06-09,no
ADV-835,Education,Google,Video,2026-07-05,yes
ADV-312,Energy,Meta,Carousel,2026-08-27,no
ADV-835,Education,Google,Video,2026-06-22,yes
ADV-159,Media and publishing,Meta,Carousel,2026-07-21,yes
ADV-429,Public sector,Meta,Static,2026-05-19,yes
ADV-429,Education,Meta,Video,2026-07-29,yes
ADV-429,Public sector,Meta,Video,2026-06-02,yes
ADV-545,Education,Meta,Carousel,2026-08-29,yes
ADV-545,Retail and ecommerce,Google,Carousel,2026-09-12,no
ADV-835,Technology and SaaS,Meta,Video,2026-08-02,yes
ADV-172,Technology and SaaS,Meta,Video,2026-06-02,yes
ADV-159,Education,Meta,Video,2026-07-20,no
ADV-835,Public sector,Meta,Carousel,2026-08-02,yes
ADV-429,Media and publishing,Google,Static,2026-07-12,no
ADV-312,Media and publishing,Google,Static,2026-07-06,no
ADV-172,Education,Meta,Video,2026-05-19,no
ADV-172,Media and publishing,Meta,Carousel,2026-09-04,no
ADV-944,Education,Meta,Static,2026-06-08,no
ADV-248,Media and publishing,Meta,Carousel,2026-06-25,yes
ADV-159,Technology and SaaS,Meta,Carousel,2026-06-28,yes
ADV-248,Education,Meta,Carousel,2026-09-09,no
ADV-944,Education,Google,Carousel,2026-05-17,no
ADV-248,Education,Meta,Video,2026-07-14,no
ADV-248,Education,Meta,Carousel,2026-06-28,no
ADV-545,Education,Google,Video,2026-08-24,yes
ADV-835,Media and publishing,Meta,Carousel,2026-08-13,no
ADV-835,Public sector,Google,Static,2026-07-01,yes
ADV-172,Retail and ecommerce,Google,Carousel,2026-08-06,yes
ADV-159,Media and publishing,Google,Carousel,2026-08-28,yes
ADV-312,Retail and ecommerce,Google,Video,2026-06-02,no
ADV-429,Technology and SaaS,Meta,Video,2026-06-24,no
ADV-248,Media and publishing,Google,Carousel,2026-07-18,no
ADV-159,Public sector,Meta,Carousel,2026-09-11,yes
ADV-835,Technology and SaaS,Google,Carousel,2026-09-08,no
ADV-159,Public sector,Meta,Video,2026-06-13,yes
ADV-172,Technology and SaaS,Meta,Carousel,2026-06-12,yes
ADV-172,Technology and SaaS,Meta,Video,2026-08-09,no
ADV-312,Media and publishing,Google,Video,2026-05-19,yes
ADV-159,Energy,Google,Video,2026-06-16,no
ADV-248,Education,Google,Static,2026-05-17,no
ADV-944,Retail and ecommerce,Google,Video,2026-05-28,yes
ADV-248,Energy,Meta,Carousel,2026-07-28,yes
ADV-429,Energy,Google,Carousel,2026-08-15,yes
ADV-835,Media and publishing,Google,Static,2026-08-26,yes
ADV-835,Education,Meta,Video,2026-07-03,no
ADV-248,Technology and SaaS,Google,Carousel,2026-09-05,yes
ADV-159,Retail and ecommerce,Google,Video,2026-07-05,yes
ADV-248,Energy,Meta,Carousel,2026-06-26,yes
ADV-172,Technology and SaaS,Google,Carousel,2026-09-06,no
ADV-545,Public sector,Google,Video,2026-08-27,yes
ADV-835,Energy,Google,Carousel,2026-06-01,no
ADV-159,Energy,Meta,Video,2026-05-23,no
ADV-159,Technology and SaaS,Google,Video,2026-06-15,yes
ADV-545,Technology and SaaS,Meta,Carousel,2026-07-05,yes
ADV-545,Public sector,Google,Video,2026-09-11,no
ADV-159,Technology and SaaS,Meta,Video,2026-05-24,yes
ADV-172,Energy,Google,Static,2026-08-10,no
ADV-944,Retail and ecommerce,Meta,Static,2026-07-28,yes
ADV-429,Energy,Meta,Carousel,2026-05-27,yes
ADV-312,Energy,Meta,Static,2026-08-20,yes
ADV-545,Energy,Google,Video,2026-05-16,no
ADV-545,Energy,Google,Static,2026-06-30,no
ADV-545,Energy,Google,Video,2026-07-23,no
ADV-835,Technology and SaaS,Google,Carousel,2026-07-23,yes
ADV-172,Technology and SaaS,Meta,Carousel,2026-06-27,no
ADV-835,Retail and ecommerce,Google,Video,2026-07-15,no
ADV-429,Public sector,Meta,Static,2026-07-22,no
ADV-312,Public sector,Meta,Video,2026-08-08,yes
ADV-429,Retail and ecommerce,Google,Video,2026-07-13,no
ADV-312,Public sector,Meta,Carousel,2026-06-20,no
ADV-172,Energy,Meta,Carousel,2026-05-20,no
ADV-429,Technology and SaaS,Google,Video,2026-08-13,yes
ADV-172,Energy,Google,Carousel,2026-09-08,no
ADV-545,Energy,Meta,Video,2026-08-14,no
ADV-248,Media and publishing,Meta,Carousel,2026-07-29,no
ADV-172,Technology and SaaS,Meta,Video,2026-09-12,no
ADV-944,Media and publishing,Meta,Carousel,2026-05-19,no
ADV-312,Media and publishing,Google,Video,2026-08-21,yes
ADV-159,Media and publishing,Meta,Carousel,2026-08-01,yes
ADV-312,Energy,Google,Static,2026-08-20,no
ADV-944,Energy,Google,Video,2026-06-06,yes
ADV-172,Energy,Meta,Video,2026-06-02,no
ADV-429,Technology and SaaS,Meta,Video,2026-08-02,no
ADV-172,Public sector,Meta,Static,2026-06-23,yes
ADV-429,Education,Meta,Static,2026-05-20,no
ADV-248,Media and publishing,Google,Video,2026-09-02,no
ADV-312,Energy,Meta,Video,2026-07-18,yes
ADV-545,Public sector,Meta,Carousel,2026-06-15,no
ADV-545,Education,Google,Static,2026-05-29,yes
ADV-429,Media and publishing,Google,Carousel,2026-07-20,yes
ADV-159,Technology and SaaS,Meta,Video,2026-06-28,no
ADV-545,Education,Meta,Static,2026-09-04,yes
ADV-429,Technology and SaaS,Meta,Static,2026-06-23,yes
ADV-172,Technology and SaaS,Google,Carousel,2026-06-24,no
ADV-312,Retail and ecommerce,Meta,Video,2026-09-05,no
ADV-172,Technology and SaaS,Google,Video,2026-06-17,yes
ADV-545,Education,Meta,Carousel,2026-08-11,yes
ADV-545,Retail and ecommerce,Google,Static,2026-09-07,yes
ADV-545,Technology and SaaS,Google,Static,2026-08-07,no
ADV-172,Technology and SaaS,Google,Carousel,2026-09-10,no
ADV-429,Media and publishing,Meta,Static,2026-08-24,no
ADV-429,Energy,Meta,Carousel,2026-06-28,no
ADV-835,Retail and ecommerce,Meta,Carousel,2026-08-20,yes
ADV-835,Media and publishing,Meta,Video,2026-07-02,yes
ADV-172,Technology and SaaS,Meta,Static,2026-06-08,no
ADV-944,Public sector,Google,Carousel,2026-08-27,no
ADV-429,Technology and SaaS,Meta,Video,2026-08-11,no
ADV-172,Media and publishing,Meta,Video,2026-07-22,yes
ADV-545,Energy,Google,Carousel,2026-07-09,yes
ADV-944,Media and publishing,Google,Carousel,2026-08-05,no
ADV-159,Media and publishing,Google,Carousel,2026-08-20,yes
ADV-429,Retail and ecommerce,Google,Video,2026-09-02,no
ADV-429,Media and publishing,Google,Carousel,2026-05-26,yes
ADV-545,Media and publishing,Meta,Video,2026-06-16,yes
ADV-248,Energy,Meta,Video,2026-08-16,yes
ADV-172,Retail and ecommerce,Google,Static,2026-06-10,no
ADV-944,Retail and ecommerce,Meta,Carousel,2026-06-16,no
ADV-944,Media and publishing,Google,Video,2026-08-17,yes
ADV-545,Technology and SaaS,Meta,Carousel,2026-08-30,yes
ADV-429,Technology and SaaS,Google,Video,2026-08-10,yes
ADV-248,Technology and SaaS,Google,Carousel,2026-06-19,no
ADV-545,Technology and SaaS,Google,Carousel,2026-07-26,no
ADV-545,Technology and SaaS,Meta,Video,2026-08-24,no
ADV-835,Retail and ecommerce,Meta,Static,2026-07-19,no
ADV-159,Media and publishing,Meta,Video,2026-08-04,yes
ADV-429,Energy,Meta,Static,2026-07-27,no
ADV-159,Retail and ecommerce,Meta,Static,2026-06-27,no
ADV-429,Media and publishing,Google,Video,2026-09-05,no
ADV-545,Energy,Google,Video,2026-05-23,no
ADV-248,Retail and ecommerce,Meta,Video,2026-08-15,yes
ADV-429,Energy,Meta,Carousel,2026-06-10,yes
ADV-835,Education,Google,Video,2026-08-28,yes
ADV-429,Technology and SaaS,Meta,Carousel,2026-06-02,yes
ADV-172,Media and publishing,Google,Carousel,2026-07-21,no
ADV-248,Technology and SaaS,Google,Video,2026-06-09,no
ADV-312,Retail and ecommerce,Google,Carousel,2026-05-27,yes
ADV-429,Public sector,Google,Video,2026-06-01,yes
ADV-312,Public sector,Google,Static,2026-06-16,no
ADV-545,Education,Meta,Video,2026-07-08,yes
ADV-545,Media and publishing,Meta,Carousel,2026-06-21,yes
ADV-159,Energy,Google,Video,2026-08-18,no
ADV-545,Energy,Google,Carousel,2026-07-24,no
ADV-545,Media and publishing,Google,Static,2026-08-13,no
ADV-172,Public sector,Google,Static,2026-05-21,yes
ADV-248,Media and publishing,Meta,Carousel,2026-08-12,no
ADV-312,Public sector,Meta,Carousel,2026-05-28,yes
ADV-944,Technology and SaaS,Meta,Video,2026-07-14,yes
ADV-248,Technology and SaaS,Meta,Static,2026-05-22,no
ADV-429,Media and publishing,Meta,Video,2026-08-11,no
ADV-172,Media and publishing,Google,Carousel,2026-08-18,no
ADV-248,Retail and ecommerce,Meta,Video,2026-08-19,no
ADV-944,Media and publishing,Meta,Video,2026-06-17,yes
ADV-312,Retail and ecommerce,Meta,Video,2026-08-04,no
ADV-312,Technology and SaaS,Meta,Carousel,2026-07-19,yes
ADV-545,Retail and ecommerce,Meta,Static,2026-06-02,no
ADV-172,Technology and SaaS,Meta,Static,2026-07-31,yes
ADV-172,Public sector,Google,Carousel,2026-08-30,no
ADV-159,Retail and ecommerce,Meta,Static,2026-09-12,no
ADV-312,Technology and SaaS,Meta,Video,2026-07-13,yes
ADV-545,Technology and SaaS,Meta,Carousel,2026-09-08,yes
ADV-248,Education,Meta,Video,2026-06-24,yes
ADV-248,Public sector,Google,Static,2026-05-31,no
ADV-172,Technology and SaaS,Google,Carousel,2026-07-05,yes
ADV-159,Media and publishing,Google,Carousel,2026-08-17,yes
ADV-172,Education,Meta,Video,2026-05-31,no
ADV-429,Retail and ecommerce,Meta,Carousel,2026-07-01,no
ADV-429,Media and publishing,Meta,Carousel,2026-07-22,yes
ADV-835,Retail and ecommerce,Meta,Video,2026-06-02,no
ADV-835,Retail and ecommerce,Meta,Video,2026-05-18,no
ADV-429,Technology and SaaS,Meta,Static,2026-06-07,no
ADV-944,Media and publishing,Meta,Carousel,2026-05-21,no
ADV-248,Technology and SaaS,Google,Video,2026-06-27,no
ADV-429,Retail and ecommerce,Meta,Static,2026-05-25,no
ADV-159,Technology and SaaS,Meta,Video,2026-09-04,yes
ADV-172,Energy,Google,Carousel,2026-07-17,no
ADV-835,Technology and SaaS,Meta,Video,2026-08-23,yes
ADV-159,Media and publishing,Google,Video,2026-06-22,yes
ADV-159,Media and publishing,Google,Video,2026-07-21,no
ADV-545,Retail and ecommerce,Google,Video,2026-09-03,yes
ADV-312,Retail and ecommerce,Google,Carousel,2026-06-10,yes
ADV-172,Energy,Google,Static,2026-08-17,no
ADV-312,Energy,Google,Static,2026-09-12,no
ADV-312,Media and publishing,Google,Video,2026-08-26,no
ADV-172,Public sector,Meta,Video,2026-09-07,yes
ADV-545,Media and publishing,Meta,Video,2026-08-20,yes
ADV-835,Technology and SaaS,Google,Video,2026-09-10,no
ADV-312,Media and publishing,Google,Static,2026-05-20,no
ADV-312,Education,Google,Video,2026-08-30,yes
ADV-944,Technology and SaaS,Meta,Carousel,2026-08-09,no
ADV-312,Media and publishing,Google,Video,2026-09-10,no
ADV-312,Public sector,Meta,Video,2026-08-20,yes
ADV-248,Retail and ecommerce,Meta,Carousel,2026-08-21,no
ADV-944,Retail and ecommerce,Google,Carousel,2026-06-22,yes
ADV-944,Energy,Meta,Video,2026-09-09,yes
ADV-248,Retail and ecommerce,Meta,Carousel,2026-08-13,no
ADV-159,Retail and ecommerce,Google,Video,2026-06-27,yes
ADV-159,Education,Google,Video,2026-08-17,yes
ADV-429,Public sector,Meta,Static,2026-08-18,no
ADV-545,Technology and SaaS,Google,Carousel,2026-09-08,yes
ADV-835,Energy,Google,Video,2026-06-01,yes
ADV-172,Technology and SaaS,Meta,Video,2026-06-20,no
ADV-835,Retail and ecommerce,Meta,Carousel,2026-08-01,yes
ADV-312,Technology and SaaS,Meta,Video,2026-06-10,yes
ADV-835,Technology and SaaS,Google,Carousel,2026-07-06,yes
ADV-159,Media and publishing,Meta,Video,2026-08-22,no
ADV-312,Technology and SaaS,Google,Video,2026-08-09,yes
ADV-312,Media and publishing,Meta,Carousel,2026-06-02,yes
ADV-429,Retail and ecommerce,Google,Carousel,2026-06-25,no
ADV-429,Technology and SaaS,Google,Video,2026-06-05,yes
ADV-248,Public sector,Meta,Carousel,2026-08-01,no
ADV-835,Energy,Google,Video,2026-07-26,no
ADV-248,Media and publishing,Google,Video,2026-05-19,yes
ADV-545,Technology and SaaS,Meta,Carousel,2026-07-18,no
ADV-835,Technology and SaaS,Meta,Carousel,2026-07-12,no
ADV-312,Technology and SaaS,Google,Carousel,2026-07-02,yes
ADV-944,Retail and ecommerce,Meta,Video,2026-08-18,no
ADV-944,Technology and SaaS,Google,Video,2026-08-09,no
ADV-429,Media and publishing,Google,Static,2026-05-22,no
ADV-545,Education,Google,Video,2026-09-02,yes
ADV-248,Media and publishing,Meta,Carousel,2026-08-18,no
ADV-159,Media and publishing,Google,Video,2026-05-30,yes
ADV-944,Education,Google,Static,2026-08-30,yes
ADV-312,Energy,Google,Static,2026-08-10,no
ADV-312,Education,Meta,Carousel,2026-09-05,no
ADV-248,Technology and SaaS,Meta,Static,2026-06-02,no
ADV-429,Media and publishing,Meta,Carousel,2026-08-02,no
ADV-429,Energy,Meta,Carousel,2026-08-03,no
ADV-159,Media and publishing,Google,Video,2026-08-17,yes
ADV-944,Technology and SaaS,Google,Static,2026-08-10,no
ADV-429,Technology and SaaS,Google,Video,2026-07-10,yes
ADV-545,Energy,Meta,Carousel,2026-08-28,yes
ADV-835,Education,Google,Video,2026-06-03,yes
ADV-545,Energy,Meta,Video,2026-08-14,no
ADV-835,Public sector,Google,Video,2026-08-27,no
ADV-312,Media and publishing,Google,Video,2026-09-11,no
ADV-545,Public sector,Google,Static,2026-05-29,no
ADV-312,Retail and ecommerce,Meta,Video,2026-07-23,no
ADV-248,Retail and ecommerce,Google,Video,2026-06-19,yes
ADV-248,Public sector,Meta,Video,2026-07-11,no
ADV-172,Media and publishing,Google,Video,2026-06-11,no
ADV-429,Media and publishing,Google,Video,2026-05-17,no
ADV-172,Public sector,Google,Video,2026-06-25,no
ADV-159,Public sector,Meta,Video,2026-08-10,no
ADV-545,Education,Meta,Video,2026-08-08,yes
ADV-248,Technology and SaaS,Google,Video,2026-08-01,yes
ADV-835,Public sector,Google,Video,2026-08-02,yes
ADV-944,Education,Google,Video,2026-08-01,no
ADV-835,Energy,Google,Video,2026-07-29,no
ADV-835,Retail and ecommerce,Google,Video,2026-09-11,yes
ADV-248,Media and publishing,Google,Carousel,2026-06-15,yes
ADV-159,Energy,Meta,Video,2026-07-14,no
ADV-312,Education,Google,Static,2026-05-17,no
ADV-429,Technology and SaaS,Meta,Video,2026-05-20,no
ADV-159,Energy,Google,Carousel,2026-05-19,no
ADV-312,Media and publishing,Meta,Static,2026-06-21,no
ADV-835,Technology and SaaS,Meta,Carousel,2026-06-20,no
ADV-545,Energy,Google,Video,2026-07-05,no
ADV-248,Media and publishing,Meta,Carousel,2026-07-23,no
ADV-312,Technology and SaaS,Meta,Carousel,2026-08-27,yes
ADV-248,Energy,Google,Video,2026-08-25,yes
ADV-429,Education,Meta,Carousel,2026-06-21,no
ADV-429,Retail and ecommerce,Google,Video,2026-07-29,no
ADV-429,Media and publishing,Meta,Video,2026-09-07,yes
ADV-545,Public sector,Meta,Static,2026-05-19,yes
ADV-172,Energy,Google,Carousel,2026-08-30,yes
ADV-429,Technology and SaaS,Google,Static,2026-08-26,yes
ADV-159,Education,Google,Carousel,2026-08-14,yes
ADV-312,Retail and ecommerce,Meta,Video,2026-08-03,yes
ADV-172,Technology and SaaS,Google,Static,2026-07-30,no
ADV-312,Media and publishing,Google,Video,2026-09-11,yes
ADV-835,Energy,Google,Carousel,2026-08-31,yes
ADV-248,Public sector,Meta,Carousel,2026-07-24,no
ADV-944,Media and publishing,Meta,Static,2026-06-03,no
ADV-159,Technology and SaaS,Google,Carousel,2026-05-31,yes
ADV-835,Technology and SaaS,Google,Carousel,2026-08-28,yes
ADV-248,Retail and ecommerce,Meta,Static,2026-08-18,yes
ADV-312,Media and publishing,Meta,Video,2026-05-31,yes
ADV-159,Technology and SaaS,Meta,Video,2026-07-16,no
ADV-545,Technology and SaaS,Meta,Carousel,2026-07-21,no
ADV-159,Energy,Meta,Static,2026-05-23,yes
ADV-172,Energy,Google,Video,2026-09-11,no
ADV-172,Technology and SaaS,Meta,Video,2026-07-12,yes
ADV-545,Retail and ecommerce,Google,Carousel,2026-08-04,no
ADV-159,Education,Google,Carousel,2026-07-16,yes
ADV-172,Energy,Meta,Carousel,2026-06-25,yes
ADV-159,Education,Meta,Video,2026-08-02,yes
ADV-172,Education,Google,Video,2026-06-01,yes
ADV-172,Retail and ecommerce,Meta,Video,2026-07-07,yes
ADV-944,Technology and SaaS,Google,Carousel,2026-08-29,no
ADV-835,Media and publishing,Meta,Carousel,2026-08-18,no
ADV-545,Technology and SaaS,Meta,Video,2026-06-10,no
ADV-944,Retail and ecommerce,Google,Video,2026-07-30,yes
ADV-312,Public sector,Meta,Static,2026-09-10,yes
ADV-835,Education,Google,Video,2026-09-10,yes
ADV-312,Technology and SaaS,Google,Video,2026-08-03,no
ADV-944,Energy,Meta,Carousel,2026-08-06,no
ADV-944,Technology and SaaS,Google,Video,2026-08-21,no
ADV-835,Retail and ecommerce,Meta,Video,2026-06-03,no
ADV-172,Media and publishing,Meta,Video,2026-08-25,no
ADV-312,Public sector,Meta,Carousel,2026-05-23,no
ADV-159,Media and publishing,Google,Carousel,2026-06-12,yes
ADV-545,Technology and SaaS,Meta,Carousel,2026-07-17,yes
ADV-312,Technology and SaaS,Meta,Video,2026-08-10,no
ADV-429,Retail and ecommerce,Meta,Video,2026-09-05,no
ADV-172,Retail and ecommerce,Meta,Static,2026-05-23,yes
ADV-944,Media and publishing,Meta,Video,2026-08-07,no
ADV-545,Technology and SaaS,Meta,Static,2026-06-15,no
ADV-944,Public sector,Google,Carousel,2026-08-13,yes
ADV-835,Energy,Google,Carousel,2026-07-30,no
ADV-312,Energy,Meta,Video,2026-06-10,yes
ADV-429,Media and publishing,Meta,Carousel,2026-08-05,yes
ADV-312,Public sector,Meta,Video,2026-06-25,no
ADV-172,Media and publishing,Google,Video,2026-06-21,yes
ADV-835,Energy,Google,Static,2026-06-14,no
ADV-429,Retail and ecommerce,Google,Video,2026-07-01,no
ADV-944,Media and publishing,Meta,Video,2026-06-23,yes
ADV-545,Public sector,Meta,Video,2026-07-25,yes
ADV-835,Energy,Google,Video,2026-09-03,yes
ADV-312,Public sector,Meta,Video,2026-07-07,yes
ADV-545,Technology and SaaS,Google,Carousel,2026-06-21,yes
ADV-312,Public sector,Meta,Video,2026-07-07,no
ADV-312,Education,Google,Video,2026-05-30,no
ADV-172,Technology and SaaS,Meta,Video,2026-06-04,no
ADV-835,Media and publishing,Meta,Carousel,2026-08-05,yes
ADV-312,Technology and SaaS,Meta,Carousel,2026-06-12,yes
ADV-944,Retail and ecommerce,Google,Video,2026-07-09,yes
ADV-312,Technology and SaaS,Google,Video,2026-05-23,yes
ADV-545,Education,Google,Video,2026-08-11,no
ADV-312,Technology and SaaS,Meta,Carousel,2026-08-18,yes
ADV-835,Media and publishing,Meta,Carousel,2026-09-04,no
ADV-545,Public sector,Google,Carousel,2026-07-24,no
ADV-429,Technology and SaaS,Google,Video,2026-05-24,yes
ADV-172,Media and publishing,Meta,Carousel,2026-08-25,no
ADV-159,Energy,Google,Carousel,2026-07-30,yes
ADV-545,Technology and SaaS,Google,Video,2026-08-01,no
ADV-159,Energy,Meta,Video,2026-06-27,yes
ADV-944,Energy,Google,Video,2026-07-01,no
ADV-172,Media and publishing,Meta,Video,2026-06-02,no
ADV-159,Media and publishing,Meta,Carousel,2026-08-15,no
ADV-312,Retail and ecommerce,Google,Carousel,2026-05-31,yes
ADV-312,Media and publishing,Google,Video,2026-06-27,yes
ADV-835,Technology and SaaS,Google,Video,2026-06-13,no
ADV-312,Energy,Meta,Carousel,2026-07-27,yes
ADV-312,Education,Google,Carousel,2026-06-13,yes
ADV-429,Retail and ecommerce,Google,Carousel,2026-06-14,no
ADV-172,Technology and SaaS,Meta,Video,2026-06-24,yes
ADV-944,Public sector,Google,Video,2026-08-14,yes
ADV-312,Technology and SaaS,Google,Video,2026-05-18,yes
ADV-835,Media and publishing,Meta,Carousel,2026-07-31,no
ADV-172,Public sector,Meta,Carousel,2026-05-25,no
ADV-545,Media and publishing,Meta,Video,2026-07-25,no
ADV-312,Energy,Meta,Carousel,2026-08-01,no
ADV-159,Energy,Meta,Carousel,2026-08-12,yes
ADV-545,Energy,Google,Video,2026-08-27,yes
ADV-835,Energy,Meta,Video,2026-08-12,no
ADV-545,Education,Google,Carousel,2026-07-19,yes
ADV-312,Energy,Google,Carousel,2026-05-30,yes
ADV-312,Media and publishing,Google,Carousel,2026-07-21,yes
ADV-835,Public sector,Google,Carousel,2026-07-22,no
ADV-172,Media and publishing,Meta,Video,2026-06-10,yes
ADV-944,Media and publishing,Google,Video,2026-06-13,no
ADV-545,Retail and ecommerce,Google,Carousel,2026-07-29,no
ADV-312,Technology and SaaS,Meta,Video,2026-08-18,no
ADV-248,Retail and ecommerce,Google,Video,2026-05-30,no
ADV-944,Media and publishing,Meta,Video,2026-06-15,no
ADV-545,Media and publishing,Meta,Video,2026-08-25,yes
ADV-172,Technology and SaaS,Google,Video,2026-08-20,yes
ADV-159,Education,Google,Video,2026-07-06,no
ADV-545,Media and publishing,Google,Video,2026-07-01,no
ADV-248,Public sector,Google,Carousel,2026-07-28,yes
ADV-248,Media and publishing,Meta,Carousel,2026-06-30,no
ADV-944,Media and publishing,Google,Carousel,2026-06-23,no
ADV-159,Education,Google,Video,2026-07-05,no
ADV-835,Public sector,Google,Video,2026-07-05,yes
ADV-312,Retail and ecommerce,Meta,Carousel,2026-08-15,no
ADV-545,Technology and SaaS,Meta,Video,2026-06-24,yes
ADV-159,Education,Google,Static,2026-09-07,no
ADV-944,Education,Google,Carousel,2026-06-04,yes
ADV-172,Media and publishing,Google,Static,2026-05-18,yes
ADV-545,Education,Google,Video,2026-06-11,no
ADV-944,Technology and SaaS,Meta,Video,2026-07-29,no
ADV-429,Media and publishing,Google,Carousel,2026-05-19,no
ADV-172,Media and publishing,Meta,Video,2026-07-03,no
ADV-835,Technology and SaaS,Meta,Video,2026-06-12,no
ADV-429,Education,Google,Video,2026-08-10,no
ADV-944,Retail and ecommerce,Google,Carousel,2026-08-05,no
ADV-429,Media and publishing,Meta,Carousel,2026-08-14,no
ADV-944,Retail and ecommerce,Meta,Video,2026-05-31,yes
ADV-545,Technology and SaaS,Meta,Video,2026-05-20,no
ADV-159,Public sector,Meta,Carousel,2026-07-07,yes
ADV-312,Technology and SaaS,Meta,Video,2026-06-17,no
ADV-248,Retail and ecommerce,Google,Video,2026-08-18,yes
ADV-312,Education,Meta,Video,2026-06-03,yes
ADV-172,Energy,Meta,Video,2026-07-29,yes
ADV-944,Technology and SaaS,Google,Static,2026-08-19,yes
ADV-172,Technology and SaaS,Meta,Video,2026-08-07,no
ADV-944,Education,Meta,Video,2026-09-02,no
ADV-312,Energy,Google,Static,2026-05-16,yes
ADV-172,Education,Meta,Static,2026-07-09,yes
ADV-172,Media and publishing,Google,Static,2026-09-09,no
ADV-248,Energy,Google,Carousel,2026-05-18,yes
ADV-312,Technology and SaaS,Google,Video,2026-08-04,no
ADV-312,Media and publishing,Google,Static,2026-06-21,no
ADV-172,Energy,Google,Carousel,2026-06-10,yes
ADV-835,Energy,Google,Carousel,2026-07-30,no
ADV-545,Media and publishing,Google,Carousel,2026-06-08,no
ADV-248,Retail and ecommerce,Meta,Video,2026-07-10,no
ADV-545,Energy,Meta,Carousel,2026-08-11,no
ADV-172,Technology and SaaS,Google,Video,2026-06-20,yes
ADV-429,Media and publishing,Google,Carousel,2026-07-24,yes
ADV-172,Education,Google,Video,2026-07-18,yes
ADV-312,Retail and ecommerce,Google,Carousel,2026-07-20,no
ADV-429,Technology and SaaS,Meta,Video,2026-07-14,no
ADV-248,Technology and SaaS,Google,Video,2026-08-20,yes
ADV-172,Education,Google,Static,2026-08-03,no
ADV-835,Technology and SaaS,Google,Video,2026-06-14,yes
ADV-835,Media and publishing,Google,Video,2026-06-19,no
ADV-944,Technology and SaaS,Google,Video,2026-07-31,no
ADV-835,Media and publishing,Meta,Video,2026-07-13,no
ADV-545,Retail and ecommerce,Meta,Carousel,2026-06-23,yes
ADV-835,Media and publishing,Google,Static,2026-07-25,yes
ADV-429,Energy,Meta,Video,2026-07-31,no
ADV-429,Media and publishing,Google,Carousel,2026-07-29,no
ADV-545,Education,Meta,Video,2026-07-20,yes
ADV-312,Energy,Meta,Video,2026-08-21,yes
ADV-248,Media and publishing,Google,Video,2026-07-27,no
ADV-248,Energy,Meta,Carousel,2026-08-16,no
ADV-545,Public sector,Google,Carousel,2026-09-05,no
ADV-429,Retail and ecommerce,Google,Video,2026-07-04,yes
ADV-944,Technology and SaaS,Meta,Carousel,2026-06-06,no
ADV-545,Education,Meta,Carousel,2026-08-25,yes
ADV-835,Energy,Meta,Carousel,2026-05-29,yes
ADV-429,Education,Google,Static,2026-06-28,yes
ADV-429,Energy,Google,Video,2026-07-15,no
ADV-429,Technology and SaaS,Meta,Carousel,2026-08-03,no
ADV-172,Energy,Meta,Video,2026-07-24,yes
ADV-172,Public sector,Google,Video,2026-09-05,no
ADV-248,Public sector,Meta,Carousel,2026-07-19,no
ADV-159,Energy,Google,Video,2026-06-08,no
ADV-159,Technology and SaaS,Meta,Static,2026-08-30,no
ADV-944,Media and publishing,Google,Carousel,2026-05-30,yes
ADV-944,Media and publishing,Google,Video,2026-06-27,no
ADV-159,Energy,Google,Carousel,2026-07-14,no
ADV-159,Retail and ecommerce,Meta,Static,2026-08-12,no
ADV-835,Media and publishing,Google,Video,2026-08-13,no
ADV-248,Technology and SaaS,Google,Video,2026-05-20,yes
ADV-172,Education,Google,Carousel,2026-06-20,no
ADV-248,Technology and SaaS,Meta,Carousel,2026-06-14,yes
ADV-159,Energy,Meta,Carousel,2026-08-18,yes
ADV-944,Education,Meta,Video,2026-06-19,no
ADV-429,Public sector,Google,Carousel,2026-06-29,no
ADV-944,Technology and SaaS,Google,Carousel,2026-05-22,no
ADV-248,Education,Google,Static,2026-08-16,no
ADV-312,Technology and SaaS,Google,Video,2026-05-29,no
ADV-944,Media and publishing,Meta,Carousel,2026-06-03,no
ADV-172,Education,Google,Video,2026-07-17,yes
ADV-248,Education,Google,Carousel,2026-08-16,yes
ADV-429,Technology and SaaS,Google,Video,2026-07-09,no
ADV-312,Education,Meta,Video,2026-07-01,yes
ADV-248,Media and publishing,Meta,Video,2026-07-11,no
ADV-159,Media and publishing,Meta,Video,2026-09-06,no
ADV-835,Education,Meta,Static,2026-07-20,yes
ADV-312,Technology and SaaS,Meta,Video,2026-07-02,no
ADV-835,Media and publishing,Meta,Static,2026-06-20,no
ADV-159,Technology and SaaS,Meta,Video,2026-08-01,yes
ADV-159,Energy,Meta,Static,2026-06-17,no
ADV-835,Technology and SaaS,Google,Carousel,2026-07-25,yes
ADV-429,Public sector,Meta,Carousel,2026-08-23,yes
ADV-312,Education,Meta,Video,2026-06-19,no
ADV-248,Technology and SaaS,Google,Video,2026-08-24,yes
ADV-545,Retail and ecommerce,Meta,Video,2026-08-05,yes
ADV-944,Education,Meta,Carousel,2026-08-02,yes
ADV-429,Education,Google,Video,2026-09-05,yes
ADV-429,Technology and SaaS,Meta,Video,2026-05-16,no
ADV-172,Education,Meta,Video,2026-06-20,yes
ADV-248,Technology and SaaS,Meta,Carousel,2026-06-15,yes
ADV-429,Education,Meta,Video,2026-07-28,no
ADV-312,Media and publishing,Meta,Carousel,2026-07-21,no
ADV-545,Education,Meta,Carousel,2026-07-04,no
ADV-172,Technology and SaaS,Meta,Static,2026-09-04,yes
ADV-159,Education,Google,Video,2026-08-21,no
ADV-545,Technology and SaaS,Meta,Carousel,2026-05-27,no
ADV-172,Technology and SaaS,Google,Video,2026-07-19,no
ADV-312,Retail and ecommerce,Google,Carousel,2026-09-08,no
ADV-429,Education,Google,Carousel,2026-09-09,yes
ADV-835,Media and publishing,Meta,Video,2026-05-16,yes
ADV-429,Technology and SaaS,Meta,Video,2026-06-17,no
ADV-835,Education,Meta,Static,2026-08-27,yes
ADV-159,Public sector,Meta,Video,2026-05-16,yes
ADV-429,Media and publishing,Meta,Static,2026-08-06,yes
ADV-944,Media and publishing,Google,Video,2026-08-21,no
ADV-944,Education,Meta,Carousel,2026-06-30,yes
ADV-835,Technology and SaaS,Meta,Video,2026-08-14,yes
ADV-312,Technology and SaaS,Meta,Static,2026-07-27,no
ADV-835,Energy,Google,Carousel,2026-07-08,no
ADV-835,Technology and SaaS,Meta,Static,2026-06-09,yes
ADV-172,Technology and SaaS,Google,Static,2026-07-06,yes
ADV-429,Technology and SaaS,Meta,Video,2026-08-19,no
ADV-312,Technology and SaaS,Google,Video,2026-06-24,no
ADV-835,Media and publishing,Google,Carousel,2026-07-30,no
ADV-248,Media and publishing,Meta,Static,2026-07-30,yes
ADV-545,Media and publishing,Google,Carousel,2026-07-31,yes
ADV-172,Public sector,Google,Carousel,2026-06-30,no
ADV-248,Media and publishing,Meta,Static,2026-06-20,yes
ADV-944,Energy,Google,Video,2026-06-15,no
ADV-248,Media and publishing,Google,Video,2026-09-07,no
ADV-312,Energy,Meta,Carousel,2026-05-31,no
ADV-835,Technology and SaaS,Meta,Video,2026-05-22,yes
ADV-248,Technology and SaaS,Meta,Static,2026-05-29,yes
ADV-429,Education,Meta,Carousel,2026-08-09,no
ADV-545,Technology and SaaS,Google,Video,2026-08-21,no
ADV-172,Media and publishing,Google,Carousel,2026-09-11,no
ADV-429,Media and publishing,Google,Carousel,2026-06-06,yes
ADV-944,Energy,Google,Carousel,2026-07-26,no
ADV-545,Technology and SaaS,Google,Carousel,2026-06-24,yes
ADV-312,Retail and ecommerce,Google,Video,2026-06-29,no
ADV-835,Energy,Google,Carousel,2026-08-28,yes
ADV-545,Media and publishing,Google,Video,2026-08-21,yes
ADV-944,Energy,Meta,Carousel,2026-06-23,no
ADV-159,Media and publishing,Google,Video,2026-06-08,yes
ADV-248,Technology and SaaS,Meta,Carousel,2026-06-07,no
ADV-172,Technology and SaaS,Google,Video,2026-08-01,no
ADV-835,Media and publishing,Meta,Carousel,2026-06-28,yes
ADV-248,Public sector,Google,Carousel,2026-05-24,yes
ADV-172,Public sector,Meta,Video,2026-07-31,no
ADV-545,Energy,Google,Carousel,2026-06-23,yes
ADV-248,Public sector,Google,Video,2026-08-16,no
ADV-248,Technology and SaaS,Meta,Static,2026-06-15,no
ADV-248,Education,Google,Video,2026-09-02,no
ADV-545,Public sector,Meta,Carousel,2026-07-05,no
ADV-944,Technology and SaaS,Google,Carousel,2026-07-03,yes
ADV-159,Retail and ecommerce,Google,Video,2026-07-21,no
ADV-835,Education,Google,Static,2026-06-12,no
ADV-429,Energy,Meta,Carousel,2026-05-27,yes
ADV-312,Energy,Google,Video,2026-08-11,no
ADV-835,Media and publishing,Meta,Video,2026-07-05,no
ADV-159,Media and publishing,Google,Carousel,2026-06-28,no
ADV-429,Retail and ecommerce,Google,Video,2026-07-15,yes
ADV-248,Technology and SaaS,Google,Carousel,2026-06-25,yes
ADV-545,Retail and ecommerce,Google,Video,2026-06-27,no
ADV-429,Technology and SaaS,Google,Carousel,2026-07-21,yes
ADV-835,Retail and ecommerce,Meta,Static,2026-07-07,no
ADV-312,Media and publishing,Meta,Video,2026-07-01,yes
ADV-545,Education,Meta,Carousel,2026-07-14,no
ADV-312,Technology and SaaS,Google,Video,2026-07-17,yes
ADV-248,Public sector,Google,Video,2026-05-19,no
ADV-835,Retail and ecommerce,Meta,Carousel,2026-07-21,yes
ADV-159,Technology and SaaS,Meta,Video,2026-08-17,no
ADV-429,Technology and SaaS,Google,Static,2026-07-22,yes
ADV-159,Media and publishing,Google,Video,2026-07-24,no
ADV-429,Technology and SaaS,Google,Carousel,2026-06-03,no
ADV-312,Technology and SaaS,Google,Carousel,2026-09-04,no
ADV-172,Retail and ecommerce,Google,Carousel,2026-06-29,no
ADV-545,Education,Meta,Static,2026-06-29,yes
ADV-429,Technology and SaaS,Google,Carousel,2026-07-18,no
ADV-429,Media and publishing,Meta,Carousel,2026-06-03,no
ADV-248,Energy,Google,Static,2026-07-04,yes
ADV-172,Public sector,Google,Video,2026-06-03,yes
ADV-159,Technology and SaaS,Google,Video,2026-09-05,no
ADV-835,Education,Meta,Video,2026-08-01,yes
ADV-545,Education,Meta,Video,2026-09-04,no
ADV-159,Media and publishing,Google,Video,2026-05-26,yes
ADV-835,Public sector,Meta,Video,2026-07-04,no
ADV-248,Media and publishing,Meta,Carousel,2026-08-02,yes
ADV-835,Energy,Meta,Carousel,2026-08-19,no
ADV-248,Technology and SaaS,Google,Static,2026-08-11,no
ADV-429,Media and publishing,Google,Video,2026-07-22,yes
ADV-159,Media and publishing,Meta,Video,2026-08-22,no
ADV-545,Public sector,Google,Static,2026-09-11,yes
ADV-312,Public sector,Meta,Carousel,2026-09-02,yes
ADV-312,Media and publishing,Google,Video,2026-05-29,yes
ADV-248,Public sector,Meta,Carousel,2026-06-03,no
ADV-248,Energy,Meta,Carousel,2026-06-12,yes
ADV-172,Media and publishing,Google,Video,2026-05-27,no
ADV-172,Technology and SaaS,Google,Video,2026-07-14,no
ADV-312,Retail and ecommerce,Google,Video,2026-07-28,no
ADV-944,Public sector,Google,Video,2026-07-21,no
ADV-429,Technology and SaaS,Meta,Video,2026-06-29,yes
ADV-159,Technology and SaaS,Google,Video,2026-06-08,no
ADV-312,Retail and ecommerce,Meta,Carousel,2026-08-19,no
ADV-429,Energy,Meta,Carousel,2026-07-06,no
ADV-545,Energy,Google,Carousel,2026-06-07,yes
ADV-944,Education,Meta,Carousel,2026-07-20,yes
ADV-835,Education,Meta,Video,2026-09-11,no
ADV-545,Public sector,Meta,Static,2026-08-31,no
ADV-312,Media and publishing,Meta,Video,2026-06-11,yes
ADV-429,Energy,Google,Static,2026-06-18,no
ADV-429,Technology and SaaS,Meta,Carousel,2026-07-22,no
ADV-835,Public sector,Google,Video,2026-06-26,no
ADV-312,Energy,Meta,Video,2026-05-27,yes
ADV-944,Media and publishing,Google,Video,2026-05-27,yes
ADV-835,Energy,Meta,Static,2026-09-02,yes
ADV-429,Public sector,Meta,Video,2026-06-06,no
ADV-429,Technology and SaaS,Google,Static,2026-09-12,no
ADV-835,Technology and SaaS,Google,Video,2026-09-08,yes
ADV-545,Media and publishing,Meta,Video,2026-07-06,yes
ADV-248,Energy,Google,Video,2026-06-06,yes
ADV-159,Media and publishing,Google,Carousel,2026-06-27,no
ADV-545,Technology and SaaS,Meta,Video,2026-07-15,no
ADV-312,Education,Google,Video,2026-05-30,yes
ADV-835,Public sector,Meta,Video,2026-09-07,yes
ADV-944,Media and publishing,Google,Carousel,2026-08-29,yes
ADV-248,Media and publishing,Meta,Video,2026-05-17,no
ADV-835,Retail and ecommerce,Meta,Carousel,2026-05-30,yes
ADV-172,Energy,Meta,Carousel,2026-05-28,no
ADV-944,Technology and SaaS,Google,Video,2026-08-27,yes
ADV-248,Retail and ecommerce,Google,Video,2026-06-10,yes
ADV-944,Media and publishing,Meta,Video,2026-07-20,no
ADV-429,Technology and SaaS,Google,Video,2026-08-28,yes
ADV-172,Media and publishing,Google,Video,2026-05-20,yes
ADV-429,Technology and SaaS,Meta,Video,2026-06-25,yes
ADV-172,Retail and ecommerce,Meta,Video,2026-07-12,yes
ADV-172,Technology and SaaS,Google,Carousel,2026-07-15,no
ADV-835,Media and publishing,Meta,Video,2026-08-20,yes
ADV-835,Energy,Google,Video,2026-07-11,yes
ADV-172,Media and publishing,Google,Carousel,2026-09-02,yes
ADV-835,Technology and SaaS,Meta,Carousel,2026-06-04,yes
ADV-545,Technology and SaaS,Meta,Carousel,2026-06-22,yes
ADV-429,Media and publishing,Meta,Static,2026-05-18,no
ADV-312,Media and publishing,Meta,Video,2026-07-23,yes
ADV-545,Technology and SaaS,Google,Video,2026-07-10,no
ADV-248,Media and publishing,Meta,Carousel,2026-06-03,no
ADV-172,Technology and SaaS,Google,Carousel,2026-07-26,no
ADV-172,Retail and ecommerce,Meta,Carousel,2026-08-29,no
ADV-429,Retail and ecommerce,Meta,Video,2026-07-17,no
ADV-172,Retail and ecommerce,Meta,Video,2026-05-28,no
ADV-944,Public sector,Google,Video,2026-07-26,yes
ADV-835,Education,Google,Video,2026-09-11,yes
ADV-545,Technology and SaaS,Google,Static,2026-08-17,no
ADV-248,Technology and SaaS,Meta,Video,2026-09-05,no
ADV-248,Media and publishing,Google,Static,2026-07-14,yes
ADV-312,Retail and ecommerce,Meta,Video,2026-07-24,no
ADV-312,Media and publishing,Meta,Carousel,2026-08-25,no
ADV-172,Technology and SaaS,Meta,Video,2026-07-20,no
ADV-429,Technology and SaaS,Meta,Static,2026-08-14,no
ADV-312,Education,Meta,Video,2026-06-29,yes
ADV-835,Public sector,Google,Video,2026-06-22,no
ADV-248,Public sector,Google,Carousel,2026-06-06,no
ADV-248,Technology and SaaS,Google,Video,2026-08-20,yes
ADV-545,Education,Google,Video,2026-05-17,no
ADV-248,Media and publishing,Meta,Video,2026-07-19,no
ADV-835,Public sector,Meta,Carousel,2026-05-20,yes
ADV-159,Technology and SaaS,Google,Carousel,2026-06-05,yes
ADV-835,Energy,Meta,Video,2026-06-17,yes
ADV-312,Technology and SaaS,Meta,Static,2026-06-30,yes
ADV-159,Energy,Meta,Video,2026-08-14,no
ADV-159,Energy,Google,Video,2026-06-16,yes
ADV-835,Technology and SaaS,Meta,Video,2026-06-17,no
ADV-545,Technology and SaaS,Meta,Carousel,2026-05-16,no
ADV-248,Technology and SaaS,Google,Video,2026-07-02,yes
ADV-835,Media and publishing,Meta,Carousel,2026-06-10,yes
ADV-312,Media and publishing,Google,Static,2026-09-06,yes
ADV-835,Technology and SaaS,Google,Video,2026-06-05,yes
ADV-159,Education,Meta,Carousel,2026-09-12,yes
ADV-172,Retail and ecommerce,Google,Video,2026-09-09,yes
ADV-172,Technology and SaaS,Meta,Video,2026-08-08,yes
ADV-172,Technology and SaaS,Meta,Video,2026-06-29,no
ADV-312,Media and publishing,Google,Carousel,2026-05-22,no
ADV-545,Media and publishing,Meta,Carousel,2026-06-20,no
ADV-835,Retail and ecommerce,Meta,Static,2026-07-27,no
ADV-545,Energy,Meta,Static,2026-05-27,no
ADV-312,Technology and SaaS,Meta,Static,2026-07-10,yes
ADV-429,Technology and SaaS,Meta,Carousel,2026-08-01,no
ADV-429,Energy,Meta,Video,2026-07-09,yes
ADV-159,Technology and SaaS,Meta,Video,2026-07-30,no
ADV-248,Retail and ecommerce,Meta,Carousel,2026-08-31,no
ADV-944,Technology and SaaS,Google,Video,2026-09-08,yes
ADV-248,Public sector,Meta,Video,2026-06-01,yes
ADV-248,Retail and ecommerce,Google,Video,2026-08-29,yes
ADV-835,Public sector,Meta,Carousel,2026-06-23,yes
ADV-312,Technology and SaaS,Google,Static,2026-07-18,no
ADV-429,Technology and SaaS,Google,Video,2026-07-12,no
ADV-835,Technology and SaaS,Meta,Video,2026-08-31,yes
ADV-835,Retail and ecommerce,Google,Static,2026-05-27,yes
ADV-545,Technology and SaaS,Meta,Video,2026-06-30,no
ADV-545,Technology and SaaS,Meta,Video,2026-05-25,yes
ADV-429,Media and publishing,Meta,Video,2026-06-18,yes
ADV-835,Retail and ecommerce,Google,Video,2026-07-17,no
ADV-172,Energy,Meta,Carousel,2026-07-13,no
ADV-429,Media and publishing,Meta,Static,2026-06-19,yes
ADV-312,Education,Meta,Static,2026-05-26,no
ADV-835,Technology and SaaS,Meta,Static,2026-05-24,yes
ADV-545,Media and publishing,Google,Static,2026-09-06,yes
ADV-312,Energy,Meta,Carousel,2026-06-24,no
ADV-835,Media and publishing,Google,Carousel,2026-07-26,no
ADV-159,Technology and SaaS,Meta,Video,2026-06-08,yes
ADV-545,Public sector,Meta,Video,2026-08-05,no
ADV-545,Media and publishing,Meta,Static,2026-06-08,no
ADV-172,Retail and ecommerce,Google,Carousel,2026-08-22,yes
ADV-172,Technology and SaaS,Google,Video,2026-07-12,no
ADV-159,Retail and ecommerce,Meta,Carousel,2026-08-12,no
ADV-545,Retail and ecommerce,Google,Video,2026-08-15,no
ADV-545,Technology and SaaS,Meta,Video,2026-07-09,no
ADV-944,Technology and SaaS,Google,Video,2026-06-03,no
ADV-429,Energy,Meta,Video,2026-06-16,yes
ADV-172,Media and publishing,Meta,Carousel,2026-05-28,no
ADV-545,Technology and SaaS,Google,Carousel,2026-05-26,no
ADV-429,Media and publishing,Google,Video,2026-09-04,yes
ADV-545,Public sector,Google,Video,2026-07-31,yes
ADV-429,Media and publishing,Meta,Carousel,2026-09-07,yes
ADV-429,Media and publishing,Google,Static,2026-06-11,no
ADV-429,Technology and SaaS,Meta,Carousel,2026-05-28,no
ADV-312,Education,Meta,Carousel,2026-08-02,no
ADV-172,Energy,Google,Static,2026-09-01,no
ADV-429,Media and publishing,Google,Carousel,2026-06-04,yes
ADV-944,Public sector,Meta,Video,2026-06-12,no
ADV-159,Media and publishing,Google,Static,2026-07-11,yes
ADV-545,Energy,Google,Carousel,2026-08-21,yes
ADV-159,Media and publishing,Google,Carousel,2026-05-29,no
ADV-248,Technology and SaaS,Google,Video,2026-06-25,no
ADV-835,Education,Meta,Carousel,2026-06-16,no
ADV-944,Media and publishing,Meta,Video,2026-07-04,no
ADV-172,Media and publishing,Google,Video,2026-06-04,no
ADV-312,Media and publishing,Meta,Carousel,2026-05-21,yes
ADV-835,Technology and SaaS,Meta,Video,2026-08-10,no
ADV-172,Media and publishing,Meta,Video,2026-05-17,yes
ADV-159,Media and publishing,Google,Carousel,2026-08-05,no
ADV-835,Retail and ecommerce,Meta,Carousel,2026-06-01,yes
ADV-429,Public sector,Google,Carousel,2026-06-20,yes
ADV-545,Media and publishing,Meta,Video,2026-06-01,yes
ADV-248,Energy,Google,Carousel,2026-05-19,yes
ADV-248,Energy,Meta,Carousel,2026-08-12,yes
ADV-429,Media and publishing,Meta,Video,2026-08-26,no
ADV-312,Education,Meta,Static,2026-05-19,no
ADV-835,Media and publishing,Meta,Video,2026-08-10,yes
ADV-944,Technology and SaaS,Google,Carousel,2026-08-20,no
ADV-159,Technology and SaaS,Google,Video,2026-08-31,yes
ADV-172,Retail and ecommerce,Google,Video,2026-07-28,yes
ADV-312,Media and publishing,Google,Video,2026-06-27,yes
ADV-172,Technology and SaaS,Google,Video,2026-07-05,no
ADV-248,Retail and ecommerce,Meta,Video,2026-09-10,no
ADV-172,Media and publishing,Meta,Carousel,2026-05-30,no
ADV-248,Technology and SaaS,Google,Video,2026-08-26,no
ADV-248,Media and publishing,Google,Video,2026-06-08,no
ADV-545,Public sector,Meta,Video,2026-06-24,yes
ADV-172,Technology and SaaS,Meta,Video,2026-05-28,no
ADV-312,Media and publishing,Meta,Video,2026-08-06,no
ADV-835,Technology and SaaS,Google,Carousel,2026-08-27,yes
ADV-429,Education,Google,Video,2026-06-15,no
ADV-172,Technology and SaaS,Google,Video,2026-07-12,no
ADV-159,Technology and SaaS,Google,Video,2026-06-16,no
ADV-944,Retail and ecommerce,Google,Video,2026-07-21,yes
ADV-944,Technology and SaaS,Meta,Video,2026-08-25,yes
ADV-429,Energy,Meta,Static,2026-09-11,yes
ADV-944,Retail and ecommerce,Meta,Video,2026-07-18,yes
ADV-835,Technology and SaaS,Meta,Video,2026-09-04,yes
ADV-944,Technology and SaaS,Google,Carousel,2026-06-13,no
ADV-545,Public sector,Google,Video,2026-07-28,yes
ADV-429,Technology and SaaS,Google,Video,2026-09-08,no
ADV-944,Media and publishing,Google,Static,2026-05-28,yes
ADV-159,Education,Google,Carousel,2026-07-18,no
ADV-172,Retail and ecommerce,Meta,Carousel,2026-09-09,no
ADV-429,Energy,Google,Carousel,2026-07-09,no
ADV-248,Energy,Meta,Carousel,2026-09-04,no
ADV-159,Energy,Meta,Carousel,2026-08-12,no
ADV-429,Energy,Google,Static,2026-09-01,no
ADV-172,Technology and SaaS,Google,Carousel,2026-07-18,no
ADV-944,Retail and ecommerce,Meta,Carousel,2026-08-24,yes
ADV-545,Public sector,Meta,Carousel,2026-06-24,yes
ADV-835,Media and publishing,Google,Carousel,2026-05-23,no
ADV-429,Public sector,Meta,Video,2026-06-21,no
ADV-944,Energy,Meta,Video,2026-07-24,yes
ADV-835,Technology and SaaS,Google,Video,2026-07-17,yes
ADV-429,Public sector,Google,Video,2026-08-18,no
ADV-172,Public sector,Google,Video,2026-08-19,no
ADV-248,Retail and ecommerce,Google,Video,2026-07-12,yes
ADV-172,Public sector,Meta,Video,2026-08-17,no
ADV-944,Public sector,Meta,Video,2026-07-29,yes
ADV-159,Energy,Google,Video,2026-09-09,yes
ADV-835,Education,Meta,Carousel,2026-07-17,yes
ADV-159,Energy,Meta,Static,2026-08-25,no
ADV-159,Technology and SaaS,Meta,Carousel,2026-06-01,yes
ADV-835,Retail and ecommerce,Google,Video,2026-07-13,no
ADV-159,Education,Meta,Video,2026-05-29,no
ADV-312,Technology and SaaS,Meta,Video,2026-06-11,yes
ADV-159,Media and publishing,Meta,Carousel,2026-05-29,no
ADV-172,Technology and SaaS,Google,Carousel,2026-07-11,no
ADV-944,Media and publishing,Meta,Static,2026-06-11,yes
ADV-172,Energy,Google,Carousel,2026-07-15,no
ADV-429,Education,Meta,Carousel,2026-08-14,no
ADV-312,Media and publishing,Meta,Carousel,2026-07-04,yes
ADV-172,Technology and SaaS,Meta,Video,2026-07-16,no
ADV-172,Education,Meta,Video,2026-06-03,no
ADV-312,Technology and SaaS,Meta,Carousel,2026-07-11,no
ADV-944,Technology and SaaS,Meta,Static,2026-06-27,no
ADV-248,Retail and ecommerce,Google,Carousel,2026-06-01,no
ADV-248,Media and publishing,Meta,Static,2026-07-03,yes
ADV-159,Media and publishing,Meta,Carousel,2026-09-12,no
ADV-429,Media and publishing,Google,Video,2026-07-05,yes
ADV-159,Education,Meta,Carousel,2026-06-21,yes
ADV-172,Technology and SaaS,Meta,Carousel,2026-06-02,yes
ADV-159,Technology and SaaS,Meta,Video,2026-07-26,yes
ADV-545,Public sector,Google,Video,2026-07-25,no
ADV-545,Public sector,Meta,Carousel,2026-09-01,yes
ADV-172,Media and publishing,Google,Static,2026-06-15,yes
ADV-545,Retail and ecommerce,Meta,Static,2026-05-28,no
ADV-835,Energy,Meta,Static,2026-09-02,no
ADV-172,Retail and ecommerce,Google,Carousel,2026-05-20,yes
ADV-944,Energy,Meta,Video,2026-08-14,yes
ADV-312,Retail and ecommerce,Meta,Video,2026-07-13,yes
ADV-172,Public sector,Meta,Video,2026-09-05,no
ADV-944,Energy,Meta,Carousel,2026-08-16,no
ADV-159,Education,Meta,Video,2026-07-09,no
ADV-545,Media and publishing,Google,Carousel,2026-05-30,yes
ADV-172,Media and publishing,Google,Carousel,2026-08-14,no
ADV-159,Media and publishing,Meta,Video,2026-09-05,no
ADV-835,Media and publishing,Meta,Carousel,2026-06-19,yes
ADV-429,Media and publishing,Google,Static,2026-07-02,yes
ADV-312,Education,Meta,Video,2026-06-19,yes
ADV-429,Public sector,Google,Video,2026-08-01,yes
ADV-545,Retail and ecommerce,Google,Carousel,2026-07-24,no
ADV-944,Education,Meta,Video,2026-06-16,yes
ADV-429,Education,Google,Video,2026-08-09,no
ADV-159,Energy,Google,Static,2026-07-04,yes
ADV-545,Retail and ecommerce,Google,Carousel,2026-09-08,no
ADV-835,Media and publishing,Google,Carousel,2026-07-06,no
ADV-835,Technology and SaaS,Google,Video,2026-08-08,no
ADV-248,Media and publishing,Google,Video,2026-07-27,yes
ADV-429,Education,Google,Video,2026-08-16,yes
ADV-545,Media and publishing,Meta,Video,2026-06-18,yes
ADV-159,Education,Google,Static,2026-08-22,no
ADV-172,Energy,Google,Carousel,2026-06-22,no
ADV-429,Media and publishing,Meta,Carousel,2026-07-21,no
ADV-312,Energy,Google,Carousel,2026-07-08,yes
ADV-248,Energy,Google,Video,2026-09-02,no
ADV-835,Education,Google,Carousel,2026-07-23,no
ADV-835,Technology and SaaS,Google,Video,2026-08-30,no
ADV-429,Education,Meta,Static,2026-08-25,no
ADV-429,Technology and SaaS,Google,Static,2026-09-12,yes
ADV-172,Technology and SaaS,Google,Video,2026-06-25,yes
ADV-172,Media and publishing,Google,Carousel,2026-08-03,no
ADV-835,Media and publishing,Meta,Video,2026-05-19,yes
ADV-159,Public sector,Google,Video,2026-07-17,yes
ADV-429,Energy,Google,Static,2026-08-30,no
ADV-429,Media and publishing,Google,Static,2026-07-02,yes
ADV-429,Technology and SaaS,Meta,Static,2026-07-10,yes
ADV-944,Media and publishing,Meta,Carousel,2026-07-14,no
ADV-172,Media and publishing,Google,Video,2026-09-10,no
ADV-159,Media and publishing,Meta,Video,2026-08-20,no
ADV-835,Technology and SaaS,Meta,Video,2026-06-08,yes
ADV-944,Energy,Meta,Static,2026-06-27,no
ADV-429,Technology and SaaS,Meta,Video,2026-06-22,no
ADV-172,Education,Google,Carousel,2026-07-15,yes
ADV-248,Media and publishing,Meta,Video,2026-06-10,yes
ADV-159,Energy,Meta,Carousel,2026-05-27,yes
ADV-312,Energy,Meta,Video,2026-08-27,yes
ADV-312,Public sector,Google,Video,2026-08-27,yes
ADV-159,Energy,Google,Carousel,2026-07-01,no
ADV-248,Energy,Google,Video,2026-06-08,yes
ADV-429,Energy,Meta,Video,2026-07-13,no
ADV-312,Technology and SaaS,Google,Video,2026-08-25,yes
ADV-944,Media and publishing,Google,Video,2026-05-24,no
ADV-159,Technology and SaaS,Google,Carousel,2026-08-07,yes
ADV-429,Retail and ecommerce,Meta,Video,2026-09-11,no
ADV-944,Education,Google,Video,2026-06-11,yes
ADV-429,Retail and ecommerce,Google,Video,2026-06-15,no
ADV-545,Education,Meta,Carousel,2026-08-11,yes
ADV-944,Technology and SaaS,Meta,Video,2026-07-01,yes
ADV-159,Media and publishing,Google,Video,2026-06-21,yes
ADV-312,Media and publishing,Meta,Carousel,2026-08-12,no
ADV-159,Education,Meta,Carousel,2026-08-11,yes
ADV-944,Retail and ecommerce,Meta,Video,2026-08-06,no
ADV-248,Technology and SaaS,Google,Carousel,2026-07-09,yes
ADV-545,Media and publishing,Google,Video,2026-09-07,yes
ADV-835,Media and publishing,Meta,Video,2026-07-05,no
ADV-429,Energy,Meta,Carousel,2026-06-11,yes
ADV-944,Energy,Meta,Video,2026-08-30,no
ADV-545,Technology and SaaS,Google,Carousel,2026-05-30,no
ADV-172,Technology and SaaS,Meta,Video,2026-08-28,yes
ADV-545,Technology and SaaS,Google,Video,2026-06-23,yes
ADV-944,Technology and SaaS,Meta,Static,2026-07-13,no
ADV-545,Retail and ecommerce,Google,Video,2026-07-08,yes
ADV-835,Technology and SaaS,Google,Static,2026-08-28,no
ADV-159,Retail and ecommerce,Meta,Static,2026-07-17,yes
ADV-248,Media and publishing,Meta,Carousel,2026-09-09,yes
ADV-248,Technology and SaaS,Google,Video,2026-05-21,no
ADV-944,Education,Google,Carousel,2026-07-25,yes
ADV-545,Energy,Google,Video,2026-09-10,no
ADV-835,Energy,Meta,Carousel,2026-08-06,no
ADV-835,Energy,Meta,Carousel,2026-06-25,no
ADV-312,Technology and SaaS,Google,Video,2026-08-06,yes
ADV-944,Public sector,Google,Carousel,2026-09-08,no
ADV-944,Media and publishing,Meta,Video,2026-08-20,no
ADV-835,Technology and SaaS,Google,Video,2026-07-19,no
ADV-172,Education,Google,Video,2026-07-16,yes
ADV-172,Technology and SaaS,Meta,Static,2026-07-03,no
ADV-944,Public sector,Meta,Video,2026-08-20,no
ADV-159,Education,Meta,Video,2026-08-09,no
ADV-835,Education,Google,Static,2026-08-16,no
ADV-429,Media and publishing,Meta,Video,2026-08-31,yes
ADV-835,Education,Google,Carousel,2026-06-29,no
ADV-944,Public sector,Google,Carousel,2026-05-28,yes
ADV-429,Retail and ecommerce,Meta,Video,2026-07-22,no
ADV-944,Media and publishing,Meta,Carousel,2026-07-12,no
ADV-248,Energy,Meta,Static,2026-05-29,yes
ADV-312,Education,Meta,Video,2026-07-24,no
ADV-312,Education,Meta,Carousel,2026-09-02,no
ADV-545,Public sector,Google,Video,2026-07-29,yes
ADV-172,Media and publishing,Meta,Static,2026-06-26,yes
ADV-944,Energy,Google,Video,2026-05-16,yes
ADV-248,Retail and ecommerce,Meta,Carousel,2026-06-02,no
ADV-429,Technology and SaaS,Google,Carousel,2026-07-19,yes
ADV-835,Media and publishing,Google,Static,2026-09-05,no
ADV-312,Public sector,Google,Carousel,2026-09-06,no
ADV-312,Education,Meta,Carousel,2026-08-04,no
ADV-429,Public sector,Google,Video,2026-07-09,yes
ADV-159,Media and publishing,Meta,Carousel,2026-09-03,no
ADV-835,Energy,Google,Video,2026-05-23,yes
ADV-159,Education,Google,Carousel,2026-07-20,yes
ADV-835,Media and publishing,Meta,Carousel,2026-08-21,no
ADV-545,Retail and ecommerce,Google,Static,2026-06-08,no
ADV-944,Media and publishing,Meta,Carousel,2026-06-27,yes
ADV-835,Media and publishing,Google,Video,2026-08-08,yes
ADV-312,Media and publishing,Meta,Video,2026-06-27,no
ADV-159,Retail and ecommerce,Google,Video,2026-08-10,yes
ADV-159,Public sector,Meta,Static,2026-07-10,no
ADV-545,Public sector,Google,Video,2026-05-19,yes
ADV-429,Public sector,Google,Video,2026-07-02,yes
ADV-312,Public sector,Google,Carousel,2026-05-28,no
ADV-248,Energy,Meta,Carousel,2026-06-03,no
ADV-835,Media and publishing,Meta,Carousel,2026-06-08,yes
ADV-944,Technology and SaaS,Google,Carousel,2026-06-07,no
ADV-159,Education,Google,Static,2026-07-07,no
ADV-545,Media and publishing,Google,Carousel,2026-08-22,no
ADV-545,Technology and SaaS,Meta,Static,2026-06-12,yes
ADV-545,Technology and SaaS,Meta,Video,2026-06-25,yes
ADV-172,Energy,Google,Video,2026-06-05,yes
ADV-172,Retail and ecommerce,Meta,Carousel,2026-05-31,yes
ADV-429,Education,Google,Carousel,2026-06-22,no
ADV-545,Education,Meta,Carousel,2026-06-25,yes
ADV-429,Education,Google,Static,2026-08-12,no
ADV-248,Education,Meta,Video,2026-07-28,no
ADV-835,Technology and SaaS,Google,Video,2026-08-14,no
ADV-835,Public sector,Google,Video,2026-07-21,no
ADV-159,Public sector,Google,Video,2026-07-15,no
ADV-312,Media and publishing,Meta,Carousel,2026-05-26,no
ADV-172,Public sector,Google,Video,2026-08-27,yes
ADV-159,Public sector,Google,Video,2026-05-31,no
ADV-429,Education,Google,Video,2026-08-29,yes
ADV-429,Public sector,Google,Video,2026-05-25,yes
ADV-545,Media and publishing,Meta,Video,2026-08-13,no
ADV-172,Technology and SaaS,Google,Static,2026-08-09,yes
ADV-835,Technology and SaaS,Google,Carousel,2026-05-29,no
ADV-429,Technology and SaaS,Google,Carousel,2026-08-18,yes
ADV-312,Public sector,Google,Video,2026-06-03,no
ADV-172,Public sector,Meta,Video,2026-08-26,no
ADV-429,Technology and SaaS,Meta,Video,2026-09-03,yes
ADV-944,Retail and ecommerce,Meta,Carousel,2026-06-18,yes
ADV-429,Media and publishing,Google,Video,2026-08-26,no
ADV-429,Media and publishing,Google,Static,2026-07-02,yes
ADV-944,Technology and SaaS,Meta,Video,2026-06-09,yes
ADV-172,Energy,Meta,Video,2026-07-24,yes
ADV-429,Energy,Meta,Video,2026-07-28,yes
ADV-545,Education,Google,Carousel,2026-07-01,no
ADV-944,Retail and ecommerce,Meta,Static,2026-07-09,yes
ADV-248,Media and publishing,Google,Carousel,2026-07-09,no
ADV-172,Public sector,Meta,Video,2026-07-25,no
ADV-248,Energy,Meta,Static,2026-09-06,yes
ADV-159,Public sector,Google,Video,2026-08-08,no
ADV-248,Technology and SaaS,Meta,Carousel,2026-07-21,no
ADV-429,Media and publishing,Meta,Carousel,2026-06-19,yes
ADV-835,Technology and SaaS,Google,Carousel,2026-06-21,no
ADV-429,Technology and SaaS,Google,Carousel,2026-05-20,no
ADV-172,Public sector,Google,Carousel,2026-06-24,no
ADV-312,Technology and SaaS,Google,Video,2026-07-20,no
ADV-172,Media and publishing,Google,Carousel,2026-06-24,yes
ADV-312,Energy,Google,Video,2026-06-30,no
ADV-429,Media and publishing,Google,Video,2026-05-23,no
ADV-944,Media and publishing,Meta,Video,2026-08-07,yes
ADV-159,Energy,Meta,Carousel,2026-09-02,yes
ADV-172,Media and publishing,Meta,Carousel,2026-07-03,no
ADV-545,Media and publishing,Google,Video,2026-05-27,no
ADV-159,Media and publishing,Meta,Static,2026-07-13,no
ADV-172,Education,Google,Carousel,2026-05-18,no
ADV-944,Public sector,Google,Video,2026-05-30,no
ADV-545,Public sector,Google,Carousel,2026-08-15,no
ADV-429,Public sector,Google,Carousel,2026-06-28,no
ADV-248,Technology and SaaS,Google,Video,2026-08-19,yes
ADV-312,Education,Meta,Carousel,2026-09-09,yes
ADV-429,Technology and SaaS,Meta,Video,2026-07-10,yes
ADV-159,Technology and SaaS,Meta,Carousel,2026-08-17,no
ADV-312,Technology and SaaS,Meta,Static,2026-05-27,yes
ADV-312,Energy,Meta,Carousel,2026-06-24,yes
ADV-545,Energy,Meta,Video,2026-08-31,no
ADV-429,Technology and SaaS,Meta,Carousel,2026-07-19,no
ADV-944,Technology and SaaS,Meta,Carousel,2026-08-14,no
ADV-429,Public sector,Meta,Static,2026-07-08,yes
ADV-545,Energy,Meta,Video,2026-06-01,no
ADV-835,Technology and SaaS,Meta,Carousel,2026-06-30,no
ADV-429,Energy,Meta,Video,2026-05-24,yes
ADV-429,Education,Meta,Video,2026-06-18,no
ADV-835,Technology and SaaS,Meta,Carousel,2026-05-19,no
ADV-312,Education,Meta,Video,2026-08-14,yes
ADV-944,Media and publishing,Google,Carousel,2026-05-29,no
ADV-159,Retail and ecommerce,Google,Carousel,2026-08-21,no
ADV-159,Technology and SaaS,Meta,Carousel,2026-08-01,no
ADV-312,Media and publishing,Google,Static,2026-05-21,yes
ADV-944,Education,Google,Video,2026-09-04,no
ADV-172,Retail and ecommerce,Meta,Video,2026-07-02,no
ADV-159,Energy,Google,Carousel,2026-06-16,no
ADV-545,Technology and SaaS,Google,Carousel,2026-08-27,no
ADV-429,Education,Meta,Static,2026-08-06,no
ADV-835,Energy,Meta,Carousel,2026-06-03,no
ADV-835,Technology and SaaS,Meta,Video,2026-05-22,no
ADV-159,Public sector,Meta,Video,2026-08-31,no
ADV-944,Retail and ecommerce,Google,Video,2026-08-21,no
ADV-312,Technology and SaaS,Google,Video,2026-08-27,yes
ADV-545,Energy,Meta,Carousel,2026-08-21,yes
ADV-545,Media and publishing,Google,Video,2026-06-01,no
ADV-159,Education,Google,Video,2026-05-26,yes
ADV-944,Media and publishing,Google,Video,2026-06-24,yes
ADV-429,Public sector,Meta,Video,2026-08-04,no
ADV-248,Technology and SaaS,Meta,Video,2026-07-30,yes
ADV-429,Education,Meta,Carousel,2026-07-12,no
ADV-545,Retail and ecommerce,Meta,Carousel,2026-08-30,no
ADV-172,Energy,Meta,Carousel,2026-08-29,no
ADV-172,Media and publishing,Google,Carousel,2026-06-07,no
ADV-545,Media and publishing,Google,Carousel,2026-08-06,yes
ADV-312,Education,Meta,Video,2026-07-25,yes
ADV-159,Technology and SaaS,Meta,Carousel,2026-06-25,yes
ADV-172,Media and publishing,Meta,Carousel,2026-07-24,yes
ADV-172,Retail and ecommerce,Google,Video,2026-08-04,yes
ADV-159,Energy,Meta,Carousel,2026-08-22,yes
ADV-944,Public sector,Google,Video,2026-08-11,no
ADV-172,Media and publishing,Google,Static,2026-08-13,yes
ADV-429,Energy,Meta,Video,2026-07-26,no
ADV-159,Technology and SaaS,Google,Video,2026-07-05,yes
ADV-835,Media and publishing,Google,Carousel,2026-05-25,no
ADV-545,Media and publishing,Google,Carousel,2026-06-04,no
ADV-159,Media and publishing,Google,Static,2026-07-06,yes
ADV-248,Media and publishing,Google,Video,2026-05-24,no
ADV-248,Education,Google,Video,2026-07-01,no
ADV-944,Retail and ecommerce,Google,Carousel,2026-05-16,no
ADV-429,Media and publishing,Google,Carousel,2026-05-27,yes
ADV-429,Media and publishing,Meta,Carousel,2026-09-05,no
ADV-248,Media and publishing,Meta,Carousel,2026-07-14,yes
ADV-429,Media and publishing,Meta,Video,2026-06-15,yes
ADV-944,Technology and SaaS,Google,Video,2026-05-31,yes
ADV-159,Education,Meta,Carousel,2026-08-17,no
ADV-545,Technology and SaaS,Google,Video,2026-06-23,no
ADV-545,Technology and SaaS,Meta,Carousel,2026-06-26,yes
ADV-429,Technology and SaaS,Meta,Video,2026-06-07,no
ADV-159,Education,Google,Video,2026-08-28,yes
ADV-429,Education,Google,Static,2026-06-22,no
ADV-172,Retail and ecommerce,Meta,Static,2026-07-22,no
ADV-429,Education,Meta,Video,2026-05-20,yes
ADV-429,Public sector,Google,Carousel,2026-07-20,no
ADV-429,Public sector,Meta,Carousel,2026-07-17,no
ADV-159,Technology and SaaS,Google,Video,2026-07-21,yes
ADV-429,Media and publishing,Meta,Carousel,2026-07-05,yes
ADV-159,Education,Google,Video,2026-07-14,no
ADV-172,Technology and SaaS,Meta,Video,2026-08-03,yes
ADV-835,Technology and SaaS,Meta,Video,2026-07-28,yes
ADV-172,Media and publishing,Meta,Video,2026-07-29,no
ADV-944,Technology and SaaS,Google,Video,2026-06-03,no
ADV-172,Retail and ecommerce,Meta,Video,2026-07-26,no
ADV-159,Media and publishing,Google,Video,2026-07-18,yes
ADV-312,Technology and SaaS,Meta,Video,2026-06-19,no
ADV-172,Media and publishing,Meta,Video,2026-06-05,no
ADV-944,Education,Meta,Video,2026-07-27,yes
ADV-312,Energy,Google,Video,2026-08-06,yes
ADV-835,Technology and SaaS,Google,Video,2026-06-23,yes
ADV-835,Technology and SaaS,Meta,Video,2026-05-17,no
ADV-312,Public sector,Meta,Video,2026-08-11,no
ADV-944,Technology and SaaS,Google,Carousel,2026-07-13,yes
ADV-312,Education,Google,Video,2026-08-08,yes
ADV-159,Public sector,Meta,Carousel,2026-05-18,yes
ADV-312,Education,Meta,Video,2026-06-23,no
ADV-248,Media and publishing,Google,Video,2026-08-29,no
ADV-944,Technology and SaaS,Google,Video,2026-09-11,yes
ADV-429,Education,Meta,Video,2026-07-15,no
ADV-429,Public sector,Google,Video,2026-05-22,no
ADV-312,Media and publishing,Google,Video,2026-06-03,yes
ADV-248,Media and publishing,Meta,Video,2026-05-30,yes
ADV-248,Energy,Meta,Video,2026-07-21,yes
ADV-172,Retail and ecommerce,Meta,Video,2026-08-21,no
ADV-835,Retail and ecommerce,Meta,Carousel,2026-08-17,no
ADV-159,Technology and SaaS,Meta,Carousel,2026-06-19,yes
ADV-429,Energy,Meta,Video,2026-06-24,yes
ADV-159,Media and publishing,Google,Carousel,2026-08-06,no
ADV-835,Media and publishing,Meta,Video,2026-09-12,yes
ADV-159,Media and publishing,Google,Carousel,2026-08-22,no
ADV-545,Media and publishing,Google,Carousel,2026-06-12,no
ADV-172,Technology and SaaS,Meta,Static,2026-06-18,yes
ADV-545,Education,Meta,Carousel,2026-08-26,no
ADV-312,Energy,Meta,Video,2026-06-28,yes
ADV-944,Public sector,Google,Carousel,2026-06-04,no
ADV-312,Education,Meta,Carousel,2026-06-18,yes
ADV-835,Technology and SaaS,Google,Carousel,2026-06-04,yes
ADV-159,Retail and ecommerce,Meta,Carousel,2026-06-19,no
ADV-248,Public sector,Google,Carousel,2026-08-01,no
ADV-172,Energy,Google,Carousel,2026-09-05,no
ADV-312,Public sector,Google,Carousel,2026-08-11,no
ADV-159,Education,Meta,Video,2026-07-27,no
ADV-312,Retail and ecommerce,Meta,Video,2026-06-11,yes
ADV-312,Technology and SaaS,Google,Carousel,2026-08-29,yes
ADV-159,Technology and SaaS,Meta,Video,2026-09-01,no
ADV-312,Education,Google,Video,2026-05-19,yes
ADV-248,Technology and SaaS,Google,Video,2026-07-01,no
ADV-944,Education,Meta,Carousel,2026-07-28,yes
ADV-835,Media and publishing,Meta,Static,2026-08-27,no
ADV-248,Technology and SaaS,Meta,Carousel,2026-08-07,yes
ADV-172,Technology and SaaS,Meta,Video,2026-08-12,yes
ADV-159,Retail and ecommerce,Google,Video,2026-07-30,yes
ADV-429,Technology and SaaS,Google,Carousel,2026-07-14,no
ADV-429,Education,Meta,Carousel,2026-08-06,yes
ADV-172,Energy,Google,Static,2026-08-27,no
ADV-545,Education,Meta,Carousel,2026-05-29,no
ADV-545,Education,Google,Video,2026-07-24,no
ADV-835,Education,Google,Carousel,2026-08-06,yes
ADV-944,Media and publishing,Meta,Carousel,2026-06-10,no
ADV-545,Media and publishing,Meta,Video,2026-06-26,yes
ADV-429,Public sector,Meta,Video,2026-06-09,no
ADV-312,Energy,Google,Video,2026-09-05,yes
ADV-944,Public sector,Meta,Carousel,2026-07-15,yes
ADV-429,Technology and SaaS,Google,Static,2026-08-20,no
ADV-159,Media and publishing,Google,Carousel,2026-07-12,no
ADV-159,Energy,Meta,Static,2026-08-28,yes
ADV-312,Education,Meta,Carousel,2026-07-10,yes
ADV-944,Technology and SaaS,Meta,Carousel,2026-07-01,no
ADV-312,Technology and SaaS,Google,Carousel,2026-08-25,yes
ADV-172,Retail and ecommerce,Meta,Video,2026-08-19,no
ADV-545,Education,Google,Carousel,2026-07-09,yes
ADV-835,Technology and SaaS,Meta,Carousel,2026-05-17,yes
ADV-545,Energy,Google,Video,2026-07-31,no
ADV-159,Education,Google,Carousel,2026-08-21,no
ADV-312,Energy,Google,Video,2026-07-20,no
ADV-545,Media and publishing,Meta,Video,2026-07-27,no
ADV-944,Retail and ecommerce,Google,Video,2026-06-27,yes
ADV-172,Education,Google,Carousel,2026-08-20,yes
ADV-248,Energy,Meta,Carousel,2026-07-08,no
ADV-944,Technology and SaaS,Meta,Carousel,2026-05-31,yes
ADV-159,Energy,Google,Video,2026-09-09,yes
ADV-159,Media and publishing,Google,Video,2026-05-16,yes
ADV-312,Media and publishing,Google,Static,2026-07-28,yes
ADV-248,Retail and ecommerce,Google,Carousel,2026-07-01,no
ADV-312,Energy,Google,Video,2026-07-03,no
ADV-944,Public sector,Meta,Video,2026-08-06,yes
ADV-159,Media and publishing,Meta,Carousel,2026-05-20,yes
ADV-944,Technology and SaaS,Meta,Video,2026-07-03,yes
ADV-159,Energy,Meta,Carousel,2026-08-20,yes
ADV-172,Media and publishing,Meta,Video,2026-07-26,no
ADV-248,Technology and SaaS,Meta,Video,2026-06-16,no
ADV-835,Retail and ecommerce,Meta,Video,2026-07-10,no
ADV-835,Public sector,Google,Video,2026-07-02,no
ADV-429,Media and publishing,Meta,Static,2026-06-30,yes
ADV-312,Technology and SaaS,Google,Video,2026-09-11,no
ADV-159,Public sector,Meta,Video,2026-07-18,no
ADV-312,Technology and SaaS,Meta,Carousel,2026-07-29,no
ADV-159,Education,Google,Video,2026-06-28,no
ADV-944,Media and publishing,Meta,Video,2026-08-06,no
ADV-835,Energy,Google,Static,2026-05-27,yes
ADV-944,Technology and SaaS,Meta,Carousel,2026-06-02,yes
ADV-248,Media and publishing,Google,Carousel,2026-05-29,no
ADV-312,Technology and SaaS,Google,Video,2026-08-10,no
ADV-835,Education,Meta,Video,2026-07-25,no
ADV-248,Energy,Meta,Video,2026-05-23,yes
ADV-159,Education,Google,Video,2026-07-25,yes
ADV-159,Technology and SaaS,Google,Carousel,2026-09-11,no
ADV-172,Media and publishing,Meta,Carousel,2026-08-22,yes
ADV-429,Media and publishing,Meta,Video,2026-07-20,yes
ADV-312,Media and publishing,Meta,Video,2026-08-09,no
ADV-312,Public sector,Meta,Carousel,2026-08-11,no
ADV-159,Media and publishing,Meta,Carousel,2026-09-07,yes
ADV-159,Retail and ecommerce,Meta,Carousel,2026-06-10,yes
ADV-312,Technology and SaaS,Google,Video,2026-05-19,yes
ADV-835,Retail and ecommerce,Google,Video,2026-07-01,no
ADV-172,Public sector,Meta,Carousel,2026-08-25,no
ADV-545,Technology and SaaS,Google,Video,2026-07-17,yes
ADV-312,Technology and SaaS,Google,Carousel,2026-07-23,no
ADV-429,Energy,Meta,Carousel,2026-08-11,no
ADV-312,Retail and ecommerce,Google,Video,2026-08-06,yes
ADV-248,Public sector,Google,Static,2026-08-15,yes
ADV-835,Media and publishing,Meta,Carousel,2026-08-01,yes
ADV-835,Media and publishing,Meta,Video,2026-08-30,yes
ADV-835,Media and publishing,Meta,Carousel,2026-06-13,no
ADV-545,Retail and ecommerce,Meta,Carousel,2026-09-03,yes
ADV-429,Public sector,Google,Carousel,2026-09-12,no
ADV-159,Retail and ecommerce,Google,Video,2026-07-20,yes
ADV-429,Media and publishing,Meta,Video,2026-09-01,yes
ADV-159,Energy,Google,Carousel,2026-07-31,yes
ADV-944,Public sector,Meta,Video,2026-06-13,no
ADV-545,Technology and SaaS,Meta,Video,2026-07-16,no
ADV-835,Media and publishing,Meta,Video,2026-05-18,no
ADV-429,Technology and SaaS,Meta,Video,2026-05-19,no
ADV-172,Media and publishing,Meta,Carousel,2026-06-10,yes
ADV-159,Public sector,Google,Video,2026-05-25,yes
ADV-944,Public sector,Meta,Carousel,2026-06-19,yes
ADV-944,Media and publishing,Meta,Static,2026-06-13,no
ADV-835,Technology and SaaS,Google,Carousel,2026-06-23,yes
ADV-835,Technology and SaaS,Meta,Carousel,2026-08-28,yes
ADV-312,Media and publishing,Google,Video,2026-09-10,yes
ADV-172,Energy,Google,Video,2026-06-06,yes
ADV-312,Technology and SaaS,Meta,Video,2026-05-23,no
ADV-172,Public sector,Meta,Carousel,2026-07-30,yes
ADV-429,Technology and SaaS,Google,Carousel,2026-05-16,yes
ADV-429,Energy,Google,Video,2026-07-04,no
ADV-172,Media and publishing,Google,Carousel,2026-05-16,yes
ADV-312,Public sector,Meta,Video,2026-09-03,yes
ADV-545,Technology and SaaS,Meta,Video,2026-07-05,yes
ADV-312,Media and publishing,Google,Static,2026-07-18,yes
ADV-312,Retail and ecommerce,Meta,Carousel,2026-07-06,yes
ADV-835,Retail and ecommerce,Meta,Carousel,2026-08-24,no
ADV-172,Public sector,Google,Static,2026-07-26,yes
ADV-429,Energy,Meta,Carousel,2026-08-07,yes
ADV-944,Technology and SaaS,Meta,Video,2026-08-20,no
ADV-312,Technology and SaaS,Meta,Carousel,2026-08-01,no
ADV-312,Energy,Google,Video,2026-06-20,yes
ADV-944,Technology and SaaS,Meta,Carousel,2026-06-09,no
ADV-248,Technology and SaaS,Meta,Carousel,2026-07-16,no
ADV-429,Technology and SaaS,Meta,Carousel,2026-05-17,no
ADV-172,Energy,Google,Video,2026-09-03,no
ADV-545,Media and publishing,Meta,Video,2026-06-06,yes
ADV-172,Technology and SaaS,Google,Video,2026-09-11,no
ADV-159,Energy,Meta,Video,2026-06-11,yes
ADV-429,Technology and SaaS,Google,Carousel,2026-08-20,yes
ADV-944,Media and publishing,Google,Carousel,2026-07-26,no
ADV-172,Technology and SaaS,Google,Static,2026-09-08,no
ADV-429,Energy,Google,Carousel,2026-07-31,yes
ADV-159,Energy,Meta,Video,2026-06-08,no
ADV-545,Energy,Meta,Carousel,2026-07-18,yes
ADV-429,Education,Google,Video,2026-06-02,no
ADV-159,Education,Meta,Video,2026-08-08,yes
ADV-172,Media and publishing,Meta,Video,2026-08-09,yes
ADV-248,Media and publishing,Meta,Video,2026-06-08,yes
ADV-944,Technology and SaaS,Meta,Video,2026-08-02,yes
ADV-248,Retail and ecommerce,Meta,Video,2026-06-17,no
ADV-172,Energy,Google,Carousel,2026-05-24,yes
ADV-835,Public sector,Meta,Video,2026-07-01,yes
ADV-159,Media and publishing,Google,Carousel,2026-08-06,no
ADV-312,Technology and SaaS,Google,Carousel,2026-05-29,no
ADV-159,Energy,Meta,Video,2026-08-27,no
ADV-248,Technology and SaaS,Meta,Video,2026-08-09,no
ADV-248,Media and publishing,Google,Carousel,2026-07-31,yes
ADV-835,Media and publishing,Meta,Video,2026-09-12,yes
ADV-159,Technology and SaaS,Meta,Carousel,2026-07-11,no
ADV-944,Retail and ecommerce,Meta,Carousel,2026-07-04,no
ADV-159,Education,Meta,Video,2026-07-07,no
ADV-312,Technology and SaaS,Meta,Carousel,2026-06-30,no
ADV-159,Education,Google,Static,2026-07-25,no
ADV-835,Technology and SaaS,Meta,Carousel,2026-07-27,yes
ADV-312,Retail and ecommerce,Google,Static,2026-07-22,no
ADV-545,Public sector,Google,Video,2026-06-07,no
ADV-545,Retail and ecommerce,Google,Carousel,2026-08-07,no
ADV-172,Media and publishing,Google,Video,2026-07-27,no
ADV-944,Media and publishing,Google,Video,2026-06-22,yes
ADV-159,Technology and SaaS,Google,Carousel,2026-09-06,yes
ADV-429,Technology and SaaS,Meta,Carousel,2026-08-11,no
ADV-835,Technology and SaaS,Meta,Video,2026-07-05,yes
ADV-159,Education,Google,Carousel,2026-05-23,yes
ADV-429,Education,Meta,Video,2026-06-06,no
ADV-159,Technology and SaaS,Google,Carousel,2026-06-05,yes
ADV-312,Technology and SaaS,Google,Carousel,2026-06-11,yes
ADV-429,Technology and SaaS,Meta,Video,2026-09-07,yes
ADV-835,Media and publishing,Meta,Static,2026-06-12,yes
ADV-172,Media and publishing,Meta,Video,2026-09-12,no
ADV-172,Retail and ecommerce,Meta,Carousel,2026-05-21,yes
ADV-944,Media and publishing,Meta,Carousel,2026-05-24,no
ADV-944,Media and publishing,Google,Carousel,2026-06-04,yes
ADV-159,Technology and SaaS,Meta,Video,2026-06-15,no
ADV-944,Retail and ecommerce,Google,Carousel,2026-06-17,no
ADV-312,Technology and SaaS,Meta,Video,2026-07-14,yes
ADV-159,Technology and SaaS,Google,Carousel,2026-06-15,no
ADV-835,Technology and SaaS,Google,Carousel,2026-08-23,yes
ADV-312,Energy,Meta,Video,2026-07-31,yes
ADV-429,Energy,Meta,Video,2026-08-27,no
ADV-429,Media and publishing,Meta,Video,2026-06-22,no
ADV-312,Media and publishing,Meta,Carousel,2026-05-16,yes
ADV-172,Energy,Meta,Video,2026-05-16,yes
ADV-172,Public sector,Meta,Static,2026-06-17,yes
ADV-172,Energy,Meta,Video,2026-08-25,no
ADV-248,Media and publishing,Google,Video,2026-09-10,yes
ADV-248,Education,Meta,Video,2026-08-03,no
ADV-312,Media and publishing,Meta,Video,2026-06-05,yes
ADV-172,Technology and SaaS,Meta,Carousel,2026-07-03,yes
ADV-429,Technology and SaaS,Google,Video,2026-06-01,yes
ADV-545,Education,Google,Video,2026-07-04,yes
ADV-172,Energy,Meta,Carousel,2026-06-24,no
ADV-944,Technology and SaaS,Google,Carousel,2026-07-05,yes
ADV-429,Retail and ecommerce,Meta,Video,2026-08-17,no
ADV-835,Education,Meta,Video,2026-05-25,no
ADV-312,Energy,Meta,Video,2026-08-09,yes
ADV-172,Media and publishing,Google,Video,2026-06-20,yes
ADV-429,Technology and SaaS,Google,Video,2026-09-06,yes
ADV-248,Media and publishing,Google,Static,2026-07-23,no
ADV-172,Public sector,Meta,Carousel,2026-08-08,yes
ADV-835,Energy,Meta,Video,2026-06-15,no
ADV-545,Media and publishing,Google,Video,2026-09-07,yes
ADV-545,Retail and ecommerce,Google,Carousel,2026-08-06,no
ADV-172,Retail and ecommerce,Google,Carousel,2026-05-16,no
ADV-835,Media and publishing,Google,Carousel,2026-07-01,yes
ADV-159,Technology and SaaS,Google,Video,2026-07-06,yes
ADV-835,Media and publishing,Google,Video,2026-06-17,yes
ADV-248,Public sector,Meta,Video,2026-06-07,no
ADV-545,Technology and SaaS,Google,Carousel,2026-07-11,yes
ADV-159,Technology and SaaS,Meta,Carousel,2026-07-31,yes
ADV-172,Media and publishing,Meta,Carousel,2026-08-17,yes
ADV-312,Energy,Meta,Video,2026-07-24,yes
ADV-312,Technology and SaaS,Meta,Video,2026-08-17,no
ADV-248,Energy,Google,Carousel,2026-08-11,no
ADV-248,Energy,Google,Carousel,2026-06-18,yes
ADV-172,Media and publishing,Meta,Video,2026-06-09,no
ADV-944,Retail and ecommerce,Meta,Static,2026-08-01,yes
ADV-944,Technology and SaaS,Google,Static,2026-05-16,no
ADV-312,Technology and SaaS,Google,Static,2026-06-13,yes
ADV-835,Retail and ecommerce,Meta,Video,2026-08-27,yes
ADV-172,Media and publishing,Meta,Carousel,2026-08-16,no
ADV-312,Public sector,Meta,Video,2026-08-07,no
ADV-545,Technology and SaaS,Meta,Video,2026-06-30,yes
ADV-835,Technology and SaaS,Meta,Video,2026-09-04,yes
ADV-172,Energy,Meta,Carousel,2026-09-10,no
ADV-944,Education,Meta,Carousel,2026-08-15,no
ADV-172,Retail and ecommerce,Google,Video,2026-07-12,yes
ADV-835,Retail and ecommerce,Google,Video,2026-06-29,no
ADV-429,Media and publishing,Google,Video,2026-05-30,no
ADV-944,Public sector,Google,Video,2026-07-13,yes
ADV-944,Education,Meta,Video,2026-05-17,yes
ADV-835,Media and publishing,Meta,Carousel,2026-08-15,no
ADV-429,Energy,Meta,Carousel,2026-09-04,yes
ADV-159,Education,Google,Carousel,2026-08-06,no
ADV-172,Education,Google,Carousel,2026-06-03,yes
ADV-545,Retail and ecommerce,Google,Static,2026-06-09,yes
ADV-172,Technology and SaaS,Google,Video,2026-07-09,no
ADV-429,Public sector,Google,Video,2026-07-13,yes
ADV-835,Energy,Meta,Video,2026-08-26,yes
ADV-545,Energy,Google,Carousel,2026-06-20,no
ADV-944,Media and publishing,Meta,Video,2026-06-05,yes
ADV-159,Education,Google,Carousel,2026-08-23,yes
ADV-312,Public sector,Google,Video,2026-08-26,yes
ADV-545,Technology and SaaS,Google,Carousel,2026-07-09,no
ADV-312,Technology and SaaS,Meta,Static,2026-05-18,yes
ADV-545,Energy,Google,Video,2026-07-31,yes
ADV-429,Retail and ecommerce,Google,Static,2026-06-03,no
ADV-944,Media and publishing,Google,Carousel,2026-05-30,yes
ADV-429,Technology and SaaS,Meta,Carousel,2026-08-12,yes
ADV-944,Retail and ecommerce,Meta,Video,2026-06-22,no
ADV-172,Technology and SaaS,Google,Carousel,2026-07-04,yes
ADV-312,Public sector,Google,Video,2026-07-31,yes
ADV-835,Retail and ecommerce,Meta,Video,2026-06-16,no
ADV-545,Media and publishing,Meta,Carousel,2026-07-13,yes
ADV-545,Media and publishing,Meta,Video,2026-05-21,no
ADV-159,Media and publishing,Google,Video,2026-06-03,yes
ADV-248,Energy,Meta,Video,2026-06-09,no
ADV-835,Public sector,Google,Video,2026-09-05,yes
ADV-835,Education,Meta,Video,2026-06-09,yes
ADV-944,Public sector,Meta,Carousel,2026-09-05,no
ADV-944,Media and publishing,Google,Video,2026-07-03,no
ADV-172,Retail and ecommerce,Google,Video,2026-06-03,yes
ADV-545,Energy,Google,Static,2026-08-11,no
ADV-172,Media and publishing,Meta,Video,2026-07-02,no
ADV-312,Energy,Meta,Video,2026-08-19,no
ADV-835,Public sector,Meta,Video,2026-07-15,no
ADV-835,Public sector,Meta,Video,2026-07-07,no
ADV-835,Education,Google,Carousel,2026-08-09,yes
ADV-944,Energy,Meta,Carousel,2026-09-07,no
ADV-248,Media and publishing,Meta,Carousel,2026-09-06,no
ADV-835,Education,Meta,Carousel,2026-09-02,yes
ADV-248,Public sector,Meta,Carousel,2026-05-24,yes
ADV-835,Media and publishing,Meta,Video,2026-08-07,no
ADV-159,Technology and SaaS,Google,Carousel,2026-06-25,no
ADV-835,Retail and ecommerce,Google,Video,2026-07-19,no
ADV-248,Public sector,Google,Video,2026-08-21,no
ADV-312,Media and publishing,Google,Video,2026-09-07,yes
ADV-545,Technology and SaaS,Meta,Video,2026-08-20,yes
ADV-429,Energy,Google,Static,2026-06-03,yes
ADV-944,Public sector,Meta,Carousel,2026-08-16,yes
ADV-835,Retail and ecommerce,Meta,Carousel,2026-08-03,yes
ADV-248,Technology and SaaS,Meta,Carousel,2026-06-22,no
ADV-944,Retail and ecommerce,Meta,Video,2026-08-14,no
ADV-159,Media and publishing,Google,Carousel,2026-07-04,yes
ADV-172,Technology and SaaS,Google,Carousel,2026-07-21,yes
ADV-835,Public sector,Google,Video,2026-07-05,yes
ADV-835,Technology and SaaS,Google,Carousel,2026-09-08,yes
ADV-172,Media and publishing,Google,Video,2026-06-28,yes
ADV-248,Public sector,Meta,Static,2026-08-27,no
ADV-835,Retail and ecommerce,Meta,Video,2026-06-15,yes
ADV-944,Media and publishing,Meta,Static,2026-08-07,no
ADV-545,Technology and SaaS,Google,Static,2026-08-06,yes
ADV-172,Technology and SaaS,Google,Carousel,2026-08-21,no
ADV-429,Media and publishing,Meta,Video,2026-05-28,yes
ADV-835,Education,Google,Video,2026-05-21,no
ADV-944,Retail and ecommerce,Meta,Static,2026-08-15,no
ADV-172,Media and publishing,Meta,Static,2026-08-11,no
ADV-172,Energy,Meta,Video,2026-07-16,yes
ADV-159,Technology and SaaS,Google,Carousel,2026-08-20,yes
ADV-172,Education,Google,Video,2026-05-23,no
ADV-944,Media and publishing,Meta,Video,2026-07-06,yes
ADV-312,Media and publishing,Google,Video,2026-08-19,yes
ADV-248,Energy,Meta,Carousel,2026-08-23,yes
ADV-835,Retail and ecommerce,Google,Carousel,2026-06-30,no
ADV-159,Technology and SaaS,Google,Carousel,2026-07-08,yes
ADV-944,Retail and ecommerce,Google,Static,2026-05-26,no
ADV-835,Technology and SaaS,Google,Video,2026-05-19,yes
ADV-429,Technology and SaaS,Google,Carousel,2026-07-19,yes
ADV-545,Media and publishing,Meta,Video,2026-08-02,yes
ADV-429,Education,Google,Carousel,2026-07-22,yes
ADV-248,Media and publishing,Google,Video,2026-07-03,no
ADV-248,Technology and SaaS,Meta,Carousel,2026-08-13,no
ADV-545,Media and publishing,Google,Video,2026-09-04,yes
ADV-312,Retail and ecommerce,Meta,Carousel,2026-05-17,yes
ADV-312,Energy,Meta,Video,2026-06-28,yes
ADV-248,Media and publishing,Google,Carousel,2026-09-12,no
ADV-248,Media and publishing,Meta,Carousel,2026-06-19,yes
ADV-835,Education,Meta,Video,2026-07-05,no
ADV-248,Retail and ecommerce,Meta,Video,2026-08-15,yes
ADV-172,Media and publishing,Meta,Static,2026-05-21,no
ADV-159,Media and publishing,Google,Video,2026-08-30,no
ADV-172,Retail and ecommerce,Meta,Carousel,2026-07-12,yes
ADV-429,Retail and ecommerce,Meta,Video,2026-06-28,yes
ADV-944,Education,Google,Static,2026-08-16,yes
ADV-944,Energy,Google,Carousel,2026-08-10,no
ADV-312,Media and publishing,Google,Video,2026-06-24,yes
ADV-159,Media and publishing,Google,Video,2026-07-25,yes
ADV-248,Education,Meta,Video,2026-05-28,no
ADV-944,Media and publishing,Meta,Carousel,2026-07-11,yes
ADV-159,Media and publishing,Google,Video,2026-05-25,yes
ADV-159,Public sector,Meta,Carousel,2026-06-08,no
ADV-172,Education,Google,Carousel,2026-08-17,yes
ADV-429,Technology and SaaS,Google,Carousel,2026-06-17,yes
ADV-429,Technology and SaaS,Meta,Carousel,2026-08-25,no
ADV-172,Technology and SaaS,Google,Video,2026-06-22,no
ADV-172,Education,Meta,Carousel,2026-05-20,yes
ADV-159,Technology and SaaS,Google,Carousel,2026-09-11,no
ADV-312,Retail and ecommerce,Google,Video,2026-05-30,no
ADV-248,Public sector,Meta,Carousel,2026-07-03,yes
ADV-835,Retail and ecommerce,Meta,Carousel,2026-06-17,no
ADV-172,Media and publishing,Meta,Carousel,2026-06-29,yes
ADV-835,Energy,Google,Static,2026-08-05,no
ADV-172,Technology and SaaS,Meta,Carousel,2026-06-02,yes
ADV-159,Technology and SaaS,Google,Video,2026-08-11,yes
ADV-159,Technology and SaaS,Google,Carousel,2026-08-27,no
ADV-545,Technology and SaaS,Google,Video,2026-08-05,yes
ADV-944,Public sector,Meta,Video,2026-07-20,yes
ADV-944,Media and publishing,Meta,Carousel,2026-07-18,yes
ADV-429,Public sector,Google,Video,2026-08-16,no
ADV-545,Energy,Google,Video,2026-06-26,no
ADV-248,Retail and ecommerce,Google,Video,2026-07-01,yes
ADV-944,Media and publishing,Meta,Carousel,2026-06-14,no
ADV-545,Technology and SaaS,Meta,Carousel,2026-06-03,no
ADV-429,Media and publishing,Meta,Video,2026-05-24,no
ADV-248,Energy,Meta,Video,2026-06-29,yes
ADV-312,Retail and ecommerce,Meta,Static,2026-07-28,no
ADV-159,Media and publishing,Meta,Video,2026-06-21,no
ADV-248,Public sector,Meta,Video,2026-08-28,yes
ADV-159,Technology and SaaS,Google,Carousel,2026-05-24,yes
ADV-835,Technology and SaaS,Google,Video,2026-08-12,no
ADV-835,Media and publishing,Meta,Static,2026-07-03,yes
ADV-944,Media and publishing,Google,Video,2026-07-11,yes
ADV-159,Technology and SaaS,Google,Carousel,2026-06-07,no
ADV-944,Media and publishing,Google,Video,2026-08-05,yes
ADV-312,Public sector,Google,Video,2026-08-31,no
ADV-429,Media and publishing,Meta,Video,2026-07-18,yes
ADV-429,Technology and SaaS,Google,Video,2026-06-06,no
ADV-312,Education,Google,Carousel,2026-06-21,yes
ADV-312,Education,Google,Carousel,2026-05-23,no
ADV-545,Education,Meta,Video,2026-09-12,no
ADV-835,Energy,Google,Video,2026-07-20,no
ADV-172,Media and publishing,Meta,Video,2026-08-05,no
ADV-429,Retail and ecommerce,Google,Video,2026-05-18,no
ADV-159,Technology and SaaS,Google,Carousel,2026-07-11,yes
ADV-545,Retail and ecommerce,Meta,Carousel,2026-05-16,no
ADV-944,Energy,Meta,Video,2026-05-26,yes
ADV-545,Technology and SaaS,Google,Carousel,2026-06-04,no
ADV-429,Technology and SaaS,Google,Carousel,2026-07-01,yes
ADV-172,Education,Meta,Carousel,2026-07-27,yes
ADV-248,Energy,Meta,Video,2026-08-16,no
ADV-835,Energy,Meta,Carousel,2026-05-24,yes
ADV-159,Technology and SaaS,Meta,Video,2026-08-31,no
ADV-545,Public sector,Meta,Video,2026-06-30,yes
ADV-159,Media and publishing,Meta,Video,2026-09-11,yes
ADV-172,Technology and SaaS,Meta,Video,2026-06-14,yes
ADV-545,Technology and SaaS,Meta,Video,2026-09-09,no
ADV-429,Energy,Meta,Static,2026-09-09,yes
ADV-312,Education,Google,Video,2026-09-08,no
ADV-312,Education,Google,Video,2026-06-13,yes
ADV-312,Technology and SaaS,Meta,Static,2026-07-02,no
ADV-429,Technology and SaaS,Google,Carousel,2026-08-08,yes
ADV-545,Retail and ecommerce,Google,Carousel,2026-05-26,no
ADV-944,Media and publishing,Meta,Video,2026-07-07,yes
ADV-429,Education,Google,Static,2026-07-07,yes
ADV-248,Energy,Meta,Carousel,2026-07-22,yes
ADV-835,Retail and ecommerce,Meta,Carousel,2026-07-19,no
ADV-172,Education,Google,Carousel,2026-07-15,yes
ADV-312,Technology and SaaS,Google,Static,2026-08-22,yes
ADV-248,Technology and SaaS,Meta,Video,2026-06-04,yes
ADV-172,Media and publishing,Google,Video,2026-08-20,yes
ADV-835,Technology and SaaS,Google,Carousel,2026-07-14,yes
ADV-429,Media and publishing,Google,Carousel,2026-08-22,yes
ADV-944,Technology and SaaS,Google,Static,2026-08-26,yes
ADV-248,Technology and SaaS,Meta,Video,2026-07-16,no
ADV-159,Energy,Google,Video,2026-07-07,no
ADV-429,Energy,Meta,Video,2026-08-21,no
ADV-172,Education,Meta,Video,2026-08-05,no
ADV-944,Public sector,Meta,Static,2026-07-22,no
ADV-545,Media and publishing,Meta,Carousel,2026-08-03,yes
ADV-429,Technology and SaaS,Meta,Carousel,2026-06-09,yes
ADV-545,Media and publishing,Google,Carousel,2026-06-26,no
ADV-172,Public sector,Google,Video,2026-08-10,no
ADV-429,Technology and SaaS,Meta,Video,2026-08-07,no
ADV-172,Technology and SaaS,Meta,Static,2026-09-04,yes
ADV-835,Technology and SaaS,Google,Static,2026-08-30,no
ADV-159,Public sector,Meta,Video,2026-06-28,yes
ADV-172,Media and publishing,Google,Video,2026-08-19,yes
ADV-429,Media and publishing,Google,Carousel,2026-07-14,yes
ADV-172,Technology and SaaS,Meta,Video,2026-06-28,yes
ADV-944,Retail and ecommerce,Google,Carousel,2026-08-01,yes
ADV-835,Public sector,Meta,Video,2026-08-13,no
ADV-172,Technology and SaaS,Meta,Carousel,2026-08-14,yes
ADV-172,Retail and ecommerce,Meta,Video,2026-08-16,yes
ADV-944,Technology and SaaS,Google,Static,2026-07-06,no
ADV-835,Media and publishing,Google,Carousel,2026-07-29,no
ADV-429,Energy,Google,Video,2026-08-08,no
ADV-159,Retail and ecommerce,Meta,Carousel,2026-07-13,yes
ADV-429,Retail and ecommerce,Meta,Video,2026-08-30,yes
ADV-312,Media and publishing,Google,Video,2026-08-13,no
ADV-944,Technology and SaaS,Meta,Carousel,2026-06-06,no
ADV-835,Energy,Meta,Video,2026-06-12,yes
ADV-159,Technology and SaaS,Google,Video,2026-07-09,no
ADV-835,Technology and SaaS,Google,Video,2026-08-29,yes
ADV-159,Technology and SaaS,Google,Carousel,2026-08-30,no
ADV-172,Retail and ecommerce,Google,Video,2026-08-29,yes
ADV-172,Technology and SaaS,Meta,Video,2026-07-18,yes
ADV-312,Public sector,Meta,Video,2026-06-07,no
ADV-159,Media and publishing,Meta,Video,2026-08-29,yes
ADV-248,Education,Google,Carousel,2026-09-11,no
ADV-172,Technology and SaaS,Meta,Carousel,2026-08-10,yes
ADV-172,Media and publishing,Meta,Carousel,2026-08-03,yes
ADV-545,Technology and SaaS,Meta,Video,2026-05-30,no
ADV-172,Technology and SaaS,Google,Carousel,2026-09-10,yes
ADV-545,Technology and SaaS,Google,Video,2026-08-05,no
ADV-248,Retail and ecommerce,Meta,Carousel,2026-08-19,no
ADV-429,Media and publishing,Google,Carousel,2026-07-21,yes
ADV-944,Public sector,Google,Static,2026-06-20,yes
ADV-159,Media and publishing,Google,Video,2026-06-08,no
ADV-172,Retail and ecommerce,Google,Video,2026-08-18,no
ADV-172,Public sector,Meta,Static,2026-05-30,no
ADV-429,Technology and SaaS,Meta,Video,2026-08-15,yes
ADV-312,Energy,Google,Video,2026-07-07,yes
ADV-312,Public sector,Google,Carousel,2026-05-23,no
ADV-312,Retail and ecommerce,Meta,Video,2026-06-06,no
ADV-944,Retail and ecommerce,Meta,Carousel,2026-06-19,no
ADV-835,Media and publishing,Google,Video,2026-05-16,yes
ADV-835,Energy,Google,Carousel,2026-06-29,yes
ADV-312,Retail and ecommerce,Google,Carousel,2026-05-26,no
ADV-429,Energy,Meta,Video,2026-06-07,yes
ADV-835,Retail and ecommerce,Meta,Static,2026-05-25,yes
ADV-172,Retail and ecommerce,Google,Static,2026-06-24,yes
ADV-159,Public sector,Google,Carousel,2026-06-27,no
ADV-944,Energy,Meta,Video,2026-08-13,no
ADV-944,Technology and SaaS,Meta,Carousel,2026-08-20,yes
ADV-172,Education,Meta,Video,2026-06-05,yes
ADV-429,Education,Google,Video,2026-07-30,yes
ADV-312,Retail and ecommerce,Meta,Carousel,2026-09-08,no
ADV-172,Technology and SaaS,Google,Video,2026-05-20,yes
ADV-172,Media and publishing,Google,Video,2026-06-08,no
ADV-172,Retail and ecommerce,Google,Video,2026-08-11,yes
ADV-248,Education,Google,Video,2026-06-18,yes
ADV-248,Media and publishing,Google,Video,2026-08-08,no
ADV-312,Education,Meta,Video,2026-05-18,no
ADV-312,Public sector,Meta,Carousel,2026-07-01,yes
ADV-159,Retail and ecommerce,Google,Video,2026-09-07,yes
ADV-159,Technology and SaaS,Google,Video,2026-06-22,no
ADV-944,Public sector,Meta,Video,2026-06-23,no
ADV-429,Technology and SaaS,Google,Video,2026-08-01,no
ADV-429,Energy,Meta,Carousel,2026-07-14,no
ADV-835,Media and publishing,Meta,Carousel,2026-05-24,no
ADV-172,Retail and ecommerce,Meta,Video,2026-05-23,no
ADV-312,Retail and ecommerce,Google,Video,2026-06-28,yes
ADV-312,Media and publishing,Meta,Video,2026-07-26,no
ADV-835,Retail and ecommerce,Meta,Video,2026-06-07,yes
ADV-312,Retail and ecommerce,Meta,Video,2026-06-29,yes
ADV-429,Public sector,Meta,Carousel,2026-06-05,no
ADV-172,Energy,Google,Static,2026-06-03,yes
ADV-944,Technology and SaaS,Meta,Static,2026-08-08,no
ADV-248,Technology and SaaS,Meta,Video,2026-08-07,yes
ADV-248,Energy,Google,Carousel,2026-06-27,no
ADV-944,Technology and SaaS,Google,Video,2026-06-06,no
ADV-545,Media and publishing,Meta,Video,2026-09-07,no
ADV-172,Technology and SaaS,Google,Static,2026-06-25,no
ADV-172,Media and publishing,Meta,Carousel,2026-06-17,yes
ADV-159,Media and publishing,Google,Static,2026-05-30,no
ADV-312,Energy,Meta,Video,2026-08-13,no
ADV-172,Education,Google,Carousel,2026-08-28,yes
ADV-545,Energy,Meta,Carousel,2026-08-24,yes
ADV-312,Media and publishing,Google,Video,2026-07-19,yes
ADV-944,Media and publishing,Meta,Carousel,2026-08-03,yes
ADV-545,Media and publishing,Meta,Carousel,2026-07-16,yes
ADV-159,Media and publishing,Meta,Carousel,2026-09-02,no
ADV-835,Technology and SaaS,Meta,Static,2026-08-31,no
ADV-429,Technology and SaaS,Google,Carousel,2026-06-09,yes
ADV-172,Energy,Google,Video,2026-06-21,no
ADV-159,Energy,Meta,Video,2026-05-21,yes
ADV-248,Technology and SaaS,Meta,Static,2026-08-26,yes
ADV-159,Education,Google,Video,2026-08-06,yes
ADV-545,Technology and SaaS,Meta,Carousel,2026-05-31,yes
ADV-312,Education,Meta,Video,2026-08-30,no
ADV-944,Media and publishing,Google,Video,2026-06-05,yes
ADV-835,Education,Meta,Video,2026-07-28,yes
ADV-429,Education,Meta,Carousel,2026-09-07,no
ADV-429,Education,Google,Video,2026-09-05,yes
ADV-944,Retail and ecommerce,Meta,Carousel,2026-05-28,no
ADV-835,Energy,Google,Static,2026-08-05,no
ADV-944,Media and publishing,Google,Carousel,2026-08-30,yes
ADV-248,Retail and ecommerce,Google,Video,2026-06-29,no
ADV-248,Media and publishing,Meta,Video,2026-07-10,yes
ADV-545,Energy,Meta,Carousel,2026-06-03,no
ADV-429,Media and publishing,Google,Video,2026-05-22,no
ADV-312,Education,Meta,Video,2026-07-25,no
ADV-312,Energy,Meta,Video,2026-06-29,no
ADV-159,Media and publishing,Meta,Carousel,2026-05-24,no
ADV-835,Technology and SaaS,Google,Video,2026-06-22,yes
ADV-159,Media and publishing,Meta,Static,2026-05-25,yes
ADV-248,Public sector,Google,Video,2026-08-24,yes
ADV-159,Technology and SaaS,Meta,Video,2026-07-31,no
ADV-159,Media and publishing,Google,Static,2026-09-01,yes
ADV-159,Technology and SaaS,Google,Static,2026-07-15,yes
ADV-545,Technology and SaaS,Google,Video,2026-05-21,yes
ADV-159,Media and publishing,Google,Video,2026-06-10,yes
ADV-545,Energy,Google,Video,2026-06-23,yes
ADV-312,Media and publishing,Meta,Video,2026-08-04,no
ADV-312,Education,Meta,Carousel,2026-08-26,no
ADV-312,Education,Meta,Carousel,2026-08-26,no
ADV-944,Retail and ecommerce,Google,Video,2026-07-01,yes
ADV-159,Education,Google,Video,2026-06-14,no
ADV-545,Education,Google,Video,2026-05-23,yes
ADV-248,Retail and ecommerce,Meta,Video,2026-07-22,yes
ADV-835,Education,Google,Carousel,2026-07-23,no
ADV-835,Energy,Google,Carousel,2026-05-16,no
ADV-835,Media and publishing,Meta,Carousel,2026-06-25,no
ADV-248,Public sector,Google,Carousel,2026-05-22,yes
ADV-835,Technology and SaaS,Meta,Video,2026-06-13,no
ADV-312,Retail and ecommerce,Google,Carousel,2026-05-31,no
ADV-159,Education,Meta,Video,2026-07-15,no
ADV-835,Public sector,Google,Carousel,2026-08-20,no
ADV-312,Education,Meta,Carousel,2026-08-24,yes
ADV-312,Technology and SaaS,Meta,Carousel,2026-06-25,no
ADV-835,Retail and ecommerce,Google,Carousel,2026-08-08,yes
ADV-159,Media and publishing,Meta,Static,2026-08-06,yes
ADV-159,Media and publishing,Google,Carousel,2026-05-28,yes
ADV-545,Energy,Google,Carousel,2026-05-16,no
ADV-159,Technology and SaaS,Google,Video,2026-08-08,no
ADV-159,Public sector,Google,Static,2026-08-26,yes
ADV-248,Public sector,Google,Carousel,2026-08-08,no
ADV-248,Energy,Google,Video,2026-09-07,no
ADV-312,Technology and SaaS,Meta,Video,2026-08-14,yes
ADV-835,Education,Meta,Static,2026-07-25,yes
ADV-248,Technology and SaaS,Google,Static,2026-08-16,yes
ADV-944,Education,Google,Carousel,2026-07-13,yes
ADV-429,Media and publishing,Meta,Video,2026-09-08,no
ADV-159,Public sector,Meta,Video,2026-06-05,no
ADV-944,Public sector,Meta,Carousel,2026-08-07,no
ADV-545,Energy,Google,Video,2026-09-12,no
ADV-429,Technology and SaaS,Meta,Static,2026-07-28,no
ADV-944,Technology and SaaS,Meta,Carousel,2026-06-08,no
ADV-429,Retail and ecommerce,Meta,Carousel,2026-05-20,no
ADV-172,Media and publishing,Google,Static,2026-07-01,no
ADV-545,Technology and SaaS,Meta,Video,2026-06-05,yes
ADV-172,Retail and ecommerce,Google,Carousel,2026-06-01,no
ADV-545,Media and publishing,Google,Video,2026-08-26,yes
ADV-159,Technology and SaaS,Google,Static,2026-05-24,yes
ADV-545,Retail and ecommerce,Google,Carousel,2026-05-31,no
ADV-312,Retail and ecommerce,Google,Video,2026-06-01,no
ADV-248,Retail and ecommerce,Google,Video,2026-08-28,no
ADV-312,Technology and SaaS,Meta,Carousel,2026-08-21,yes
ADV-944,Media and publishing,Meta,Carousel,2026-08-28,no
ADV-172,Media and publishing,Google,Video,2026-06-03,yes
ADV-312,Technology and SaaS,Meta,Video,2026-07-05,yes
ADV-312,Technology and SaaS,Meta,Carousel,2026-05-23,no
ADV-248,Media and publishing,Google,Carousel,2026-08-10,yes
ADV-248,Technology and SaaS,Meta,Video,2026-05-25,yes
ADV-545,Technology and SaaS,Google,Video,2026-07-30,no
ADV-172,Media and publishing,Google,Carousel,2026-06-08,yes
ADV-159,Media and publishing,Meta,Video,2026-05-23,no
ADV-172,Media and publishing,Google,Video,2026-06-09,no
ADV-835,Technology and SaaS,Meta,Video,2026-07-29,no
ADV-172,Media and publishing,Google,Carousel,2026-09-11,no
ADV-172,Media and publishing,Meta,Video,2026-07-12,no
ADV-159,Retail and ecommerce,Google,Carousel,2026-08-22,yes
ADV-429,Technology and SaaS,Google,Video,2026-07-21,yes
ADV-835,Retail and ecommerce,Meta,Video,2026-07-12,no
ADV-248,Retail and ecommerce,Google,Carousel,2026-06-21,no
ADV-835,Education,Google,Static,2026-07-01,yes
ADV-429,Technology and SaaS,Google,Video,2026-05-16,yes
ADV-312,Media and publishing,Google,Video,2026-07-08,yes
ADV-944,Technology and SaaS,Meta,Video,2026-08-08,no
ADV-312,Education,Meta,Video,2026-08-31,yes
ADV-429,Energy,Meta,Carousel,2026-06-18,yes
ADV-172,Technology and SaaS,Meta,Carousel,2026-08-09,yes
ADV-545,Media and publishing,Meta,Video,2026-09-05,no
ADV-545,Media and publishing,Meta,Carousel,2026-07-07,no
ADV-312,Retail and ecommerce,Meta,Carousel,2026-06-26,no
ADV-944,Technology and SaaS,Meta,Carousel,2026-07-14,yes
ADV-944,Technology and SaaS,Meta,Video,2026-08-15,no
ADV-429,Education,Google,Video,2026-05-21,yes
ADV-429,Education,Google,Carousel,2026-06-07,no
ADV-172,Retail and ecommerce,Google,Video,2026-08-14,no
ADV-835,Education,Google,Video,2026-06-05,no
ADV-429,Media and publishing,Meta,Carousel,2026-09-12,no
ADV-172,Technology and SaaS,Google,Carousel,2026-07-01,no
ADV-159,Media and publishing,Google,Static,2026-08-23,no
ADV-172,Media and publishing,Google,Video,2026-07-18,yes
ADV-172,Education,Meta,Carousel,2026-06-14,no
ADV-429,Retail and ecommerce,Google,Video,2026-05-18,yes
ADV-159,Media and publishing,Google,Static,2026-07-13,yes
ADV-545,Energy,Meta,Video,2026-08-15,yes
ADV-835,Media and publishing,Meta,Carousel,2026-05-21,no
ADV-835,Public sector,Meta,Video,2026-05-19,yes
ADV-312,Public sector,Meta,Video,2026-07-02,yes
ADV-248,Technology and SaaS,Google,Video,2026-06-10,yes
ADV-944,Education,Meta,Video,2026-07-13,no
ADV-835,Energy,Meta,Video,2026-07-20,yes
ADV-944,Energy,Google,Video,2026-07-05,yes
ADV-312,Media and publishing,Google,Carousel,2026-05-27,no
ADV-248,Public sector,Google,Carousel,2026-07-25,no
ADV-835,Media and publishing,Google,Static,2026-08-22,yes
ADV-545,Technology and SaaS,Google,Video,2026-06-08,yes
ADV-944,Media and publishing,Google,Video,2026-06-19,no
ADV-429,Retail and ecommerce,Meta,Static,2026-08-24,no
ADV-545,Public sector,Meta,Static,2026-07-29,no
ADV-545,Education,Google,Carousel,2026-06-24,no
ADV-944,Education,Google,Carousel,2026-06-30,yes
ADV-835,Public sector,Meta,Video,2026-09-08,no
ADV-172,Public sector,Google,Video,2026-06-09,no
ADV-944,Energy,Google,Video,2026-05-16,yes
ADV-312,Technology and SaaS,Meta,Static,2026-08-02,no
ADV-159,Media and publishing,Meta,Video,2026-07-02,yes
ADV-172,Education,Meta,Video,2026-06-14,no
ADV-312,Public sector,Google,Carousel,2026-06-09,yes
ADV-944,Media and publishing,Google,Static,2026-07-11,no
ADV-159,Education,Google,Static,2026-08-10,yes
ADV-248,Public sector,Google,Video,2026-06-30,no
ADV-172,Energy,Meta,Video,2026-07-17,yes
ADV-172,Retail and ecommerce,Google,Video,2026-07-13,yes
ADV-312,Media and publishing,Google,Video,2026-08-10,no
ADV-312,Media and publishing,Meta,Static,2026-07-28,no
ADV-312,Technology and SaaS,Meta,Carousel,2026-07-04,no
ADV-545,Media and publishing,Google,Video,2026-08-31,yes
ADV-835,Technology and SaaS,Meta,Carousel,2026-06-29,yes
ADV-429,Media and publishing,Google,Video,2026-08-16,no
ADV-248,Energy,Google,Carousel,2026-08-01,no
ADV-944,Media and publishing,Google,Video,2026-08-13,no
ADV-172,Technology and SaaS,Meta,Static,2026-08-31,no
ADV-429,Education,Google,Video,2026-06-13,no
ADV-312,Technology and SaaS,Google,Carousel,2026-08-26,yes
ADV-835,Public sector,Google,Carousel,2026-07-19,yes
ADV-172,Technology and SaaS,Google,Carousel,2026-05-18,no
ADV-944,Technology and SaaS,Meta,Video,2026-06-03,no
ADV-429,Retail and ecommerce,Google,Video,2026-05-25,yes
ADV-159,Public sector,Meta,Video,2026-06-29,yes
ADV-835,Public sector,Meta,Video,2026-06-04,yes
ADV-248,Energy,Google,Carousel,2026-07-22,no
ADV-429,Technology and SaaS,Google,Video,2026-08-24,yes
ADV-312,Media and publishing,Google,Video,2026-06-17,no
ADV-248,Education,Google,Video,2026-08-22,no
ADV-545,Public sector,Google,Video,2026-06-20,no
ADV-248,Education,Meta,Carousel,2026-09-10,yes
ADV-835,Technology and SaaS,Google,Video,2026-05-25,yes
ADV-835,Education,Meta,Video,2026-06-22,no
ADV-312,Retail and ecommerce,Google,Static,2026-06-22,yes
ADV-159,Energy,Google,Carousel,2026-07-19,no
ADV-312,Media and publishing,Meta,Carousel,2026-07-27,yes
ADV-172,Media and publishing,Meta,Carousel,2026-06-20,yes
ADV-545,Technology and SaaS,Meta,Carousel,2026-07-13,yes
ADV-545,Retail and ecommerce,Meta,Static,2026-06-07,yes
ADV-172,Media and publishing,Google,Carousel,2026-05-24,yes
ADV-248,Technology and SaaS,Meta,Video,2026-07-23,no
ADV-172,Education,Google,Carousel,2026-06-27,yes
ADV-545,Media and publishing,Meta,Video,2026-06-07,no
ADV-248,Public sector,Meta,Carousel,2026-06-10,no
ADV-835,Education,Google,Video,2026-05-23,no
ADV-248,Energy,Google,Video,2026-07-28,yes
ADV-312,Technology and SaaS,Meta,Carousel,2026-07-10,no
ADV-248,Public sector,Meta,Carousel,2026-05-25,yes
ADV-159,Retail and ecommerce,Meta,Carousel,2026-07-25,no
ADV-545,Education,Meta,Carousel,2026-06-13,yes
ADV-312,Media and publishing,Meta,Video,2026-07-13,no
ADV-159,Retail and ecommerce,Google,Static,2026-07-06,no
ADV-312,Technology and SaaS,Meta,Carousel,2026-08-28,no
ADV-944,Technology and SaaS,Google,Carousel,2026-08-06,no
ADV-429,Education,Google,Carousel,2026-07-31,yes
ADV-312,Media and publishing,Google,Video,2026-09-03,yes
ADV-248,Technology and SaaS,Google,Video,2026-05-24,no
ADV-429,Retail and ecommerce,Meta,Video,2026-08-03,yes
ADV-172,Media and publishing,Meta,Carousel,2026-05-29,no
ADV-172,Retail and ecommerce,Google,Video,2026-05-19,yes
ADV-312,Energy,Google,Carousel,2026-08-19,no
ADV-248,Technology and SaaS,Meta,Video,2026-09-11,no
ADV-429,Technology and SaaS,Meta,Static,2026-08-14,yes
ADV-312,Media and publishing,Meta,Video,2026-07-30,no
ADV-429,Energy,Meta,Video,2026-05-19,no
ADV-159,Energy,Meta,Video,2026-06-03,yes
ADV-545,Public sector,Google,Video,2026-06-13,yes
ADV-248,Media and publishing,Meta,Static,2026-05-24,yes
ADV-312,Media and publishing,Google,Video,2026-09-09,yes
ADV-545,Energy,Google,Static,2026-08-02,yes
ADV-429,Media and publishing,Meta,Video,2026-06-14,no
ADV-944,Energy,Google,Video,2026-07-21,no
ADV-429,Technology and SaaS,Google,Video,2026-08-01,yes
ADV-172,Media and publishing,Google,Video,2026-07-28,no
ADV-172,Energy,Meta,Carousel,2026-07-15,yes
ADV-429,Media and publishing,Google,Video,2026-05-19,yes
ADV-835,Retail and ecommerce,Meta,Video,2026-06-16,no
ADV-944,Retail and ecommerce,Meta,Video,2026-08-14,no
ADV-172,Retail and ecommerce,Google,Video,2026-05-16,yes
ADV-172,Media and publishing,Meta,Video,2026-07-09,no
ADV-312,Retail and ecommerce,Google,Static,2026-07-17,no
ADV-312,Education,Meta,Video,2026-06-29,no
ADV-944,Education,Meta,Carousel,2026-07-05,no
ADV-312,Technology and SaaS,Meta,Carousel,2026-05-25,yes
ADV-248,Media and publishing,Google,Carousel,2026-09-11,yes
ADV-312,Technology and SaaS,Meta,Video,2026-08-18,no
ADV-312,Education,Google,Video,2026-05-24,yes
ADV-172,Media and publishing,Meta,Video,2026-08-05,yes
ADV-545,Public sector,Meta,Video,2026-08-24,yes
ADV-312,Retail and ecommerce,Meta,Carousel,2026-08-04,yes
ADV-835,Media and publishing,Meta,Carousel,2026-08-06,no
ADV-944,Energy,Google,Static,2026-07-06,no
ADV-944,Media and publishing,Meta,Video,2026-08-30,no
ADV-172,Technology and SaaS,Google,Static,2026-05-31,yes
ADV-312,Energy,Meta,Carousel,2026-07-17,no
ADV-944,Retail and ecommerce,Meta,Static,2026-08-02,no
ADV-944,Retail and ecommerce,Meta,Static,2026-06-09,yes
ADV-312,Media and publishing,Meta,Video,2026-08-26,no
ADV-835,Education,Meta,Static,2026-07-15,no
ADV-429,Technology and SaaS,Meta,Carousel,2026-09-04,no
ADV-159,Media and publishing,Google,Video,2026-09-03,no
ADV-429,Energy,Meta,Carousel,2026-08-20,yes
ADV-944,Retail and ecommerce,Google,Carousel,2026-06-01,no
ADV-835,Education,Google,Carousel,2026-05-16,no
ADV-159,Education,Google,Video,2026-09-08,no
ADV-159,Public sector,Meta,Static,2026-07-03,no
ADV-545,Technology and SaaS,Meta,Carousel,2026-08-04,no
ADV-172,Media and publishing,Google,Video,2026-09-08,yes
ADV-248,Media and publishing,Meta,Video,2026-05-28,yes
ADV-545,Media and publishing,Google,Video,2026-06-01,yes
ADV-944,Technology and SaaS,Meta,Carousel,2026-08-22,yes
ADV-835,Retail and ecommerce,Google,Video,2026-06-02,yes
ADV-545,Media and publishing,Meta,Carousel,2026-06-08,yes
ADV-545,Technology and SaaS,Meta,Carousel,2026-06-23,yes
ADV-429,Media and publishing,Meta,Carousel,2026-06-18,yes
ADV-172,Energy,Meta,Video,2026-09-09,yes
ADV-429,Technology and SaaS,Meta,Video,2026-07-25,yes
ADV-835,Education,Google,Video,2026-06-21,no
ADV-172,Public sector,Meta,Carousel,2026-07-11,no
ADV-545,Energy,Meta,Video,2026-08-20,no
ADV-545,Energy,Google,Static,2026-06-29,yes
ADV-172,Public sector,Meta,Video,2026-06-28,no
ADV-312,Media and publishing,Meta,Carousel,2026-07-09,yes
ADV-429,Retail and ecommerce,Meta,Video,2026-07-18,no
ADV-944,Media and publishing,Google,Video,2026-05-21,no
ADV-312,Education,Meta,Video,2026-07-28,yes
ADV-312,Technology and SaaS,Meta,Video,2026-06-05,no
ADV-159,Energy,Google,Video,2026-05-30,yes
ADV-248,Technology and SaaS,Google,Carousel,2026-08-06,yes
ADV-944,Education,Meta,Carousel,2026-05-28,yes
ADV-944,Education,Google,Video,2026-06-24,no
ADV-312,Media and publishing,Google,Video,2026-05-18,no
ADV-159,Media and publishing,Meta,Carousel,2026-07-25,yes
ADV-172,Media and publishing,Meta,Carousel,2026-08-01,no
ADV-944,Technology and SaaS,Google,Carousel,2026-05-22,yes
ADV-545,Media and publishing,Google,Carousel,2026-06-06,no
ADV-944,Technology and SaaS,Meta,Carousel,2026-08-20,no
ADV-172,Retail and ecommerce,Meta,Carousel,2026-06-14,no
ADV-545,Technology and SaaS,Meta,Carousel,2026-07-09,yes
ADV-429,Media and publishing,Google,Carousel,2026-09-11,yes
ADV-944,Retail and ecommerce,Meta,Video,2026-09-07,no
ADV-835,Technology and SaaS,Google,Video,2026-07-17,no
ADV-172,Public sector,Google,Carousel,2026-05-16,yes
ADV-835,Energy,Google,Static,2026-08-14,no
ADV-944,Education,Google,Video,2026-09-10,no
ADV-172,Technology and SaaS,Meta,Video,2026-07-14,no
ADV-944,Retail and ecommerce,Google,Video,2026-08-15,no
ADV-248,Education,Meta,Carousel,2026-08-16,no
ADV-835,Technology and SaaS,Google,Static,2026-09-01,yes
ADV-429,Media and publishing,Google,Carousel,2026-06-27,no
ADV-159,Education,Meta,Carousel,2026-07-04,yes
ADV-248,Media and publishing,Meta,Video,2026-07-20,yes
ADV-172,Public sector,Google,Video,2026-05-27,yes
ADV-312,Technology and SaaS,Meta,Video,2026-07-17,yes
ADV-172,Media and publishing,Meta,Video,2026-07-01,yes
ADV-312,Energy,Google,Video,2026-08-19,yes
ADV-944,Technology and SaaS,Google,Carousel,2026-06-14,yes
ADV-172,Media and publishing,Meta,Carousel,2026-09-03,no
ADV-545,Technology and SaaS,Meta,Carousel,2026-06-12,yes
ADV-429,Media and publishing,Meta,Video,2026-08-04,no
ADV-944,Public sector,Meta,Carousel,2026-06-16,yes
ADV-835,Public sector,Meta,Carousel,2026-05-23,no
ADV-248,Technology and SaaS,Meta,Carousel,2026-07-03,no
ADV-835,Media and publishing,Google,Video,2026-07-12,yes
ADV-429,Public sector,Meta,Video,2026-09-08,no
ADV-312,Education,Meta,Video,2026-07-11,yes
ADV-172,Media and publishing,Google,Carousel,2026-08-14,no
ADV-312,Retail and ecommerce,Meta,Video,2026-06-27,yes
ADV-545,Media and publishing,Meta,Video,2026-05-24,no
ADV-172,Education,Google,Video,2026-07-22,yes
ADV-172,Media and publishing,Meta,Carousel,2026-06-08,no
ADV-312,Technology and SaaS,Meta,Static,2026-08-15,no
ADV-545,Education,Meta,Static,2026-07-01,no
ADV-159,Media and publishing,Google,Video,2026-06-20,yes
ADV-545,Media and publishing,Meta,Video,2026-08-11,no
ADV-159,Public sector,Meta,Carousel,2026-07-14,no
ADV-159,Media and publishing,Meta,Video,2026-05-23,no
ADV-545,Education,Google,Video,2026-05-16,yes
ADV-248,Media and publishing,Meta,Video,2026-08-19,no
ADV-312,Technology and SaaS,Meta,Video,2026-08-24,no
ADV-429,Media and publishing,Meta,Video,2026-07-01,yes
ADV-835,Technology and SaaS,Google,Video,2026-05-29,no
ADV-545,Media and publishing,Meta,Carousel,2026-07-27,yes
ADV-312,Technology and SaaS,Meta,Carousel,2026-08-23,no
ADV-248,Public sector,Meta,Carousel,2026-07-08,no
ADV-835,Energy,Google,Carousel,2026-07-05,yes
ADV-248,Energy,Meta,Video,2026-07-25,yes
ADV-429,Technology and SaaS,Google,Video,2026-06-05,no
ADV-248,Retail and ecommerce,Google,Video,2026-07-23,yes
ADV-159,Media and publishing,Meta,Carousel,2026-09-12,no
ADV-835,Media and publishing,Google,Video,2026-08-19,yes
ADV-944,Media and publishing,Meta,Video,2026-06-29,yes
ADV-835,Media and publishing,Google,Carousel,2026-08-07,no
ADV-545,Retail and ecommerce,Meta,Carousel,2026-08-04,yes
ADV-248,Media and publishing,Meta,Video,2026-08-25,yes
ADV-429,Technology and SaaS,Meta,Carousel,2026-08-12,no
ADV-312,Education,Google,Video,2026-06-24,yes
ADV-312,Education,Google,Static,2026-06-14,no
ADV-312,Public sector,Meta,Carousel,2026-05-30,no
ADV-248,Energy,Meta,Static,2026-06-04,no
ADV-944,Media and publishing,Meta,Static,2026-08-02,yes
ADV-835,Retail and ecommerce,Google,Video,2026-08-05,no
ADV-159,Education,Google,Carousel,2026-08-14,yes
ADV-944,Media and publishing,Google,Static,2026-07-28,yes
ADV-159,Media and publishing,Meta,Static,2026-07-10,no
ADV-312,Energy,Google,Video,2026-07-09,yes
ADV-429,Media and publishing,Meta,Carousel,2026-05-31,yes
ADV-944,Energy,Google,Video,2026-06-28,no
ADV-944,Public sector,Google,Video,2026-07-18,no
ADV-545,Education,Google,Video,2026-05-19,no
ADV-429,Technology and SaaS,Google,Video,2026-08-02,yes
ADV-835,Technology and SaaS,Meta,Carousel,2026-06-15,no
ADV-944,Retail and ecommerce,Meta,Carousel,2026-07-24,yes
ADV-944,Education,Google,Static,2026-06-02,yes
ADV-312,Technology and SaaS,Meta,Video,2026-06-02,no
ADV-159,Retail and ecommerce,Google,Video,2026-05-22,no
ADV-172,Retail and ecommerce,Meta,Carousel,2026-08-31,no
ADV-944,Technology and SaaS,Meta,Video,2026-07-11,yes
ADV-248,Energy,Meta,Carousel,2026-07-08,no
ADV-944,Technology and SaaS,Meta,Video,2026-07-03,yes
ADV-172,Media and publishing,Meta,Video,2026-07-04,yes
ADV-159,Energy,Google,Video,2026-05-31,yes
ADV-545,Education,Meta,Static,2026-08-17,no
ADV-944,Retail and ecommerce,Meta,Static,2026-07-05,yes
ADV-248,Education,Meta,Static,2026-06-11,yes
ADV-944,Public sector,Meta,Video,2026-06-02,yes
ADV-248,Media and publishing,Meta,Carousel,2026-08-16,yes
ADV-429,Technology and SaaS,Google,Carousel,2026-07-28,yes
ADV-429,Media and publishing,Google,Carousel,2026-07-20,no
ADV-248,Education,Meta,Carousel,2026-06-03,yes
ADV-835,Retail and ecommerce,Meta,Static,2026-07-26,yes
ADV-159,Public sector,Meta,Static,2026-07-05,yes
ADV-248,Education,Meta,Video,2026-05-26,no
ADV-248,Media and publishing,Google,Carousel,2026-06-22,no
ADV-172,Public sector,Google,Video,2026-08-04,no
ADV-312,Technology and SaaS,Meta,Video,2026-07-19,yes
ADV-312,Retail and ecommerce,Google,Video,2026-08-10,no
ADV-835,Public sector,Meta,Carousel,2026-09-03,yes
ADV-545,Technology and SaaS,Google,Carousel,2026-06-10,no
ADV-835,Public sector,Meta,Video,2026-08-21,yes
ADV-248,Media and publishing,Meta,Video,2026-06-30,yes
ADV-835,Technology and SaaS,Google,Static,2026-07-14,no
ADV-429,Public sector,Google,Carousel,2026-07-23,yes
ADV-159,Media and publishing,Google,Carousel,2026-09-08,no
ADV-172,Technology and SaaS,Google,Video,2026-08-17,no
ADV-835,Technology and SaaS,Meta,Video,2026-07-03,yes
ADV-248,Energy,Google,Video,2026-06-19,yes
ADV-172,Education,Google,Video,2026-05-26,no
ADV-172,Media and publishing,Google,Static,2026-07-07,no
ADV-159,Retail and ecommerce,Google,Video,2026-07-17,yes
ADV-944,Media and publishing,Google,Carousel,2026-06-12,yes
ADV-545,Retail and ecommerce,Google,Video,2026-06-16,no
ADV-944,Public sector,Meta,Carousel,2026-06-30,yes
ADV-248,Public sector,Meta,Static,2026-07-15,no
ADV-835,Media and publishing,Google,Carousel,2026-06-22,no
ADV-248,Retail and ecommerce,Google,Static,2026-07-17,no
ADV-159,Media and publishing,Google,Video,2026-08-25,no
ADV-944,Media and publishing,Google,Static,2026-07-12,no
ADV-312,Media and publishing,Google,Video,2026-06-19,no
ADV-312,Public sector,Google,Carousel,2026-08-24,no
ADV-429,Retail and ecommerce,Google,Video,2026-06-27,yes
ADV-248,Energy,Google,Static,2026-07-27,yes
ADV-159,Retail and ecommerce,Google,Carousel,2026-06-12,yes
ADV-159,Energy,Google,Video,2026-05-31,no
ADV-835,Retail and ecommerce,Meta,Video,2026-05-22,yes
ADV-835,Retail and ecommerce,Meta,Carousel,2026-06-15,yes
ADV-429,Media and publishing,Google,Video,2026-08-04,no
ADV-944,Retail and ecommerce,Meta,Video,2026-05-28,yes
ADV-312,Energy,Meta,Carousel,2026-07-09,yes
ADV-545,Technology and SaaS,Meta,Carousel,2026-08-05,yes
ADV-429,Public sector,Meta,Carousel,2026-05-26,yes
ADV-429,Technology and SaaS,Google,Carousel,2026-07-11,yes
ADV-835,Education,Meta,Carousel,2026-08-31,yes
ADV-172,Education,Meta,Static,2026-06-11,no
ADV-159,Retail and ecommerce,Google,Carousel,2026-08-19,no
ADV-944,Media and publishing,Google,Video,2026-06-02,no
ADV-248,Technology and SaaS,Meta,Carousel,2026-06-27,yes
ADV-248,Energy,Google,Video,2026-05-27,no
ADV-248,Energy,Google,Video,2026-08-22,no
ADV-172,Media and publishing,Google,Video,2026-07-24,yes
ADV-944,Media and publishing,Meta,Video,2026-06-18,yes
ADV-172,Media and publishing,Meta,Static,2026-05-16,yes
ADV-312,Education,Google,Static,2026-08-02,no
ADV-545,Energy,Google,Video,2026-07-11,yes
ADV-429,Technology and SaaS,Meta,Carousel,2026-05-29,yes
ADV-312,Technology and SaaS,Meta,Video,2026-07-13,yes
ADV-429,Public sector,Google,Carousel,2026-06-15,yes
ADV-545,Energy,Meta,Video,2026-07-01,yes
ADV-248,Public sector,Google,Static,2026-07-03,no
ADV-172,Education,Meta,Video,2026-07-26,no
ADV-944,Education,Meta,Video,2026-06-14,no
ADV-172,Education,Google,Video,2026-06-26,yes
ADV-172,Public sector,Meta,Carousel,2026-07-02,yes
ADV-248,Technology and SaaS,Meta,Carousel,2026-06-07,yes
ADV-159,Technology and SaaS,Meta,Carousel,2026-06-09,no
ADV-944,Technology and SaaS,Google,Static,2026-08-04,yes
ADV-159,Education,Meta,Video,2026-05-22,yes
ADV-248,Energy,Meta,Video,2026-09-12,yes
ADV-159,Technology and SaaS,Meta,Video,2026-09-09,yes
ADV-159,Education,Meta,Carousel,2026-05-30,yes
ADV-545,Education,Google,Static,2026-06-09,no
ADV-545,Technology and SaaS,Google,Video,2026-09-04,yes
ADV-944,Media and publishing,Google,Video,2026-07-18,yes
ADV-835,Retail and ecommerce,Meta,Carousel,2026-07-11,yes
ADV-429,Technology and SaaS,Google,Carousel,2026-06-01,no
ADV-312,Retail and ecommerce,Google,Video,2026-07-22,no
ADV-312,Retail and ecommerce,Google,Static,2026-06-24,no
ADV-835,Technology and SaaS,Meta,Static,2026-08-13,yes
ADV-248,Public sector,Google,Carousel,2026-07-19,yes
ADV-312,Education,Meta,Carousel,2026-07-10,no
ADV-248,Retail and ecommerce,Google,Video,2026-09-04,no
ADV-248,Technology and SaaS,Meta,Static,2026-07-31,yes
ADV-248,Education,Google,Video,2026-06-04,no
ADV-248,Energy,Meta,Carousel,2026-08-07,yes
ADV-944,Public sector,Google,Static,2026-07-18,no
ADV-545,Energy,Meta,Carousel,2026-05-30,no
ADV-159,Retail and ecommerce,Google,Video,2026-06-20,no
ADV-172,Technology and SaaS,Meta,Carousel,2026-07-13,yes
ADV-944,Energy,Google,Carousel,2026-05-26,no
ADV-835,Energy,Google,Video,2026-07-07,no
ADV-312,Retail and ecommerce,Meta,Video,2026-06-11,yes
ADV-172,Technology and SaaS,Google,Carousel,2026-07-13,yes
ADV-944,Technology and SaaS,Meta,Static,2026-08-31,no
ADV-835,Education,Google,Video,2026-05-21,yes
ADV-159,Technology and SaaS,Google,Carousel,2026-05-27,no
ADV-835,Education,Google,Video,2026-09-05,yes
ADV-944,Media and publishing,Meta,Video,2026-06-22,yes
ADV-545,Retail and ecommerce,Meta,Static,2026-06-10,yes
ADV-159,Technology and SaaS,Meta,Carousel,2026-06-19,yes
ADV-248,Media and publishing,Meta,Video,2026-09-10,yes
ADV-312,Education,Google,Video,2026-07-14,no
ADV-944,Energy,Meta,Video,2026-08-10,no
ADV-545,Technology and SaaS,Google,Carousel,2026-08-29,yes
ADV-429,Retail and ecommerce,Google,Video,2026-05-21,no
ADV-835,Media and publishing,Meta,Carousel,2026-08-27,no
ADV-835,Energy,Google,Carousel,2026-07-23,no
ADV-248,Public sector,Google,Video,2026-08-04,no
ADV-159,Education,Meta,Video,2026-08-17,no
ADV-835,Media and publishing,Google,Video,2026-07-31,no
ADV-172,Education,Meta,Video,2026-06-27,no
ADV-944,Education,Meta,Video,2026-06-03,no
ADV-545,Public sector,Google,Carousel,2026-07-23,no
ADV-172,Energy,Google,Carousel,2026-05-31,yes
ADV-835,Public sector,Meta,Video,2026-07-23,no
ADV-944,Education,Google,Video,2026-07-29,no
ADV-944,Media and publishing,Meta,Carousel,2026-08-16,yes
ADV-944,Media and publishing,Meta,Video,2026-06-03,no
ADV-835,Media and publishing,Google,Carousel,2026-06-09,yes
ADV-944,Technology and SaaS,Meta,Video,2026-08-04,no
ADV-429,Technology and SaaS,Google,Video,2026-08-09,yes
ADV-835,Technology and SaaS,Meta,Video,2026-06-23,no
ADV-248,Energy,Google,Video,2026-05-28,no
ADV-835,Public sector,Google,Video,2026-05-21,no
ADV-545,Public sector,Google,Video,2026-05-25,yes
ADV-944,Technology and SaaS,Google,Video,2026-06-05,no
ADV-429,Education,Google,Video,2026-08-13,yes
ADV-429,Technology and SaaS,Meta,Carousel,2026-07-01,yes
ADV-944,Media and publishing,Google,Video,2026-06-29,yes
ADV-159,Technology and SaaS,Meta,Video,2026-08-18,no
ADV-248,Technology and SaaS,Google,Video,2026-07-13,no
ADV-835,Public sector,Google,Static,2026-08-30,no
ADV-312,Education,Google,Carousel,2026-08-12,no
ADV-159,Media and publishing,Meta,Video,2026-08-16,yes
ADV-429,Technology and SaaS,Meta,Video,2026-06-06,no
ADV-312,Media and publishing,Google,Video,2026-07-05,yes
ADV-835,Media and publishing,Meta,Video,2026-08-14,yes
ADV-312,Energy,Google,Carousel,2026-06-10,yes
ADV-172,Energy,Google,Static,2026-06-27,yes
ADV-172,Media and publishing,Meta,Video,2026-07-18,no
ADV-248,Public sector,Meta,Carousel,2026-06-10,no
ADV-545,Media and publishing,Google,Carousel,2026-07-10,no
ADV-248,Education,Meta,Video,2026-06-15,yes
ADV-248,Technology and SaaS,Google,Video,2026-05-19,no
ADV-159,Technology and SaaS,Meta,Video,2026-06-25,no
ADV-248,Technology and SaaS,Meta,Carousel,2026-08-09,yes
ADV-248,Energy,Google,Carousel,2026-07-15,yes
ADV-172,Media and publishing,Meta,Static,2026-06-14,no
ADV-545,Technology and SaaS,Meta,Video,2026-06-04,yes
ADV-159,Education,Google,Video,2026-06-06,no
ADV-545,Media and publishing,Meta,Carousel,2026-08-22,no
ADV-248,Media and publishing,Google,Carousel,2026-06-02,no
ADV-172,Energy,Google,Video,2026-06-28,yes
ADV-429,Media and publishing,Meta,Video,2026-07-13,no
ADV-835,Technology and SaaS,Google,Carousel,2026-06-22,yes
ADV-172,Technology and SaaS,Meta,Carousel,2026-07-28,no
ADV-429,Energy,Google,Carousel,2026-07-20,yes
ADV-248,Retail and ecommerce,Meta,Carousel,2026-05-22,no
ADV-159,Media and publishing,Meta,Carousel,2026-06-24,no
ADV-429,Retail and ecommerce,Google,Video,2026-05-25,yes
ADV-429,Education,Meta,Carousel,2026-07-02,yes
ADV-159,Energy,Meta,Video,2026-06-27,no
ADV-944,Media and publishing,Meta,Carousel,2026-05-27,yes
ADV-835,Energy,Google,Carousel,2026-07-29,no
ADV-248,Technology and SaaS,Google,Static,2026-08-30,no
ADV-429,Public sector,Google,Carousel,2026-08-29,yes
ADV-159,Media and publishing,Meta,Video,2026-09-03,yes
ADV-312,Media and publishing,Meta,Video,2026-07-12,yes
ADV-312,Media and publishing,Meta,Carousel,2026-07-27,yes
ADV-944,Technology and SaaS,Meta,Carousel,2026-06-20,yes
ADV-835,Education,Google,Carousel,2026-06-22,yes
ADV-248,Public sector,Meta,Video,2026-08-12,yes
ADV-159,Media and publishing,Meta,Video,2026-09-01,no
ADV-944,Public sector,Meta,Video,2026-06-18,yes
ADV-159,Public sector,Google,Carousel,2026-07-02,yes
ADV-944,Media and publishing,Google,Video,2026-06-26,no
ADV-248,Media and publishing,Google,Carousel,2026-09-02,yes
ADV-159,Technology and SaaS,Google,Carousel,2026-07-04,no
ADV-159,Technology and SaaS,Meta,Carousel,2026-05-30,no
ADV-312,Media and publishing,Meta,Video,2026-07-24,yes
ADV-835,Technology and SaaS,Google,Carousel,2026-05-28,yes
ADV-312,Education,Meta,Video,2026-06-05,yes
ADV-545,Media and publishing,Meta,Video,2026-07-03,yes
ADV-172,Energy,Meta,Static,2026-08-16,yes
ADV-429,Public sector,Meta,Carousel,2026-07-31,no
ADV-248,Technology and SaaS,Meta,Video,2026-07-08,no
ADV-159,Energy,Google,Video,2026-06-04,yes
ADV-159,Media and publishing,Meta,Carousel,2026-06-18,no
ADV-944,Technology and SaaS,Meta,Carousel,2026-06-22,no
ADV-248,Media and publishing,Google,Video,2026-08-09,yes
ADV-159,Public sector,Meta,Carousel,2026-07-26,yes
ADV-312,Public sector,Google,Carousel,2026-08-02,no
ADV-172,Education,Google,Carousel,2026-08-24,no
ADV-312,Technology and SaaS,Meta,Static,2026-07-19,no
ADV-159,Media and publishing,Google,Carousel,2026-05-20,yes
ADV-429,Education,Meta,Video,2026-07-18,yes
ADV-545,Retail and ecommerce,Google,Video,2026-08-22,yes
ADV-545,Technology and SaaS,Meta,Carousel,2026-07-20,yes
ADV-835,Media and publishing,Meta,Static,2026-05-18,yes
ADV-172,Energy,Meta,Video,2026-06-14,no
ADV-248,Retail and ecommerce,Meta,Video,2026-07-17,yes
ADV-429,Energy,Meta,Carousel,2026-07-26,no
ADV-429,Education,Google,Carousel,2026-08-11,no
ADV-835,Media and publishing,Meta,Carousel,2026-05-24,yes
ADV-159,Media and publishing,Google,Carousel,2026-06-05,yes
ADV-429,Energy,Google,Video,2026-06-25,yes
ADV-944,Media and publishing,Meta,Carousel,2026-08-17,no
ADV-159,Energy,Meta,Carousel,2026-06-12,no
ADV-248,Energy,Google,Video,2026-07-23,no
ADV-248,Retail and ecommerce,Google,Static,2026-08-17,no
ADV-159,Retail and ecommerce,Meta,Video,2026-09-03,no
ADV-172,Education,Google,Video,2026-06-24,yes
ADV-312,Media and publishing,Meta,Static,2026-07-01,no
ADV-248,Media and publishing,Meta,Video,2026-07-30,no
ADV-835,Media and publishing,Google,Video,2026-08-30,yes
ADV-835,Media and publishing,Meta,Static,2026-08-02,yes
ADV-944,Technology and SaaS,Google,Carousel,2026-07-29,yes
ADV-545,Public sector,Meta,Carousel,2026-06-04,yes
ADV-248,Technology and SaaS,Google,Video,2026-06-22,yes
ADV-159,Energy,Google,Video,2026-07-31,no
ADV-429,Energy,Google,Video,2026-07-31,yes
ADV-248,Media and publishing,Meta,Video,2026-08-08,no
ADV-545,Media and publishing,Google,Video,2026-05-21,no
ADV-159,Education,Google,Video,2026-06-20,yes
ADV-429,Public sector,Google,Video,2026-08-04,no
ADV-248,Retail and ecommerce,Google,Carousel,2026-09-07,no
ADV-944,Technology and SaaS,Meta,Carousel,2026-06-07,yes
ADV-312,Public sector,Google,Carousel,2026-07-05,no
ADV-429,Education,Google,Video,2026-07-06,no
ADV-429,Public sector,Google,Video,2026-08-05,yes
ADV-545,Energy,Meta,Video,2026-08-16,yes
ADV-944,Technology and SaaS,Google,Carousel,2026-06-29,no
ADV-944,Retail and ecommerce,Meta,Carousel,2026-07-09,yes
ADV-429,Energy,Meta,Video,2026-09-04,no
ADV-312,Education,Google,Video,2026-08-03,yes
ADV-835,Energy,Meta,Carousel,2026-06-18,yes
ADV-248,Energy,Meta,Carousel,2026-06-14,no
ADV-312,Technology and SaaS,Google,Carousel,2026-07-25,no
ADV-835,Energy,Meta,Video,2026-06-16,yes
ADV-159,Media and publishing,Meta,Carousel,2026-06-02,yes
ADV-248,Education,Meta,Video,2026-05-19,yes
ADV-248,Education,Google,Video,2026-07-17,no
ADV-248,Media and publishing,Meta,Video,2026-06-16,yes
ADV-159,Education,Google,Video,2026-08-30,yes
ADV-835,Retail and ecommerce,Meta,Carousel,2026-07-05,yes
ADV-545,Media and publishing,Google,Static,2026-08-22,no
ADV-159,Technology and SaaS,Google,Static,2026-06-27,yes
ADV-429,Media and publishing,Google,Video,2026-07-08,no
ADV-835,Media and publishing,Meta,Carousel,2026-05-30,yes
ADV-429,Media and publishing,Google,Carousel,2026-08-22,no
ADV-545,Technology and SaaS,Google,Video,2026-07-14,yes
ADV-172,Public sector,Google,Video,2026-09-09,yes
ADV-172,Education,Meta,Carousel,2026-05-28,no
ADV-944,Retail and ecommerce,Google,Static,2026-08-02,no
ADV-835,Technology and SaaS,Meta,Carousel,2026-08-30,no
ADV-312,Public sector,Meta,Carousel,2026-07-28,yes
ADV-172,Energy,Google,Video,2026-06-08,no
ADV-835,Retail and ecommerce,Google,Carousel,2026-07-13,yes
ADV-545,Retail and ecommerce,Google,Static,2026-07-13,yes
ADV-172,Technology and SaaS,Meta,Carousel,2026-06-17,yes
ADV-159,Energy,Google,Video,2026-09-12,no
ADV-429,Technology and SaaS,Google,Carousel,2026-06-02,yes
ADV-248,Technology and SaaS,Google,Carousel,2026-08-07,no
ADV-248,Technology and SaaS,Google,Carousel,2026-08-25,no
ADV-429,Energy,Meta,Video,2026-07-04,no
ADV-159,Education,Google,Carousel,2026-08-15,yes
ADV-172,Technology and SaaS,Google,Carousel,2026-07-13,no
ADV-312,Retail and ecommerce,Google,Carousel,2026-09-11,yes
ADV-248,Education,Google,Video,2026-06-02,no
ADV-545,Media and publishing,Meta,Video,2026-06-14,no
ADV-835,Retail and ecommerce,Meta,Static,2026-06-20,yes
ADV-545,Media and publishing,Meta,Video,2026-07-15,yes
ADV-944,Media and publishing,Google,Video,2026-08-03,no
ADV-312,Technology and SaaS,Google,Carousel,2026-05-30,no
ADV-248,Technology and SaaS,Meta,Video,2026-05-20,no
ADV-944,Technology and SaaS,Google,Carousel,2026-07-04,yes
ADV-172,Public sector,Meta,Carousel,2026-05-24,no
ADV-835,Media and publishing,Meta,Video,2026-07-12,yes
ADV-545,Technology and SaaS,Google,Video,2026-07-22,no
ADV-172,Media and publishing,Meta,Carousel,2026-06-07,no
ADV-835,Media and publishing,Google,Carousel,2026-08-06,no
ADV-159,Public sector,Meta,Video,2026-08-07,no
ADV-172,Energy,Meta,Carousel,2026-07-29,no
ADV-944,Retail and ecommerce,Google,Video,2026-07-11,yes
ADV-944,Media and publishing,Google,Carousel,2026-06-03,yes
ADV-248,Energy,Google,Video,2026-06-08,no
ADV-429,Media and publishing,Google,Carousel,2026-08-16,no
ADV-172,Education,Google,Carousel,2026-06-07,no
ADV-835,Education,Meta,Static,2026-08-13,yes
ADV-312,Technology and SaaS,Meta,Carousel,2026-09-04,yes
ADV-944,Retail and ecommerce,Google,Carousel,2026-06-17,no
ADV-312,Media and publishing,Google,Carousel,2026-07-05,no
ADV-248,Media and publishing,Meta,Carousel,2026-07-07,yes
ADV-159,Media and publishing,Google,Video,2026-06-16,yes
ADV-545,Public sector,Meta,Video,2026-08-28,yes
ADV-172,Energy,Meta,Carousel,2026-05-26,no
ADV-172,Technology and SaaS,Google,Video,2026-05-24,no
ADV-944,Retail and ecommerce,Meta,Carousel,2026-05-27,yes
ADV-545,Retail and ecommerce,Google,Static,2026-05-17,yes
ADV-835,Media and publishing,Google,Static,2026-09-12,no
ADV-159,Public sector,Meta,Carousel,2026-08-04,no
ADV-545,Public sector,Meta,Carousel,2026-09-02,no
ADV-545,Media and publishing,Google,Video,2026-08-12,no
ADV-545,Public sector,Google,Carousel,2026-06-29,no
ADV-545,Energy,Google,Video,2026-08-24,no
ADV-429,Technology and SaaS,Google,Static,2026-06-19,yes
ADV-429,Technology and SaaS,Meta,Carousel,2026-07-14,yes
ADV-429,Technology and SaaS,Meta,Carousel,2026-08-05,no
ADV-944,Media and publishing,Google,Static,2026-05-30,no
ADV-248,Public sector,Meta,Static,2026-07-30,no
ADV-944,Retail and ecommerce,Google,Video,2026-07-26,no
ADV-159,Energy,Meta,Video,2026-06-19,yes
ADV-312,Media and publishing,Google,Static,2026-06-26,no
ADV-159,Media and publishing,Google,Carousel,2026-07-08,no
ADV-545,Technology and SaaS,Google,Video,2026-05-29,yes
ADV-248,Public sector,Meta,Static,2026-08-26,yes
ADV-248,Media and publishing,Meta,Static,2026-07-12,yes
ADV-248,Retail and ecommerce,Meta,Video,2026-06-20,yes
ADV-312,Media and publishing,Meta,Video,2026-06-06,no
ADV-248,Media and publishing,Meta,Carousel,2026-07-10,yes
ADV-159,Public sector,Meta,Video,2026-07-29,no
ADV-429,Energy,Google,Video,2026-08-02,no
ADV-835,Technology and SaaS,Google,Video,2026-05-23,yes
ADV-172,Education,Meta,Carousel,2026-07-30,yes
ADV-159,Education,Google,Video,2026-06-12,no
ADV-312,Media and publishing,Google,Video,2026-07-10,no
ADV-159,Energy,Google,Video,2026-07-10,yes
ADV-429,Energy,Google,Video,2026-08-29,yes
ADV-312,Education,Meta,Static,2026-07-08,yes
ADV-172,Retail and ecommerce,Meta,Video,2026-08-12,yes
ADV-159,Media and publishing,Google,Static,2026-08-02,yes
ADV-835,Public sector,Google,Video,2026-06-27,yes
ADV-248,Media and publishing,Google,Carousel,2026-05-29,no
ADV-248,Media and publishing,Meta,Carousel,2026-06-06,no
ADV-312,Technology and SaaS,Google,Carousel,2026-07-11,yes
ADV-248,Technology and SaaS,Google,Video,2026-08-18,no
ADV-172,Energy,Meta,Video,2026-08-29,no
ADV-545,Retail and ecommerce,Google,Video,2026-06-12,no
ADV-172,Media and publishing,Meta,Carousel,2026-09-01,yes
ADV-172,Retail and ecommerce,Google,Video,2026-06-29,yes
ADV-429,Media and publishing,Google,Carousel,2026-08-16,yes
ADV-172,Technology and SaaS,Google,Video,2026-08-19,no
ADV-248,Energy,Google,Video,2026-06-05,no
ADV-429,Education,Meta,Video,2026-07-17,no
ADV-312,Media and publishing,Meta,Video,2026-07-01,yes
ADV-545,Retail and ecommerce,Meta,Carousel,2026-08-04,no
ADV-944,Education,Google,Carousel,2026-07-02,no
ADV-172,Technology and SaaS,Google,Carousel,2026-07-20,yes
ADV-545,Public sector,Google,Video,2026-06-21,no
ADV-248,Energy,Meta,Static,2026-09-06,no
ADV-312,Education,Google,Static,2026-08-26,yes
ADV-159,Retail and ecommerce,Meta,Video,2026-06-10,no
ADV-172,Energy,Meta,Video,2026-07-14,yes
ADV-429,Media and publishing,Google,Carousel,2026-09-06,no
ADV-159,Public sector,Meta,Carousel,2026-08-03,yes
ADV-429,Media and publishing,Meta,Video,2026-09-02,yes
ADV-944,Retail and ecommerce,Meta,Video,2026-08-16,no
ADV-159,Education,Google,Video,2026-06-11,no
ADV-545,Education,Google,Video,2026-08-10,no
ADV-429,Retail and ecommerce,Google,Video,2026-05-18,yes
ADV-172,Energy,Google,Static,2026-05-22,yes
ADV-159,Public sector,Meta,Video,2026-07-04,no
ADV-835,Retail and ecommerce,Meta,Video,2026-06-25,yes
ADV-248,Media and publishing,Meta,Carousel,2026-08-03,no
ADV-429,Media and publishing,Google,Video,2026-05-26,no
ADV-545,Media and publishing,Google,Carousel,2026-09-02,no
ADV-835,Technology and SaaS,Google,Static,2026-08-10,no
ADV-159,Energy,Google,Carousel,2026-09-04,yes
ADV-312,Media and publishing,Meta,Video,2026-09-09,no
ADV-248,Media and publishing,Meta,Carousel,2026-05-24,yes
ADV-159,Technology and SaaS,Meta,Carousel,2026-08-09,yes
ADV-248,Media and publishing,Google,Carousel,2026-07-04,yes
ADV-248,Public sector,Meta,Carousel,2026-08-21,no
ADV-248,Media and publishing,Meta,Carousel,2026-09-03,no
ADV-248,Retail and ecommerce,Meta,Video,2026-08-07,no
ADV-545,Media and publishing,Meta,Video,2026-06-21,yes
ADV-172,Energy,Google,Video,2026-07-14,yes
ADV-248,Energy,Google,Video,2026-05-26,no
ADV-172,Education,Meta,Video,2026-06-01,yes
ADV-944,Technology and SaaS,Meta,Video,2026-07-20,yes
ADV-172,Education,Meta,Video,2026-07-16,yes
ADV-248,Retail and ecommerce,Google,Video,2026-06-17,yes
ADV-429,Technology and SaaS,Google,Video,2026-08-09,yes
ADV-159,Technology and SaaS,Meta,Video,2026-08-31,yes
ADV-835,Public sector,Google,Carousel,2026-06-17,yes
ADV-172,Public sector,Google,Carousel,2026-07-06,yes
ADV-248,Energy,Meta,Video,2026-06-14,yes
ADV-248,Technology and SaaS,Google,Carousel,2026-05-21,no
ADV-159,Public sector,Meta,Video,2026-07-29,yes
ADV-429,Retail and ecommerce,Meta,Video,2026-06-28,yes
ADV-248,Public sector,Google,Carousel,2026-07-07,no
ADV-312,Education,Meta,Carousel,2026-08-30,no
ADV-835,Public sector,Meta,Carousel,2026-08-02,yes
ADV-248,Retail and ecommerce,Google,Carousel,2026-08-20,no
ADV-312,Media and publishing,Google,Static,2026-07-22,yes
ADV-944,Technology and SaaS,Google,Carousel,2026-06-12,no
ADV-248,Education,Meta,Video,2026-08-18,yes
ADV-248,Energy,Google,Carousel,2026-07-14,yes
ADV-172,Media and publishing,Google,Video,2026-07-29,no
ADV-545,Technology and SaaS,Google,Video,2026-09-08,yes
ADV-944,Energy,Google,Carousel,2026-07-10,yes
ADV-172,Technology and SaaS,Meta,Carousel,2026-07-15,yes
ADV-172,Media and publishing,Meta,Carousel,2026-07-08,yes
ADV-159,Technology and SaaS,Google,Video,2026-09-12,no
ADV-172,Technology and SaaS,Google,Video,2026-05-25,yes
ADV-835,Retail and ecommerce,Google,Carousel,2026-08-16,yes
ADV-429,Media and publishing,Google,Video,2026-08-31,no
ADV-545,Media and publishing,Meta,Video,2026-06-15,yes
ADV-944,Technology and SaaS,Meta,Video,2026-06-08,no
ADV-312,Retail and ecommerce,Meta,Carousel,2026-06-24,no
ADV-429,Retail and ecommerce,Meta,Video,2026-08-29,yes
ADV-172,Energy,Meta,Carousel,2026-06-04,yes
ADV-159,Energy,Meta,Carousel,2026-09-06,no
ADV-545,Energy,Google,Carousel,2026-08-04,yes
ADV-172,Education,Meta,Video,2026-05-30,no
ADV-429,Technology and SaaS,Meta,Video,2026-05-30,no
ADV-429,Energy,Meta,Video,2026-08-06,yes
ADV-159,Energy,Google,Video,2026-06-08,yes
ADV-835,Education,Meta,Static,2026-08-10,no
ADV-429,Media and publishing,Meta,Video,2026-08-12,yes
ADV-312,Retail and ecommerce,Meta,Carousel,2026-05-23,yes
ADV-429,Energy,Google,Video,2026-09-11,yes
ADV-172,Public sector,Meta,Carousel,2026-07-17,yes
ADV-248,Public sector,Meta,Static,2026-07-23,yes
ADV-159,Education,Meta,Static,2026-06-16,no
ADV-545,Technology and SaaS,Google,Carousel,2026-08-05,yes
ADV-312,Technology and SaaS,Meta,Video,2026-07-19,yes
ADV-172,Media and publishing,Google,Carousel,2026-07-21,yes
ADV-545,Retail and ecommerce,Meta,Static,2026-08-23,yes
ADV-835,Technology and SaaS,Meta,Static,2026-09-12,no
ADV-545,Technology and SaaS,Meta,Static,2026-08-17,yes
ADV-835,Energy,Meta,Video,2026-05-26,no
ADV-159,Media and publishing,Google,Carousel,2026-07-28,no
ADV-835,Technology and SaaS,Meta,Video,2026-07-09,no
ADV-545,Media and publishing,Meta,Video,2026-06-21,yes
ADV-172,Education,Meta,Static,2026-08-14,no
ADV-248,Technology and SaaS,Meta,Carousel,2026-06-10,no
ADV-172,Public sector,Meta,Carousel,2026-06-23,yes
ADV-429,Public sector,Google,Video,2026-06-12,no
ADV-835,Energy,Google,Carousel,2026-05-24,no
ADV-159,Education,Google,Video,2026-08-02,no
ADV-312,Public sector,Meta,Video,2026-09-11,yes
ADV-429,Media and publishing,Google,Static,2026-06-16,no
ADV-172,Technology and SaaS,Meta,Static,2026-06-10,yes
ADV-248,Technology and SaaS,Meta,Carousel,2026-08-21,no
ADV-312,Media and publishing,Google,Video,2026-07-14,yes
ADV-429,Retail and ecommerce,Google,Static,2026-07-09,no
ADV-248,Energy,Meta,Video,2026-05-24,no
ADV-172,Retail and ecommerce,Google,Carousel,2026-06-07,yes
ADV-159,Energy,Google,Video,2026-08-05,yes
ADV-248,Energy,Meta,Static,2026-06-15,yes
ADV-944,Media and publishing,Meta,Video,2026-07-28,yes
ADV-545,Education,Meta,Carousel,2026-07-25,no
ADV-159,Technology and SaaS,Google,Video,2026-07-20,no
ADV-545,Public sector,Meta,Video,2026-08-26,no
ADV-835,Retail and ecommerce,Google,Video,2026-07-17,no
ADV-944,Technology and SaaS,Meta,Video,2026-07-30,yes
ADV-312,Education,Google,Static,2026-09-07,no
ADV-172,Media and publishing,Google,Carousel,2026-05-23,no
ADV-159,Technology and SaaS,Google,Carousel,2026-07-04,yes
ADV-429,Retail and ecommerce,Google,Carousel,2026-07-23,yes
ADV-248,Media and publishing,Google,Carousel,2026-08-23,yes
ADV-944,Public sector,Meta,Static,2026-05-31,yes
ADV-429,Media and publishing,Meta,Video,2026-05-24,no
ADV-248,Retail and ecommerce,Meta,Carousel,2026-09-07,no
ADV-545,Technology and SaaS,Google,Carousel,2026-06-24,yes
ADV-429,Technology and SaaS,Meta,Video,2026-07-04,yes
ADV-159,Media and publishing,Google,Video,2026-08-09,no
ADV-429,Public sector,Google,Static,2026-08-01,yes
ADV-944,Energy,Meta,Carousel,2026-09-02,no
ADV-159,Media and publishing,Meta,Static,2026-05-16,yes
ADV-835,Public sector,Google,Carousel,2026-06-10,no
ADV-159,Retail and ecommerce,Meta,Video,2026-08-28,no
ADV-172,Media and publishing,Meta,Carousel,2026-09-04,no
ADV-248,Media and publishing,Meta,Video,2026-08-29,yes
ADV-159,Technology and SaaS,Meta,Static,2026-09-06,no
ADV-944,Media and publishing,Meta,Video,2026-06-17,yes
ADV-248,Technology and SaaS,Google,Video,2026-07-18,no
ADV-172,Retail and ecommerce,Meta,Video,2026-06-07,yes
ADV-172,Media and publishing,Google,Video,2026-06-12,yes
ADV-545,Media and publishing,Google,Carousel,2026-06-28,no
ADV-835,Education,Meta,Carousel,2026-06-05,yes
ADV-944,Energy,Google,Carousel,2026-07-25,no
ADV-312,Technology and SaaS,Google,Video,2026-06-26,yes
ADV-248,Energy,Meta,Video,2026-08-05,yes
ADV-944,Education,Google,Carousel,2026-07-19,no
ADV-429,Retail and ecommerce,Meta,Carousel,2026-07-28,yes
ADV-545,Public sector,Meta,Video,2026-08-17,yes
ADV-172,Media and publishing,Meta,Video,2026-06-02,no
ADV-172,Retail and ecommerce,Meta,Video,2026-06-27,no
ADV-312,Education,Meta,Video,2026-06-16,no
ADV-172,Media and publishing,Meta,Static,2026-07-21,no
ADV-429,Media and publishing,Google,Video,2026-08-19,yes
ADV-835,Retail and ecommerce,Meta,Static,2026-08-18,yes
ADV-545,Media and publishing,Google,Video,2026-08-04,no
ADV-159,Media and publishing,Meta,Carousel,2026-08-15,yes
ADV-429,Energy,Google,Video,2026-08-24,yes
ADV-429,Public sector,Meta,Carousel,2026-06-23,no
ADV-159,Energy,Google,Carousel,2026-09-11,no
ADV-944,Technology and SaaS,Meta,Video,2026-06-19,no
ADV-944,Media and publishing,Meta,Carousel,2026-06-08,no
ADV-835,Retail and ecommerce,Meta,Video,2026-07-01,yes
ADV-944,Technology and SaaS,Google,Carousel,2026-09-12,no
ADV-944,Energy,Meta,Video,2026-08-22,no
ADV-545,Media and publishing,Meta,Video,2026-07-26,no
ADV-312,Retail and ecommerce,Meta,Video,2026-08-06,yes
ADV-944,Retail and ecommerce,Google,Video,2026-07-13,no
ADV-172,Retail and ecommerce,Google,Video,2026-07-06,yes
ADV-172,Education,Meta,Carousel,2026-09-01,yes
ADV-545,Public sector,Meta,Video,2026-05-30,no
ADV-944,Media and publishing,Meta,Carousel,2026-06-18,yes
ADV-312,Education,Meta,Video,2026-06-07,yes
ADV-172,Energy,Meta,Video,2026-08-12,no
ADV-248,Media and publishing,Meta,Static,2026-06-12,no
ADV-172,Retail and ecommerce,Meta,Video,2026-07-17,yes
ADV-312,Media and publishing,Google,Carousel,2026-05-21,yes
ADV-835,Media and publishing,Google,Video,2026-06-25,yes
ADV-429,Media and publishing,Google,Carousel,2026-06-28,no
ADV-944,Media and publishing,Google,Video,2026-09-09,no
ADV-312,Technology and SaaS,Meta,Carousel,2026-07-19,yes
ADV-545,Media and publishing,Google,Static,2026-07-29,yes
ADV-545,Education,Google,Video,2026-08-30,no
ADV-835,Retail and ecommerce,Google,Carousel,2026-07-03,yes
ADV-312,Technology and SaaS,Meta,Video,2026-08-08,yes
ADV-172,Media and publishing,Meta,Video,2026-07-12,no
ADV-545,Media and publishing,Meta,Static,2026-08-07,yes
ADV-944,Technology and SaaS,Google,Video,2026-05-20,yes
ADV-172,Retail and ecommerce,Meta,Carousel,2026-08-04,no
ADV-248,Retail and ecommerce,Google,Carousel,2026-06-10,no
ADV-159,Energy,Google,Carousel,2026-05-24,yes
ADV-248,Energy,Meta,Video,2026-06-29,yes
ADV-429,Media and publishing,Meta,Carousel,2026-06-04,no
ADV-835,Energy,Meta,Video,2026-07-16,no
ADV-159,Energy,Google,Video,2026-05-25,no
ADV-835,Public sector,Meta,Video,2026-07-14,yes
ADV-944,Technology and SaaS,Meta,Video,2026-06-25,yes
ADV-312,Technology and SaaS,Meta,Video,2026-07-19,yes
ADV-429,Media and publishing,Meta,Video,2026-08-25,yes
ADV-312,Energy,Meta,Video,2026-08-22,yes
ADV-159,Technology and SaaS,Google,Carousel,2026-07-02,no
ADV-944,Public sector,Meta,Video,2026-05-28,no
ADV-835,Media and publishing,Google,Carousel,2026-05-25,no
ADV-172,Technology and SaaS,Meta,Video,2026-08-31,yes
ADV-172,Technology and SaaS,Google,Static,2026-07-20,no
ADV-835,Energy,Google,Static,2026-08-26,yes
ADV-944,Energy,Google,Video,2026-08-17,no
ADV-159,Education,Meta,Video,2026-07-18,no
ADV-944,Energy,Meta,Video,2026-08-20,no
ADV-159,Technology and SaaS,Google,Carousel,2026-05-29,yes
ADV-429,Energy,Google,Video,2026-06-27,yes
ADV-545,Education,Google,Carousel,2026-07-04,yes
ADV-248,Technology and SaaS,Meta,Carousel,2026-08-05,no
ADV-545,Education,Google,Video,2026-05-28,no
ADV-429,Media and publishing,Meta,Carousel,2026-07-10,yes
ADV-835,Public sector,Meta,Carousel,2026-08-06,yes
ADV-312,Technology and SaaS,Meta,Video,2026-07-30,yes
ADV-545,Technology and SaaS,Google,Static,2026-08-14,no
ADV-429,Technology and SaaS,Meta,Carousel,2026-07-23,no
ADV-248,Technology and SaaS,Meta,Carousel,2026-06-05,yes
ADV-159,Technology and SaaS,Google,Video,2026-08-24,no
ADV-944,Technology and SaaS,Meta,Static,2026-08-25,yes
ADV-944,Education,Google,Video,2026-09-03,yes
ADV-312,Retail and ecommerce,Meta,Carousel,2026-08-28,no
ADV-172,Energy,Google,Video,2026-06-20,yes
ADV-312,Public sector,Meta,Video,2026-08-31,yes
ADV-248,Retail and ecommerce,Google,Video,2026-06-29,yes
ADV-944,Media and publishing,Meta,Video,2026-09-01,no
ADV-312,Media and publishing,Meta,Video,2026-08-01,yes
ADV-429,Energy,Google,Video,2026-06-15,yes
ADV-944,Technology and SaaS,Meta,Video,2026-09-12,yes
ADV-429,Energy,Meta,Video,2026-06-10,yes
ADV-944,Education,Google,Carousel,2026-08-07,no
ADV-172,Public sector,Meta,Carousel,2026-08-27,yes
ADV-172,Media and publishing,Google,Video,2026-08-03,yes
ADV-429,Education,Google,Carousel,2026-07-24,no
ADV-944,Technology and SaaS,Google,Video,2026-07-07,no
ADV-159,Technology and SaaS,Google,Video,2026-07-20,yes
ADV-944,Technology and SaaS,Meta,Video,2026-07-30,yes
ADV-944,Technology and SaaS,Meta,Carousel,2026-06-25,yes
ADV-429,Media and publishing,Google,Video,2026-07-24,no
ADV-429,Media and publishing,Meta,Static,2026-06-23,yes
ADV-159,Technology and SaaS,Meta,Video,2026-06-12,no
ADV-429,Technology and SaaS,Google,Carousel,2026-05-22,yes
ADV-172,Energy,Meta,Video,2026-07-29,yes
ADV-159,Technology and SaaS,Google,Carousel,2026-07-24,no
ADV-172,Education,Meta,Carousel,2026-07-23,yes
ADV-248,Education,Google,Video,2026-05-26,yes
ADV-312,Technology and SaaS,Google,Video,2026-07-09,yes
ADV-835,Public sector,Google,Video,2026-05-27,no
ADV-545,Media and publishing,Google,Video,2026-05-21,yes
ADV-172,Education,Google,Carousel,2026-08-04,yes
ADV-429,Retail and ecommerce,Google,Carousel,2026-07-16,no
ADV-159,Retail and ecommerce,Meta,Carousel,2026-06-15,no
ADV-429,Retail and ecommerce,Google,Video,2026-07-14,no
ADV-545,Technology and SaaS,Google,Carousel,2026-07-13,no
ADV-248,Retail and ecommerce,Google,Video,2026-09-10,yes
ADV-248,Retail and ecommerce,Google,Video,2026-07-05,no
ADV-248,Retail and ecommerce,Google,Video,2026-05-25,no
ADV-248,Technology and SaaS,Meta,Video,2026-08-16,yes
ADV-248,Technology and SaaS,Google,Carousel,2026-07-06,no
ADV-944,Technology and SaaS,Meta,Video,2026-07-20,yes
ADV-429,Education,Google,Video,2026-08-29,no
ADV-248,Energy,Meta,Carousel,2026-09-06,yes
ADV-172,Media and publishing,Meta,Video,2026-07-25,yes
ADV-429,Media and publishing,Google,Static,2026-08-31,no
ADV-545,Retail and ecommerce,Meta,Video,2026-07-08,yes
ADV-248,Education,Meta,Video,2026-06-08,no
ADV-248,Media and publishing,Meta,Video,2026-08-10,no
ADV-159,Retail and ecommerce,Google,Carousel,2026-08-05,yes
ADV-312,Media and publishing,Google,Carousel,2026-09-07,no
ADV-835,Media and publishing,Meta,Video,2026-06-22,yes
ADV-545,Education,Meta,Video,2026-07-15,yes
ADV-429,Media and publishing,Meta,Carousel,2026-08-11,no
ADV-545,Media and publishing,Google,Video,2026-09-10,yes
ADV-248,Media and publishing,Meta,Video,2026-08-05,yes
ADV-545,Public sector,Meta,Video,2026-06-16,no
ADV-159,Public sector,Meta,Static,2026-06-24,no
ADV-172,Media and publishing,Meta,Carousel,2026-06-17,yes
ADV-835,Public sector,Meta,Carousel,2026-05-28,yes
ADV-172,Retail and ecommerce,Google,Video,2026-07-05,yes
ADV-835,Media and publishing,Google,Video,2026-07-12,no
ADV-248,Public sector,Meta,Static,2026-08-15,no
ADV-835,Technology and SaaS,Google,Carousel,2026-06-07,yes
ADV-172,Energy,Google,Carousel,2026-08-19,no
ADV-835,Technology and SaaS,Google,Carousel,2026-08-27,no
ADV-159,Media and publishing,Meta,Video,2026-07-25,no
ADV-159,Public sector,Google,Video,2026-05-18,yes
ADV-429,Media and publishing,Meta,Video,2026-07-14,no
ADV-944,Technology and SaaS,Google,Video,2026-06-20,no
ADV-545,Technology and SaaS,Google,Video,2026-09-08,no
ADV-312,Media and publishing,Google,Carousel,2026-08-19,no
ADV-159,Public sector,Google,Video,2026-08-26,yes
ADV-944,Education,Google,Video,2026-09-02,yes
ADV-835,Retail and ecommerce,Google,Video,2026-07-04,yes
ADV-159,Energy,Google,Video,2026-05-29,no
ADV-944,Media and publishing,Google,Video,2026-06-06,no
ADV-159,Energy,Meta,Video,2026-08-10,no
ADV-429,Energy,Google,Video,2026-08-12,no
ADV-172,Technology and SaaS,Meta,Video,2026-07-07,no
ADV-835,Technology and SaaS,Google,Carousel,2026-07-12,no
ADV-248,Technology and SaaS,Meta,Carousel,2026-08-30,yes
ADV-159,Public sector,Meta,Carousel,2026-06-17,yes
ADV-159,Energy,Google,Video,2026-09-09,yes
ADV-429,Education,Google,Carousel,2026-08-14,no
ADV-545,Public sector,Meta,Video,2026-07-28,yes
ADV-312,Media and publishing,Meta,Static,2026-09-05,no
ADV-429,Education,Meta,Video,2026-06-23,no
ADV-172,Public sector,Google,Video,2026-06-21,yes
ADV-835,Technology and SaaS,Meta,Video,2026-07-23,no
ADV-248,Public sector,Google,Video,2026-06-22,no
ADV-312,Retail and ecommerce,Google,Carousel,2026-06-19,no
ADV-429,Energy,Meta,Static,2026-08-10,no
ADV-835,Media and publishing,Meta,Carousel,2026-06-20,yes
ADV-545,Retail and ecommerce,Google,Carousel,2026-06-25,no
ADV-248,Education,Meta,Video,2026-08-16,yes
ADV-429,Retail and ecommerce,Meta,Video,2026-05-31,yes
ADV-172,Education,Google,Carousel,2026-06-06,no
ADV-545,Media and publishing,Meta,Video,2026-07-04,no
ADV-944,Technology and SaaS,Google,Video,2026-06-25,no
ADV-835,Retail and ecommerce,Google,Carousel,2026-08-10,yes
ADV-835,Education,Google,Static,2026-07-15,yes
ADV-248,Retail and ecommerce,Google,Carousel,2026-06-14,yes
ADV-312,Media and publishing,Google,Static,2026-06-11,yes
ADV-172,Technology and SaaS,Google,Video,2026-05-27,yes
ADV-429,Technology and SaaS,Google,Carousel,2026-06-09,yes
ADV-545,Media and publishing,Google,Carousel,2026-08-23,yes
ADV-248,Education,Google,Video,2026-05-21,no
ADV-835,Media and publishing,Google,Video,2026-09-10,yes
ADV-159,Retail and ecommerce,Meta,Video,2026-08-28,no
ADV-545,Energy,Google,Video,2026-08-19,no
ADV-159,Technology and SaaS,Meta,Video,2026-09-09,yes
ADV-159,Energy,Google,Carousel,2026-06-27,no
ADV-248,Education,Google,Carousel,2026-09-08,no
ADV-248,Technology and SaaS,Meta,Carousel,2026-07-20,no
ADV-312,Energy,Google,Carousel,2026-06-25,no
ADV-172,Energy,Google,Video,2026-06-14,no
ADV-312,Public sector,Meta,Video,2026-08-06,yes
ADV-545,Retail and ecommerce,Google,Video,2026-09-05,no
ADV-545,Education,Google,Video,2026-05-29,no
ADV-835,Education,Google,Video,2026-05-28,yes
ADV-835,Technology and SaaS,Google,Carousel,2026-08-07,no
ADV-429,Media and publishing,Google,Video,2026-08-06,no
ADV-429,Retail and ecommerce,Google,Carousel,2026-06-16,yes
ADV-944,Education,Google,Video,2026-09-07,no
ADV-429,Media and publishing,Meta,Video,2026-08-12,no
ADV-172,Technology and SaaS,Meta,Video,2026-08-08,yes
ADV-944,Education,Google,Carousel,2026-07-27,no
ADV-545,Media and publishing,Meta,Video,2026-06-01,yes
ADV-312,Technology and SaaS,Google,Carousel,2026-08-10,no
ADV-172,Education,Meta,Video,2026-08-30,yes
ADV-172,Media and publishing,Google,Carousel,2026-06-23,no
ADV-159,Technology and SaaS,Google,Video,2026-05-22,yes
ADV-429,Media and publishing,Meta,Video,2026-08-28,yes
ADV-159,Technology and SaaS,Google,Static,2026-06-03,yes
ADV-835,Education,Google,Video,2026-06-15,yes
ADV-312,Public sector,Google,Static,2026-07-11,yes
ADV-159,Public sector,Meta,Video,2026-06-11,no
ADV-248,Media and publishing,Google,Video,2026-08-18,yes
ADV-312,Energy,Google,Carousel,2026-07-25,yes
ADV-312,Energy,Meta,Carousel,2026-06-13,no
ADV-429,Media and publishing,Meta,Static,2026-09-11,yes
ADV-172,Retail and ecommerce,Google,Carousel,2026-09-11,no
ADV-545,Education,Meta,Carousel,2026-07-29,no
ADV-835,Media and publishing,Meta,Static,2026-06-13,yes
ADV-159,Public sector,Google,Static,2026-05-17,no
ADV-172,Energy,Meta,Carousel,2026-08-24,no
ADV-312,Media and publishing,Google,Video,2026-06-01,no
ADV-835,Energy,Meta,Carousel,2026-07-30,yes
ADV-159,Energy,Google,Video,2026-08-25,no
ADV-944,Energy,Google,Static,2026-07-28,no
ADV-159,Technology and SaaS,Google,Video,2026-09-02,no
ADV-248,Retail and ecommerce,Meta,Video,2026-07-08,no
ADV-159,Retail and ecommerce,Google,Video,2026-09-12,no
ADV-248,Media and publishing,Meta,Video,2026-08-13,yes
ADV-159,Retail and ecommerce,Meta,Carousel,2026-08-16,yes
ADV-545,Technology and SaaS,Google,Video,2026-06-20,no
ADV-944,Media and publishing,Google,Video,2026-08-25,no
ADV-172,Energy,Meta,Carousel,2026-09-10,no
ADV-835,Technology and SaaS,Google,Video,2026-07-11,yes
ADV-835,Media and publishing,Meta,Video,2026-08-19,no
ADV-248,Education,Google,Carousel,2026-07-06,yes
ADV-944,Technology and SaaS,Meta,Carousel,2026-06-24,no
ADV-835,Technology and SaaS,Meta,Carousel,2026-08-20,yes
ADV-248,Public sector,Meta,Carousel,2026-06-14,yes
ADV-835,Retail and ecommerce,Google,Carousel,2026-07-14,no
ADV-545,Media and publishing,Meta,Carousel,2026-09-08,no
ADV-172,Public sector,Google,Static,2026-08-27,no
ADV-248,Education,Meta,Carousel,2026-07-30,yes
ADV-172,Technology and SaaS,Meta,Carousel,2026-06-08,no
ADV-944,Public sector,Meta,Carousel,2026-05-21,yes
ADV-429,Public sector,Meta,Video,2026-05-18,yes
ADV-172,Retail and ecommerce,Meta,Carousel,2026-08-27,no
ADV-429,Energy,Meta,Carousel,2026-07-16,no
ADV-172,Retail and ecommerce,Google,Video,2026-05-20,no
ADV-159,Media and publishing,Google,Static,2026-08-07,yes
ADV-159,Technology and SaaS,Meta,Video,2026-07-13,yes
ADV-159,Energy,Meta,Video,2026-07-22,yes
ADV-835,Media and publishing,Google,Static,2026-08-25,yes
ADV-248,Retail and ecommerce,Google,Carousel,2026-06-19,no
ADV-248,Technology and SaaS,Google,Carousel,2026-09-04,yes
ADV-429,Technology and SaaS,Meta,Video,2026-07-17,no
ADV-248,Public sector,Meta,Carousel,2026-07-05,yes
ADV-312,Retail and ecommerce,Meta,Static,2026-07-07,no
ADV-545,Retail and ecommerce,Google,Video,2026-06-27,no
ADV-312,Media and publishing,Google,Video,2026-08-30,no
ADV-545,Technology and SaaS,Google,Video,2026-06-20,no
ADV-944,Energy,Meta,Video,2026-07-03,no
ADV-429,Media and publishing,Google,Carousel,2026-06-19,no
ADV-944,Retail and ecommerce,Google,Carousel,2026-08-12,yes
ADV-172,Energy,Meta,Video,2026-08-16,no
ADV-944,Technology and SaaS,Google,Carousel,2026-09-05,no
ADV-429,Technology and SaaS,Meta,Video,2026-06-28,no
ADV-159,Technology and SaaS,Google,Video,2026-07-20,yes
ADV-545,Public sector,Google,Video,2026-07-22,yes
ADV-944,Technology and SaaS,Google,Video,2026-08-16,yes
ADV-312,Technology and SaaS,Google,Video,2026-06-27,yes
ADV-944,Technology and SaaS,Google,Carousel,2026-05-22,yes
ADV-172,Media and publishing,Meta,Video,2026-06-20,yes
ADV-545,Education,Meta,Video,2026-05-28,no
ADV-248,Energy,Meta,Static,2026-05-24,no
ADV-172,Public sector,Google,Video,2026-08-09,yes
ADV-172,Media and publishing,Google,Carousel,2026-08-24,no
ADV-159,Technology and SaaS,Meta,Video,2026-07-04,no
ADV-545,Media and publishing,Meta,Carousel,2026-08-28,no
ADV-312,Technology and SaaS,Meta,Static,2026-09-03,no
ADV-159,Media and publishing,Meta,Carousel,2026-06-17,no
ADV-429,Energy,Meta,Video,2026-07-07,no
ADV-172,Energy,Meta,Video,2026-06-03,yes
ADV-159,Public sector,Meta,Video,2026-07-11,yes
ADV-835,Education,Google,Static,2026-09-04,no
ADV-159,Technology and SaaS,Google,Static,2026-08-30,yes
ADV-159,Technology and SaaS,Meta,Carousel,2026-07-30,no
ADV-835,Technology and SaaS,Meta,Video,2026-07-15,no
ADV-159,Technology and SaaS,Google,Video,2026-09-04,yes
ADV-429,Retail and ecommerce,Google,Video,2026-05-21,no
ADV-159,Technology and SaaS,Google,Carousel,2026-09-10,yes
ADV-312,Technology and SaaS,Google,Carousel,2026-06-09,yes
ADV-944,Media and publishing,Meta,Video,2026-06-15,no
ADV-248,Retail and ecommerce,Meta,Carousel,2026-06-29,yes
ADV-545,Retail and ecommerce,Google,Static,2026-07-12,no
ADV-545,Public sector,Google,Carousel,2026-05-18,no
ADV-312,Technology and SaaS,Meta,Carousel,2026-05-17,no
ADV-172,Public sector,Google,Static,2026-07-03,no
ADV-835,Retail and ecommerce,Google,Video,2026-06-19,no
ADV-835,Retail and ecommerce,Meta,Carousel,2026-06-09,yes
ADV-835,Public sector,Google,Static,2026-06-13,no
ADV-172,Technology and SaaS,Google,Video,2026-09-08,yes
ADV-835,Media and publishing,Meta,Video,2026-09-06,no
ADV-429,Technology and SaaS,Google,Carousel,2026-08-29,no
ADV-159,Media and publishing,Meta,Video,2026-07-20,no
ADV-545,Energy,Google,Carousel,2026-08-18,yes
ADV-172,Public sector,Google,Carousel,2026-07-19,no
ADV-545,Energy,Google,Video,2026-06-15,no
ADV-312,Energy,Meta,Video,2026-07-14,no
ADV-172,Retail and ecommerce,Meta,Carousel,2026-06-01,no
ADV-248,Public sector,Meta,Static,2026-07-01,no
ADV-545,Media and publishing,Google,Carousel,2026-08-22,no
ADV-429,Media and publishing,Google,Video,2026-07-09,no
ADV-835,Public sector,Google,Video,2026-07-15,no
ADV-248,Education,Meta,Video,2026-06-13,no
ADV-172,Energy,Meta,Video,2026-06-08,yes
ADV-429,Energy,Meta,Video,2026-06-02,no
ADV-429,Media and publishing,Google,Carousel,2026-07-15,yes
ADV-944,Public sector,Google,Video,2026-06-09,yes
ADV-545,Energy,Meta,Video,2026-08-30,no
ADV-545,Retail and ecommerce,Google,Video,2026-09-09,yes
ADV-944,Media and publishing,Google,Carousel,2026-07-11,yes
ADV-172,Media and publishing,Meta,Video,2026-08-01,no
ADV-159,Education,Meta,Carousel,2026-07-27,no
ADV-312,Technology and SaaS,Meta,Video,2026-05-18,yes
ADV-944,Technology and SaaS,Google,Video,2026-06-27,yes
ADV-835,Education,Google,Video,2026-07-23,yes
ADV-944,Technology and SaaS,Meta,Carousel,2026-08-08,yes
ADV-172,Technology and SaaS,Google,Video,2026-06-04,no
ADV-159,Public sector,Meta,Video,2026-07-08,no
ADV-159,Education,Google,Video,2026-07-06,yes
ADV-835,Education,Meta,Carousel,2026-06-26,yes
ADV-172,Retail and ecommerce,Meta,Carousel,2026-07-14,no
ADV-172,Energy,Meta,Carousel,2026-05-25,no
ADV-312,Public sector,Meta,Carousel,2026-08-04,no
ADV-172,Energy,Meta,Carousel,2026-06-16,no
ADV-172,Education,Google,Carousel,2026-08-15,yes
ADV-545,Public sector,Google,Carousel,2026-08-11,no
ADV-312,Public sector,Meta,Video,2026-08-12,no
ADV-835,Retail and ecommerce,Google,Static,2026-08-30,no
ADV-159,Media and publishing,Meta,Video,2026-07-23,yes
ADV-172,Retail and ecommerce,Meta,Video,2026-05-30,no
ADV-248,Media and publishing,Google,Video,2026-07-31,yes
ADV-944,Technology and SaaS,Google,Carousel,2026-07-18,no
ADV-248,Media and publishing,Google,Carousel,2026-06-08,no
ADV-159,Retail and ecommerce,Google,Video,2026-08-03,yes
ADV-312,Technology and SaaS,Meta,Carousel,2026-08-15,yes
ADV-248,Energy,Meta,Static,2026-09-06,yes
ADV-172,Technology and SaaS,Meta,Carousel,2026-05-16,yes
ADV-248,Technology and SaaS,Meta,Carousel,2026-07-26,no
ADV-248,Media and publishing,Meta,Carousel,2026-09-05,no
ADV-172,Media and publishing,Meta,Static,2026-07-22,yes
ADV-835,Media and publishing,Meta,Carousel,2026-06-22,no
ADV-248,Technology and SaaS,Meta,Video,2026-05-17,yes
ADV-248,Media and publishing,Google,Video,2026-05-20,yes
ADV-172,Education,Google,Carousel,2026-08-09,no
ADV-312,Technology and SaaS,Google,Video,2026-08-17,yes
ADV-429,Technology and SaaS,Google,Carousel,2026-08-17,yes
ADV-944,Media and publishing,Meta,Static,2026-06-04,no
ADV-545,Technology and SaaS,Google,Carousel,2026-07-30,no
ADV-159,Technology and SaaS,Google,Carousel,2026-09-09,yes
ADV-429,Retail and ecommerce,Google,Video,2026-09-05,no
ADV-248,Energy,Google,Carousel,2026-06-11,no
ADV-159,Retail and ecommerce,Google,Video,2026-08-02,yes
ADV-172,Retail and ecommerce,Google,Carousel,2026-05-26,no
ADV-944,Technology and SaaS,Google,Carousel,2026-06-21,yes
ADV-248,Energy,Google,Carousel,2026-06-14,no
ADV-248,Media and publishing,Google,Carousel,2026-08-19,yes
ADV-312,Technology and SaaS,Meta,Carousel,2026-08-09,no
ADV-835,Technology and SaaS,Google,Video,2026-08-06,yes
ADV-312,Retail and ecommerce,Google,Video,2026-05-16,no
ADV-429,Media and publishing,Meta,Carousel,2026-06-24,yes
ADV-172,Energy,Google,Video,2026-06-18,no
ADV-172,Media and publishing,Google,Carousel,2026-09-06,yes
ADV-159,Retail and ecommerce,Meta,Video,2026-07-21,no
ADV-545,Education,Google,Carousel,2026-08-13,no
ADV-944,Media and publishing,Google,Carousel,2026-07-18,yes
ADV-944,Education,Meta,Carousel,2026-07-12,yes
ADV-172,Education,Meta,Video,2026-07-30,no
ADV-835,Technology and SaaS,Google,Video,2026-06-07,yes
ADV-172,Energy,Google,Video,2026-07-15,no
ADV-545,Retail and ecommerce,Meta,Video,2026-06-29,no
ADV-545,Public sector,Meta,Video,2026-06-15,yes
ADV-545,Media and publishing,Meta,Video,2026-08-15,no
ADV-944,Energy,Meta,Video,2026-06-08,yes
ADV-159,Media and publishing,Meta,Video,2026-09-10,yes
ADV-159,Public sector,Meta,Carousel,2026-06-13,no
ADV-429,Public sector,Google,Video,2026-06-24,no
ADV-429,Education,Google,Video,2026-06-19,no
ADV-545,Education,Google,Video,2026-06-25,no
ADV-944,Education,Meta,Static,2026-07-05,no
ADV-545,Technology and SaaS,Meta,Carousel,2026-07-21,no
ADV-944,Technology and SaaS,Google,Video,2026-08-15,no
ADV-172,Retail and ecommerce,Meta,Video,2026-05-18,no
ADV-248,Energy,Meta,Video,2026-09-03,yes
ADV-248,Retail and ecommerce,Meta,Video,2026-06-07,no
ADV-429,Education,Meta,Carousel,2026-06-27,yes
ADV-172,Education,Google,Video,2026-08-28,yes
ADV-429,Education,Google,Carousel,2026-09-04,no
ADV-429,Energy,Meta,Video,2026-05-27,no
ADV-248,Technology and SaaS,Meta,Video,2026-07-21,yes
ADV-835,Media and publishing,Meta,Video,2026-06-24,yes
ADV-429,Technology and SaaS,Google,Static,2026-06-22,no
ADV-312,Energy,Google,Carousel,2026-08-14,yes
ADV-835,Technology and SaaS,Google,Static,2026-07-13,no
ADV-172,Technology and SaaS,Google,Static,2026-05-31,yes
ADV-312,Technology and SaaS,Google,Static,2026-08-16,no
ADV-312,Media and publishing,Meta,Carousel,2026-06-13,no
ADV-835,Media and publishing,Google,Carousel,2026-09-04,no
ADV-159,Retail and ecommerce,Google,Carousel,2026-05-27,yes
ADV-429,Technology and SaaS,Meta,Video,2026-07-15,yes
ADV-429,Public sector,Meta,Video,2026-06-24,no
ADV-835,Education,Meta,Carousel,2026-06-04,yes
ADV-172,Media and publishing,Google,Video,2026-07-09,yes
ADV-159,Technology and SaaS,Meta,Carousel,2026-08-11,no
ADV-835,Media and publishing,Google,Carousel,2026-08-24,no
ADV-172,Media and publishing,Meta,Video,2026-09-10,no
ADV-429,Energy,Meta,Video,2026-06-07,no
ADV-172,Energy,Meta,Video,2026-09-09,yes
ADV-835,Retail and ecommerce,Google,Carousel,2026-08-09,yes
ADV-835,Media and publishing,Meta,Carousel,2026-07-26,no
ADV-545,Media and publishing,Meta,Video,2026-08-02,no
ADV-248,Technology and SaaS,Google,Video,2026-05-31,yes
ADV-312,Public sector,Google,Carousel,2026-09-10,no
ADV-172,Technology and SaaS,Meta,Video,2026-06-05,no
ADV-429,Technology and SaaS,Meta,Carousel,2026-09-11,yes
ADV-545,Media and publishing,Google,Video,2026-07-19,yes
ADV-312,Media and publishing,Google,Video,2026-05-23,no
ADV-429,Public sector,Google,Carousel,2026-09-12,no
ADV-835,Media and publishing,Meta,Video,2026-07-22,no
ADV-172,Retail and ecommerce,Meta,Video,2026-08-09,no
ADV-545,Energy,Google,Carousel,2026-07-10,no
ADV-545,Public sector,Google,Carousel,2026-06-02,no
ADV-248,Education,Google,Carousel,2026-07-29,yes
ADV-835,Technology and SaaS,Meta,Carousel,2026-08-12,no
ADV-248,Media and publishing,Google,Carousel,2026-08-04,no
ADV-159,Retail and ecommerce,Google,Static,2026-05-17,no
ADV-944,Education,Google,Static,2026-05-17,no
ADV-545,Technology and SaaS,Meta,Carousel,2026-07-27,yes
ADV-159,Media and publishing,Meta,Video,2026-08-28,yes
ADV-312,Technology and SaaS,Meta,Video,2026-07-17,yes
ADV-159,Retail and ecommerce,Google,Video,2026-05-25,yes
ADV-172,Technology and SaaS,Meta,Video,2026-06-26,no
ADV-172,Technology and SaaS,Google,Carousel,2026-07-28,no
ADV-944,Technology and SaaS,Meta,Video,2026-07-12,no
ADV-944,Public sector,Meta,Carousel,2026-06-07,no
ADV-312,Energy,Meta,Static,2026-08-24,yes
ADV-312,Energy,Meta,Video,2026-08-14,no
ADV-172,Technology and SaaS,Meta,Carousel,2026-08-29,no
ADV-248,Public sector,Google,Video,2026-08-02,no
ADV-172,Education,Meta,Carousel,2026-05-26,yes
ADV-429,Education,Google,Static,2026-09-06,no
ADV-172,Technology and SaaS,Meta,Video,2026-07-07,no
ADV-248,Retail and ecommerce,Meta,Carousel,2026-06-16,yes
ADV-545,Retail and ecommerce,Google,Video,2026-09-02,no
ADV-944,Technology and SaaS,Meta,Video,2026-06-15,yes
ADV-545,Media and publishing,Meta,Static,2026-06-14,yes
ADV-312,Technology and SaaS,Meta,Video,2026-09-09,no
ADV-172,Education,Google,Video,2026-09-03,no
ADV-835,Public sector,Meta,Carousel,2026-08-31,yes
ADV-944,Technology and SaaS,Meta,Video,2026-08-17,yes
ADV-944,Media and publishing,Meta,Video,2026-07-02,no
ADV-159,Media and publishing,Google,Carousel,2026-08-28,yes
ADV-944,Energy,Google,Carousel,2026-06-29,no
ADV-159,Technology and SaaS,Google,Video,2026-07-02,no
ADV-172,Energy,Meta,Video,2026-07-10,yes
ADV-159,Public sector,Meta,Carousel,2026-08-16,yes
ADV-429,Media and publishing,Meta,Video,2026-08-09,no
ADV-429,Retail and ecommerce,Meta,Carousel,2026-08-16,no
ADV-248,Education,Meta,Static,2026-08-16,yes
ADV-429,Retail and ecommerce,Meta,Video,2026-05-30,no
ADV-545,Retail and ecommerce,Meta,Carousel,2026-07-29,yes
ADV-835,Technology and SaaS,Google,Video,2026-07-18,no
ADV-545,Retail and ecommerce,Meta,Carousel,2026-09-09,no
ADV-159,Education,Google,Carousel,2026-08-22,no
ADV-312,Media and publishing,Google,Carousel,2026-08-27,yes
ADV-312,Technology and SaaS,Google,Video,2026-08-30,yes
ADV-312,Technology and SaaS,Google,Carousel,2026-07-21,no
ADV-944,Media and publishing,Google,Video,2026-07-29,no
ADV-944,Media and publishing,Google,Video,2026-06-20,no
ADV-835,Retail and ecommerce,Meta,Carousel,2026-08-19,yes
ADV-429,Technology and SaaS,Google,Static,2026-07-09,yes
ADV-248,Media and publishing,Google,Video,2026-08-22,yes
ADV-172,Education,Google,Video,2026-08-16,yes
ADV-312,Media and publishing,Meta,Video,2026-08-21,no
ADV-429,Technology and SaaS,Meta,Carousel,2026-06-17,yes
ADV-545,Media and publishing,Google,Static,2026-05-28,yes
ADV-944,Retail and ecommerce,Google,Carousel,2026-08-20,yes
ADV-429,Technology and SaaS,Google,Carousel,2026-08-10,yes
ADV-312,Media and publishing,Google,Video,2026-08-15,no
ADV-172,Media and publishing,Meta,Carousel,2026-07-16,no
ADV-159,Education,Google,Video,2026-05-31,no
ADV-429,Education,Google,Carousel,2026-06-08,yes
ADV-835,Education,Google,Video,2026-06-03,no
ADV-545,Energy,Google,Video,2026-08-10,yes
ADV-172,Education,Meta,Video,2026-08-26,no
ADV-545,Media and publishing,Google,Static,2026-06-09,yes
ADV-545,Media and publishing,Google,Static,2026-08-06,yes
ADV-312,Retail and ecommerce,Google,Carousel,2026-08-11,yes
ADV-429,Retail and ecommerce,Google,Static,2026-08-17,yes
ADV-429,Technology and SaaS,Google,Video,2026-08-11,no
ADV-172,Retail and ecommerce,Google,Video,2026-07-01,yes
ADV-944,Technology and SaaS,Google,Video,2026-07-21,yes
ADV-159,Media and publishing,Meta,Video,2026-07-19,yes
ADV-172,Media and publishing,Meta,Carousel,2026-08-25,no
ADV-312,Retail and ecommerce,Google,Video,2026-08-31,yes
ADV-248,Energy,Google,Video,2026-07-01,yes
ADV-248,Public sector,Google,Video,2026-06-28,no
ADV-248,Education,Meta,Carousel,2026-08-10,yes
ADV-248,Energy,Meta,Video,2026-07-13,yes
ADV-835,Technology and SaaS,Google,Video,2026-07-11,yes
ADV-248,Media and publishing,Google,Video,2026-08-03,no
ADV-545,Media and publishing,Google,Carousel,2026-08-14,yes
ADV-312,Technology and SaaS,Meta,Video,2026-06-27,no
ADV-835,Technology and SaaS,Meta,Static,2026-06-28,no
ADV-944,Technology and SaaS,Meta,Carousel,2026-06-21,no
ADV-312,Technology and SaaS,Google,Video,2026-05-28,yes
ADV-944,Technology and SaaS,Google,Video,2026-08-04,yes
ADV-429,Retail and ecommerce,Google,Carousel,2026-05-30,yes
ADV-944,Education,Google,Carousel,2026-08-16,no
ADV-545,Technology and SaaS,Meta,Carousel,2026-08-05,yes
ADV-429,Media and publishing,Meta,Video,2026-09-10,yes
ADV-248,Retail and ecommerce,Meta,Static,2026-06-16,no
ADV-248,Public sector,Meta,Video,2026-08-17,no
ADV-312,Technology and SaaS,Google,Static,2026-07-10,yes
ADV-835,Media and publishing,Meta,Carousel,2026-05-31,no
ADV-944,Education,Google,Carousel,2026-06-07,yes
ADV-835,Technology and SaaS,Google,Video,2026-07-06,yes
ADV-159,Education,Google,Static,2026-08-11,no
ADV-172,Media and publishing,Meta,Carousel,2026-07-18,yes
ADV-248,Media and publishing,Meta,Carousel,2026-07-12,no
ADV-835,Technology and SaaS,Google,Carousel,2026-09-09,no
ADV-429,Technology and SaaS,Google,Video,2026-09-05,no
ADV-159,Media and publishing,Google,Carousel,2026-07-08,yes
ADV-429,Education,Meta,Video,2026-08-10,yes
ADV-944,Education,Google,Static,2026-08-24,no
ADV-429,Technology and SaaS,Google,Carousel,2026-07-05,yes
ADV-835,Education,Google,Video,2026-08-14,yes
ADV-545,Technology and SaaS,Meta,Carousel,2026-08-18,no
ADV-248,Public sector,Google,Video,2026-08-31,yes
ADV-312,Media and publishing,Meta,Carousel,2026-08-18,yes
ADV-429,Technology and SaaS,Meta,Carousel,2026-08-21,yes
ADV-172,Technology and SaaS,Meta,Carousel,2026-07-07,yes
ADV-944,Energy,Meta,Video,2026-06-12,no
ADV-248,Energy,Meta,Video,2026-08-03,yes
ADV-172,Media and publishing,Meta,Static,2026-07-23,no
ADV-312,Technology and SaaS,Google,Carousel,2026-07-13,yes
ADV-835,Public sector,Google,Carousel,2026-05-20,no
ADV-312,Media and publishing,Google,Video,2026-06-29,no
ADV-248,Technology and SaaS,Google,Carousel,2026-07-20,no
ADV-312,Education,Google,Video,2026-07-17,yes
ADV-159,Technology and SaaS,Meta,Video,2026-05-22,yes
ADV-159,Media and publishing,Google,Carousel,2026-08-14,yes
ADV-159,Media and publishing,Meta,Video,2026-07-18,yes
ADV-248,Media and publishing,Google,Video,2026-09-10,no
ADV-312,Public sector,Meta,Video,2026-07-12,no
ADV-159,Media and publishing,Google,Video,2026-08-04,yes
ADV-159,Media and publishing,Google,Video,2026-06-06,yes
ADV-159,Media and publishing,Google,Static,2026-07-15,no
ADV-429,Media and publishing,Google,Video,2026-07-16,yes
ADV-312,Education,Meta,Video,2026-08-30,yes
ADV-944,Media and publishing,Google,Video,2026-07-06,no
ADV-835,Technology and SaaS,Meta,Video,2026-08-15,yes
ADV-545,Retail and ecommerce,Meta,Video,2026-05-19,yes
ADV-429,Energy,Google,Static,2026-06-07,no
ADV-312,Retail and ecommerce,Google,Carousel,2026-05-18,no
ADV-545,Media and publishing,Meta,Static,2026-05-18,no
ADV-312,Media and publishing,Meta,Video,2026-08-22,no
ADV-159,Public sector,Google,Video,2026-09-08,yes
ADV-159,Technology and SaaS,Meta,Carousel,2026-08-23,yes
ADV-159,Media and publishing,Google,Carousel,2026-07-14,no
ADV-835,Media and publishing,Google,Carousel,2026-06-09,no
ADV-159,Media and publishing,Meta,Carousel,2026-07-24,yes
ADV-312,Energy,Meta,Video,2026-07-05,yes
ADV-172,Technology and SaaS,Meta,Video,2026-08-18,no
ADV-429,Technology and SaaS,Meta,Video,2026-08-30,no
ADV-172,Retail and ecommerce,Google,Video,2026-05-31,no
ADV-545,Education,Google,Carousel,2026-06-15,yes
ADV-312,Technology and SaaS,Google,Video,2026-07-17,no
ADV-545,Public sector,Meta,Static,2026-07-08,no
ADV-545,Media and publishing,Meta,Static,2026-08-27,no
ADV-312,Education,Google,Video,2026-05-27,no
ADV-429,Media and publishing,Google,Video,2026-05-17,yes
ADV-159,Media and publishing,Meta,Video,2026-08-02,no
ADV-545,Retail and ecommerce,Meta,Carousel,2026-08-18,yes
ADV-944,Public sector,Meta,Video,2026-06-29,yes
ADV-312,Public sector,Google,Video,2026-09-05,no
ADV-312,Public sector,Meta,Video,2026-07-02,yes
ADV-312,Energy,Meta,Video,2026-06-09,yes
ADV-248,Media and publishing,Google,Static,2026-07-14,yes
ADV-159,Media and publishing,Google,Carousel,2026-08-18,yes
ADV-429,Energy,Meta,Carousel,2026-07-01,yes
ADV-172,Public sector,Google,Carousel,2026-08-21,yes
ADV-835,Retail and ecommerce,Meta,Video,2026-05-31,yes
ADV-429,Technology and SaaS,Meta,Video,2026-07-06,yes
ADV-835,Media and publishing,Google,Carousel,2026-07-03,no
ADV-944,Technology and SaaS,Google,Video,2026-06-06,yes
ADV-835,Technology and SaaS,Meta,Video,2026-08-17,yes
ADV-545,Media and publishing,Google,Static,2026-05-26,yes
ADV-248,Media and publishing,Meta,Static,2026-07-28,yes
ADV-545,Education,Meta,Carousel,2026-08-15,no
ADV-835,Technology and SaaS,Meta,Carousel,2026-06-13,yes
ADV-835,Technology and SaaS,Google,Carousel,2026-07-09,yes
ADV-172,Technology and SaaS,Google,Carousel,2026-06-30,yes
ADV-248,Energy,Google,Video,2026-08-04,yes
ADV-835,Public sector,Google,Video,2026-07-28,no
ADV-944,Technology and SaaS,Meta,Carousel,2026-07-08,no
ADV-545,Media and publishing,Meta,Video,2026-07-22,yes
ADV-172,Technology and SaaS,Google,Carousel,2026-06-15,yes
ADV-545,Education,Meta,Static,2026-08-29,yes
ADV-172,Technology and SaaS,Meta,Carousel,2026-05-23,no
ADV-312,Energy,Google,Video,2026-07-25,no
ADV-944,Public sector,Meta,Carousel,2026-08-28,yes
ADV-312,Media and publishing,Meta,Video,2026-06-29,no
ADV-248,Energy,Google,Video,2026-07-08,yes
ADV-944,Energy,Meta,Video,2026-08-28,no
ADV-835,Education,Google,Carousel,2026-08-22,yes
ADV-545,Media and publishing,Meta,Video,2026-07-12,no
ADV-172,Energy,Meta,Carousel,2026-06-05,no
ADV-312,Public sector,Google,Video,2026-07-18,no
ADV-545,Media and publishing,Meta,Carousel,2026-05-22,yes
ADV-159,Technology and SaaS,Google,Video,2026-06-27,yes
ADV-835,Media and publishing,Google,Video,2026-08-30,yes
ADV-835,Technology and SaaS,Meta,Video,2026-09-03,yes
ADV-248,Energy,Meta,Static,2026-07-11,yes
ADV-312,Public sector,Google,Video,2026-07-15,no
ADV-944,Retail and ecommerce,Google,Carousel,2026-06-21,yes
ADV-248,Technology and SaaS,Google,Video,2026-07-18,yes
ADV-835,Energy,Meta,Carousel,2026-05-27,yes
ADV-248,Media and publishing,Google,Static,2026-08-06,no
ADV-172,Public sector,Google,Video,2026-06-20,yes
ADV-159,Technology and SaaS,Google,Carousel,2026-08-01,no
ADV-172,Media and publishing,Meta,Static,2026-07-16,yes
ADV-944,Retail and ecommerce,Google,Video,2026-07-15,no
ADV-312,Technology and SaaS,Meta,Video,2026-09-11,no
ADV-944,Media and publishing,Google,Carousel,2026-07-09,no
ADV-835,Education,Meta,Video,2026-06-12,no
ADV-159,Media and publishing,Google,Carousel,2026-07-01,yes
ADV-944,Technology and SaaS,Meta,Video,2026-05-19,yes
ADV-429,Education,Google,Static,2026-08-04,yes
ADV-835,Education,Google,Static,2026-06-21,yes
ADV-944,Education,Meta,Carousel,2026-08-31,yes
ADV-835,Media and publishing,Meta,Video,2026-05-17,no
ADV-835,Technology and SaaS,Google,Video,2026-06-12,yes
ADV-545,Technology and SaaS,Google,Static,2026-08-28,no
ADV-159,Energy,Google,Video,2026-07-19,no
ADV-835,Technology and SaaS,Google,Carousel,2026-08-15,yes
ADV-248,Technology and SaaS,Google,Carousel,2026-07-24,yes
ADV-312,Public sector,Google,Carousel,2026-09-12,no
ADV-944,Technology and SaaS,Meta,Carousel,2026-07-06,yes
ADV-312,Media and publishing,Meta,Carousel,2026-05-23,no
ADV-944,Retail and ecommerce,Meta,Carousel,2026-07-02,no
ADV-312,Public sector,Google,Carousel,2026-06-29,no
ADV-835,Public sector,Google,Static,2026-08-26,yes
ADV-312,Education,Meta,Video,2026-06-06,no
ADV-835,Public sector,Google,Video,2026-09-07,no
ADV-248,Technology and SaaS,Meta,Video,2026-08-05,no
ADV-545,Public sector,Meta,Carousel,2026-06-10,no
ADV-944,Media and publishing,Meta,Carousel,2026-06-20,yes
ADV-429,Retail and ecommerce,Google,Video,2026-09-08,no
ADV-172,Public sector,Meta,Video,2026-05-20,no
ADV-545,Public sector,Google,Video,2026-07-02,no
ADV-172,Media and publishing,Meta,Carousel,2026-09-07,no
ADV-159,Public sector,Google,Carousel,2026-05-17,yes
ADV-545,Technology and SaaS,Meta,Static,2026-06-19,no
ADV-248,Media and publishing,Meta,Static,2026-06-13,yes
ADV-248,Technology and SaaS,Google,Carousel,2026-06-14,yes
ADV-248,Public sector,Google,Carousel,2026-06-02,yes
ADV-312,Technology and SaaS,Google,Static,2026-07-27,no
ADV-429,Technology and SaaS,Meta,Video,2026-06-27,yes
ADV-159,Retail and ecommerce,Meta,Carousel,2026-08-10,no
ADV-312,Retail and ecommerce,Google,Carousel,2026-08-20,no
ADV-312,Retail and ecommerce,Meta,Carousel,2026-07-15,yes
ADV-429,Energy,Meta,Carousel,2026-06-06,no
ADV-172,Public sector,Meta,Carousel,2026-06-25,yes
ADV-312,Retail and ecommerce,Meta,Carousel,2026-07-31,no
ADV-159,Technology and SaaS,Google,Static,2026-05-17,no
ADV-172,Energy,Google,Video,2026-08-23,yes
ADV-944,Media and publishing,Google,Carousel,2026-05-29,yes
ADV-545,Public sector,Google,Static,2026-06-16,no
ADV-172,Technology and SaaS,Meta,Carousel,2026-08-09,no
ADV-248,Media and publishing,Google,Carousel,2026-05-20,yes
ADV-429,Media and publishing,Meta,Video,2026-09-10,yes
ADV-172,Technology and SaaS,Google,Video,2026-06-08,no
ADV-159,Education,Google,Video,2026-06-26,yes
ADV-159,Technology and SaaS,Google,Video,2026-08-22,yes
ADV-429,Media and publishing,Meta,Video,2026-05-22,no
ADV-172,Retail and ecommerce,Meta,Carousel,2026-06-21,no
ADV-835,Public sector,Google,Static,2026-07-23,yes
ADV-172,Energy,Google,Carousel,2026-06-02,no
ADV-835,Energy,Meta,Carousel,2026-07-19,no
ADV-835,Media and publishing,Meta,Video,2026-05-16,no
ADV-835,Media and publishing,Google,Video,2026-08-07,yes
ADV-545,Technology and SaaS,Google,Video,2026-08-11,no
ADV-545,Media and publishing,Google,Carousel,2026-07-30,yes
ADV-835,Media and publishing,Meta,Video,2026-07-21,no
ADV-159,Technology and SaaS,Google,Carousel,2026-09-03,yes
ADV-172,Energy,Meta,Carousel,2026-07-27,no
ADV-248,Media and publishing,Meta,Carousel,2026-07-08,no
ADV-159,Public sector,Google,Video,2026-07-27,no
ADV-545,Retail and ecommerce,Google,Static,2026-05-25,yes
ADV-159,Media and publishing,Meta,Carousel,2026-05-22,no
ADV-312,Public sector,Google,Static,2026-08-04,yes
ADV-545,Education,Meta,Carousel,2026-05-27,yes
ADV-172,Technology and SaaS,Google,Carousel,2026-05-24,no
ADV-835,Media and publishing,Google,Carousel,2026-06-04,yes
ADV-545,Retail and ecommerce,Google,Carousel,2026-06-19,no
ADV-545,Public sector,Meta,Carousel,2026-09-02,yes
ADV-429,Technology and SaaS,Meta,Carousel,2026-07-04,yes
ADV-545,Technology and SaaS,Google,Static,2026-08-02,no
ADV-159,Media and publishing,Google,Carousel,2026-09-05,no
ADV-172,Technology and SaaS,Meta,Video,2026-06-04,no
ADV-429,Public sector,Google,Carousel,2026-07-21,no
ADV-248,Technology and SaaS,Google,Static,2026-07-31,yes
ADV-248,Public sector,Meta,Carousel,2026-06-23,no
ADV-248,Education,Google,Video,2026-08-24,yes
ADV-159,Media and publishing,Google,Static,2026-09-04,no
ADV-429,Media and publishing,Google,Carousel,2026-06-03,no
ADV-429,Media and publishing,Meta,Carousel,2026-06-07,no
ADV-835,Technology and SaaS,Meta,Carousel,2026-06-25,yes
ADV-835,Media and publishing,Meta,Video,2026-09-07,yes
ADV-159,Retail and ecommerce,Google,Video,2026-07-11,yes
ADV-159,Media and publishing,Google,Carousel,2026-06-06,yes
ADV-429,Media and publishing,Meta,Carousel,2026-06-27,no
ADV-835,Media and publishing,Meta,Carousel,2026-06-07,yes
ADV-159,Media and publishing,Google,Video,2026-06-19,yes
ADV-545,Technology and SaaS,Meta,Carousel,2026-06-12,yes
ADV-312,Media and publishing,Meta,Video,2026-07-19,yes
ADV-429,Technology and SaaS,Meta,Carousel,2026-06-11,yes
ADV-248,Technology and SaaS,Google,Video,2026-08-11,no
ADV-248,Media and publishing,Google,Carousel,2026-06-03,no
ADV-429,Energy,Google,Carousel,2026-08-26,yes
ADV-159,Public sector,Meta,Video,2026-07-09,yes
ADV-248,Technology and SaaS,Meta,Carousel,2026-09-07,no
ADV-429,Public sector,Meta,Video,2026-09-01,no
ADV-159,Public sector,Meta,Video,2026-09-03,no
ADV-545,Media and publishing,Meta,Static,2026-07-10,yes
ADV-159,Public sector,Google,Carousel,2026-05-22,no
ADV-545,Public sector,Meta,Static,2026-07-15,no
ADV-312,Technology and SaaS,Google,Carousel,2026-09-09,no
ADV-545,Retail and ecommerce,Meta,Video,2026-07-04,no
ADV-172,Retail and ecommerce,Google,Carousel,2026-07-07,yes
ADV-835,Media and publishing,Meta,Carousel,2026-05-16,yes
ADV-545,Technology and SaaS,Google,Carousel,2026-06-28,no
ADV-429,Retail and ecommerce,Google,Video,2026-05-18,yes
ADV-172,Media and publishing,Meta,Video,2026-09-09,no
ADV-944,Education,Meta,Carousel,2026-07-06,yes
ADV-248,Media and publishing,Google,Video,2026-07-27,no
ADV-429,Education,Meta,Video,2026-08-23,no
ADV-944,Technology and SaaS,Meta,Carousel,2026-08-12,no
ADV-248,Education,Meta,Video,2026-06-11,yes
ADV-312,Media and publishing,Meta,Video,2026-08-26,no
ADV-835,Public sector,Meta,Carousel,2026-06-22,no
ADV-248,Technology and SaaS,Meta,Static,2026-08-04,yes
ADV-248,Media and publishing,Google,Static,2026-06-05,no
ADV-248,Energy,Meta,Video,2026-07-19,no
ADV-312,Energy,Google,Carousel,2026-06-12,yes
ADV-429,Technology and SaaS,Google,Static,2026-08-31,yes
ADV-429,Technology and SaaS,Google,Carousel,2026-08-25,no
ADV-429,Education,Meta,Video,2026-05-18,no
ADV-429,Public sector,Google,Carousel,2026-05-30,no
ADV-312,Public sector,Google,Carousel,2026-08-14,no
ADV-429,Technology and SaaS,Google,Carousel,2026-07-21,no
ADV-545,Technology and SaaS,Google,Static,2026-07-24,no
ADV-429,Retail and ecommerce,Google,Carousel,2026-06-17,no
ADV-248,Public sector,Meta,Video,2026-08-08,yes
ADV-312,Media and publishing,Google,Carousel,2026-06-16,no
ADV-944,Media and publishing,Google,Video,2026-06-28,no
ADV-159,Retail and ecommerce,Google,Video,2026-05-21,no
ADV-159,Education,Google,Video,2026-07-02,yes
ADV-545,Technology and SaaS,Meta,Carousel,2026-07-25,yes
ADV-429,Media and publishing,Google,Static,2026-09-08,no
ADV-944,Media and publishing,Google,Carousel,2026-07-07,yes
ADV-429,Technology and SaaS,Google,Carousel,2026-06-19,no
ADV-944,Technology and SaaS,Google,Carousel,2026-08-20,yes
ADV-172,Media and publishing,Google,Video,2026-08-06,no
ADV-835,Media and publishing,Meta,Video,2026-06-27,yes
ADV-545,Technology and SaaS,Google,Carousel,2026-06-19,yes
ADV-159,Public sector,Meta,Video,2026-07-10,yes
ADV-248,Media and publishing,Google,Carousel,2026-08-18,yes
ADV-429,Media and publishing,Meta,Video,2026-07-28,yes
ADV-248,Technology and SaaS,Meta,Carousel,2026-08-02,yes
ADV-944,Media and publishing,Meta,Carousel,2026-07-30,no
ADV-159,Media and publishing,Meta,Video,2026-06-18,no
ADV-429,Technology and SaaS,Google,Video,2026-05-29,no
ADV-248,Energy,Google,Static,2026-07-22,yes
ADV-172,Media and publishing,Meta,Carousel,2026-05-27,no
ADV-312,Media and publishing,Meta,Video,2026-07-27,yes
ADV-835,Media and publishing,Meta,Video,2026-06-18,yes
ADV-172,Energy,Meta,Video,2026-07-06,no
ADV-835,Education,Google,Carousel,2026-08-15,no
ADV-835,Technology and SaaS,Meta,Video,2026-09-08,yes
ADV-159,Retail and ecommerce,Google,Video,2026-05-27,yes
ADV-545,Retail and ecommerce,Google,Carousel,2026-08-06,yes
ADV-429,Retail and ecommerce,Meta,Carousel,2026-07-12,yes
ADV-545,Public sector,Meta,Carousel,2026-07-20,yes
ADV-312,Media and publishing,Google,Video,2026-07-24,no
ADV-312,Education,Meta,Video,2026-06-09,no
ADV-835,Energy,Google,Video,2026-07-09,no
ADV-248,Technology and SaaS,Google,Video,2026-07-21,no
ADV-835,Energy,Meta,Video,2026-09-02,no
ADV-545,Media and publishing,Meta,Static,2026-05-20,yes
ADV-312,Education,Google,Video,2026-07-11,no
ADV-835,Energy,Google,Video,2026-08-25,yes
ADV-944,Media and publishing,Google,Video,2026-06-05,yes
ADV-159,Technology and SaaS,Meta,Static,2026-07-12,no
ADV-944,Public sector,Google,Video,2026-06-25,no
ADV-248,Media and publishing,Meta,Static,2026-07-16,yes
ADV-172,Public sector,Google,Carousel,2026-07-03,yes
ADV-172,Technology and SaaS,Google,Video,2026-08-04,yes
ADV-172,Education,Google,Video,2026-06-28,yes
ADV-312,Media and publishing,Meta,Video,2026-09-11,yes
ADV-429,Retail and ecommerce,Meta,Video,2026-07-24,no
ADV-429,Education,Google,Video,2026-05-23,yes
ADV-248,Media and publishing,Google,Video,2026-05-27,yes
ADV-312,Education,Google,Carousel,2026-08-06,no
ADV-545,Media and publishing,Google,Carousel,2026-08-17,no
ADV-944,Energy,Google,Video,2026-06-13,yes
ADV-545,Media and publishing,Meta,Video,2026-05-31,no
ADV-248,Education,Meta,Video,2026-08-25,no
ADV-835,Technology and SaaS,Google,Carousel,2026-06-30,yes
ADV-159,Technology and SaaS,Meta,Video,2026-06-13,no
ADV-944,Retail and ecommerce,Google,Video,2026-06-10,no
ADV-545,Education,Google,Video,2026-05-25,no
ADV-312,Energy,Meta,Video,2026-06-26,no
ADV-159,Energy,Meta,Carousel,2026-08-31,no
ADV-159,Public sector,Google,Video,2026-07-28,no
ADV-429,Public sector,Google,Video,2026-08-01,no
ADV-545,Retail and ecommerce,Google,Carousel,2026-07-16,yes
ADV-944,Public sector,Google,Video,2026-08-29,yes
ADV-159,Technology and SaaS,Google,Carousel,2026-08-15,yes
ADV-545,Energy,Meta,Static,2026-07-04,no
ADV-248,Retail and ecommerce,Google,Carousel,2026-08-12,yes
ADV-944,Media and publishing,Meta,Video,2026-06-07,yes
ADV-429,Media and publishing,Google,Carousel,2026-09-07,no
ADV-312,Media and publishing,Meta,Carousel,2026-06-18,no
ADV-835,Education,Meta,Video,2026-08-01,no
ADV-944,Technology and SaaS,Meta,Video,2026-06-21,yes
ADV-248,Technology and SaaS,Meta,Video,2026-08-10,yes
ADV-172,Education,Meta,Carousel,2026-07-16,yes
ADV-248,Public sector,Meta,Carousel,2026-05-19,yes
ADV-944,Energy,Google,Carousel,2026-07-26,yes
ADV-159,Public sector,Meta,Video,2026-08-04,no
ADV-312,Media and publishing,Google,Carousel,2026-08-14,no
ADV-248,Technology and SaaS,Meta,Video,2026-07-18,no
ADV-429,Education,Google,Carousel,2026-09-10,yes
ADV-172,Media and publishing,Google,Video,2026-06-26,no
ADV-429,Technology and SaaS,Meta,Video,2026-07-09,yes
ADV-429,Technology and SaaS,Meta,Static,2026-08-03,no
ADV-944,Retail and ecommerce,Google,Video,2026-08-12,yes
ADV-944,Media and publishing,Meta,Video,2026-08-30,no
ADV-944,Energy,Meta,Static,2026-08-07,no
ADV-545,Energy,Google,Video,2026-09-12,no
ADV-248,Technology and SaaS,Google,Video,2026-09-06,yes
ADV-545,Media and publishing,Meta,Video,2026-05-27,no
ADV-172,Media and publishing,Meta,Carousel,2026-07-11,no
ADV-312,Media and publishing,Meta,Video,2026-05-27,yes
ADV-312,Retail and ecommerce,Meta,Video,2026-07-06,no
ADV-172,Technology and SaaS,Meta,Video,2026-08-29,yes
ADV-159,Energy,Meta,Carousel,2026-06-24,no
ADV-159,Education,Meta,Video,2026-07-28,no
ADV-429,Education,Google,Carousel,2026-08-20,no
ADV-159,Technology and SaaS,Google,Video,2026-09-11,yes
ADV-835,Media and publishing,Google,Video,2026-07-26,yes
ADV-429,Technology and SaaS,Google,Video,2026-06-22,no
ADV-944,Media and publishing,Meta,Video,2026-07-08,no
ADV-172,Media and publishing,Meta,Video,2026-07-05,no
ADV-159,Education,Meta,Carousel,2026-08-28,yes
ADV-312,Public sector,Google,Carousel,2026-07-02,yes
ADV-248,Public sector,Google,Carousel,2026-05-23,no
ADV-835,Technology and SaaS,Meta,Video,2026-09-01,yes
ADV-944,Retail and ecommerce,Meta,Carousel,2026-07-15,yes
ADV-159,Public sector,Google,Video,2026-08-05,no
ADV-312,Retail and ecommerce,Google,Video,2026-08-02,no
ADV-159,Technology and SaaS,Google,Carousel,2026-06-09,yes
ADV-429,Technology and SaaS,Google,Video,2026-07-12,no
ADV-312,Public sector,Google,Static,2026-07-24,yes
ADV-172,Energy,Google,Video,2026-08-07,no
ADV-248,Public sector,Google,Carousel,2026-08-12,no
ADV-944,Public sector,Meta,Video,2026-06-09,yes
ADV-248,Education,Google,Video,2026-06-11,yes
ADV-159,Education,Meta,Video,2026-09-05,no
ADV-835,Energy,Google,Video,2026-08-15,yes
ADV-248,Media and publishing,Google,Static,2026-05-23,yes
ADV-312,Technology and SaaS,Google,Carousel,2026-09-02,no
ADV-944,Media and publishing,Google,Video,2026-05-23,no
ADV-248,Energy,Meta,Video,2026-06-14,no
ADV-312,Media and publishing,Google,Carousel,2026-09-10,no
ADV-545,Retail and ecommerce,Google,Video,2026-06-07,no
ADV-312,Technology and SaaS,Google,Carousel,2026-06-12,no
ADV-172,Retail and ecommerce,Meta,Carousel,2026-08-23,yes
ADV-835,Public sector,Google,Video,2026-06-07,yes
ADV-545,Public sector,Google,Carousel,2026-05-24,no
ADV-429,Energy,Meta,Video,2026-05-26,no
ADV-312,Retail and ecommerce,Google,Video,2026-08-22,no
ADV-172,Retail and ecommerce,Meta,Carousel,2026-08-14,no
ADV-172,Media and publishing,Google,Static,2026-06-27,no
ADV-312,Media and publishing,Meta,Video,2026-08-03,no
ADV-312,Retail and ecommerce,Google,Carousel,2026-06-09,yes
ADV-944,Public sector,Meta,Video,2026-07-27,yes
ADV-545,Technology and SaaS,Google,Video,2026-06-19,yes
ADV-429,Public sector,Meta,Carousel,2026-05-29,no
ADV-944,Public sector,Google,Video,2026-07-14,no
ADV-429,Public sector,Google,Static,2026-08-22,yes
ADV-159,Technology and SaaS,Meta,Static,2026-08-02,yes
ADV-429,Technology and SaaS,Meta,Video,2026-08-27,yes
ADV-172,Energy,Meta,Video,2026-07-24,no
ADV-248,Technology and SaaS,Google,Video,2026-06-12,no
ADV-248,Media and publishing,Google,Carousel,2026-07-05,no
ADV-835,Education,Google,Video,2026-08-05,yes
ADV-429,Public sector,Google,Static,2026-08-10,no
ADV-835,Education,Meta,Carousel,2026-08-28,yes
ADV-944,Technology and SaaS,Meta,Video,2026-07-08,yes
ADV-835,Media and publishing,Google,Carousel,2026-05-24,no
ADV-172,Media and publishing,Google,Video,2026-06-20,yes
ADV-248,Public sector,Google,Carousel,2026-08-30,no
ADV-835,Retail and ecommerce,Google,Video,2026-06-06,yes
ADV-312,Education,Meta,Video,2026-06-11,no
ADV-172,Technology and SaaS,Google,Video,2026-06-01,no
ADV-312,Retail and ecommerce,Meta,Video,2026-08-30,yes
ADV-159,Energy,Meta,Video,2026-06-24,yes
ADV-159,Education,Google,Carousel,2026-09-10,yes
ADV-429,Public sector,Google,Video,2026-08-14,no
ADV-172,Retail and ecommerce,Meta,Video,2026-08-17,yes
ADV-248,Retail and ecommerce,Google,Carousel,2026-06-24,no
ADV-159,Media and publishing,Google,Video,2026-08-08,no
ADV-312,Technology and SaaS,Meta,Video,2026-07-10,yes
ADV-944,Technology and SaaS,Meta,Carousel,2026-07-15,no
ADV-312,Media and publishing,Google,Video,2026-09-05,yes
ADV-248,Energy,Google,Carousel,2026-09-08,yes
ADV-429,Retail and ecommerce,Meta,Video,2026-08-23,no
ADV-429,Education,Meta,Static,2026-05-25,yes
ADV-248,Education,Meta,Video,2026-09-11,yes
ADV-159,Public sector,Google,Carousel,2026-06-30,yes
ADV-159,Energy,Google,Carousel,2026-08-07,yes
ADV-172,Technology and SaaS,Meta,Video,2026-06-03,no
ADV-545,Public sector,Google,Video,2026-07-29,no
ADV-312,Education,Meta,Carousel,2026-09-01,yes
ADV-835,Media and publishing,Meta,Static,2026-05-30,yes
ADV-944,Technology and SaaS,Meta,Video,2026-07-10,no
ADV-248,Technology and SaaS,Google,Static,2026-09-01,no
ADV-835,Media and publishing,Meta,Video,2026-08-03,yes
ADV-545,Technology and SaaS,Meta,Video,2026-07-11,yes
ADV-248,Media and publishing,Google,Video,2026-07-07,yes
ADV-312,Technology and SaaS,Google,Video,2026-05-17,yes
ADV-159,Energy,Meta,Video,2026-08-16,no
ADV-429,Energy,Meta,Carousel,2026-05-28,no
ADV-312,Technology and SaaS,Google,Static,2026-08-29,no
ADV-248,Retail and ecommerce,Meta,Video,2026-06-17,yes
ADV-429,Retail and ecommerce,Meta,Carousel,2026-08-14,yes
ADV-944,Energy,Meta,Carousel,2026-06-04,yes
ADV-429,Energy,Google,Carousel,2026-05-17,no
ADV-545,Energy,Meta,Static,2026-05-20,no
ADV-248,Education,Meta,Video,2026-08-25,yes
ADV-835,Public sector,Google,Static,2026-05-27,yes
ADV-248,Energy,Google,Video,2026-07-04,yes
ADV-835,Media and publishing,Meta,Video,2026-06-30,yes
ADV-835,Retail and ecommerce,Google,Carousel,2026-09-04,yes
ADV-944,Technology and SaaS,Meta,Static,2026-06-28,yes
ADV-312,Technology and SaaS,Meta,Carousel,2026-06-06,yes
ADV-312,Technology and SaaS,Meta,Carousel,2026-06-21,no
ADV-944,Public sector,Google,Carousel,2026-05-18,no
ADV-835,Education,Meta,Video,2026-06-23,no
ADV-172,Public sector,Meta,Video,2026-09-07,no
ADV-944,Public sector,Google,Carousel,2026-05-29,yes
ADV-172,Technology and SaaS,Meta,Static,2026-07-28,no
ADV-312,Media and publishing,Meta,Video,2026-08-18,no
ADV-944,Energy,Google,Static,2026-08-11,yes
ADV-312,Public sector,Meta,Video,2026-09-09,no
ADV-835,Media and publishing,Google,Video,2026-05-26,no
ADV-944,Technology and SaaS,Meta,Video,2026-05-28,yes
ADV-944,Public sector,Meta,Video,2026-08-10,no
ADV-159,Retail and ecommerce,Meta,Carousel,2026-05-17,yes
ADV-944,Public sector,Meta,Carousel,2026-07-07,no
ADV-429,Energy,Meta,Video,2026-07-14,no
ADV-944,Media and publishing,Google,Carousel,2026-08-31,no
ADV-835,Media and publishing,Google,Video,2026-07-29,yes
ADV-312,Media and publishing,Meta,Carousel,2026-09-06,yes
ADV-944,Technology and SaaS,Google,Video,2026-07-27,no
ADV-545,Technology and SaaS,Google,Video,2026-07-16,no
ADV-944,Media and publishing,Meta,Carousel,2026-08-21,no
ADV-944,Media and publishing,Google,Video,2026-07-15,yes
ADV-159,Retail and ecommerce,Meta,Video,2026-07-29,no
ADV-429,Media and publishing,Meta,Video,2026-07-30,no
ADV-429,Public sector,Google,Carousel,2026-07-28,no
ADV-835,Public sector,Meta,Video,2026-09-03,no
ADV-835,Media and publishing,Google,Video,2026-05-31,no
ADV-159,Media and publishing,Google,Video,2026-08-13,no
ADV-944,Public sector,Meta,Video,2026-08-30,yes
ADV-312,Media and publishing,Google,Carousel,2026-06-09,yes
ADV-429,Media and publishing,Google,Carousel,2026-06-01,no
ADV-159,Education,Meta,Video,2026-05-16,yes
ADV-545,Energy,Meta,Video,2026-09-10,yes
ADV-312,Media and publishing,Google,Video,2026-07-27,no
ADV-172,Retail and ecommerce,Meta,Video,2026-06-17,yes
ADV-159,Retail and ecommerce,Google,Video,2026-08-29,no
ADV-429,Technology and SaaS,Meta,Video,2026-07-02,no
ADV-312,Technology and SaaS,Google,Video,2026-08-21,no
ADV-172,Technology and SaaS,Google,Video,2026-09-12,yes
ADV-835,Public sector,Meta,Video,2026-07-01,yes
ADV-429,Retail and ecommerce,Google,Carousel,2026-06-06,yes
ADV-159,Media and publishing,Google,Video,2026-07-30,yes
ADV-835,Public sector,Google,Carousel,2026-05-31,yes
ADV-944,Media and publishing,Google,Video,2026-06-15,yes
ADV-248,Energy,Google,Video,2026-08-01,no
ADV-545,Retail and ecommerce,Meta,Carousel,2026-06-26,no
ADV-312,Technology and SaaS,Google,Carousel,2026-07-17,yes
ADV-835,Public sector,Meta,Video,2026-06-07,no
ADV-159,Technology and SaaS,Google,Video,2026-08-17,no
ADV-312,Retail and ecommerce,Meta,Video,2026-08-10,yes
ADV-944,Media and publishing,Google,Carousel,2026-09-08,no
ADV-944,Public sector,Google,Video,2026-08-29,no
ADV-429,Technology and SaaS,Google,Carousel,2026-06-21,no
ADV-172,Technology and SaaS,Meta,Video,2026-09-07,no
ADV-429,Technology and SaaS,Google,Carousel,2026-07-26,yes
ADV-835,Technology and SaaS,Meta,Video,2026-09-05,yes
ADV-159,Energy,Meta,Carousel,2026-05-25,no
ADV-159,Technology and SaaS,Google,Carousel,2026-06-21,yes
ADV-312,Media and publishing,Google,Carousel,2026-06-17,no
ADV-312,Public sector,Meta,Carousel,2026-07-09,yes
ADV-835,Technology and SaaS,Google,Video,2026-07-02,yes
ADV-835,Media and publishing,Google,Carousel,2026-08-04,no
ADV-172,Media and publishing,Meta,Video,2026-07-23,yes
ADV-159,Technology and SaaS,Meta,Carousel,2026-06-25,yes
ADV-545,Technology and SaaS,Meta,Video,2026-08-10,no
ADV-944,Technology and SaaS,Meta,Carousel,2026-08-18,yes
ADV-312,Media and publishing,Google,Carousel,2026-07-08,yes
ADV-545,Media and publishing,Google,Video,2026-06-07,yes
ADV-545,Education,Google,Video,2026-07-15,no
ADV-944,Technology and SaaS,Meta,Video,2026-06-20,no
ADV-429,Education,Meta,Video,2026-05-22,yes
ADV-172,Technology and SaaS,Google,Static,2026-06-16,no
ADV-835,Public sector,Meta,Carousel,2026-07-04,no
ADV-159,Retail and ecommerce,Meta,Video,2026-08-29,yes
ADV-159,Media and publishing,Meta,Static,2026-09-09,no
ADV-159,Media and publishing,Google,Carousel,2026-08-23,yes
ADV-172,Retail and ecommerce,Google,Carousel,2026-08-28,no
ADV-248,Technology and SaaS,Meta,Carousel,2026-06-03,yes
ADV-944,Technology and SaaS,Meta,Carousel,2026-08-18,yes
ADV-835,Technology and SaaS,Google,Carousel,2026-09-09,yes
ADV-172,Public sector,Google,Carousel,2026-09-11,yes
ADV-944,Media and publishing,Google,Carousel,2026-09-02,no
ADV-545,Media and publishing,Meta,Video,2026-05-23,yes
ADV-248,Energy,Meta,Video,2026-07-11,yes
ADV-248,Technology and SaaS,Google,Video,2026-09-01,yes
ADV-248,Energy,Meta,Carousel,2026-07-30,yes
ADV-172,Technology and SaaS,Meta,Static,2026-06-02,yes
ADV-248,Retail and ecommerce,Meta,Video,2026-07-01,no
ADV-429,Media and publishing,Google,Carousel,2026-07-16,no
ADV-312,Public sector,Meta,Video,2026-09-04,yes
ADV-835,Education,Meta,Video,2026-08-14,no
ADV-835,Media and publishing,Google,Carousel,2026-07-05,no
ADV-835,Media and publishing,Meta,Video,2026-06-02,yes
ADV-172,Education,Meta,Static,2026-08-16,yes
ADV-545,Media and publishing,Meta,Static,2026-05-22,no
ADV-429,Public sector,Google,Carousel,2026-08-24,no
ADV-545,Energy,Google,Static,2026-06-22,yes
ADV-248,Media and publishing,Meta,Video,2026-07-21,no
ADV-248,Technology and SaaS,Google,Video,2026-07-02,yes
ADV-172,Energy,Google,Static,2026-07-29,no
ADV-248,Media and publishing,Google,Static,2026-08-15,yes
ADV-944,Energy,Google,Static,2026-08-16,yes
ADV-429,Education,Google,Carousel,2026-06-20,no
ADV-545,Technology and SaaS,Google,Static,2026-06-15,no
ADV-312,Technology and SaaS,Google,Video,2026-07-16,no
ADV-944,Energy,Google,Static,2026-07-04,no
ADV-312,Technology and SaaS,Meta,Carousel,2026-09-07,no
ADV-944,Technology and SaaS,Google,Video,2026-08-18,yes
ADV-248,Media and publishing,Meta,Video,2026-08-22,yes
ADV-835,Energy,Google,Carousel,2026-08-31,yes
ADV-248,Media and publishing,Google,Carousel,2026-08-30,yes
ADV-248,Technology and SaaS,Google,Video,2026-09-11,no
ADV-429,Retail and ecommerce,Google,Video,2026-08-18,no
ADV-944,Education,Meta,Carousel,2026-07-01,yes
ADV-172,Media and publishing,Google,Video,2026-06-14,yes
ADV-312,Energy,Google,Static,2026-07-22,yes
ADV-312,Media and publishing,Google,Video,2026-06-22,no
ADV-172,Media and publishing,Google,Carousel,2026-05-23,no
ADV-172,Media and publishing,Meta,Carousel,2026-05-27,no
ADV-944,Media and publishing,Meta,Video,2026-06-27,yes
ADV-944,Public sector,Meta,Video,2026-09-01,no
ADV-429,Technology and SaaS,Meta,Static,2026-08-11,no
ADV-312,Education,Google,Video,2026-07-17,yes
ADV-545,Public sector,Meta,Video,2026-07-21,no
ADV-172,Media and publishing,Google,Carousel,2026-06-16,no
ADV-159,Technology and SaaS,Meta,Static,2026-06-13,no
ADV-545,Media and publishing,Google,Static,2026-08-22,no
ADV-835,Education,Meta,Carousel,2026-08-20,yes
ADV-159,Education,Meta,Carousel,2026-08-28,yes
ADV-944,Media and publishing,Google,Carousel,2026-07-25,yes
ADV-312,Public sector,Meta,Carousel,2026-08-30,no
ADV-172,Retail and ecommerce,Google,Static,2026-05-21,no
ADV-944,Media and publishing,Google,Carousel,2026-08-10,no
ADV-172,Media and publishing,Google,Carousel,2026-05-28,yes
ADV-835,Technology and SaaS,Google,Carousel,2026-09-02,no
ADV-248,Media and publishing,Google,Carousel,2026-05-24,no
ADV-248,Media and publishing,Meta,Carousel,2026-07-12,yes
ADV-944,Public sector,Google,Video,2026-08-31,yes
ADV-835,Media and publishing,Meta,Carousel,2026-08-05,no
ADV-248,Retail and ecommerce,Google,Video,2026-07-21,yes
ADV-248,Media and publishing,Google,Video,2026-07-01,yes
ADV-429,Public sector,Google,Static,2026-05-19,yes
ADV-312,Energy,Google,Carousel,2026-06-23,no
ADV-429,Media and publishing,Meta,Video,2026-07-19,yes
ADV-545,Technology and SaaS,Google,Static,2026-08-31,yes
ADV-944,Education,Google,Carousel,2026-07-05,no
ADV-429,Energy,Google,Carousel,2026-07-03,no
ADV-429,Energy,Google,Video,2026-07-08,yes
ADV-159,Retail and ecommerce,Google,Carousel,2026-07-22,no
ADV-835,Energy,Google,Carousel,2026-08-23,no
ADV-545,Retail and ecommerce,Meta,Video,2026-07-10,yes
ADV-312,Technology and SaaS,Meta,Video,2026-09-10,no
ADV-159,Media and publishing,Meta,Video,2026-08-30,yes
ADV-248,Technology and SaaS,Google,Video,2026-07-11,no
ADV-248,Public sector,Google,Video,2026-09-07,yes
ADV-944,Media and publishing,Meta,Video,2026-09-08,yes
ADV-545,Media and publishing,Google,Video,2026-06-10,yes
ADV-159,Technology and SaaS,Meta,Video,2026-07-25,yes
ADV-944,Media and publishing,Google,Carousel,2026-08-21,yes
ADV-159,Education,Meta,Video,2026-08-16,yes
ADV-172,Public sector,Google,Video,2026-06-27,no
ADV-159,Media and publishing,Meta,Video,2026-05-30,yes
ADV-429,Technology and SaaS,Google,Carousel,2026-09-10,no
ADV-159,Media and publishing,Meta,Carousel,2026-06-10,no
ADV-248,Media and publishing,Google,Static,2026-07-31,yes
ADV-172,Technology and SaaS,Google,Carousel,2026-09-05,yes
ADV-429,Media and publishing,Google,Video,2026-07-19,no
ADV-159,Education,Meta,Static,2026-06-21,no
ADV-545,Technology and SaaS,Meta,Carousel,2026-08-30,no
ADV-172,Public sector,Meta,Video,2026-05-30,yes
ADV-248,Public sector,Google,Video,2026-05-16,no
ADV-312,Media and publishing,Meta,Video,2026-07-15,yes
ADV-312,Public sector,Meta,Carousel,2026-06-17,no
ADV-159,Public sector,Google,Carousel,2026-08-06,yes
ADV-312,Media and publishing,Google,Static,2026-07-14,yes
ADV-944,Technology and SaaS,Meta,Video,2026-06-23,no
ADV-545,Technology and SaaS,Google,Video,2026-06-19,no
ADV-944,Energy,Meta,Carousel,2026-08-09,yes
ADV-159,Media and publishing,Meta,Video,2026-08-28,yes
ADV-172,Energy,Google,Video,2026-06-25,yes
ADV-248,Media and publishing,Meta,Static,2026-06-29,yes
ADV-835,Education,Google,Carousel,2026-07-20,yes
ADV-545,Energy,Meta,Video,2026-09-07,no
ADV-172,Media and publishing,Google,Video,2026-08-14,no
ADV-159,Education,Meta,Video,2026-07-17,no
ADV-944,Public sector,Meta,Carousel,2026-07-24,yes
ADV-312,Media and publishing,Meta,Video,2026-09-01,no
ADV-944,Technology and SaaS,Google,Carousel,2026-05-27,no
ADV-835,Media and publishing,Meta,Video,2026-08-01,yes
ADV-944,Education,Google,Carousel,2026-06-19,yes
ADV-835,Education,Meta,Video,2026-07-24,yes
ADV-835,Media and publishing,Meta,Video,2026-08-16,no
ADV-835,Media and publishing,Google,Carousel,2026-07-31,yes
ADV-159,Technology and SaaS,Meta,Carousel,2026-09-08,yes
ADV-944,Energy,Meta,Carousel,2026-08-11,yes
ADV-429,Retail and ecommerce,Meta,Video,2026-06-30,yes
ADV-429,Technology and SaaS,Meta,Video,2026-07-25,no
ADV-429,Media and publishing,Google,Video,2026-07-26,no
ADV-159,Technology and SaaS,Google,Video,2026-08-14,no
ADV-248,Media and publishing,Google,Video,2026-07-26,no
ADV-159,Education,Google,Static,2026-08-23,yes
ADV-172,Media and publishing,Google,Carousel,2026-06-15,yes
ADV-835,Technology and SaaS,Meta,Static,2026-07-11,yes
ADV-312,Retail and ecommerce,Google,Carousel,2026-08-16,no
ADV-312,Technology and SaaS,Google,Carousel,2026-08-29,yes
ADV-159,Media and publishing,Meta,Carousel,2026-07-30,yes
ADV-545,Retail and ecommerce,Meta,Static,2026-05-24,no
ADV-545,Media and publishing,Meta,Carousel,2026-07-12,yes
ADV-248,Retail and ecommerce,Google,Video,2026-07-22,yes
ADV-248,Technology and SaaS,Google,Static,2026-05-24,yes
ADV-545,Media and publishing,Meta,Static,2026-07-05,no
ADV-545,Public sector,Google,Video,2026-06-09,no
ADV-312,Media and publishing,Google,Static,2026-09-02,no
ADV-944,Retail and ecommerce,Google,Carousel,2026-05-16,no
ADV-429,Public sector,Google,Video,2026-09-09,no
ADV-835,Media and publishing,Google,Video,2026-05-20,yes
ADV-545,Media and publishing,Google,Video,2026-06-01,yes
ADV-429,Energy,Google,Video,2026-06-05,yes
ADV-545,Energy,Meta,Video,2026-07-12,yes
ADV-545,Media and publishing,Meta,Carousel,2026-07-17,yes
ADV-159,Media and publishing,Google,Video,2026-07-18,yes
ADV-545,Retail and ecommerce,Google,Static,2026-06-13,yes
ADV-159,Retail and ecommerce,Google,Carousel,2026-08-05,no
ADV-545,Energy,Meta,Video,2026-05-26,yes
ADV-312,Education,Google,Carousel,2026-09-09,yes
ADV-545,Retail and ecommerce,Google,Carousel,2026-07-11,yes
ADV-159,Retail and ecommerce,Meta,Video,2026-07-02,no
ADV-248,Media and publishing,Meta,Video,2026-07-14,yes
ADV-835,Education,Google,Video,2026-06-25,yes
ADV-159,Technology and SaaS,Meta,Carousel,2026-09-12,yes
ADV-944,Media and publishing,Google,Carousel,2026-07-05,yes
ADV-545,Education,Google,Static,2026-08-07,yes
ADV-835,Public sector,Meta,Video,2026-07-09,no
ADV-545,Media and publishing,Meta,Video,2026-07-30,yes
ADV-944,Technology and SaaS,Meta,Video,2026-06-22,yes
ADV-159,Media and publishing,Google,Video,2026-08-18,yes
ADV-545,Education,Meta,Video,2026-05-20,no
ADV-545,Education,Google,Video,2026-05-27,no
ADV-172,Energy,Meta,Video,2026-05-22,no
ADV-429,Media and publishing,Meta,Carousel,2026-06-17,no
ADV-429,Public sector,Google,Carousel,2026-09-03,no
ADV-248,Technology and SaaS,Meta,Static,2026-06-24,yes
ADV-159,Technology and SaaS,Meta,Static,2026-08-22,no
ADV-248,Public sector,Meta,Video,2026-06-24,yes
ADV-835,Retail and ecommerce,Google,Video,2026-08-21,yes
ADV-835,Retail and ecommerce,Meta,Carousel,2026-07-21,no
ADV-159,Retail and ecommerce,Google,Video,2026-07-09,no
ADV-248,Media and publishing,Google,Carousel,2026-08-26,yes
ADV-944,Technology and SaaS,Google,Carousel,2026-07-07,no
ADV-545,Media and publishing,Google,Video,2026-07-03,yes
ADV-159,Media and publishing,Meta,Static,2026-06-17,yes
ADV-835,Technology and SaaS,Meta,Static,2026-06-22,no
ADV-248,Media and publishing,Meta,Carousel,2026-08-20,yes
ADV-248,Energy,Meta,Carousel,2026-08-04,yes
ADV-545,Media and publishing,Google,Carousel,2026-07-08,no
ADV-944,Technology and SaaS,Google,Static,2026-07-11,yes
ADV-172,Technology and SaaS,Meta,Carousel,2026-06-24,no
ADV-545,Media and publishing,Meta,Carousel,2026-06-05,yes
ADV-429,Energy,Google,Video,2026-08-26,no
ADV-835,Technology and SaaS,Google,Video,2026-07-08,yes
ADV-944,Media and publishing,Google,Video,2026-05-16,no
ADV-429,Education,Meta,Carousel,2026-09-02,no
ADV-545,Media and publishing,Google,Video,2026-06-16,yes
ADV-312,Education,Meta,Carousel,2026-08-28,yes
ADV-429,Media and publishing,Google,Carousel,2026-06-14,yes
ADV-312,Energy,Meta,Carousel,2026-07-06,no
ADV-545,Media and publishing,Meta,Video,2026-05-25,yes
ADV-159,Media and publishing,Meta,Carousel,2026-06-03,no
ADV-172,Technology and SaaS,Google,Video,2026-09-11,yes
ADV-172,Retail and ecommerce,Meta,Video,2026-08-23,yes
ADV-429,Technology and SaaS,Google,Carousel,2026-06-24,yes
ADV-429,Technology and SaaS,Meta,Video,2026-09-01,yes
ADV-159,Public sector,Google,Video,2026-07-13,yes
ADV-835,Public sector,Meta,Carousel,2026-07-30,yes
ADV-172,Technology and SaaS,Google,Carousel,2026-07-06,no
ADV-835,Technology and SaaS,Google,Static,2026-08-23,yes
ADV-944,Technology and SaaS,Google,Carousel,2026-05-21,no
ADV-429,Retail and ecommerce,Google,Carousel,2026-05-26,no
ADV-172,Education,Google,Carousel,2026-06-11,yes
ADV-248,Technology and SaaS,Meta,Video,2026-09-09,yes
ADV-172,Media and publishing,Meta,Carousel,2026-07-21,yes
ADV-159,Education,Google,Video,2026-08-02,yes
ADV-545,Technology and SaaS,Meta,Carousel,2026-06-03,yes
ADV-248,Technology and SaaS,Meta,Video,2026-08-10,yes
ADV-835,Technology and SaaS,Meta,Video,2026-07-16,yes
ADV-545,Media and publishing,Google,Static,2026-09-09,yes
ADV-545,Education,Meta,Video,2026-06-06,no
ADV-944,Energy,Google,Video,2026-08-29,yes
ADV-159,Technology and SaaS,Google,Carousel,2026-07-20,yes
ADV-312,Media and publishing,Google,Video,2026-07-04,no
ADV-159,Education,Google,Carousel,2026-07-25,yes
ADV-835,Media and publishing,Meta,Video,2026-05-27,no
ADV-312,Media and publishing,Meta,Carousel,2026-05-28,no
ADV-429,Media and publishing,Meta,Carousel,2026-07-25,no
ADV-545,Media and publishing,Meta,Carousel,2026-09-12,yes
ADV-248,Technology and SaaS,Meta,Static,2026-08-06,yes
ADV-545,Technology and SaaS,Google,Video,2026-06-21,yes
ADV-545,Technology and SaaS,Google,Carousel,2026-07-27,yes
ADV-835,Education,Google,Carousel,2026-06-15,yes
ADV-835,Technology and SaaS,Meta,Video,2026-07-03,no
ADV-312,Energy,Google,Carousel,2026-07-18,yes
ADV-172,Technology and SaaS,Meta,Carousel,2026-05-22,no
ADV-159,Technology and SaaS,Google,Video,2026-07-31,no
ADV-159,Media and publishing,Google,Video,2026-07-17,no
ADV-248,Retail and ecommerce,Google,Video,2026-05-22,yes
ADV-429,Media and publishing,Google,Carousel,2026-09-09,yes
ADV-944,Retail and ecommerce,Meta,Video,2026-06-03,no
ADV-545,Education,Meta,Carousel,2026-05-20,yes
ADV-545,Technology and SaaS,Meta,Video,2026-08-11,yes
ADV-429,Media and publishing,Google,Video,2026-08-14,no
ADV-312,Media and publishing,Google,Video,2026-07-30,no
ADV-835,Energy,Meta,Carousel,2026-07-06,yes
ADV-835,Education,Meta,Video,2026-06-26,no
ADV-429,Media and publishing,Google,Video,2026-06-20,no
ADV-545,Retail and ecommerce,Meta,Carousel,2026-07-23,no
ADV-159,Technology and SaaS,Google,Video,2026-05-29,no
ADV-944,Public sector,Google,Video,2026-05-18,yes
ADV-429,Energy,Google,Video,2026-06-23,no
ADV-944,Education,Google,Carousel,2026-07-19,no
ADV-312,Technology and SaaS,Google,Carousel,2026-09-02,no
ADV-429,Education,Google,Carousel,2026-08-17,no
ADV-172,Public sector,Meta,Video,2026-07-10,no
ADV-159,Energy,Google,Video,2026-08-28,no
ADV-429,Energy,Google,Static,2026-07-27,yes
ADV-944,Technology and SaaS,Meta,Video,2026-07-12,no
ADV-312,Technology and SaaS,Meta,Video,2026-06-05,no
ADV-248,Energy,Google,Carousel,2026-08-29,yes
ADV-159,Retail and ecommerce,Meta,Video,2026-09-02,yes
ADV-248,Education,Google,Video,2026-05-26,no
ADV-172,Technology and SaaS,Google,Static,2026-07-23,no
ADV-545,Retail and ecommerce,Meta,Video,2026-09-05,no
ADV-429,Technology and SaaS,Meta,Video,2026-06-02,yes
ADV-312,Retail and ecommerce,Meta,Video,2026-07-06,yes
ADV-172,Media and publishing,Meta,Video,2026-05-18,yes
ADV-944,Education,Meta,Carousel,2026-06-16,no
ADV-429,Technology and SaaS,Meta,Carousel,2026-06-14,yes
ADV-545,Retail and ecommerce,Meta,Video,2026-07-14,yes
ADV-248,Media and publishing,Meta,Video,2026-08-20,no
ADV-248,Technology and SaaS,Meta,Video,2026-07-13,no
ADV-429,Energy,Meta,Carousel,2026-06-02,yes
ADV-545,Public sector,Google,Video,2026-07-16,no
ADV-172,Technology and SaaS,Google,Carousel,2026-09-08,yes
ADV-159,Media and publishing,Meta,Video,2026-06-16,no
ADV-429,Technology and SaaS,Google,Static,2026-07-19,no
ADV-545,Technology and SaaS,Meta,Video,2026-07-02,no
ADV-429,Energy,Meta,Carousel,2026-08-24,yes
ADV-429,Public sector,Meta,Video,2026-06-11,no
ADV-159,Technology and SaaS,Meta,Carousel,2026-06-10,no
ADV-545,Technology and SaaS,Meta,Carousel,2026-08-27,yes
ADV-429,Technology and SaaS,Google,Static,2026-06-09,no
ADV-248,Technology and SaaS,Google,Video,2026-06-25,yes
ADV-172,Retail and ecommerce,Meta,Video,2026-08-25,no
ADV-944,Energy,Google,Video,2026-06-21,no
ADV-545,Media and publishing,Google,Video,2026-08-01,yes
ADV-172,Public sector,Meta,Video,2026-07-22,no
ADV-944,Media and publishing,Google,Carousel,2026-06-19,yes
ADV-159,Technology and SaaS,Google,Static,2026-07-15,yes
ADV-159,Media and publishing,Google,Video,2026-06-28,no
ADV-835,Technology and SaaS,Google,Static,2026-08-13,yes
ADV-312,Technology and SaaS,Meta,Video,2026-05-19,yes
ADV-312,Energy,Google,Video,2026-07-03,no
ADV-835,Energy,Meta,Video,2026-07-28,yes
ADV-159,Public sector,Google,Carousel,2026-08-12,no
ADV-248,Public sector,Meta,Carousel,2026-06-14,no
ADV-172,Education,Google,Video,2026-08-29,no
ADV-545,Technology and SaaS,Google,Video,2026-07-17,yes
ADV-312,Energy,Meta,Video,2026-06-03,yes
ADV-312,Media and publishing,Meta,Video,2026-05-28,no
ADV-429,Education,Meta,Carousel,2026-07-16,yes
ADV-944,Energy,Google,Carousel,2026-09-03,no
ADV-159,Technology and SaaS,Google,Carousel,2026-06-21,yes
ADV-835,Energy,Google,Carousel,2026-09-03,no
ADV-248,Retail and ecommerce,Google,Video,2026-07-28,yes
ADV-429,Energy,Google,Static,2026-09-12,yes
ADV-429,Media and publishing,Google,Video,2026-07-20,no
ADV-835,Public sector,Google,Carousel,2026-08-22,yes
ADV-429,Public sector,Meta,Carousel,2026-08-12,no
ADV-944,Media and publishing,Google,Video,2026-06-12,no
ADV-172,Technology and SaaS,Meta,Video,2026-08-28,no
ADV-248,Media and publishing,Meta,Static,2026-06-25,no
ADV-429,Technology and SaaS,Google,Carousel,2026-07-10,no
ADV-159,Public sector,Google,Static,2026-06-03,yes
ADV-835,Technology and SaaS,Google,Video,2026-07-07,yes
ADV-248,Media and publishing,Google,Carousel,2026-09-07,no
ADV-429,Education,Meta,Carousel,2026-07-13,yes
ADV-248,Media and publishing,Meta,Video,2026-08-22,yes
ADV-312,Media and publishing,Google,Static,2026-06-21,no
ADV-312,Media and publishing,Meta,Carousel,2026-06-13,yes
ADV-545,Retail and ecommerce,Meta,Static,2026-07-29,yes
ADV-312,Technology and SaaS,Google,Static,2026-07-12,yes
ADV-429,Media and publishing,Google,Video,2026-05-29,yes
ADV-159,Education,Google,Video,2026-05-25,yes
ADV-159,Technology and SaaS,Meta,Static,2026-06-16,no
ADV-835,Technology and SaaS,Meta,Video,2026-06-21,yes
ADV-944,Public sector,Meta,Video,2026-06-17,yes
ADV-159,Media and publishing,Meta,Static,2026-08-23,yes
ADV-944,Media and publishing,Meta,Carousel,2026-09-06,yes
ADV-159,Media and publishing,Meta,Video,2026-09-03,no
ADV-172,Retail and ecommerce,Meta,Static,2026-06-06,yes
ADV-545,Education,Google,Video,2026-05-19,no
ADV-944,Technology and SaaS,Google,Video,2026-06-22,yes
ADV-835,Education,Meta,Carousel,2026-07-09,yes
ADV-172,Retail and ecommerce,Google,Carousel,2026-05-28,no
ADV-944,Technology and SaaS,Google,Carousel,2026-06-24,yes
ADV-159,Technology and SaaS,Meta,Video,2026-06-11,yes
ADV-545,Technology and SaaS,Meta,Carousel,2026-07-27,no
ADV-429,Public sector,Google,Video,2026-07-12,no
ADV-248,Education,Google,Video,2026-05-22,no
ADV-944,Energy,Meta,Static,2026-06-27,yes
ADV-172,Media and publishing,Meta,Carousel,2026-06-16,no
ADV-835,Public sector,Google,Video,2026-08-07,yes
ADV-312,Energy,Google,Video,2026-08-22,yes
ADV-545,Technology and SaaS,Meta,Carousel,2026-08-24,yes
ADV-312,Public sector,Meta,Carousel,2026-08-10,no
ADV-429,Energy,Meta,Static,2026-05-27,yes
ADV-545,Education,Google,Video,2026-08-29,yes
ADV-159,Media and publishing,Meta,Static,2026-06-17,no
ADV-545,Technology and SaaS,Google,Carousel,2026-08-11,yes
ADV-944,Education,Google,Video,2026-07-24,yes
ADV-429,Technology and SaaS,Meta,Video,2026-08-13,yes
ADV-429,Technology and SaaS,Meta,Static,2026-08-10,yes
ADV-545,Technology and SaaS,Google,Static,2026-07-09,yes
ADV-835,Public sector,Meta,Video,2026-08-20,yes
ADV-248,Media and publishing,Meta,Carousel,2026-06-05,yes
ADV-159,Energy,Meta,Video,2026-05-17,no
ADV-429,Media and publishing,Meta,Video,2026-05-18,no
ADV-835,Technology and SaaS,Google,Carousel,2026-07-28,yes
ADV-172,Media and publishing,Google,Video,2026-07-09,yes
ADV-159,Energy,Google,Video,2026-09-09,no
ADV-159,Retail and ecommerce,Google,Carousel,2026-05-16,no
ADV-545,Energy,Google,Video,2026-05-31,yes
ADV-172,Retail and ecommerce,Google,Static,2026-09-09,yes
ADV-312,Retail and ecommerce,Google,Carousel,2026-08-11,yes
ADV-172,Retail and ecommerce,Google,Video,2026-06-03,yes
ADV-944,Media and publishing,Google,Carousel,2026-09-11,yes
ADV-545,Education,Google,Carousel,2026-06-11,no
ADV-159,Education,Google,Carousel,2026-07-26,no
ADV-835,Technology and SaaS,Meta,Video,2026-08-31,yes
ADV-159,Education,Meta,Carousel,2026-06-08,yes
ADV-835,Media and publishing,Google,Video,2026-07-17,no
ADV-248,Media and publishing,Google,Video,2026-06-22,yes
ADV-429,Energy,Meta,Static,2026-05-29,yes
ADV-312,Technology and SaaS,Google,Static,2026-05-23,yes
ADV-835,Media and publishing,Google,Static,2026-06-07,no
ADV-429,Technology and SaaS,Google,Video,2026-07-01,no
ADV-172,Media and publishing,Meta,Video,2026-07-03,no
ADV-944,Media and publishing,Meta,Carousel,2026-07-26,no
ADV-248,Media and publishing,Google,Video,2026-09-09,no
ADV-545,Technology and SaaS,Google,Carousel,2026-06-25,yes
ADV-248,Media and publishing,Meta,Carousel,2026-06-24,yes
ADV-944,Retail and ecommerce,Meta,Static,2026-05-31,yes
ADV-545,Media and publishing,Google,Carousel,2026-06-25,yes
ADV-248,Education,Meta,Video,2026-06-30,no
ADV-248,Media and publishing,Meta,Carousel,2026-09-03,no
ADV-545,Technology and SaaS,Google,Static,2026-06-13,yes
ADV-312,Energy,Google,Carousel,2026-07-25,yes
ADV-835,Energy,Meta,Carousel,2026-07-26,no
ADV-429,Technology and SaaS,Google,Carousel,2026-09-07,no
ADV-944,Energy,Google,Carousel,2026-06-13,no
ADV-172,Technology and SaaS,Google,Video,2026-06-09,yes
ADV-545,Education,Meta,Video,2026-06-22,no
ADV-545,Education,Meta,Video,2026-07-22,no
ADV-545,Public sector,Meta,Video,2026-05-29,yes
ADV-429,Media and publishing,Meta,Video,2026-07-15,no
ADV-172,Technology and SaaS,Meta,Static,2026-07-13,no
ADV-835,Technology and SaaS,Google,Video,2026-08-16,no
ADV-944,Technology and SaaS,Meta,Video,2026-07-30,no
ADV-159,Media and publishing,Google,Video,2026-07-30,no
ADV-545,Media and publishing,Meta,Video,2026-07-29,yes
ADV-159,Technology and SaaS,Meta,Carousel,2026-06-29,no
ADV-172,Media and publishing,Google,Video,2026-05-17,no
ADV-312,Energy,Google,Carousel,2026-08-13,no
ADV-159,Technology and SaaS,Meta,Video,2026-07-10,yes
ADV-429,Public sector,Google,Carousel,2026-07-10,no
ADV-248,Energy,Meta,Video,2026-07-27,no
ADV-545,Media and publishing,Meta,Video,2026-09-01,no
ADV-312,Media and publishing,Meta,Video,2026-06-12,yes
ADV-159,Technology and SaaS,Meta,Video,2026-08-12,no
ADV-159,Media and publishing,Google,Carousel,2026-08-29,yes
ADV-159,Education,Google,Carousel,2026-06-04,yes
ADV-835,Media and publishing,Google,Video,2026-05-25,no
ADV-248,Technology and SaaS,Meta,Video,2026-07-25,no
ADV-172,Energy,Meta,Carousel,2026-05-19,yes
ADV-835,Energy,Meta,Video,2026-09-11,no
ADV-429,Media and publishing,Meta,Static,2026-07-11,no
ADV-312,Media and publishing,Meta,Video,2026-06-03,yes
ADV-429,Technology and SaaS,Google,Carousel,2026-06-15,no
ADV-248,Technology and SaaS,Meta,Video,2026-06-29,no
ADV-835,Energy,Meta,Carousel,2026-06-16,yes
ADV-172,Education,Meta,Video,2026-05-18,no
ADV-835,Energy,Google,Video,2026-06-10,no
ADV-172,Public sector,Meta,Static,2026-07-17,yes
ADV-429,Media and publishing,Meta,Video,2026-08-25,no
ADV-312,Energy,Meta,Video,2026-08-03,yes
ADV-248,Technology and SaaS,Google,Carousel,2026-07-04,yes
ADV-944,Media and publishing,Meta,Carousel,2026-05-23,no
ADV-312,Public sector,Meta,Carousel,2026-05-19,yes
ADV-545,Retail and ecommerce,Google,Video,2026-08-09,yes
ADV-944,Retail and ecommerce,Google,Video,2026-08-18,yes
ADV-944,Energy,Google,Carousel,2026-06-10,no
ADV-835,Technology and SaaS,Google,Carousel,2026-08-19,no
ADV-429,Energy,Meta,Video,2026-05-16,yes
ADV-248,Technology and SaaS,Meta,Video,2026-07-11,no
ADV-312,Technology and SaaS,Google,Video,2026-06-02,yes
ADV-545,Media and publishing,Google,Carousel,2026-08-21,no
ADV-429,Education,Google,Carousel,2026-07-18,yes
ADV-944,Energy,Meta,Static,2026-08-07,yes
ADV-159,Education,Meta,Video,2026-06-07,no
ADV-248,Education,Meta,Static,2026-09-04,no
ADV-159,Education,Meta,Carousel,2026-06-19,no
ADV-172,Education,Google,Video,2026-06-21,yes
ADV-545,Technology and SaaS,Meta,Video,2026-06-12,yes
ADV-312,Education,Meta,Video,2026-08-11,no
ADV-248,Retail and ecommerce,Google,Carousel,2026-08-14,yes
ADV-429,Technology and SaaS,Meta,Carousel,2026-07-10,no
ADV-944,Technology and SaaS,Meta,Video,2026-05-25,no
ADV-248,Retail and ecommerce,Google,Video,2026-08-19,no
ADV-248,Media and publishing,Meta,Video,2026-06-09,yes
ADV-835,Technology and SaaS,Meta,Carousel,2026-06-15,no
ADV-429,Technology and SaaS,Meta,Video,2026-06-04,no
ADV-429,Energy,Meta,Video,2026-05-31,no
ADV-312,Technology and SaaS,Meta,Video,2026-08-06,yes
ADV-159,Retail and ecommerce,Meta,Carousel,2026-09-12,no
ADV-835,Technology and SaaS,Meta,Video,2026-09-10,no
ADV-248,Media and publishing,Google,Video,2026-05-18,no
ADV-312,Technology and SaaS,Google,Video,2026-08-18,yes
ADV-248,Energy,Google,Video,2026-07-24,no
ADV-944,Public sector,Google,Video,2026-08-30,no
ADV-835,Education,Google,Video,2026-07-19,no
ADV-545,Retail and ecommerce,Meta,Video,2026-07-27,yes
ADV-545,Media and publishing,Meta,Video,2026-05-16,no
ADV-172,Retail and ecommerce,Meta,Carousel,2026-08-08,no
ADV-312,Technology and SaaS,Google,Carousel,2026-06-16,no
ADV-248,Retail and ecommerce,Google,Carousel,2026-09-03,yes
ADV-545,Education,Meta,Carousel,2026-09-04,no
ADV-429,Technology and SaaS,Google,Video,2026-06-27,no
ADV-429,Media and publishing,Meta,Video,2026-08-05,yes
ADV-944,Media and publishing,Google,Carousel,2026-09-01,yes
ADV-429,Media and publishing,Google,Video,2026-05-28,no
ADV-944,Media and publishing,Meta,Carousel,2026-07-23,no
ADV-159,Media and publishing,Meta,Video,2026-05-22,no
ADV-172,Education,Meta,Video,2026-06-19,yes
ADV-944,Technology and SaaS,Meta,Video,2026-08-11,yes
ADV-429,Energy,Google,Video,2026-09-09,yes
ADV-248,Public sector,Google,Static,2026-07-31,yes
ADV-172,Energy,Google,Carousel,2026-08-25,no
ADV-248,Media and publishing,Google,Video,2026-06-20,yes
ADV-429,Energy,Google,Carousel,2026-07-08,no
ADV-312,Media and publishing,Meta,Static,2026-08-17,no
ADV-312,Public sector,Meta,Video,2026-08-23,no
ADV-429,Public sector,Google,Carousel,2026-06-25,yes
ADV-248,Technology and SaaS,Google,Video,2026-09-11,yes
ADV-429,Retail and ecommerce,Meta,Carousel,2026-07-20,yes
ADV-944,Technology and SaaS,Google,Video,2026-06-21,no
ADV-159,Technology and SaaS,Google,Video,2026-06-13,yes
ADV-159,Education,Google,Video,2026-05-16,yes
ADV-944,Technology and SaaS,Meta,Carousel,2026-06-19,no
ADV-159,Retail and ecommerce,Google,Video,2026-07-08,no
ADV-835,Media and publishing,Meta,Video,2026-06-12,no
ADV-172,Technology and SaaS,Meta,Carousel,2026-09-01,no
ADV-172,Media and publishing,Google,Video,2026-05-23,no
ADV-312,Technology and SaaS,Google,Carousel,2026-05-21,yes
ADV-312,Retail and ecommerce,Google,Carousel,2026-07-03,yes
ADV-159,Media and publishing,Google,Carousel,2026-08-02,no
ADV-159,Technology and SaaS,Google,Video,2026-06-05,yes
ADV-835,Media and publishing,Google,Carousel,2026-06-29,no
ADV-312,Technology and SaaS,Meta,Carousel,2026-09-12,no
ADV-312,Technology and SaaS,Meta,Video,2026-06-21,no
ADV-172,Media and publishing,Google,Video,2026-07-13,no
ADV-835,Education,Google,Carousel,2026-09-12,yes
ADV-835,Education,Meta,Video,2026-06-20,yes
ADV-835,Technology and SaaS,Meta,Static,2026-07-21,no
ADV-172,Energy,Meta,Video,2026-06-21,yes
ADV-172,Media and publishing,Meta,Static,2026-05-18,yes
ADV-248,Public sector,Google,Video,2026-06-24,yes
ADV-159,Media and publishing,Google,Static,2026-08-27,yes
ADV-545,Public sector,Google,Video,2026-07-27,yes
ADV-545,Retail and ecommerce,Google,Carousel,2026-08-17,yes
ADV-248,Technology and SaaS,Google,Video,2026-08-15,no
ADV-159,Energy,Meta,Carousel,2026-09-07,no
ADV-429,Energy,Meta,Carousel,2026-07-14,no
ADV-545,Technology and SaaS,Meta,Carousel,2026-07-19,no
ADV-159,Technology and SaaS,Meta,Video,2026-06-22,yes
ADV-429,Retail and ecommerce,Google,Video,2026-07-01,yes
ADV-312,Media and publishing,Google,Static,2026-06-10,yes
ADV-159,Technology and SaaS,Meta,Video,2026-07-30,no
ADV-159,Energy,Google,Static,2026-09-07,yes
ADV-312,Technology and SaaS,Google,Carousel,2026-08-29,no
ADV-159,Public sector,Meta,Video,2026-08-26,yes
ADV-944,Technology and SaaS,Meta,Carousel,2026-07-07,yes
ADV-159,Media and publishing,Meta,Carousel,2026-05-27,no
ADV-429,Energy,Meta,Video,2026-08-19,yes
ADV-944,Public sector,Meta,Carousel,2026-07-03,no
ADV-429,Public sector,Google,Carousel,2026-08-26,yes
ADV-545,Energy,Google,Video,2026-05-23,no
ADV-312,Education,Google,Carousel,2026-05-30,yes
ADV-944,Education,Google,Video,2026-08-03,no
ADV-545,Media and publishing,Google,Video,2026-06-18,yes
ADV-429,Media and publishing,Google,Carousel,2026-08-05,no
ADV-312,Media and publishing,Meta,Carousel,2026-07-18,yes
ADV-944,Education,Google,Video,2026-09-09,yes
ADV-159,Media and publishing,Google,Video,2026-07-09,no
ADV-159,Media and publishing,Google,Video,2026-08-20,yes
ADV-944,Media and publishing,Meta,Carousel,2026-06-17,yes
ADV-835,Retail and ecommerce,Google,Video,2026-08-02,no
ADV-159,Education,Google,Video,2026-08-15,no
ADV-312,Media and publishing,Meta,Carousel,2026-07-31,no
ADV-312,Public sector,Google,Carousel,2026-07-20,yes
ADV-172,Education,Meta,Carousel,2026-08-19,yes
ADV-835,Education,Meta,Carousel,2026-06-01,yes
ADV-944,Energy,Google,Video,2026-06-15,yes
ADV-429,Education,Google,Static,2026-08-27,no
ADV-248,Technology and SaaS,Google,Video,2026-06-25,no
ADV-429,Education,Meta,Video,2026-07-19,yes
ADV-944,Retail and ecommerce,Google,Carousel,2026-08-27,no
ADV-429,Public sector,Meta,Static,2026-06-10,yes
ADV-172,Technology and SaaS,Google,Carousel,2026-09-09,yes
ADV-429,Public sector,Google,Carousel,2026-07-13,no
ADV-944,Education,Meta,Carousel,2026-07-29,no
ADV-159,Technology and SaaS,Meta,Video,2026-07-22,yes
ADV-835,Media and publishing,Meta,Video,2026-08-29,yes
ADV-159,Energy,Google,Video,2026-06-24,no
ADV-159,Retail and ecommerce,Meta,Carousel,2026-05-16,yes
ADV-429,Technology and SaaS,Google,Static,2026-07-16,yes
ADV-248,Technology and SaaS,Meta,Video,2026-07-31,no
ADV-545,Technology and SaaS,Google,Video,2026-09-06,yes
ADV-944,Retail and ecommerce,Google,Video,2026-07-09,no
ADV-944,Education,Meta,Video,2026-09-09,yes
ADV-835,Energy,Google,Video,2026-05-23,no
ADV-545,Media and publishing,Meta,Video,2026-05-24,yes
ADV-172,Technology and SaaS,Meta,Video,2026-08-10,yes
ADV-159,Media and publishing,Meta,Static,2026-06-29,no
ADV-312,Media and publishing,Meta,Carousel,2026-08-13,no
ADV-429,Retail and ecommerce,Google,Carousel,2026-08-10,yes
ADV-312,Energy,Meta,Carousel,2026-08-12,yes
ADV-835,Technology and SaaS,Meta,Carousel,2026-05-29,no
ADV-944,Technology and SaaS,Google,Static,2026-06-22,yes
ADV-944,Technology and SaaS,Meta,Video,2026-09-08,no
ADV-312,Technology and SaaS,Meta,Video,2026-08-05,yes
ADV-429,Retail and ecommerce,Meta,Video,2026-05-25,no
ADV-944,Media and publishing,Google,Carousel,2026-06-02,yes
ADV-172,Media and publishing,Meta,Carousel,2026-07-02,no
ADV-545,Retail and ecommerce,Google,Video,2026-08-15,no
ADV-248,Education,Meta,Video,2026-06-01,no
ADV-312,Retail and ecommerce,Google,Carousel,2026-07-13,no
ADV-835,Media and publishing,Google,Static,2026-08-23,no
ADV-944,Public sector,Google,Carousel,2026-07-01,no
ADV-172,Media and publishing,Meta,Video,2026-05-25,yes
ADV-429,Technology and SaaS,Google,Static,2026-05-31,no
ADV-248,Education,Google,Carousel,2026-07-16,yes
ADV-545,Media and publishing,Google,Video,2026-06-25,no
ADV-159,Education,Meta,Static,2026-07-18,no
ADV-159,Public sector,Meta,Static,2026-05-22,no
ADV-159,Technology and SaaS,Meta,Video,2026-08-20,no
ADV-429,Technology and SaaS,Google,Static,2026-08-22,no
ADV-159,Technology and SaaS,Meta,Carousel,2026-08-25,no
ADV-248,Retail and ecommerce,Google,Carousel,2026-07-17,yes
ADV-835,Media and publishing,Google,Video,2026-08-07,yes
ADV-312,Technology and SaaS,Meta,Video,2026-07-13,no
ADV-248,Media and publishing,Meta,Carousel,2026-06-01,yes
ADV-172,Retail and ecommerce,Google,Carousel,2026-07-19,no
ADV-429,Media and publishing,Google,Static,2026-08-11,no
ADV-172,Public sector,Meta,Static,2026-07-20,yes
ADV-312,Media and publishing,Google,Video,2026-06-19,yes
ADV-248,Energy,Meta,Carousel,2026-08-28,yes
ADV-944,Education,Meta,Carousel,2026-08-04,yes
ADV-312,Technology and SaaS,Meta,Video,2026-06-24,no
ADV-835,Media and publishing,Meta,Carousel,2026-09-11,no
ADV-944,Energy,Meta,Video,2026-07-25,no
ADV-835,Technology and SaaS,Google,Carousel,2026-09-06,no
ADV-429,Retail and ecommerce,Meta,Video,2026-07-22,yes
ADV-835,Technology and SaaS,Meta,Carousel,2026-09-01,yes
ADV-159,Technology and SaaS,Google,Carousel,2026-09-01,yes
ADV-312,Retail and ecommerce,Meta,Carousel,2026-07-19,yes
ADV-545,Media and publishing,Meta,Carousel,2026-09-09,yes
ADV-835,Retail and ecommerce,Meta,Carousel,2026-06-12,yes
ADV-429,Education,Meta,Carousel,2026-07-07,yes
ADV-172,Retail and ecommerce,Meta,Video,2026-06-30,yes
ADV-248,Media and publishing,Google,Video,2026-08-08,no
ADV-172,Technology and SaaS,Google,Video,2026-08-09,no
ADV-172,Public sector,Google,Carousel,2026-08-20,yes
ADV-248,Public sector,Meta,Carousel,2026-05-21,yes
ADV-312,Technology and SaaS,Google,Video,2026-07-29,yes
ADV-944,Energy,Google,Carousel,2026-07-12,yes
ADV-312,Energy,Meta,Video,2026-08-16,no
ADV-429,Energy,Google,Video,2026-06-28,yes
ADV-545,Media and publishing,Google,Carousel,2026-09-04,no
ADV-248,Technology and SaaS,Meta,Carousel,2026-05-20,yes
ADV-429,Media and publishing,Meta,Static,2026-05-31,yes
ADV-248,Energy,Google,Video,2026-09-07,no
ADV-248,Education,Meta,Video,2026-08-01,no
ADV-944,Energy,Google,Static,2026-06-08,no
ADV-429,Energy,Meta,Static,2026-06-11,yes
ADV-159,Education,Meta,Video,2026-09-04,yes
ADV-172,Media and publishing,Google,Carousel,2026-07-15,yes
ADV-545,Energy,Google,Video,2026-08-27,yes
ADV-159,Technology and SaaS,Google,Carousel,2026-05-31,no
ADV-159,Retail and ecommerce,Meta,Carousel,2026-07-29,yes
ADV-835,Media and publishing,Google,Static,2026-07-20,yes
ADV-172,Retail and ecommerce,Meta,Carousel,2026-07-14,no
ADV-545,Retail and ecommerce,Google,Static,2026-08-23,yes
ADV-248,Energy,Meta,Carousel,2026-07-29,yes
ADV-545,Energy,Google,Video,2026-07-29,yes
ADV-172,Education,Google,Video,2026-05-31,yes
ADV-944,Media and publishing,Meta,Carousel,2026-09-03,yes
ADV-429,Media and publishing,Meta,Video,2026-05-16,yes
ADV-545,Retail and ecommerce,Google,Video,2026-09-10,no
ADV-835,Education,Meta,Carousel,2026-09-03,no
ADV-248,Technology and SaaS,Google,Carousel,2026-06-25,no
ADV-835,Retail and ecommerce,Meta,Carousel,2026-07-01,no
ADV-545,Technology and SaaS,Meta,Video,2026-06-17,no
ADV-545,Media and publishing,Meta,Video,2026-07-09,no
ADV-312,Education,Google,Carousel,2026-07-01,no
ADV-835,Technology and SaaS,Google,Carousel,2026-05-26,yes
ADV-545,Education,Meta,Video,2026-08-27,no
ADV-159,Technology and SaaS,Google,Carousel,2026-08-30,yes
ADV-429,Retail and ecommerce,Google,Static,2026-05-30,yes
ADV-944,Technology and SaaS,Google,Video,2026-08-12,yes
ADV-159,Retail and ecommerce,Google,Static,2026-05-27,yes
ADV-944,Retail and ecommerce,Google,Carousel,2026-09-02,no
ADV-248,Media and publishing,Google,Static,2026-06-17,yes
ADV-172,Energy,Google,Video,2026-07-27,no
ADV-545,Energy,Google,Static,2026-07-02,no
ADV-312,Education,Google,Static,2026-06-01,yes
ADV-312,Media and publishing,Meta,Carousel,2026-07-04,no
ADV-944,Public sector,Meta,Video,2026-08-17,yes
ADV-835,Energy,Meta,Video,2026-06-10,no
ADV-248,Technology and SaaS,Google,Carousel,2026-09-04,no
ADV-944,Media and publishing,Meta,Static,2026-05-30,no
ADV-545,Media and publishing,Google,Static,2026-08-23,no
ADV-159,Media and publishing,Google,Static,2026-09-01,no
ADV-312,Energy,Meta,Video,2026-08-30,yes
ADV-429,Media and publishing,Meta,Video,2026-08-22,no
ADV-172,Media and publishing,Google,Video,2026-06-04,no
ADV-545,Public sector,Google,Video,2026-07-06,no
ADV-545,Technology and SaaS,Google,Carousel,2026-07-13,no
ADV-545,Technology and SaaS,Google,Video,2026-05-23,no
ADV-172,Technology and SaaS,Google,Carousel,2026-07-05,no
ADV-172,Public sector,Google,Carousel,2026-07-04,yes
ADV-172,Media and publishing,Meta,Carousel,2026-06-08,yes
ADV-944,Technology and SaaS,Meta,Static,2026-08-20,yes
ADV-835,Education,Google,Video,2026-09-09,no
ADV-835,Public sector,Google,Carousel,2026-08-29,yes
ADV-545,Technology and SaaS,Google,Video,2026-06-25,no
ADV-172,Media and publishing,Meta,Video,2026-06-27,yes
ADV-159,Education,Google,Static,2026-08-09,yes
ADV-545,Technology and SaaS,Google,Video,2026-06-11,yes
ADV-248,Public sector,Meta,Video,2026-05-30,no
ADV-545,Media and publishing,Meta,Video,2026-07-08,yes
ADV-429,Media and publishing,Meta,Video,2026-07-08,yes
ADV-429,Education,Google,Video,2026-07-15,yes
ADV-545,Energy,Google,Static,2026-06-23,yes
ADV-429,Technology and SaaS,Meta,Carousel,2026-06-11,no
ADV-159,Technology and SaaS,Google,Carousel,2026-08-30,yes
ADV-248,Retail and ecommerce,Google,Video,2026-09-04,no
ADV-248,Public sector,Meta,Carousel,2026-08-08,no
ADV-944,Education,Meta,Static,2026-08-22,yes
ADV-429,Public sector,Google,Carousel,2026-09-05,yes
ADV-944,Public sector,Google,Video,2026-09-02,no
ADV-944,Energy,Meta,Static,2026-07-21,no
ADV-545,Media and publishing,Google,Video,2026-09-02,no
ADV-159,Education,Meta,Carousel,2026-07-28,no
ADV-312,Technology and SaaS,Meta,Carousel,2026-08-13,yes
ADV-312,Retail and ecommerce,Meta,Carousel,2026-05-19,no
ADV-248,Retail and ecommerce,Google,Video,2026-08-08,no
ADV-944,Energy,Google,Video,2026-06-28,yes
ADV-172,Technology and SaaS,Google,Carousel,2026-06-18,no
ADV-835,Media and publishing,Google,Static,2026-08-07,yes
ADV-159,Public sector,Google,Video,2026-07-10,yes
ADV-159,Retail and ecommerce,Meta,Carousel,2026-06-08,yes
ADV-312,Technology and SaaS,Meta,Video,2026-08-03,yes
ADV-835,Energy,Meta,Carousel,2026-08-16,yes
ADV-835,Media and publishing,Google,Carousel,2026-07-28,yes
ADV-312,Technology and SaaS,Google,Video,2026-08-02,no
ADV-248,Media and publishing,Meta,Video,2026-06-20,yes
ADV-172,Retail and ecommerce,Meta,Carousel,2026-08-26,no
ADV-545,Education,Meta,Static,2026-05-17,no
ADV-172,Public sector,Meta,Video,2026-07-22,no
ADV-159,Technology and SaaS,Google,Video,2026-06-08,yes
ADV-159,Technology and SaaS,Google,Video,2026-06-28,yes
ADV-312,Media and publishing,Google,Video,2026-05-28,no
ADV-944,Media and publishing,Google,Video,2026-08-08,no
ADV-248,Media and publishing,Meta,Video,2026-07-29,yes
ADV-835,Technology and SaaS,Meta,Video,2026-05-26,no
ADV-944,Education,Meta,Video,2026-07-24,no
ADV-312,Technology and SaaS,Google,Video,2026-05-21,yes
ADV-944,Technology and SaaS,Meta,Video,2026-09-09,yes
ADV-248,Technology and SaaS,Meta,Video,2026-05-19,yes
ADV-248,Education,Meta,Video,2026-07-08,no
ADV-312,Public sector,Meta,Static,2026-05-25,no
ADV-429,Media and publishing,Meta,Carousel,2026-08-02,yes
ADV-248,Energy,Google,Static,2026-09-01,no
ADV-944,Media and publishing,Google,Video,2026-08-30,no
ADV-429,Education,Google,Video,2026-08-13,yes
ADV-312,Public sector,Meta,Video,2026-05-21,yes
ADV-172,Media and publishing,Meta,Carousel,2026-06-12,yes
ADV-545,Media and publishing,Google,Video,2026-08-19,yes
ADV-172,Public sector,Meta,Carousel,2026-08-29,no
ADV-172,Education,Google,Video,2026-07-02,yes
ADV-312,Media and publishing,Google,Video,2026-08-25,no
ADV-944,Media and publishing,Google,Carousel,2026-07-24,yes
ADV-944,Education,Google,Video,2026-07-11,yes
ADV-429,Media and publishing,Meta,Video,2026-07-28,no
ADV-429,Media and publishing,Google,Video,2026-09-08,yes
ADV-172,Energy,Google,Video,2026-08-19,no
ADV-545,Retail and ecommerce,Meta,Video,2026-07-20,yes
ADV-545,Energy,Meta,Video,2026-08-18,yes
ADV-172,Technology and SaaS,Google,Static,2026-05-28,yes
ADV-159,Education,Google,Video,2026-08-19,no
ADV-159,Education,Meta,Video,2026-07-08,no
ADV-944,Technology and SaaS,Google,Video,2026-08-02,no
ADV-944,Retail and ecommerce,Meta,Carousel,2026-05-24,no
ADV-248,Media and publishing,Meta,Static,2026-09-12,yes
ADV-944,Public sector,Meta,Video,2026-08-09,yes
ADV-159,Energy,Meta,Carousel,2026-06-20,no
ADV-545,Media and publishing,Meta,Video,2026-06-10,no
ADV-172,Technology and SaaS,Meta,Carousel,2026-05-21,yes
ADV-545,Energy,Meta,Video,2026-06-26,no
ADV-159,Education,Google,Carousel,2026-08-24,no
ADV-944,Technology and SaaS,Meta,Video,2026-07-28,yes
ADV-429,Media and publishing,Google,Carousel,2026-07-30,yes
ADV-159,Energy,Google,Video,2026-09-11,yes
ADV-248,Media and publishing,Meta,Video,2026-08-12,yes
ADV-429,Media and publishing,Meta,Carousel,2026-06-25,no
ADV-312,Energy,Google,Carousel,2026-08-03,no
ADV-172,Energy,Google,Video,2026-09-12,no
ADV-429,Media and publishing,Meta,Video,2026-05-29,no
ADV-159,Technology and SaaS,Google,Video,2026-05-24,yes
ADV-944,Technology and SaaS,Meta,Carousel,2026-08-15,no
ADV-944,Public sector,Meta,Video,2026-06-17,no
ADV-944,Public sector,Meta,Video,2026-08-07,yes
ADV-429,Retail and ecommerce,Google,Video,2026-07-21,no
ADV-248,Public sector,Meta,Video,2026-05-26,no
ADV-172,Technology and SaaS,Google,Carousel,2026-06-28,yes
ADV-172,Technology and SaaS,Meta,Video,2026-07-27,no
ADV-159,Public sector,Google,Video,2026-06-29,no
ADV-248,Technology and SaaS,Meta,Carousel,2026-09-04,no
ADV-944,Retail and ecommerce,Meta,Static,2026-06-10,no
ADV-429,Media and publishing,Meta,Video,2026-07-15,yes
ADV-172,Technology and SaaS,Meta,Video,2026-07-07,no
ADV-172,Retail and ecommerce,Meta,Video,2026-06-22,no
ADV-944,Technology and SaaS,Google,Static,2026-07-28,yes
ADV-545,Energy,Meta,Carousel,2026-08-17,no
ADV-312,Retail and ecommerce,Meta,Carousel,2026-08-26,no
ADV-944,Energy,Meta,Video,2026-07-26,no
ADV-944,Technology and SaaS,Meta,Carousel,2026-06-11,no
ADV-159,Media and publishing,Google,Video,2026-06-25,yes
ADV-248,Technology and SaaS,Google,Video,2026-07-23,yes
ADV-429,Education,Meta,Video,2026-07-13,yes
ADV-835,Retail and ecommerce,Meta,Video,2026-08-26,yes
ADV-429,Public sector,Google,Video,2026-06-27,yes
ADV-312,Media and publishing,Google,Video,2026-07-16,no
ADV-429,Education,Meta,Video,2026-06-13,yes
ADV-835,Education,Google,Video,2026-08-20,yes
ADV-545,Retail and ecommerce,Meta,Video,2026-06-16,yes
ADV-312,Media and publishing,Google,Video,2026-09-01,yes
ADV-944,Public sector,Google,Video,2026-06-09,yes
ADV-248,Retail and ecommerce,Meta,Carousel,2026-06-01,no
ADV-172,Energy,Google,Video,2026-09-04,yes
ADV-312,Media and publishing,Google,Video,2026-06-02,no
ADV-429,Public sector,Meta,Video,2026-06-27,yes
ADV-429,Education,Meta,Video,2026-06-25,no
ADV-429,Media and publishing,Meta,Static,2026-09-02,no
ADV-172,Retail and ecommerce,Meta,Video,2026-05-20,yes
ADV-248,Technology and SaaS,Google,Carousel,2026-06-04,no
ADV-835,Education,Google,Carousel,2026-09-11,yes
ADV-835,Education,Google,Video,2026-05-21,yes
ADV-429,Technology and SaaS,Meta,Carousel,2026-07-15,no
ADV-944,Media and publishing,Meta,Static,2026-08-28,no
ADV-545,Energy,Meta,Video,2026-08-14,yes
ADV-312,Technology and SaaS,Google,Video,2026-07-30,yes
ADV-159,Media and publishing,Meta,Carousel,2026-05-18,yes
ADV-248,Retail and ecommerce,Google,Carousel,2026-06-01,yes
ADV-944,Energy,Google,Video,2026-08-21,yes
ADV-172,Technology and SaaS,Meta,Static,2026-08-04,yes
ADV-312,Education,Meta,Carousel,2026-07-08,yes
ADV-545,Public sector,Google,Static,2026-08-13,no
ADV-312,Retail and ecommerce,Meta,Video,2026-05-20,yes
ADV-159,Media and publishing,Meta,Video,2026-06-03,no
ADV-248,Education,Meta,Video,2026-08-13,no
ADV-312,Energy,Google,Carousel,2026-07-28,no
ADV-944,Public sector,Meta,Carousel,2026-08-16,no
ADV-944,Retail and ecommerce,Meta,Video,2026-09-09,no
ADV-248,Media and publishing,Google,Static,2026-09-01,no
ADV-429,Retail and ecommerce,Google,Video,2026-07-26,no
ADV-429,Media and publishing,Google,Carousel,2026-07-21,no
ADV-429,Media and publishing,Meta,Video,2026-06-27,yes
ADV-159,Energy,Meta,Static,2026-07-02,no
ADV-172,Media and publishing,Meta,Video,2026-08-22,yes
ADV-172,Energy,Google,Video,2026-09-01,yes
ADV-248,Technology and SaaS,Meta,Video,2026-06-26,yes
ADV-248,Public sector,Meta,Static,2026-08-21,no
ADV-545,Media and publishing,Meta,Carousel,2026-05-24,no
ADV-429,Energy,Google,Static,2026-08-31,no
ADV-835,Public sector,Google,Static,2026-09-01,yes
ADV-312,Education,Meta,Static,2026-06-08,no
ADV-545,Retail and ecommerce,Meta,Carousel,2026-08-23,yes
ADV-944,Public sector,Meta,Video,2026-07-31,no
ADV-835,Technology and SaaS,Meta,Video,2026-07-15,no
ADV-172,Education,Meta,Carousel,2026-07-11,yes
ADV-159,Retail and ecommerce,Meta,Carousel,2026-06-19,yes
ADV-172,Energy,Meta,Video,2026-05-20,yes
ADV-944,Media and publishing,Meta,Static,2026-09-10,no
ADV-312,Media and publishing,Meta,Video,2026-05-24,no
ADV-248,Education,Google,Carousel,2026-05-24,no
ADV-248,Retail and ecommerce,Meta,Video,2026-05-28,no
ADV-172,Media and publishing,Google,Carousel,2026-06-14,yes
ADV-159,Public sector,Google,Video,2026-06-17,yes
ADV-248,Technology and SaaS,Meta,Carousel,2026-08-15,no
ADV-429,Energy,Meta,Carousel,2026-05-30,no
ADV-835,Public sector,Google,Carousel,2026-08-26,no
ADV-159,Public sector,Meta,Video,2026-09-04,yes
ADV-248,Public sector,Meta,Carousel,2026-08-30,yes
ADV-835,Retail and ecommerce,Google,Video,2026-07-21,no
ADV-172,Retail and ecommerce,Google,Video,2026-08-24,yes
ADV-835,Energy,Google,Static,2026-08-19,yes
ADV-248,Energy,Meta,Carousel,2026-07-20,no
ADV-429,Technology and SaaS,Meta,Carousel,2026-08-13,yes
ADV-312,Education,Google,Video,2026-06-21,yes
ADV-429,Education,Google,Carousel,2026-07-25,no
ADV-835,Energy,Google,Video,2026-07-18,yes
ADV-312,Technology and SaaS,Meta,Carousel,2026-09-04,yes
ADV-248,Media and publishing,Google,Carousel,2026-06-10,yes
ADV-545,Energy,Meta,Video,2026-07-19,yes
ADV-172,Media and publishing,Meta,Carousel,2026-05-18,no
ADV-429,Media and publishing,Google,Carousel,2026-06-02,yes
ADV-429,Media and publishing,Meta,Video,2026-08-21,yes
ADV-545,Education,Google,Carousel,2026-06-18,no
ADV-545,Public sector,Google,Video,2026-08-11,no
ADV-172,Public sector,Google,Video,2026-09-12,no
ADV-312,Technology and SaaS,Meta,Video,2026-06-10,yes
ADV-159,Technology and SaaS,Meta,Static,2026-07-19,yes
ADV-248,Energy,Meta,Static,2026-08-22,yes
ADV-248,Energy,Meta,Video,2026-08-02,no
ADV-429,Public sector,Meta,Carousel,2026-08-13,no
ADV-545,Technology and SaaS,Google,Video,2026-05-18,yes
ADV-944,Energy,Google,Video,2026-08-06,no
ADV-248,Technology and SaaS,Meta,Static,2026-08-14,yes
ADV-248,Energy,Google,Carousel,2026-08-25,no
ADV-835,Energy,Meta,Video,2026-06-23,yes
ADV-312,Energy,Meta,Video,2026-05-31,no
ADV-312,Public sector,Meta,Video,2026-05-30,yes
ADV-835,Retail and ecommerce,Meta,Static,2026-07-04,no
ADV-944,Technology and SaaS,Google,Video,2026-06-01,no
ADV-835,Retail and ecommerce,Meta,Video,2026-09-12,no
ADV-944,Technology and SaaS,Google,Video,2026-05-30,no
ADV-835,Education,Meta,Video,2026-07-26,yes
ADV-429,Public sector,Google,Carousel,2026-08-11,no
ADV-835,Technology and SaaS,Meta,Video,2026-08-21,no
ADV-545,Retail and ecommerce,Google,Video,2026-09-12,yes
ADV-159,Technology and SaaS,Meta,Video,2026-08-30,yes
ADV-835,Technology and SaaS,Meta,Video,2026-06-21,yes
ADV-545,Media and publishing,Meta,Video,2026-07-22,no
ADV-248,Media and publishing,Meta,Carousel,2026-07-11,no
ADV-429,Media and publishing,Google,Static,2026-07-23,no
ADV-429,Energy,Google,Carousel,2026-08-19,no
ADV-172,Public sector,Meta,Carousel,2026-05-19,no
ADV-248,Energy,Google,Static,2026-07-31,yes
ADV-944,Education,Google,Carousel,2026-05-21,yes
ADV-429,Media and publishing,Meta,Video,2026-06-06,yes
ADV-312,Technology and SaaS,Google,Carousel,2026-08-28,no
ADV-172,Public sector,Meta,Video,2026-08-22,yes
ADV-835,Public sector,Meta,Video,2026-07-01,yes
ADV-312,Technology and SaaS,Meta,Carousel,2026-07-23,yes
ADV-312,Technology and SaaS,Google,Video,2026-06-08,no
ADV-172,Public sector,Google,Video,2026-08-30,no
ADV-835,Education,Google,Video,2026-06-25,no
ADV-312,Education,Google,Carousel,2026-09-07,no
ADV-172,Technology and SaaS,Google,Static,2026-08-18,no
ADV-248,Media and publishing,Meta,Video,2026-05-27,yes
ADV-944,Energy,Google,Video,2026-06-30,yes
ADV-545,Media and publishing,Meta,Carousel,2026-08-26,no
ADV-172,Technology and SaaS,Google,Static,2026-05-22,no
ADV-835,Media and publishing,Google,Video,2026-07-07,no
ADV-172,Public sector,Meta,Video,2026-08-24,yes
ADV-944,Energy,Meta,Carousel,2026-09-09,no
ADV-835,Media and publishing,Meta,Video,2026-07-24,yes
ADV-429,Media and publishing,Google,Carousel,2026-09-10,yes
ADV-944,Retail and ecommerce,Meta,Carousel,2026-08-13,no
ADV-944,Media and publishing,Google,Carousel,2026-09-06,no
ADV-248,Energy,Meta,Video,2026-05-21,no
ADV-159,Media and publishing,Google,Carousel,2026-07-29,no
ADV-429,Technology and SaaS,Google,Video,2026-05-30,no
ADV-944,Energy,Meta,Video,2026-08-19,no
ADV-312,Energy,Google,Video,2026-06-19,yes
ADV-248,Retail and ecommerce,Meta,Static,2026-09-10,no
ADV-429,Technology and SaaS,Google,Video,2026-07-09,no
ADV-429,Media and publishing,Google,Video,2026-06-26,yes
ADV-429,Technology and SaaS,Meta,Video,2026-08-15,no
ADV-159,Technology and SaaS,Google,Carousel,2026-08-21,yes
ADV-545,Energy,Meta,Carousel,2026-07-15,yes
ADV-835,Retail and ecommerce,Meta,Carousel,2026-06-01,no
ADV-312,Technology and SaaS,Meta,Video,2026-05-21,no
ADV-545,Technology and SaaS,Meta,Video,2026-07-28,yes
ADV-312,Technology and SaaS,Google,Static,2026-06-30,no
ADV-312,Technology and SaaS,Google,Static,2026-08-29,no
ADV-944,Retail and ecommerce,Meta,Static,2026-07-27,no
ADV-159,Energy,Meta,Video,2026-05-20,yes
ADV-429,Public sector,Google,Carousel,2026-05-19,no
ADV-545,Public sector,Meta,Video,2026-06-20,yes
ADV-835,Technology and SaaS,Meta,Carousel,2026-06-08,no
ADV-312,Technology and SaaS,Meta,Carousel,2026-07-19,yes
ADV-172,Technology and SaaS,Meta,Carousel,2026-08-06,yes
ADV-312,Technology and SaaS,Google,Video,2026-06-02,yes
ADV-248,Education,Meta,Video,2026-07-04,yes
ADV-248,Education,Google,Carousel,2026-08-31,yes
ADV-248,Media and publishing,Meta,Video,2026-08-24,yes
ADV-545,Media and publishing,Meta,Video,2026-09-02,no
ADV-835,Media and publishing,Meta,Carousel,2026-05-23,no
ADV-159,Media and publishing,Google,Carousel,2026-07-22,yes
ADV-172,Technology and SaaS,Google,Video,2026-06-27,yes
ADV-835,Media and publishing,Google,Video,2026-07-17,yes
ADV-835,Media and publishing,Google,Carousel,2026-05-24,yes
ADV-545,Retail and ecommerce,Meta,Video,2026-08-11,no
ADV-248,Education,Meta,Carousel,2026-08-26,yes
ADV-545,Technology and SaaS,Google,Video,2026-07-01,yes
ADV-312,Education,Meta,Video,2026-06-29,no
ADV-545,Energy,Google,Video,2026-05-21,no
ADV-312,Media and publishing,Google,Carousel,2026-08-17,no
ADV-944,Technology and SaaS,Google,Video,2026-06-28,no
ADV-159,Technology and SaaS,Meta,Video,2026-07-16,yes
ADV-248,Education,Meta,Video,2026-08-07,no
ADV-312,Education,Meta,Carousel,2026-09-08,no
ADV-248,Energy,Meta,Static,2026-08-23,yes
ADV-172,Public sector,Meta,Video,2026-08-05,no
ADV-545,Education,Google,Video,2026-08-30,no
ADV-944,Public sector,Meta,Static,2026-05-19,yes
ADV-172,Retail and ecommerce,Meta,Carousel,2026-08-08,yes
ADV-545,Education,Meta,Video,2026-05-20,yes
ADV-944,Technology and SaaS,Meta,Carousel,2026-08-29,no
ADV-545,Education,Google,Video,2026-09-10,yes
ADV-944,Technology and SaaS,Meta,Video,2026-07-22,no
ADV-835,Media and publishing,Google,Video,2026-07-27,yes
ADV-835,Technology and SaaS,Google,Video,2026-06-12,no
ADV-248,Retail and ecommerce,Google,Carousel,2026-09-07,yes
ADV-159,Technology and SaaS,Meta,Static,2026-08-21,no
ADV-159,Media and publishing,Meta,Video,2026-06-25,yes
ADV-429,Energy,Google,Video,2026-08-26,yes
ADV-429,Technology and SaaS,Meta,Video,2026-06-06,yes
ADV-312,Energy,Meta,Video,2026-08-06,yes
ADV-835,Media and publishing,Meta,Carousel,2026-07-31,yes
ADV-159,Technology and SaaS,Google,Video,2026-08-06,yes
ADV-159,Energy,Meta,Carousel,2026-07-16,no
ADV-312,Public sector,Google,Video,2026-07-16,yes
ADV-545,Technology and SaaS,Meta,Carousel,2026-07-25,yes
ADV-172,Public sector,Meta,Video,2026-06-27,no
ADV-172,Education,Google,Video,2026-08-22,no
ADV-835,Public sector,Google,Video,2026-06-07,yes
ADV-159,Technology and SaaS,Google,Video,2026-06-12,no
ADV-429,Education,Meta,Carousel,2026-08-27,no
ADV-159,Energy,Meta,Video,2026-05-21,yes
ADV-248,Technology and SaaS,Google,Video,2026-08-22,yes
ADV-172,Technology and SaaS,Google,Video,2026-05-17,no
ADV-429,Energy,Google,Video,2026-06-20,no
ADV-172,Retail and ecommerce,Meta,Carousel,2026-05-29,yes
ADV-429,Retail and ecommerce,Google,Static,2026-08-25,yes
ADV-172,Energy,Google,Carousel,2026-09-03,no
ADV-312,Technology and SaaS,Google,Static,2026-05-21,yes
ADV-545,Energy,Meta,Carousel,2026-08-24,yes
ADV-159,Technology and SaaS,Google,Video,2026-05-19,yes
ADV-944,Energy,Google,Video,2026-09-04,yes
ADV-835,Media and publishing,Meta,Carousel,2026-08-18,no
ADV-944,Public sector,Google,Carousel,2026-06-16,no
ADV-944,Technology and SaaS,Google,Carousel,2026-07-16,no
ADV-159,Media and publishing,Meta,Video,2026-07-28,no
ADV-835,Education,Google,Carousel,2026-07-02,yes
ADV-545,Media and publishing,Google,Carousel,2026-06-21,no
ADV-159,Public sector,Google,Video,2026-07-29,yes
ADV-248,Technology and SaaS,Meta,Carousel,2026-06-29,yes
ADV-835,Media and publishing,Google,Carousel,2026-06-07,no
ADV-835,Energy,Meta,Video,2026-06-20,no
ADV-248,Technology and SaaS,Meta,Video,2026-06-17,no
ADV-835,Media and publishing,Google,Video,2026-08-24,no
ADV-429,Retail and ecommerce,Meta,Carousel,2026-05-23,no
ADV-159,Media and publishing,Meta,Carousel,2026-07-06,yes
ADV-429,Media and publishing,Google,Video,2026-07-16,no
ADV-312,Retail and ecommerce,Meta,Static,2026-06-16,no
ADV-429,Technology and SaaS,Google,Video,2026-06-09,yes
ADV-248,Technology and SaaS,Meta,Video,2026-06-29,no
ADV-312,Media and publishing,Meta,Static,2026-07-26,yes
ADV-429,Public sector,Meta,Static,2026-06-06,yes
ADV-172,Media and publishing,Meta,Video,2026-06-23,no
ADV-172,Technology and SaaS,Google,Video,2026-08-10,no
ADV-429,Education,Google,Video,2026-08-13,yes
ADV-944,Energy,Meta,Video,2026-06-19,no
ADV-248,Technology and SaaS,Meta,Carousel,2026-07-28,no
ADV-429,Technology and SaaS,Google,Static,2026-05-31,no
ADV-172,Public sector,Meta,Video,2026-07-27,yes
ADV-545,Energy,Google,Video,2026-08-05,no
ADV-248,Public sector,Meta,Carousel,2026-09-06,yes
ADV-835,Retail and ecommerce,Meta,Video,2026-06-01,no
ADV-944,Technology and SaaS,Meta,Carousel,2026-06-19,yes
ADV-159,Retail and ecommerce,Meta,Carousel,2026-07-05,yes
ADV-545,Energy,Meta,Video,2026-06-12,no
ADV-944,Media and publishing,Meta,Static,2026-07-24,no
ADV-429,Retail and ecommerce,Meta,Carousel,2026-07-26,yes
ADV-429,Education,Meta,Video,2026-06-25,yes
ADV-835,Public sector,Google,Video,2026-09-04,yes
ADV-172,Education,Meta,Video,2026-06-19,no
ADV-248,Education,Meta,Carousel,2026-08-02,no
ADV-172,Energy,Google,Carousel,2026-07-16,no
ADV-429,Technology and SaaS,Google,Video,2026-06-16,no
ADV-312,Media and publishing,Meta,Carousel,2026-08-17,yes
ADV-835,Media and publishing,Google,Carousel,2026-05-31,yes
ADV-429,Media and publishing,Google,Video,2026-07-28,no
ADV-429,Technology and SaaS,Meta,Video,2026-07-02,yes
ADV-944,Media and publishing,Meta,Carousel,2026-06-24,yes
ADV-429,Retail and ecommerce,Meta,Carousel,2026-09-02,yes
ADV-429,Education,Meta,Carousel,2026-09-12,no
ADV-248,Technology and SaaS,Meta,Video,2026-09-07,no
ADV-159,Media and publishing,Meta,Carousel,2026-08-06,yes
ADV-312,Retail and ecommerce,Google,Carousel,2026-05-23,no
ADV-159,Education,Meta,Carousel,2026-05-25,no
ADV-248,Media and publishing,Meta,Carousel,2026-06-22,no
ADV-248,Technology and SaaS,Meta,Static,2026-05-27,yes
ADV-835,Education,Google,Video,2026-07-09,yes
ADV-429,Media and publishing,Google,Static,2026-06-06,no
ADV-835,Education,Meta,Video,2026-07-20,no
ADV-835,Media and publishing,Meta,Video,2026-06-11,yes
ADV-172,Public sector,Google,Video,2026-07-20,yes
ADV-312,Technology and SaaS,Meta,Carousel,2026-06-17,no
ADV-835,Education,Meta,Carousel,2026-09-10,no
ADV-172,Media and publishing,Meta,Video,2026-08-21,yes
ADV-172,Media and publishing,Meta,Video,2026-09-09,yes
ADV-248,Technology and SaaS,Google,Carousel,2026-08-16,yes
ADV-172,Public sector,Meta,Carousel,2026-05-25,yes
ADV-172,Energy,Meta,Static,2026-08-13,no
ADV-172,Public sector,Google,Static,2026-08-07,yes
ADV-429,Media and publishing,Google,Static,2026-06-23,no
ADV-248,Technology and SaaS,Meta,Video,2026-05-21,yes
ADV-312,Technology and SaaS,Google,Video,2026-08-24,yes
ADV-429,Energy,Meta,Video,2026-08-08,yes
ADV-545,Technology and SaaS,Google,Video,2026-08-21,yes
ADV-545,Education,Meta,Carousel,2026-09-07,yes
ADV-159,Media and publishing,Meta,Carousel,2026-08-02,yes
ADV-835,Technology and SaaS,Google,Carousel,2026-09-02,yes
ADV-159,Energy,Google,Video,2026-06-06,yes
ADV-159,Education,Google,Carousel,2026-08-07,yes
ADV-159,Public sector,Google,Carousel,2026-07-20,no
ADV-944,Media and publishing,Meta,Carousel,2026-08-04,yes
ADV-159,Media and publishing,Meta,Video,2026-06-02,no
ADV-312,Public sector,Meta,Video,2026-07-21,yes
ADV-172,Media and publishing,Google,Carousel,2026-05-21,yes
ADV-312,Technology and SaaS,Google,Carousel,2026-06-19,no
ADV-159,Energy,Google,Video,2026-06-16,yes
ADV-172,Technology and SaaS,Google,Static,2026-07-08,no
ADV-429,Energy,Google,Static,2026-07-16,no
ADV-944,Technology and SaaS,Google,Carousel,2026-05-20,yes
ADV-248,Media and publishing,Meta,Video,2026-06-13,yes
ADV-159,Retail and ecommerce,Google,Video,2026-08-23,no
ADV-159,Public sector,Meta,Video,2026-05-19,no
ADV-429,Technology and SaaS,Google,Carousel,2026-07-12,no
ADV-248,Energy,Meta,Static,2026-06-02,yes
ADV-835,Public sector,Google,Video,2026-09-01,yes
ADV-545,Energy,Google,Static,2026-05-29,yes
ADV-172,Energy,Meta,Carousel,2026-07-16,no
ADV-835,Education,Meta,Carousel,2026-07-05,no
ADV-429,Public sector,Meta,Carousel,2026-05-22,yes
ADV-248,Public sector,Meta,Video,2026-07-08,yes
ADV-172,Media and publishing,Meta,Carousel,2026-08-17,no
ADV-248,Retail and ecommerce,Meta,Carousel,2026-08-16,no
ADV-248,Technology and SaaS,Google,Video,2026-09-01,yes
ADV-835,Education,Google,Carousel,2026-06-23,no
ADV-944,Energy,Meta,Carousel,2026-09-08,yes
ADV-835,Media and publishing,Google,Video,2026-07-13,yes
ADV-944,Public sector,Meta,Video,2026-07-22,no
ADV-159,Energy,Google,Carousel,2026-07-28,yes
ADV-835,Technology and SaaS,Meta,Static,2026-09-06,no
ADV-312,Retail and ecommerce,Google,Video,2026-08-01,no
ADV-944,Energy,Google,Video,2026-05-29,no
ADV-944,Technology and SaaS,Google,Carousel,2026-09-06,no
ADV-312,Technology and SaaS,Google,Static,2026-06-14,yes
ADV-172,Education,Meta,Video,2026-05-23,no
ADV-944,Technology and SaaS,Meta,Carousel,2026-06-17,no
ADV-172,Energy,Meta,Carousel,2026-09-11,yes
ADV-312,Technology and SaaS,Google,Carousel,2026-08-18,yes
ADV-248,Energy,Google,Static,2026-07-04,no
ADV-545,Retail and ecommerce,Google,Video,2026-06-01,no
ADV-545,Retail and ecommerce,Google,Video,2026-08-11,yes
ADV-159,Technology and SaaS,Google,Carousel,2026-06-06,no
ADV-545,Public sector,Google,Video,2026-06-12,yes
ADV-545,Energy,Google,Carousel,2026-06-12,yes
ADV-159,Technology and SaaS,Google,Video,2026-05-17,no
ADV-159,Energy,Meta,Carousel,2026-06-24,no
ADV-429,Technology and SaaS,Meta,Static,2026-07-31,yes
ADV-172,Public sector,Meta,Video,2026-08-23,yes
ADV-835,Retail and ecommerce,Google,Video,2026-08-07,yes
ADV-312,Media and publishing,Meta,Static,2026-07-16,no
ADV-429,Technology and SaaS,Google,Video,2026-05-24,no
ADV-312,Energy,Meta,Video,2026-07-21,yes
ADV-429,Energy,Google,Carousel,2026-07-04,yes
ADV-172,Energy,Google,Video,2026-06-14,yes
ADV-835,Education,Meta,Video,2026-05-21,yes
ADV-159,Media and publishing,Google,Carousel,2026-06-17,yes
ADV-944,Technology and SaaS,Meta,Video,2026-05-28,yes
ADV-944,Media and publishing,Meta,Carousel,2026-08-13,no
ADV-944,Energy,Meta,Carousel,2026-05-23,no
ADV-312,Media and publishing,Meta,Carousel,2026-07-01,no
ADV-248,Media and publishing,Google,Video,2026-07-09,yes
ADV-172,Retail and ecommerce,Meta,Video,2026-06-02,yes
ADV-312,Energy,Google,Video,2026-07-07,no
ADV-159,Technology and SaaS,Meta,Video,2026-06-27,no
ADV-159,Technology and SaaS,Meta,Static,2026-09-01,no
ADV-248,Retail and ecommerce,Google,Video,2026-05-21,no
ADV-429,Technology and SaaS,Google,Video,2026-05-26,yes
ADV-312,Public sector,Meta,Video,2026-05-23,no
ADV-944,Technology and SaaS,Google,Carousel,2026-05-26,yes
ADV-172,Retail and ecommerce,Meta,Video,2026-06-12,no
ADV-944,Media and publishing,Meta,Carousel,2026-06-03,yes
ADV-944,Education,Meta,Video,2026-08-05,no
ADV-172,Public sector,Meta,Carousel,2026-06-09,yes
ADV-835,Education,Google,Video,2026-06-22,no
ADV-429,Media and publishing,Google,Video,2026-06-03,no
ADV-159,Technology and SaaS,Meta,Carousel,2026-07-12,yes
ADV-429,Media and publishing,Meta,Video,2026-08-06,no
ADV-159,Public sector,Google,Video,2026-08-19,no
ADV-312,Technology and SaaS,Meta,Video,2026-09-06,no
ADV-835,Retail and ecommerce,Meta,Carousel,2026-08-26,yes
ADV-545,Technology and SaaS,Meta,Video,2026-06-13,no
ADV-944,Media and publishing,Meta,Video,2026-09-02,yes
ADV-835,Public sector,Google,Carousel,2026-06-08,yes
ADV-312,Education,Google,Static,2026-08-10,yes
ADV-835,Technology and SaaS,Meta,Video,2026-05-25,no
ADV-429,Technology and SaaS,Meta,Video,2026-06-08,no
ADV-545,Energy,Meta,Video,2026-06-07,no
ADV-944,Media and publishing,Meta,Static,2026-09-08,no
ADV-545,Public sector,Meta,Video,2026-05-18,no
ADV-159,Retail and ecommerce,Meta,Static,2026-08-30,no
ADV-835,Education,Meta,Static,2026-05-30,no
ADV-172,Retail and ecommerce,Meta,Video,2026-08-08,no
ADV-248,Education,Meta,Video,2026-08-21,no
ADV-172,Retail and ecommerce,Meta,Static,2026-05-16,yes
ADV-312,Media and publishing,Google,Carousel,2026-08-15,yes
ADV-248,Technology and SaaS,Google,Video,2026-08-02,no
ADV-429,Technology and SaaS,Meta,Video,2026-07-17,yes
ADV-944,Technology and SaaS,Google,Carousel,2026-06-27,no
ADV-312,Energy,Google,Carousel,2026-05-27,yes
ADV-172,Technology and SaaS,Meta,Static,2026-05-19,yes
ADV-312,Technology and SaaS,Google,Video,2026-06-27,no
ADV-159,Energy,Meta,Static,2026-06-14,yes
ADV-944,Public sector,Meta,Video,2026-08-17,no
ADV-172,Education,Google,Carousel,2026-06-27,yes
ADV-835,Retail and ecommerce,Meta,Video,2026-06-29,yes
ADV-835,Education,Meta,Video,2026-07-19,yes
ADV-248,Energy,Meta,Carousel,2026-05-26,no
ADV-429,Retail and ecommerce,Meta,Static,2026-08-02,yes
ADV-248,Media and publishing,Meta,Static,2026-08-14,yes
ADV-159,Education,Meta,Video,2026-08-08,yes
ADV-159,Energy,Google,Carousel,2026-09-05,yes
ADV-429,Energy,Meta,Carousel,2026-08-03,yes
ADV-172,Technology and SaaS,Google,Carousel,2026-09-11,yes
ADV-248,Media and publishing,Google,Carousel,2026-07-22,no
ADV-248,Technology and SaaS,Google,Video,2026-09-08,yes
ADV-159,Media and publishing,Google,Video,2026-07-22,yes
ADV-835,Media and publishing,Google,Static,2026-07-24,yes
ADV-172,Education,Google,Video,2026-07-14,no
ADV-944,Media and publishing,Google,Video,2026-08-27,no
ADV-172,Media and publishing,Meta,Video,2026-07-06,no
ADV-248,Public sector,Google,Video,2026-09-07,yes
ADV-835,Media and publishing,Google,Static,2026-08-04,no
ADV-429,Technology and SaaS,Google,Video,2026-07-10,yes
ADV-159,Technology and SaaS,Meta,Video,2026-06-18,no
ADV-835,Technology and SaaS,Meta,Static,2026-06-28,yes
ADV-944,Education,Meta,Video,2026-06-13,no
ADV-944,Retail and ecommerce,Google,Video,2026-06-19,no
ADV-248,Energy,Google,Carousel,2026-07-31,yes
ADV-159,Public sector,Meta,Carousel,2026-06-04,yes
ADV-835,Education,Meta,Video,2026-06-03,yes
ADV-835,Energy,Google,Carousel,2026-08-16,no
ADV-429,Technology and SaaS,Google,Video,2026-08-30,yes
ADV-429,Energy,Google,Static,2026-07-23,no
ADV-944,Retail and ecommerce,Meta,Video,2026-06-17,yes
ADV-429,Retail and ecommerce,Meta,Static,2026-08-23,no
ADV-835,Media and publishing,Meta,Video,2026-07-27,yes
ADV-429,Public sector,Meta,Carousel,2026-08-25,no
ADV-429,Education,Meta,Video,2026-07-09,no
ADV-312,Public sector,Meta,Video,2026-05-31,yes
ADV-545,Technology and SaaS,Meta,Carousel,2026-06-05,yes
ADV-159,Media and publishing,Google,Video,2026-07-28,no
ADV-172,Public sector,Google,Carousel,2026-06-09,no
ADV-312,Technology and SaaS,Google,Video,2026-05-21,yes
ADV-835,Education,Meta,Carousel,2026-07-12,no
ADV-172,Media and publishing,Google,Video,2026-05-30,yes
ADV-312,Media and publishing,Meta,Video,2026-06-10,yes
ADV-248,Media and publishing,Meta,Video,2026-06-13,no
ADV-429,Media and publishing,Google,Carousel,2026-08-28,yes
ADV-429,Media and publishing,Google,Video,2026-07-15,yes
ADV-172,Retail and ecommerce,Google,Video,2026-06-12,no
ADV-429,Public sector,Google,Video,2026-05-25,yes
ADV-835,Public sector,Meta,Carousel,2026-08-16,yes
ADV-248,Media and publishing,Meta,Carousel,2026-06-20,no
ADV-159,Media and publishing,Google,Video,2026-07-19,no
ADV-248,Media and publishing,Google,Carousel,2026-06-01,no
ADV-545,Energy,Meta,Video,2026-07-08,yes
ADV-835,Media and publishing,Meta,Carousel,2026-05-29,yes
ADV-429,Media and publishing,Google,Static,2026-07-27,yes
ADV-545,Technology and SaaS,Meta,Carousel,2026-07-09,no
ADV-159,Energy,Google,Carousel,2026-05-20,no
ADV-545,Education,Meta,Carousel,2026-07-29,yes
ADV-835,Retail and ecommerce,Google,Carousel,2026-07-11,yes
ADV-835,Retail and ecommerce,Google,Carousel,2026-07-03,no
ADV-429,Technology and SaaS,Meta,Video,2026-06-05,yes
ADV-429,Technology and SaaS,Meta,Video,2026-09-06,no
ADV-944,Technology and SaaS,Google,Carousel,2026-06-20,no
ADV-248,Retail and ecommerce,Google,Video,2026-08-02,no
ADV-835,Media and publishing,Meta,Video,2026-06-29,no
ADV-172,Media and publishing,Meta,Video,2026-08-30,yes
ADV-159,Media and publishing,Meta,Video,2026-09-02,no
ADV-159,Technology and SaaS,Meta,Carousel,2026-07-12,no
ADV-429,Technology and SaaS,Google,Video,2026-05-17,no
ADV-944,Technology and SaaS,Meta,Video,2026-07-30,no
ADV-944,Education,Google,Static,2026-07-06,no
ADV-172,Education,Meta,Video,2026-06-28,yes
ADV-944,Energy,Google,Static,2026-08-16,no
ADV-944,Energy,Meta,Static,2026-05-22,yes
ADV-835,Technology and SaaS,Google,Video,2026-09-08,yes
ADV-429,Technology and SaaS,Meta,Video,2026-05-18,yes
ADV-248,Education,Meta,Video,2026-07-06,yes
ADV-545,Retail and ecommerce,Google,Video,2026-06-22,no
ADV-159,Media and publishing,Meta,Video,2026-09-10,no
ADV-545,Public sector,Meta,Video,2026-06-14,yes
ADV-429,Retail and ecommerce,Meta,Carousel,2026-05-18,no
ADV-172,Technology and SaaS,Meta,Static,2026-06-16,no
ADV-944,Public sector,Google,Video,2026-08-06,no
ADV-248,Energy,Google,Video,2026-06-01,no
ADV-312,Technology and SaaS,Google,Video,2026-08-09,yes
ADV-545,Media and publishing,Meta,Carousel,2026-07-18,yes
ADV-159,Technology and SaaS,Meta,Static,2026-05-18,yes
ADV-944,Retail and ecommerce,Meta,Video,2026-09-08,yes
ADV-944,Energy,Google,Carousel,2026-05-22,yes
ADV-172,Retail and ecommerce,Google,Carousel,2026-09-05,no
ADV-248,Retail and ecommerce,Google,Video,2026-06-11,yes
ADV-835,Public sector,Meta,Video,2026-07-31,no
ADV-835,Technology and SaaS,Meta,Carousel,2026-06-12,no
ADV-159,Public sector,Meta,Video,2026-07-26,no
ADV-545,Technology and SaaS,Google,Video,2026-09-05,no
ADV-545,Technology and SaaS,Meta,Carousel,2026-08-16,yes
ADV-545,Energy,Meta,Video,2026-06-12,yes
ADV-545,Energy,Meta,Carousel,2026-05-24,yes
ADV-312,Public sector,Google,Static,2026-07-14,no
ADV-944,Retail and ecommerce,Meta,Carousel,2026-08-30,yes
ADV-429,Technology and SaaS,Google,Video,2026-06-12,no
ADV-159,Technology and SaaS,Google,Video,2026-09-02,yes
ADV-545,Energy,Google,Carousel,2026-06-17,yes
ADV-159,Media and publishing,Meta,Carousel,2026-07-03,no
ADV-172,Energy,Google,Video,2026-08-28,yes
ADV-159,Media and publishing,Google,Static,2026-06-09,yes
ADV-172,Energy,Meta,Video,2026-05-17,no
ADV-159,Media and publishing,Meta,Video,2026-06-21,yes
ADV-159,Technology and SaaS,Google,Static,2026-06-08,yes
ADV-172,Technology and SaaS,Google,Static,2026-08-14,no
ADV-312,Education,Google,Carousel,2026-06-17,no
ADV-248,Media and publishing,Meta,Video,2026-07-18,yes
ADV-429,Technology and SaaS,Google,Video,2026-07-15,yes
ADV-312,Energy,Google,Carousel,2026-07-20,no
ADV-248,Retail and ecommerce,Google,Carousel,2026-08-27,no
ADV-248,Retail and ecommerce,Google,Video,2026-06-23,yes
ADV-248,Energy,Meta,Video,2026-06-01,yes
ADV-172,Technology and SaaS,Meta,Static,2026-06-18,yes
ADV-545,Media and publishing,Meta,Video,2026-06-16,no
ADV-248,Education,Meta,Video,2026-08-24,yes
ADV-835,Media and publishing,Meta,Video,2026-08-29,yes
ADV-545,Media and publishing,Meta,Carousel,2026-08-17,yes
ADV-944,Technology and SaaS,Google,Video,2026-09-08,no
ADV-159,Media and publishing,Google,Static,2026-08-01,no
ADV-545,Energy,Meta,Carousel,2026-05-28,no
ADV-429,Technology and SaaS,Meta,Carousel,2026-05-16,yes
ADV-545,Technology and SaaS,Meta,Video,2026-07-17,no
ADV-159,Media and publishing,Google,Carousel,2026-08-31,no
ADV-172,Media and publishing,Meta,Carousel,2026-08-03,yes
ADV-835,Public sector,Google,Static,2026-06-19,no
ADV-835,Technology and SaaS,Meta,Video,2026-08-26,yes
ADV-312,Public sector,Meta,Video,2026-07-29,no
ADV-545,Technology and SaaS,Meta,Carousel,2026-09-04,yes
ADV-312,Retail and ecommerce,Meta,Carousel,2026-06-02,yes
ADV-944,Retail and ecommerce,Meta,Video,2026-05-17,no
ADV-159,Media and publishing,Google,Static,2026-06-29,no
ADV-248,Retail and ecommerce,Meta,Carousel,2026-07-25,no
ADV-545,Retail and ecommerce,Google,Carousel,2026-08-20,yes
ADV-429,Education,Google,Static,2026-05-16,no
ADV-159,Retail and ecommerce,Meta,Carousel,2026-08-22,yes
ADV-172,Public sector,Meta,Video,2026-07-07,no
ADV-172,Education,Meta,Video,2026-09-08,yes
ADV-159,Public sector,Google,Carousel,2026-07-03,yes
ADV-944,Public sector,Meta,Carousel,2026-08-03,yes
ADV-172,Technology and SaaS,Meta,Video,2026-06-06,no
ADV-944,Energy,Meta,Static,2026-07-12,no
ADV-944,Technology and SaaS,Meta,Carousel,2026-07-12,yes
ADV-944,Media and publishing,Meta,Carousel,2026-05-22,yes
ADV-429,Media and publishing,Google,Video,2026-06-18,no
ADV-835,Media and publishing,Meta,Carousel,2026-05-18,no
ADV-835,Public sector,Google,Video,2026-06-29,no
ADV-835,Media and publishing,Meta,Video,2026-06-27,yes
ADV-545,Technology and SaaS,Meta,Video,2026-07-19,no
ADV-545,Technology and SaaS,Meta,Video,2026-07-01,no
ADV-429,Education,Meta,Video,2026-07-04,yes
ADV-835,Media and publishing,Meta,Video,2026-07-18,yes
ADV-159,Energy,Meta,Carousel,2026-06-28,no
ADV-944,Energy,Meta,Video,2026-08-04,no
ADV-835,Media and publishing,Google,Static,2026-07-31,yes
ADV-248,Media and publishing,Google,Video,2026-08-05,no
ADV-429,Retail and ecommerce,Google,Static,2026-06-06,no
ADV-159,Technology and SaaS,Meta,Video,2026-09-09,no
ADV-172,Public sector,Meta,Video,2026-07-20,yes
ADV-429,Retail and ecommerce,Meta,Carousel,2026-06-21,no
ADV-545,Technology and SaaS,Google,Video,2026-08-09,yes
ADV-159,Technology and SaaS,Google,Video,2026-08-22,yes
ADV-545,Media and publishing,Google,Video,2026-05-26,yes
ADV-545,Technology and SaaS,Meta,Carousel,2026-08-03,no
ADV-429,Media and publishing,Google,Video,2026-08-04,no
ADV-172,Media and publishing,Meta,Video,2026-07-31,no
ADV-159,Public sector,Meta,Video,2026-07-25,yes
ADV-159,Technology and SaaS,Google,Carousel,2026-07-07,yes
ADV-429,Public sector,Meta,Video,2026-06-17,yes
ADV-248,Media and publishing,Google,Video,2026-06-26,no
ADV-312,Public sector,Google,Video,2026-07-13,yes
ADV-172,Public sector,Meta,Video,2026-06-24,no
ADV-159,Media and publishing,Meta,Video,2026-08-26,yes
ADV-545,Retail and ecommerce,Meta,Carousel,2026-05-17,no
ADV-835,Media and publishing,Google,Video,2026-07-04,yes
ADV-172,Technology and SaaS,Meta,Carousel,2026-06-27,yes
ADV-172,Technology and SaaS,Google,Video,2026-06-27,yes
ADV-944,Public sector,Meta,Video,2026-07-16,no
ADV-545,Media and publishing,Meta,Video,2026-05-26,yes
ADV-944,Technology and SaaS,Meta,Carousel,2026-08-13,yes
ADV-248,Retail and ecommerce,Meta,Video,2026-07-04,yes
ADV-172,Public sector,Google,Carousel,2026-07-29,no
ADV-159,Technology and SaaS,Meta,Video,2026-08-26,yes
ADV-248,Energy,Meta,Carousel,2026-07-18,no
ADV-429,Energy,Google,Video,2026-07-20,yes
ADV-835,Technology and SaaS,Google,Video,2026-07-20,no
ADV-159,Media and publishing,Meta,Carousel,2026-07-07,no
ADV-835,Public sector,Meta,Video,2026-09-12,yes
ADV-159,Media and publishing,Meta,Video,2026-06-06,no
ADV-944,Technology and SaaS,Google,Video,2026-07-03,yes
ADV-159,Media and publishing,Google,Carousel,2026-06-26,yes
ADV-944,Public sector,Google,Video,2026-05-30,no
ADV-429,Technology and SaaS,Google,Carousel,2026-07-26,no
ADV-172,Energy,Meta,Carousel,2026-08-22,yes
ADV-312,Education,Meta,Video,2026-06-25,no
ADV-248,Technology and SaaS,Google,Static,2026-09-07,no
ADV-159,Education,Google,Video,2026-07-31,yes
ADV-172,Media and publishing,Meta,Carousel,2026-06-24,yes
ADV-248,Media and publishing,Google,Video,2026-06-22,no
ADV-172,Public sector,Google,Video,2026-06-24,no
ADV-172,Media and publishing,Google,Video,2026-06-21,no
ADV-312,Public sector,Meta,Video,2026-08-27,no
ADV-944,Technology and SaaS,Google,Video,2026-08-30,no
ADV-248,Media and publishing,Meta,Video,2026-07-26,yes
ADV-159,Public sector,Google,Video,2026-08-10,yes
ADV-172,Public sector,Google,Video,2026-07-13,no
ADV-248,Technology and SaaS,Meta,Carousel,2026-07-30,yes
ADV-429,Media and publishing,Meta,Video,2026-08-20,yes
ADV-835,Technology and SaaS,Google,Carousel,2026-05-18,no
ADV-248,Public sector,Meta,Video,2026-08-20,no
ADV-312,Retail and ecommerce,Meta,Carousel,2026-09-02,no
ADV-172,Energy,Google,Video,2026-08-19,no
ADV-944,Technology and SaaS,Google,Static,2026-08-14,no
ADV-429,Media and publishing,Meta,Video,2026-08-02,yes
ADV-248,Energy,Google,Video,2026-07-22,yes
ADV-312,Media and publishing,Google,Carousel,2026-08-21,no
ADV-248,Public sector,Meta,Carousel,2026-05-20,yes
ADV-248,Retail and ecommerce,Google,Video,2026-07-01,no
ADV-248,Media and publishing,Meta,Video,2026-06-05,yes
ADV-545,Education,Meta,Video,2026-05-23,yes
ADV-248,Technology and SaaS,Meta,Video,2026-06-06,yes
ADV-545,Media and publishing,Google,Video,2026-06-19,no
ADV-172,Media and publishing,Google,Carousel,2026-06-20,no
ADV-312,Public sector,Meta,Carousel,2026-06-21,yes
ADV-172,Technology and SaaS,Meta,Video,2026-06-17,yes
ADV-429,Technology and SaaS,Google,Video,2026-08-28,yes
ADV-944,Public sector,Meta,Carousel,2026-07-26,yes
ADV-944,Media and publishing,Meta,Carousel,2026-06-03,no
ADV-312,Technology and SaaS,Meta,Carousel,2026-06-07,no
ADV-172,Technology and SaaS,Meta,Carousel,2026-06-29,yes
ADV-159,Retail and ecommerce,Google,Static,2026-07-04,yes
ADV-312,Energy,Google,Video,2026-06-14,no
ADV-429,Education,Meta,Video,2026-06-05,yes
ADV-545,Media and publishing,Google,Static,2026-07-14,yes
ADV-248,Media and publishing,Meta,Carousel,2026-08-18,no
ADV-172,Retail and ecommerce,Meta,Static,2026-08-22,yes
ADV-944,Technology and SaaS,Google,Static,2026-08-14,no
ADV-159,Media and publishing,Meta,Video,2026-08-03,yes
ADV-944,Media and publishing,Meta,Carousel,2026-06-03,no
ADV-944,Education,Meta,Video,2026-07-09,no
ADV-944,Energy,Meta,Video,2026-05-17,no
ADV-545,Technology and SaaS,Meta,Video,2026-08-18,yes
ADV-429,Education,Meta,Video,2026-06-21,no
ADV-429,Media and publishing,Google,Carousel,2026-09-03,no
ADV-172,Public sector,Google,Carousel,2026-09-06,yes
ADV-312,Technology and SaaS,Meta,Video,2026-05-18,no
ADV-545,Education,Meta,Video,2026-07-04,yes
ADV-248,Education,Meta,Carousel,2026-06-07,yes
ADV-429,Media and publishing,Meta,Video,2026-06-13,yes
ADV-248,Education,Meta,Video,2026-09-05,no
ADV-312,Retail and ecommerce,Google,Carousel,2026-08-24,yes
ADV-429,Public sector,Google,Static,2026-08-14,yes
ADV-248,Technology and SaaS,Meta,Static,2026-08-05,yes
ADV-248,Education,Google,Video,2026-06-20,yes
ADV-248,Technology and SaaS,Meta,Carousel,2026-06-22,no
ADV-545,Public sector,Google,Video,2026-07-08,yes
ADV-429,Technology and SaaS,Google,Carousel,2026-07-27,yes
ADV-944,Public sector,Meta,Video,2026-08-03,yes
ADV-429,Media and publishing,Google,Video,2026-07-04,no
ADV-429,Technology and SaaS,Google,Video,2026-06-11,yes
ADV-545,Technology and SaaS,Meta,Video,2026-08-16,no
ADV-312,Media and publishing,Meta,Static,2026-08-11,yes
ADV-429,Education,Meta,Video,2026-07-19,no
ADV-159,Media and publishing,Meta,Video,2026-08-08,yes
ADV-835,Public sector,Meta,Carousel,2026-06-06,yes
ADV-835,Technology and SaaS,Meta,Video,2026-06-25,no
ADV-429,Energy,Google,Video,2026-06-20,no
ADV-835,Technology and SaaS,Google,Video,2026-07-13,no
ADV-248,Technology and SaaS,Meta,Static,2026-09-05,no
ADV-312,Media and publishing,Meta,Video,2026-08-25,no
ADV-172,Technology and SaaS,Google,Video,2026-05-19,yes
ADV-172,Energy,Meta,Static,2026-07-22,no
ADV-312,Media and publishing,Meta,Carousel,2026-07-04,no
ADV-835,Energy,Google,Carousel,2026-08-29,no
ADV-545,Public sector,Meta,Static,2026-05-18,no
ADV-172,Technology and SaaS,Meta,Carousel,2026-06-22,yes
ADV-312,Education,Meta,Static,2026-05-25,yes
ADV-312,Technology and SaaS,Meta,Video,2026-08-22,no
ADV-172,Education,Meta,Video,2026-07-23,yes
ADV-835,Public sector,Google,Video,2026-07-29,no
ADV-248,Public sector,Meta,Video,2026-06-28,yes
ADV-159,Media and publishing,Google,Video,2026-08-31,no
ADV-835,Media and publishing,Google,Static,2026-09-07,no
ADV-429,Education,Meta,Video,2026-05-21,yes
ADV-429,Public sector,Meta,Video,2026-08-22,yes
ADV-248,Media and publishing,Google,Video,2026-05-25,yes
ADV-835,Technology and SaaS,Google,Static,2026-08-02,no
ADV-429,Education,Google,Carousel,2026-08-06,yes
ADV-312,Media and publishing,Google,Video,2026-05-24,yes
ADV-835,Public sector,Meta,Static,2026-06-18,yes
ADV-944,Media and publishing,Google,Video,2026-07-14,no
ADV-159,Technology and SaaS,Meta,Video,2026-05-28,no
ADV-172,Media and publishing,Google,Carousel,2026-06-29,no
ADV-248,Technology and SaaS,Google,Carousel,2026-07-31,no
ADV-429,Education,Meta,Video,2026-08-31,no
ADV-429,Public sector,Google,Static,2026-06-22,yes
ADV-248,Education,Google,Video,2026-08-16,yes
ADV-545,Education,Google,Carousel,2026-07-21,yes
ADV-172,Energy,Google,Video,2026-06-07,yes
ADV-944,Media and publishing,Google,Video,2026-05-19,yes
ADV-429,Technology and SaaS,Meta,Video,2026-05-22,no
ADV-312,Media and publishing,Meta,Carousel,2026-06-01,yes
ADV-835,Public sector,Google,Video,2026-07-08,yes
ADV-159,Technology and SaaS,Meta,Video,2026-08-16,yes
ADV-429,Technology and SaaS,Meta,Carousel,2026-07-24,no
ADV-944,Public sector,Meta,Carousel,2026-06-08,no
ADV-944,Media and publishing,Google,Carousel,2026-06-21,no
ADV-312,Public sector,Google,Video,2026-07-30,no
ADV-545,Retail and ecommerce,Google,Carousel,2026-06-29,yes
ADV-429,Technology and SaaS,Meta,Video,2026-07-12,yes
ADV-312,Energy,Google,Static,2026-05-18,yes
ADV-944,Retail and ecommerce,Meta,Video,2026-05-20,no
ADV-944,Public sector,Meta,Carousel,2026-07-12,yes
ADV-172,Technology and SaaS,Google,Static,2026-08-15,no
ADV-835,Media and publishing,Meta,Video,2026-06-17,no
ADV-248,Education,Meta,Carousel,2026-07-21,yes
ADV-835,Energy,Meta,Carousel,2026-07-09,no
ADV-312,Media and publishing,Google,Carousel,2026-05-16,no
ADV-835,Retail and ecommerce,Meta,Static,2026-07-08,yes
ADV-312,Media and publishing,Google,Video,2026-08-01,no
ADV-172,Technology and SaaS,Meta,Carousel,2026-09-12,yes
ADV-159,Media and publishing,Google,Video,2026-07-08,no
ADV-429,Media and publishing,Meta,Carousel,2026-06-11,no
ADV-248,Public sector,Google,Carousel,2026-06-15,yes
ADV-944,Technology and SaaS,Meta,Carousel,2026-07-29,yes
ADV-545,Media and publishing,Meta,Carousel,2026-05-28,yes
ADV-172,Media and publishing,Meta,Carousel,2026-05-25,yes
ADV-545,Public sector,Google,Video,2026-07-03,yes
ADV-545,Education,Google,Video,2026-06-09,no
ADV-429,Public sector,Google,Carousel,2026-08-13,yes
ADV-248,Energy,Google,Video,2026-07-21,yes
ADV-248,Technology and SaaS,Google,Carousel,2026-08-10,no
ADV-545,Media and publishing,Google,Carousel,2026-08-23,no
ADV-835,Technology and SaaS,Google,Carousel,2026-05-27,yes
ADV-944,Media and publishing,Meta,Carousel,2026-06-14,yes
ADV-835,Energy,Google,Carousel,2026-05-22,yes
ADV-312,Retail and ecommerce,Google,Video,2026-05-23,yes
ADV-312,Media and publishing,Meta,Carousel,2026-07-25,no
ADV-944,Media and publishing,Meta,Video,2026-08-31,no
ADV-545,Energy,Meta,Video,2026-07-25,no
ADV-172,Technology and SaaS,Meta,Carousel,2026-06-18,yes
ADV-159,Technology and SaaS,Google,Video,2026-08-26,no
ADV-429,Energy,Google,Video,2026-08-06,no
ADV-835,Technology and SaaS,Google,Video,2026-06-13,yes
ADV-944,Media and publishing,Google,Video,2026-05-24,no
ADV-545,Education,Google,Static,2026-08-12,yes
ADV-172,Technology and SaaS,Google,Carousel,2026-07-05,no
ADV-159,Media and publishing,Google,Video,2026-08-26,yes
ADV-944,Technology and SaaS,Google,Video,2026-08-24,yes
ADV-172,Technology and SaaS,Meta,Video,2026-05-30,no
ADV-944,Energy,Meta,Video,2026-08-17,yes
ADV-248,Media and publishing,Google,Video,2026-08-15,no
ADV-944,Technology and SaaS,Meta,Video,2026-08-20,no
ADV-159,Technology and SaaS,Meta,Static,2026-07-04,yes
ADV-429,Media and publishing,Meta,Static,2026-06-04,yes
ADV-159,Media and publishing,Meta,Video,2026-06-27,yes
ADV-835,Technology and SaaS,Google,Carousel,2026-09-04,no
ADV-159,Technology and SaaS,Meta,Video,2026-08-21,yes
ADV-172,Technology and SaaS,Meta,Video,2026-06-07,no
ADV-159,Public sector,Meta,Video,2026-07-10,yes
ADV-159,Education,Meta,Video,2026-07-11,no
ADV-545,Energy,Google,Static,2026-07-28,no
ADV-545,Technology and SaaS,Google,Carousel,2026-07-31,yes
ADV-312,Education,Google,Video,2026-08-01,yes
ADV-312,Education,Meta,Carousel,2026-08-22,yes
ADV-835,Media and publishing,Google,Carousel,2026-08-07,yes
ADV-312,Media and publishing,Google,Carousel,2026-08-03,yes
ADV-429,Media and publishing,Google,Carousel,2026-08-13,no
ADV-545,Retail and ecommerce,Meta,Video,2026-06-06,yes
ADV-545,Retail and ecommerce,Meta,Static,2026-07-09,no
ADV-944,Technology and SaaS,Google,Video,2026-07-16,yes
ADV-159,Technology and SaaS,Google,Video,2026-07-21,no
ADV-248,Energy,Meta,Static,2026-08-20,yes
ADV-835,Education,Google,Video,2026-08-22,no
ADV-312,Energy,Google,Video,2026-05-30,no
ADV-248,Media and publishing,Meta,Video,2026-08-14,no
ADV-835,Energy,Google,Video,2026-06-09,yes
ADV-944,Education,Meta,Carousel,2026-09-11,yes
ADV-835,Education,Google,Carousel,2026-07-02,no
ADV-944,Energy,Meta,Video,2026-07-24,yes
ADV-545,Technology and SaaS,Google,Static,2026-08-26,yes
ADV-545,Technology and SaaS,Google,Carousel,2026-08-18,yes
ADV-248,Media and publishing,Google,Video,2026-07-01,no
ADV-944,Public sector,Google,Static,2026-05-28,yes
ADV-545,Education,Meta,Carousel,2026-07-15,no
ADV-312,Energy,Meta,Carousel,2026-07-30,no
ADV-429,Technology and SaaS,Meta,Carousel,2026-06-17,yes
ADV-248,Technology and SaaS,Google,Video,2026-06-02,yes
ADV-159,Education,Google,Video,2026-08-05,no
ADV-944,Media and publishing,Meta,Carousel,2026-08-13,no
ADV-944,Public sector,Meta,Carousel,2026-06-18,yes
ADV-248,Technology and SaaS,Meta,Carousel,2026-06-20,yes
ADV-172,Public sector,Google,Video,2026-06-15,no
ADV-312,Education,Meta,Video,2026-06-19,no
ADV-159,Education,Google,Video,2026-05-30,no
ADV-545,Retail and ecommerce,Google,Carousel,2026-08-02,yes
ADV-248,Retail and ecommerce,Google,Video,2026-08-31,no
ADV-429,Retail and ecommerce,Meta,Video,2026-07-04,no
ADV-429,Technology and SaaS,Meta,Carousel,2026-08-01,yes
ADV-835,Media and publishing,Google,Video,2026-07-17,no
ADV-312,Media and publishing,Meta,Static,2026-08-07,no
ADV-835,Education,Meta,Video,2026-07-01,yes
ADV-172,Technology and SaaS,Google,Video,2026-06-07,no
ADV-159,Media and publishing,Google,Video,2026-08-20,yes
ADV-944,Education,Google,Video,2026-08-09,yes
ADV-312,Media and publishing,Google,Carousel,2026-06-27,no
ADV-312,Media and publishing,Google,Video,2026-05-17,yes
ADV-429,Education,Meta,Video,2026-06-18,yes
ADV-172,Education,Meta,Video,2026-09-10,no
ADV-545,Education,Meta,Video,2026-06-11,yes
ADV-248,Technology and SaaS,Google,Static,2026-08-23,yes
ADV-944,Media and publishing,Meta,Carousel,2026-05-26,no
ADV-248,Technology and SaaS,Meta,Static,2026-07-11,yes
ADV-159,Energy,Google,Video,2026-07-18,yes
ADV-159,Education,Google,Video,2026-07-31,no
ADV-248,Retail and ecommerce,Meta,Carousel,2026-06-26,yes
ADV-159,Media and publishing,Google,Carousel,2026-08-21,yes
ADV-159,Technology and SaaS,Google,Carousel,2026-07-31,no
ADV-429,Technology and SaaS,Meta,Carousel,2026-05-25,yes
ADV-172,Technology and SaaS,Google,Video,2026-07-12,yes
ADV-312,Technology and SaaS,Meta,Carousel,2026-09-09,no
ADV-545,Media and publishing,Google,Carousel,2026-08-24,yes
ADV-429,Public sector,Google,Carousel,2026-08-16,no
ADV-312,Retail and ecommerce,Meta,Carousel,2026-08-02,yes
ADV-429,Education,Meta,Static,2026-07-27,yes
ADV-159,Retail and ecommerce,Meta,Carousel,2026-08-24,no
ADV-248,Energy,Google,Carousel,2026-08-19,no
ADV-159,Energy,Meta,Video,2026-06-03,yes
ADV-835,Technology and SaaS,Google,Carousel,2026-09-07,yes
ADV-248,Media and publishing,Meta,Static,2026-08-28,no
ADV-312,Technology and SaaS,Google,Video,2026-08-03,no
ADV-248,Retail and ecommerce,Meta,Static,2026-06-09,yes
ADV-172,Public sector,Google,Carousel,2026-08-29,no
ADV-545,Retail and ecommerce,Google,Video,2026-06-28,no
ADV-159,Technology and SaaS,Google,Carousel,2026-07-05,yes
ADV-248,Retail and ecommerce,Meta,Carousel,2026-07-11,yes
ADV-835,Media and publishing,Google,Video,2026-09-03,yes
ADV-312,Education,Meta,Video,2026-08-19,yes
ADV-172,Energy,Meta,Video,2026-07-19,yes
ADV-835,Public sector,Google,Static,2026-05-31,yes
ADV-835,Retail and ecommerce,Google,Carousel,2026-06-18,yes
ADV-248,Education,Meta,Video,2026-08-07,yes
ADV-172,Energy,Google,Video,2026-05-20,yes
ADV-172,Public sector,Google,Video,2026-05-22,no
ADV-545,Media and publishing,Meta,Video,2026-08-05,yes
ADV-172,Technology and SaaS,Google,Carousel,2026-06-25,no
ADV-172,Retail and ecommerce,Meta,Video,2026-07-17,no
ADV-835,Technology and SaaS,Meta,Carousel,2026-06-04,no
ADV-545,Retail and ecommerce,Meta,Carousel,2026-06-19,yes
ADV-172,Energy,Meta,Video,2026-07-20,yes
ADV-312,Retail and ecommerce,Google,Video,2026-08-04,yes
ADV-835,Education,Google,Video,2026-08-07,no
ADV-429,Media and publishing,Meta,Carousel,2026-06-03,yes
ADV-248,Technology and SaaS,Google,Video,2026-08-11,no
ADV-248,Technology and SaaS,Meta,Video,2026-06-14,yes
ADV-312,Media and publishing,Google,Static,2026-07-16,no
ADV-172,Media and publishing,Google,Video,2026-07-26,no
ADV-835,Public sector,Google,Video,2026-06-03,yes
ADV-545,Energy,Meta,Video,2026-06-01,no
ADV-248,Media and publishing,Google,Video,2026-07-29,no
ADV-545,Media and publishing,Google,Carousel,2026-06-04,yes
ADV-159,Energy,Google,Video,2026-07-25,yes
ADV-172,Media and publishing,Google,Video,2026-05-25,yes
ADV-429,Media and publishing,Meta,Video,2026-07-26,yes
ADV-835,Public sector,Meta,Static,2026-07-27,no
ADV-944,Media and publishing,Meta,Video,2026-06-08,no
ADV-429,Technology and SaaS,Google,Carousel,2026-09-12,no
ADV-248,Media and publishing,Google,Video,2026-08-05,yes
ADV-835,Retail and ecommerce,Google,Carousel,2026-06-17,yes
ADV-248,Technology and SaaS,Google,Carousel,2026-07-31,yes
ADV-545,Public sector,Google,Static,2026-07-16,yes
ADV-429,Education,Meta,Carousel,2026-06-13,yes
ADV-429,Public sector,Meta,Video,2026-06-16,yes
ADV-944,Media and publishing,Google,Carousel,2026-08-13,yes
ADV-835,Retail and ecommerce,Google,Carousel,2026-08-17,yes
ADV-248,Public sector,Meta,Carousel,2026-05-19,no
ADV-835,Technology and SaaS,Google,Video,2026-07-11,no
ADV-944,Retail and ecommerce,Meta,Static,2026-08-05,no
ADV-172,Energy,Google,Video,2026-08-03,yes
ADV-159,Media and publishing,Meta,Video,2026-06-13,yes
ADV-545,Media and publishing,Meta,Carousel,2026-05-26,yes
ADV-429,Education,Google,Video,2026-07-01,no
ADV-248,Media and publishing,Meta,Video,2026-06-02,yes
ADV-545,Technology and SaaS,Google,Video,2026-07-25,no
ADV-429,Technology and SaaS,Meta,Carousel,2026-08-01,yes
ADV-312,Public sector,Google,Video,2026-08-12,no
ADV-944,Technology and SaaS,Google,Static,2026-06-04,no
ADV-944,Education,Meta,Carousel,2026-07-26,no
ADV-835,Retail and ecommerce,Google,Carousel,2026-08-25,no
ADV-312,Education,Meta,Carousel,2026-06-14,no
ADV-429,Media and publishing,Meta,Static,2026-05-20,yes
ADV-429,Energy,Meta,Video,2026-07-21,no
ADV-159,Retail and ecommerce,Google,Static,2026-08-14,yes
ADV-944,Energy,Google,Video,2026-08-03,yes
ADV-429,Technology and SaaS,Meta,Video,2026-06-05,no
ADV-172,Education,Google,Carousel,2026-06-28,yes
ADV-429,Media and publishing,Meta,Video,2026-09-05,yes
ADV-429,Technology and SaaS,Google,Video,2026-09-04,no
ADV-248,Energy,Google,Video,2026-06-11,no
ADV-312,Education,Meta,Static,2026-09-02,no
ADV-159,Media and publishing,Meta,Carousel,2026-07-01,yes
ADV-944,Media and publishing,Meta,Carousel,2026-06-10,no
ADV-545,Energy,Meta,Video,2026-09-06,yes
ADV-545,Energy,Google,Static,2026-07-22,no
ADV-944,Retail and ecommerce,Google,Video,2026-08-11,no
ADV-429,Public sector,Google,Carousel,2026-07-18,no
ADV-429,Public sector,Meta,Carousel,2026-06-06,yes
ADV-172,Technology and SaaS,Meta,Static,2026-07-03,yes
ADV-172,Technology and SaaS,Meta,Carousel,2026-08-19,no
ADV-835,Technology and SaaS,Meta,Video,2026-06-13,no
ADV-159,Public sector,Meta,Video,2026-09-01,yes
ADV-944,Public sector,Google,Carousel,2026-05-28,yes
ADV-835,Energy,Google,Carousel,2026-07-27,no
ADV-312,Technology and SaaS,Meta,Carousel,2026-06-14,yes
ADV-545,Public sector,Meta,Video,2026-08-10,no
ADV-248,Media and publishing,Google,Video,2026-09-04,no
ADV-248,Public sector,Google,Video,2026-07-10,yes
ADV-835,Public sector,Meta,Video,2026-09-01,no
ADV-835,Media and publishing,Google,Carousel,2026-06-18,yes
ADV-429,Technology and SaaS,Google,Carousel,2026-06-05,no
ADV-944,Public sector,Meta,Carousel,2026-05-29,yes
ADV-248,Media and publishing,Google,Video,2026-08-27,no
ADV-835,Media and publishing,Google,Video,2026-08-12,yes
ADV-159,Media and publishing,Meta,Carousel,2026-08-01,no
ADV-835,Technology and SaaS,Meta,Video,2026-08-28,yes
ADV-172,Technology and SaaS,Meta,Carousel,2026-08-07,no
ADV-159,Media and publishing,Google,Static,2026-05-20,no
ADV-835,Technology and SaaS,Google,Video,2026-07-24,yes
ADV-172,Public sector,Meta,Carousel,2026-06-11,yes
ADV-835,Energy,Meta,Video,2026-06-10,yes
ADV-159,Technology and SaaS,Meta,Video,2026-09-03,no
ADV-312,Retail and ecommerce,Google,Video,2026-07-14,yes
ADV-312,Public sector,Google,Video,2026-05-26,yes
ADV-159,Technology and SaaS,Google,Video,2026-09-06,yes
ADV-835,Education,Meta,Video,2026-09-01,yes
ADV-835,Technology and SaaS,Google,Carousel,2026-07-26,no
ADV-944,Media and publishing,Google,Video,2026-09-10,yes
ADV-429,Retail and ecommerce,Meta,Carousel,2026-08-05,no
ADV-835,Education,Meta,Static,2026-08-13,no
ADV-248,Media and publishing,Google,Video,2026-07-18,yes
ADV-312,Education,Google,Video,2026-06-20,no
ADV-312,Retail and ecommerce,Meta,Carousel,2026-07-06,yes
ADV-172,Energy,Google,Carousel,2026-06-05,no
ADV-835,Public sector,Google,Video,2026-06-11,no
ADV-944,Retail and ecommerce,Google,Carousel,2026-05-22,yes
ADV-429,Technology and SaaS,Meta,Video,2026-07-23,yes
ADV-312,Retail and ecommerce,Meta,Carousel,2026-07-25,no
ADV-312,Education,Meta,Video,2026-07-11,no
ADV-159,Technology and SaaS,Meta,Video,2026-08-04,no
ADV-835,Technology and SaaS,Google,Carousel,2026-07-05,no
ADV-545,Technology and SaaS,Google,Video,2026-08-29,no
ADV-312,Media and publishing,Google,Video,2026-09-10,yes
ADV-835,Retail and ecommerce,Meta,Static,2026-07-02,yes
ADV-312,Education,Meta,Static,2026-07-09,yes
ADV-429,Technology and SaaS,Google,Video,2026-07-18,no
ADV-312,Public sector,Meta,Carousel,2026-08-15,yes
ADV-159,Education,Google,Video,2026-07-14,yes
ADV-545,Energy,Meta,Video,2026-06-26,yes
ADV-944,Energy,Meta,Video,2026-09-05,no
ADV-172,Media and publishing,Google,Video,2026-07-04,no
ADV-172,Media and publishing,Meta,Video,2026-08-18,no
ADV-159,Energy,Google,Video,2026-08-16,yes
ADV-248,Public sector,Google,Video,2026-08-02,yes
ADV-835,Public sector,Meta,Video,2026-08-22,yes
ADV-312,Media and publishing,Meta,Carousel,2026-06-02,no
ADV-944,Technology and SaaS,Google,Video,2026-06-02,yes
ADV-312,Media and publishing,Meta,Carousel,2026-08-29,no
ADV-944,Retail and ecommerce,Google,Carousel,2026-07-31,yes
ADV-172,Technology and SaaS,Meta,Video,2026-05-18,no
ADV-545,Retail and ecommerce,Google,Video,2026-07-01,yes
ADV-429,Energy,Google,Video,2026-08-02,yes
ADV-172,Public sector,Meta,Carousel,2026-05-16,no
ADV-248,Technology and SaaS,Google,Video,2026-08-23,no
ADV-944,Media and publishing,Meta,Carousel,2026-09-11,yes
ADV-545,Retail and ecommerce,Google,Carousel,2026-08-28,yes
ADV-545,Technology and SaaS,Meta,Video,2026-09-12,yes
ADV-545,Energy,Meta,Carousel,2026-06-28,yes
ADV-159,Retail and ecommerce,Meta,Carousel,2026-06-19,yes
ADV-545,Media and publishing,Google,Static,2026-07-02,yes
ADV-248,Technology and SaaS,Meta,Video,2026-08-06,no
ADV-944,Education,Google,Carousel,2026-06-02,yes
ADV-172,Media and publishing,Google,Static,2026-06-15,yes
ADV-835,Media and publishing,Google,Carousel,2026-08-31,no
ADV-944,Retail and ecommerce,Google,Video,2026-09-11,yes
ADV-545,Technology and SaaS,Google,Video,2026-07-01,yes
ADV-159,Energy,Meta,Video,2026-07-16,no
ADV-312,Education,Google,Video,2026-09-04,no
ADV-248,Technology and SaaS,Meta,Static,2026-06-02,no
ADV-312,Media and publishing,Meta,Carousel,2026-09-04,no
ADV-172,Media and publishing,Meta,Carousel,2026-06-08,no
ADV-172,Media and publishing,Meta,Carousel,2026-07-07,no
ADV-248,Energy,Meta,Video,2026-08-23,yes
ADV-429,Education,Meta,Carousel,2026-06-10,no
ADV-944,Energy,Google,Video,2026-07-07,yes
ADV-545,Public sector,Meta,Carousel,2026-09-12,yes
ADV-248,Education,Meta,Carousel,2026-07-25,yes
ADV-835,Energy,Meta,Carousel,2026-05-20,no
ADV-944,Energy,Google,Video,2026-08-20,no
ADV-172,Public sector,Google,Video,2026-07-29,no
ADV-159,Retail and ecommerce,Google,Carousel,2026-07-13,yes
ADV-429,Retail and ecommerce,Google,Video,2026-07-04,yes
ADV-159,Public sector,Meta,Video,2026-08-23,no
ADV-835,Technology and SaaS,Meta,Carousel,2026-07-18,yes
ADV-944,Retail and ecommerce,Google,Video,2026-06-13,no
ADV-248,Retail and ecommerce,Google,Video,2026-09-03,no
ADV-429,Energy,Meta,Video,2026-08-02,yes
ADV-172,Media and publishing,Google,Video,2026-09-04,no
ADV-172,Retail and ecommerce,Google,Video,2026-08-26,yes
ADV-172,Technology and SaaS,Google,Video,2026-06-17,no
ADV-248,Energy,Google,Video,2026-06-26,yes
ADV-835,Education,Google,Video,2026-08-02,yes
ADV-545,Technology and SaaS,Meta,Video,2026-06-13,no
ADV-835,Public sector,Meta,Video,2026-05-21,no
ADV-429,Technology and SaaS,Meta,Video,2026-06-03,no
ADV-159,Education,Meta,Video,2026-05-20,yes
ADV-159,Retail and ecommerce,Meta,Carousel,2026-07-30,no
ADV-835,Education,Meta,Carousel,2026-07-02,yes
ADV-944,Retail and ecommerce,Google,Carousel,2026-07-11,yes
ADV-172,Media and publishing,Google,Video,2026-05-27,no
ADV-545,Energy,Google,Video,2026-06-05,no
ADV-545,Education,Meta,Carousel,2026-07-24,yes
ADV-835,Retail and ecommerce,Meta,Video,2026-06-30,no
ADV-944,Technology and SaaS,Meta,Video,2026-07-27,no
ADV-835,Technology and SaaS,Meta,Video,2026-08-04,no
ADV-429,Energy,Meta,Carousel,2026-07-09,yes
ADV-429,Media and publishing,Google,Video,2026-08-18,no
ADV-944,Media and publishing,Google,Video,2026-07-13,no
ADV-248,Media and publishing,Meta,Video,2026-05-29,no
ADV-944,Energy,Google,Video,2026-09-09,no
ADV-545,Retail and ecommerce,Meta,Carousel,2026-06-25,yes
ADV-312,Energy,Meta,Video,2026-06-26,yes
ADV-944,Technology and SaaS,Meta,Video,2026-06-07,no
ADV-429,Energy,Meta,Static,2026-05-26,yes
ADV-172,Media and publishing,Google,Video,2026-08-04,no
ADV-248,Energy,Meta,Video,2026-09-12,no
ADV-545,Media and publishing,Meta,Video,2026-06-03,no
ADV-835,Technology and SaaS,Meta,Carousel,2026-07-10,yes
ADV-248,Media and publishing,Google,Video,2026-07-29,no
ADV-545,Technology and SaaS,Google,Video,2026-06-26,yes
ADV-944,Technology and SaaS,Google,Carousel,2026-07-21,yes
ADV-429,Public sector,Google,Carousel,2026-08-29,no
ADV-159,Technology and SaaS,Meta,Video,2026-06-06,yes
ADV-429,Energy,Google,Video,2026-07-29,yes
ADV-429,Public sector,Google,Static,2026-07-09,no
ADV-944,Media and publishing,Google,Carousel,2026-08-27,no
ADV-248,Technology and SaaS,Meta,Carousel,2026-06-29,yes
ADV-159,Public sector,Meta,Carousel,2026-06-17,no
ADV-429,Technology and SaaS,Meta,Static,2026-07-13,no
ADV-248,Media and publishing,Google,Carousel,2026-07-03,no
ADV-312,Education,Meta,Video,2026-08-22,yes
ADV-248,Public sector,Google,Video,2026-09-11,no
ADV-159,Retail and ecommerce,Google,Carousel,2026-09-03,yes
ADV-172,Media and publishing,Google,Static,2026-07-20,no
ADV-172,Education,Google,Video,2026-07-30,no
ADV-545,Media and publishing,Google,Video,2026-09-02,no
ADV-159,Retail and ecommerce,Meta,Carousel,2026-06-17,no
ADV-944,Retail and ecommerce,Google,Video,2026-08-03,yes
ADV-429,Public sector,Google,Video,2026-05-28,yes
ADV-172,Education,Meta,Carousel,2026-05-18,no
ADV-429,Media and publishing,Meta,Video,2026-07-26,yes
ADV-944,Energy,Meta,Video,2026-08-08,yes
ADV-835,Education,Meta,Static,2026-08-08,yes
ADV-835,Technology and SaaS,Meta,Video,2026-07-29,no
ADV-159,Media and publishing,Meta,Video,2026-06-09,no
ADV-545,Media and publishing,Meta,Carousel,2026-06-07,no
ADV-429,Education,Google,Video,2026-09-05,no
ADV-429,Media and publishing,Meta,Video,2026-07-18,yes
ADV-248,Media and publishing,Google,Static,2026-06-21,yes
ADV-248,Energy,Google,Carousel,2026-08-30,yes
ADV-429,Media and publishing,Google,Video,2026-05-24,yes
ADV-312,Retail and ecommerce,Google,Carousel,2026-08-17,yes
ADV-312,Technology and SaaS,Meta,Carousel,2026-06-14,yes
ADV-248,Technology and SaaS,Google,Video,2026-08-04,no
ADV-248,Energy,Google,Video,2026-05-23,no
ADV-312,Media and publishing,Google,Video,2026-08-21,yes
ADV-429,Education,Google,Video,2026-08-01,yes
ADV-835,Energy,Google,Video,2026-05-23,yes
ADV-944,Energy,Google,Static,2026-05-24,yes
ADV-248,Education,Meta,Video,2026-07-15,yes
ADV-248,Media and publishing,Meta,Carousel,2026-08-17,no
ADV-835,Education,Google,Static,2026-07-22,yes
ADV-545,Media and publishing,Google,Video,2026-05-18,yes
ADV-159,Energy,Meta,Carousel,2026-06-12,no
ADV-312,Energy,Meta,Static,2026-05-29,no
ADV-835,Education,Google,Static,2026-08-27,yes
ADV-835,Technology and SaaS,Meta,Carousel,2026-06-24,no
ADV-312,Technology and SaaS,Meta,Video,2026-06-13,no
ADV-944,Media and publishing,Meta,Static,2026-08-11,no
ADV-159,Technology and SaaS,Meta,Video,2026-08-04,no
ADV-545,Media and publishing,Google,Static,2026-08-27,yes
ADV-159,Education,Google,Video,2026-08-22,yes
ADV-545,Media and publishing,Meta,Video,2026-08-14,yes
ADV-545,Technology and SaaS,Meta,Carousel,2026-05-19,yes
ADV-159,Public sector,Meta,Video,2026-06-01,no
ADV-944,Education,Google,Video,2026-05-18,yes
ADV-429,Technology and SaaS,Meta,Carousel,2026-07-03,no
ADV-172,Public sector,Meta,Static,2026-06-06,yes
ADV-172,Energy,Google,Static,2026-07-14,yes
ADV-944,Technology and SaaS,Meta,Video,2026-08-29,no
ADV-835,Public sector,Google,Static,2026-06-02,no
ADV-429,Energy,Google,Video,2026-07-08,yes
ADV-172,Media and publishing,Meta,Video,2026-06-23,yes
ADV-944,Media and publishing,Meta,Static,2026-06-03,no
ADV-159,Public sector,Meta,Video,2026-07-11,no
ADV-312,Public sector,Google,Carousel,2026-08-28,yes
ADV-172,Technology and SaaS,Google,Carousel,2026-09-05,no
ADV-312,Public sector,Meta,Carousel,2026-08-27,no
ADV-545,Technology and SaaS,Meta,Video,2026-06-10,no
ADV-248,Technology and SaaS,Google,Video,2026-07-20,no
ADV-159,Energy,Google,Video,2026-09-10,yes
ADV-159,Technology and SaaS,Google,Video,2026-06-23,yes
ADV-835,Energy,Google,Carousel,2026-06-18,no
ADV-944,Technology and SaaS,Google,Static,2026-08-10,no
ADV-429,Media and publishing,Meta,Video,2026-06-19,yes
ADV-248,Public sector,Meta,Video,2026-05-31,yes
ADV-545,Technology and SaaS,Meta,Video,2026-06-20,yes
ADV-248,Technology and SaaS,Meta,Video,2026-07-10,yes
ADV-429,Media and publishing,Google,Carousel,2026-08-27,no
ADV-172,Media and publishing,Google,Carousel,2026-07-09,no
ADV-835,Energy,Meta,Video,2026-07-14,yes
ADV-248,Technology and SaaS,Meta,Video,2026-06-18,yes
ADV-944,Media and publishing,Meta,Video,2026-07-09,no
ADV-835,Energy,Meta,Carousel,2026-08-17,yes
ADV-248,Technology and SaaS,Google,Video,2026-09-03,yes
ADV-248,Energy,Google,Video,2026-05-17,no
ADV-248,Public sector,Google,Video,2026-06-05,yes
ADV-545,Energy,Google,Carousel,2026-08-07,yes
ADV-172,Education,Google,Carousel,2026-08-24,no
ADV-545,Public sector,Google,Carousel,2026-08-07,yes
ADV-248,Technology and SaaS,Meta,Video,2026-05-26,yes
ADV-545,Technology and SaaS,Meta,Static,2026-07-31,yes
ADV-172,Technology and SaaS,Meta,Video,2026-09-08,no
ADV-429,Education,Meta,Carousel,2026-07-29,yes
ADV-172,Technology and SaaS,Meta,Video,2026-05-21,no
ADV-312,Energy,Google,Video,2026-06-03,no
ADV-545,Public sector,Meta,Carousel,2026-08-16,yes
ADV-835,Energy,Google,Static,2026-07-08,no
ADV-545,Energy,Meta,Static,2026-07-21,no
ADV-248,Retail and ecommerce,Google,Static,2026-05-21,yes
ADV-429,Technology and SaaS,Google,Video,2026-08-07,yes
ADV-429,Public sector,Google,Video,2026-08-08,no
ADV-172,Energy,Meta,Video,2026-06-16,yes
ADV-159,Energy,Google,Video,2026-07-16,no
ADV-248,Technology and SaaS,Google,Carousel,2026-07-15,no
ADV-429,Public sector,Google,Video,2026-06-03,yes
ADV-312,Technology and SaaS,Google,Carousel,2026-06-06,no
ADV-248,Technology and SaaS,Meta,Carousel,2026-05-16,no
ADV-835,Public sector,Google,Video,2026-06-20,yes
ADV-312,Media and publishing,Meta,Video,2026-07-18,no
ADV-835,Education,Meta,Video,2026-08-28,yes
ADV-172,Media and publishing,Google,Carousel,2026-06-10,no
ADV-429,Retail and ecommerce,Google,Video,2026-06-16,yes
ADV-312,Technology and SaaS,Meta,Carousel,2026-09-01,yes
ADV-429,Technology and SaaS,Meta,Video,2026-08-14,no
ADV-944,Technology and SaaS,Meta,Video,2026-08-27,no
ADV-545,Media and publishing,Google,Video,2026-07-07,yes
ADV-312,Media and publishing,Meta,Video,2026-07-31,no
ADV-429,Media and publishing,Google,Static,2026-05-23,no
ADV-835,Education,Meta,Video,2026-07-15,no
ADV-944,Energy,Meta,Video,2026-05-16,yes
ADV-429,Energy,Meta,Video,2026-08-15,yes
ADV-159,Public sector,Meta,Video,2026-06-22,yes
ADV-429,Media and publishing,Meta,Video,2026-08-16,yes
ADV-159,Media and publishing,Meta,Carousel,2026-07-05,yes
ADV-944,Public sector,Google,Video,2026-06-02,yes
ADV-159,Technology and SaaS,Google,Carousel,2026-08-13,yes
ADV-835,Technology and SaaS,Google,Video,2026-06-12,yes
ADV-172,Energy,Meta,Video,2026-07-15,no
ADV-172,Energy,Google,Video,2026-07-04,yes
ADV-172,Retail and ecommerce,Meta,Video,2026-08-01,no
ADV-312,Retail and ecommerce,Meta,Carousel,2026-07-15,no
ADV-312,Media and publishing,Meta,Video,2026-07-21,yes
ADV-159,Public sector,Meta,Video,2026-08-29,no
ADV-835,Energy,Google,Video,2026-06-29,no
ADV-312,Energy,Meta,Carousel,2026-08-14,no
ADV-835,Technology and SaaS,Google,Video,2026-05-26,no
ADV-312,Energy,Google,Carousel,2026-06-30,yes
ADV-429,Education,Meta,Video,2026-09-04,no
ADV-172,Technology and SaaS,Google,Carousel,2026-08-25,yes
ADV-545,Public sector,Meta,Carousel,2026-07-08,no
ADV-312,Technology and SaaS,Meta,Video,2026-09-08,yes
ADV-172,Technology and SaaS,Google,Video,2026-08-18,yes
ADV-159,Media and publishing,Meta,Video,2026-09-09,no
ADV-172,Retail and ecommerce,Google,Carousel,2026-07-31,yes
ADV-835,Energy,Meta,Video,2026-09-01,no
ADV-429,Education,Meta,Carousel,2026-07-13,yes
ADV-172,Technology and SaaS,Google,Carousel,2026-06-26,no
ADV-172,Public sector,Meta,Carousel,2026-07-15,no
ADV-429,Technology and SaaS,Meta,Carousel,2026-06-03,no
ADV-835,Technology and SaaS,Google,Carousel,2026-08-14,yes
ADV-429,Energy,Meta,Carousel,2026-07-03,no
ADV-172,Retail and ecommerce,Google,Video,2026-09-10,yes
ADV-944,Technology and SaaS,Google,Video,2026-08-27,no
ADV-312,Education,Meta,Carousel,2026-05-29,yes
ADV-835,Technology and SaaS,Meta,Carousel,2026-09-09,no
ADV-835,Public sector,Meta,Carousel,2026-05-27,no
ADV-429,Retail and ecommerce,Google,Video,2026-05-31,no
ADV-312,Public sector,Google,Carousel,2026-06-26,no
ADV-172,Media and publishing,Meta,Carousel,2026-06-21,no
ADV-545,Technology and SaaS,Google,Video,2026-07-04,no
ADV-159,Technology and SaaS,Google,Static,2026-08-09,yes
ADV-312,Retail and ecommerce,Meta,Video,2026-06-12,no
ADV-159,Education,Google,Carousel,2026-08-18,no
ADV-312,Technology and SaaS,Google,Carousel,2026-05-29,no
ADV-835,Media and publishing,Meta,Carousel,2026-07-22,yes
ADV-944,Education,Google,Video,2026-05-22,yes
ADV-545,Education,Google,Carousel,2026-07-10,no
ADV-248,Public sector,Meta,Carousel,2026-05-27,no
ADV-835,Public sector,Meta,Video,2026-08-11,no
ADV-159,Media and publishing,Google,Carousel,2026-06-04,yes
ADV-159,Education,Meta,Carousel,2026-07-05,no
ADV-545,Public sector,Google,Carousel,2026-08-17,no
ADV-312,Media and publishing,Meta,Carousel,2026-07-06,yes
ADV-545,Retail and ecommerce,Google,Static,2026-07-19,no
ADV-545,Energy,Google,Carousel,2026-07-18,yes
ADV-312,Media and publishing,Google,Video,2026-06-29,yes
ADV-248,Public sector,Google,Video,2026-08-23,no
ADV-835,Retail and ecommerce,Google,Carousel,2026-09-05,yes
ADV-944,Energy,Meta,Carousel,2026-08-23,no
ADV-312,Retail and ecommerce,Meta,Video,2026-09-01,no
ADV-545,Technology and SaaS,Meta,Video,2026-06-07,yes
ADV-835,Retail and ecommerce,Meta,Carousel,2026-06-09,yes
ADV-172,Technology and SaaS,Meta,Carousel,2026-07-01,no
ADV-312,Technology and SaaS,Meta,Carousel,2026-05-25,yes
ADV-429,Media and publishing,Meta,Video,2026-06-04,no
ADV-944,Public sector,Google,Video,2026-07-30,no
ADV-944,Retail and ecommerce,Google,Carousel,2026-08-15,yes
ADV-312,Media and publishing,Meta,Video,2026-08-21,no
ADV-545,Media and publishing,Meta,Carousel,2026-06-23,yes
ADV-545,Retail and ecommerce,Meta,Carousel,2026-08-17,no
ADV-248,Public sector,Meta,Carousel,2026-08-14,yes
ADV-545,Media and publishing,Google,Static,2026-06-23,yes
ADV-429,Education,Meta,Video,2026-08-27,yes
ADV-835,Energy,Meta,Video,2026-06-14,no
ADV-545,Retail and ecommerce,Meta,Carousel,2026-08-27,yes
ADV-172,Energy,Google,Video,2026-06-14,yes
ADV-172,Public sector,Meta,Video,2026-06-21,yes
ADV-172,Technology and SaaS,Meta,Video,2026-08-23,yes
ADV-545,Retail and ecommerce,Google,Video,2026-08-06,yes
ADV-172,Public sector,Google,Carousel,2026-08-04,yes
ADV-835,Public sector,Meta,Video,2026-06-22,no
ADV-312,Education,Google,Carousel,2026-08-10,no
ADV-835,Technology and SaaS,Google,Video,2026-08-07,yes
ADV-944,Public sector,Google,Video,2026-07-22,no
ADV-159,Technology and SaaS,Meta,Video,2026-06-28,no
ADV-429,Technology and SaaS,Google,Carousel,2026-09-10,yes
ADV-159,Media and publishing,Google,Video,2026-06-14,no
ADV-312,Education,Google,Static,2026-06-17,yes
ADV-248,Technology and SaaS,Google,Video,2026-05-25,yes
ADV-545,Public sector,Google,Carousel,2026-07-28,no
ADV-429,Education,Google,Carousel,2026-07-23,yes
ADV-172,Retail and ecommerce,Google,Video,2026-05-29,yes
ADV-429,Education,Meta,Video,2026-05-27,yes
ADV-545,Energy,Google,Video,2026-06-04,yes
ADV-159,Public sector,Meta,Video,2026-07-14,yes
ADV-172,Media and publishing,Google,Carousel,2026-08-11,yes
ADV-172,Technology and SaaS,Meta,Video,2026-05-25,no
ADV-312,Education,Meta,Carousel,2026-05-28,no
ADV-159,Technology and SaaS,Google,Video,2026-09-11,yes
ADV-312,Public sector,Meta,Carousel,2026-06-26,no
ADV-312,Technology and SaaS,Meta,Carousel,2026-05-22,yes
ADV-248,Media and publishing,Google,Carousel,2026-06-30,yes
ADV-172,Public sector,Meta,Video,2026-09-09,yes
ADV-944,Retail and ecommerce,Meta,Video,2026-06-04,yes
ADV-248,Education,Google,Carousel,2026-08-03,no
ADV-429,Media and publishing,Meta,Carousel,2026-07-02,yes
ADV-312,Media and publishing,Meta,Video,2026-09-12,no
ADV-159,Media and publishing,Meta,Carousel,2026-08-15,no
ADV-545,Public sector,Meta,Carousel,2026-06-01,no
ADV-312,Media and publishing,Google,Video,2026-08-07,no
ADV-248,Education,Meta,Video,2026-07-09,yes
ADV-835,Technology and SaaS,Meta,Carousel,2026-08-12,no
ADV-545,Technology and SaaS,Meta,Video,2026-07-06,no
ADV-248,Education,Google,Video,2026-09-07,no
ADV-545,Media and publishing,Meta,Video,2026-07-26,no
ADV-172,Technology and SaaS,Meta,Video,2026-07-07,yes
ADV-429,Media and publishing,Google,Carousel,2026-08-24,yes
ADV-248,Media and publishing,Google,Video,2026-07-13,yes
ADV-835,Public sector,Google,Carousel,2026-07-05,no
ADV-312,Education,Google,Carousel,2026-05-17,yes
ADV-172,Public sector,Meta,Carousel,2026-08-23,yes
ADV-248,Technology and SaaS,Meta,Video,2026-07-01,yes
ADV-248,Technology and SaaS,Meta,Video,2026-05-29,no
ADV-172,Media and publishing,Google,Carousel,2026-08-22,no
ADV-312,Technology and SaaS,Meta,Static,2026-05-27,yes
ADV-944,Technology and SaaS,Google,Video,2026-06-30,yes
ADV-429,Media and publishing,Meta,Video,2026-08-22,yes
ADV-312,Technology and SaaS,Google,Video,2026-08-30,yes
ADV-248,Media and publishing,Meta,Static,2026-05-21,no
ADV-429,Technology and SaaS,Meta,Carousel,2026-09-09,no
ADV-545,Public sector,Meta,Carousel,2026-08-15,no
ADV-172,Education,Meta,Carousel,2026-06-28,no
ADV-159,Technology and SaaS,Google,Carousel,2026-06-08,yes
ADV-159,Technology and SaaS,Meta,Carousel,2026-08-22,no
ADV-172,Education,Google,Static,2026-05-16,yes
ADV-545,Energy,Meta,Video,2026-08-31,yes
ADV-545,Education,Google,Carousel,2026-08-25,yes
ADV-159,Technology and SaaS,Meta,Carousel,2026-08-23,no
ADV-429,Technology and SaaS,Google,Static,2026-07-22,no
ADV-312,Retail and ecommerce,Meta,Carousel,2026-06-25,yes
ADV-172,Technology and SaaS,Meta,Video,2026-09-01,no
ADV-429,Education,Meta,Carousel,2026-09-05,yes
ADV-312,Technology and SaaS,Meta,Carousel,2026-06-11,no
ADV-159,Retail and ecommerce,Google,Video,2026-08-10,no
ADV-429,Technology and SaaS,Meta,Video,2026-08-03,no
ADV-545,Media and publishing,Google,Carousel,2026-08-30,no
ADV-159,Education,Meta,Video,2026-05-31,yes
ADV-429,Technology and SaaS,Google,Carousel,2026-07-23,no
ADV-835,Media and publishing,Meta,Carousel,2026-06-16,yes
ADV-835,Energy,Google,Carousel,2026-06-14,no
ADV-172,Retail and ecommerce,Google,Video,2026-07-08,no
ADV-545,Technology and SaaS,Google,Video,2026-05-27,yes
ADV-429,Technology and SaaS,Google,Carousel,2026-08-21,yes
ADV-172,Public sector,Google,Carousel,2026-06-30,no
ADV-545,Technology and SaaS,Meta,Carousel,2026-07-27,yes
ADV-248,Media and publishing,Meta,Static,2026-07-04,no
ADV-248,Technology and SaaS,Meta,Video,2026-06-27,yes
ADV-248,Public sector,Meta,Carousel,2026-08-10,yes
ADV-429,Media and publishing,Meta,Video,2026-07-09,yes
ADV-172,Retail and ecommerce,Google,Video,2026-09-08,yes
ADV-312,Energy,Meta,Video,2026-05-28,yes
ADV-545,Energy,Google,Carousel,2026-09-05,no
ADV-159,Technology and SaaS,Meta,Video,2026-05-23,no
ADV-545,Energy,Meta,Static,2026-07-16,yes
ADV-944,Media and publishing,Google,Video,2026-06-17,yes
ADV-944,Education,Meta,Video,2026-08-11,no
ADV-835,Technology and SaaS,Meta,Static,2026-06-15,yes
ADV-159,Technology and SaaS,Google,Video,2026-05-29,no
ADV-429,Media and publishing,Google,Carousel,2026-07-11,no
ADV-248,Retail and ecommerce,Google,Carousel,2026-05-20,yes
ADV-159,Technology and SaaS,Meta,Video,2026-07-12,no
ADV-429,Energy,Meta,Carousel,2026-07-16,yes
ADV-312,Public sector,Google,Video,2026-08-30,yes
ADV-172,Media and publishing,Meta,Carousel,2026-09-10,yes
ADV-545,Public sector,Google,Video,2026-08-19,yes
ADV-248,Public sector,Google,Carousel,2026-06-12,yes
ADV-248,Media and publishing,Meta,Carousel,2026-08-27,yes
ADV-545,Energy,Google,Video,2026-08-27,no
ADV-545,Media and publishing,Google,Video,2026-09-03,yes
ADV-159,Energy,Meta,Video,2026-05-28,no
ADV-248,Technology and SaaS,Meta,Carousel,2026-08-01,no
ADV-172,Education,Meta,Video,2026-05-24,no
ADV-248,Media and publishing,Meta,Carousel,2026-07-16,yes
ADV-835,Energy,Meta,Static,2026-05-22,yes
ADV-159,Media and publishing,Meta,Video,2026-07-10,no
ADV-545,Media and publishing,Google,Static,2026-06-11,no
ADV-429,Media and publishing,Meta,Carousel,2026-08-17,yes
ADV-172,Technology and SaaS,Meta,Video,2026-08-11,no
ADV-545,Technology and SaaS,Meta,Carousel,2026-08-30,yes
ADV-545,Retail and ecommerce,Google,Video,2026-05-29,yes
ADV-545,Retail and ecommerce,Google,Video,2026-07-27,yes
ADV-248,Technology and SaaS,Meta,Video,2026-08-06,yes
ADV-429,Media and publishing,Google,Carousel,2026-06-11,no
ADV-248,Technology and SaaS,Meta,Video,2026-06-10,yes
ADV-944,Technology and SaaS,Meta,Static,2026-09-04,no
ADV-545,Media and publishing,Meta,Carousel,2026-06-23,no
ADV-429,Public sector,Meta,Static,2026-08-10,yes
ADV-835,Technology and SaaS,Google,Carousel,2026-08-19,no
ADV-312,Public sector,Meta,Video,2026-09-11,no
ADV-835,Technology and SaaS,Meta,Video,2026-06-27,yes
ADV-429,Education,Google,Carousel,2026-06-15,yes
ADV-944,Media and publishing,Google,Video,2026-07-09,no
ADV-545,Public sector,Google,Carousel,2026-09-01,no
ADV-545,Education,Google,Carousel,2026-08-13,yes
ADV-429,Technology and SaaS,Google,Carousel,2026-05-23,yes
ADV-835,Media and publishing,Google,Carousel,2026-09-01,no
ADV-545,Retail and ecommerce,Google,Carousel,2026-08-17,no
ADV-429,Retail and ecommerce,Meta,Video,2026-06-19,yes
ADV-835,Media and publishing,Meta,Carousel,2026-05-21,no
ADV-545,Media and publishing,Google,Carousel,2026-07-12,yes
ADV-429,Technology and SaaS,Google,Static,2026-08-22,no
ADV-248,Technology and SaaS,Google,Video,2026-08-14,yes
ADV-172,Retail and ecommerce,Meta,Carousel,2026-08-11,yes
ADV-835,Technology and SaaS,Meta,Carousel,2026-06-07,no
ADV-172,Media and publishing,Google,Video,2026-09-01,yes
ADV-159,Public sector,Google,Video,2026-08-05,no
ADV-944,Retail and ecommerce,Google,Carousel,2026-08-16,yes
ADV-545,Energy,Meta,Video,2026-09-04,no
ADV-248,Energy,Meta,Carousel,2026-08-31,yes
ADV-429,Energy,Google,Carousel,2026-08-31,no
ADV-248,Technology and SaaS,Meta,Video,2026-07-21,no
ADV-429,Technology and SaaS,Google,Video,2026-09-08,yes
ADV-248,Technology and SaaS,Meta,Video,2026-08-18,yes
ADV-835,Technology and SaaS,Meta,Video,2026-07-16,yes
ADV-172,Public sector,Meta,Carousel,2026-05-28,yes
ADV-248,Public sector,Meta,Static,2026-06-02,yes
ADV-172,Education,Meta,Video,2026-08-31,no
ADV-944,Technology and SaaS,Meta,Video,2026-07-23,yes
ADV-312,Technology and SaaS,Meta,Static,2026-07-11,yes
ADV-835,Energy,Google,Video,2026-06-28,no
ADV-172,Technology and SaaS,Google,Carousel,2026-09-01,no
ADV-248,Media and publishing,Meta,Video,2026-08-17,no
ADV-429,Media and publishing,Meta,Video,2026-08-26,yes
ADV-429,Public sector,Google,Carousel,2026-07-30,yes
ADV-172,Education,Google,Video,2026-09-02,yes
ADV-429,Technology and SaaS,Google,Carousel,2026-08-26,no
ADV-429,Technology and SaaS,Meta,Static,2026-05-23,no
ADV-248,Media and publishing,Google,Video,2026-06-10,no
ADV-172,Public sector,Meta,Carousel,2026-07-23,no
ADV-172,Energy,Google,Carousel,2026-08-14,yes
ADV-172,Retail and ecommerce,Meta,Carousel,2026-07-06,no
ADV-835,Media and publishing,Google,Video,2026-08-23,yes
ADV-312,Energy,Google,Video,2026-07-01,no
ADV-312,Technology and SaaS,Meta,Carousel,2026-08-14,no
ADV-312,Media and publishing,Google,Video,2026-09-05,yes
ADV-172,Education,Google,Carousel,2026-07-06,no
ADV-835,Energy,Google,Carousel,2026-06-28,no
ADV-159,Education,Google,Carousel,2026-06-17,no
ADV-172,Media and publishing,Google,Video,2026-08-12,no
ADV-172,Energy,Google,Carousel,2026-08-14,no
ADV-312,Technology and SaaS,Google,Video,2026-08-19,no
ADV-159,Media and publishing,Google,Video,2026-08-29,yes
ADV-944,Public sector,Meta,Video,2026-09-06,no
ADV-545,Technology and SaaS,Google,Carousel,2026-06-07,yes
ADV-429,Education,Google,Static,2026-07-26,no
ADV-312,Technology and SaaS,Google,Carousel,2026-08-06,no
ADV-312,Public sector,Google,Video,2026-07-13,no
ADV-944,Media and publishing,Meta,Video,2026-08-29,yes
ADV-172,Technology and SaaS,Meta,Video,2026-06-18,no
ADV-312,Technology and SaaS,Meta,Carousel,2026-06-06,yes
ADV-159,Public sector,Google,Video,2026-08-03,no
ADV-248,Energy,Google,Video,2026-06-25,yes
ADV-835,Technology and SaaS,Meta,Carousel,2026-05-20,no
ADV-835,Public sector,Google,Carousel,2026-08-30,yes
ADV-248,Technology and SaaS,Google,Video,2026-07-23,no
ADV-944,Technology and SaaS,Meta,Carousel,2026-05-27,yes
ADV-835,Energy,Meta,Carousel,2026-05-30,yes
ADV-835,Energy,Google,Video,2026-08-03,no
ADV-312,Education,Meta,Video,2026-08-03,yes
ADV-545,Education,Google,Video,2026-06-08,yes
ADV-429,Energy,Meta,Carousel,2026-08-01,yes
ADV-248,Media and publishing,Google,Carousel,2026-08-03,yes
ADV-835,Technology and SaaS,Google,Carousel,2026-06-29,no
ADV-172,Education,Meta,Video,2026-07-01,yes
ADV-248,Retail and ecommerce,Meta,Carousel,2026-06-14,yes
ADV-248,Technology and SaaS,Meta,Video,2026-06-16,no
ADV-172,Media and publishing,Meta,Video,2026-07-30,yes
ADV-944,Retail and ecommerce,Google,Video,2026-07-11,yes
ADV-429,Technology and SaaS,Meta,Video,2026-07-29,no
ADV-248,Education,Meta,Static,2026-07-06,no
ADV-172,Retail and ecommerce,Google,Carousel,2026-05-29,yes
ADV-429,Energy,Google,Video,2026-08-01,yes
ADV-172,Technology and SaaS,Meta,Video,2026-08-27,no
ADV-944,Technology and SaaS,Meta,Video,2026-09-02,no
ADV-545,Education,Google,Carousel,2026-06-30,no
ADV-944,Energy,Meta,Carousel,2026-05-22,no
ADV-172,Education,Meta,Video,2026-09-09,yes
ADV-835,Retail and ecommerce,Meta,Carousel,2026-08-02,yes
ADV-159,Technology and SaaS,Google,Video,2026-07-06,yes
ADV-944,Media and publishing,Google,Video,2026-09-06,no
ADV-312,Media and publishing,Meta,Video,2026-06-07,yes
ADV-159,Education,Google,Carousel,2026-05-20,yes
ADV-172,Energy,Google,Video,2026-05-26,no
ADV-944,Technology and SaaS,Google,Carousel,2026-06-29,yes
ADV-172,Education,Google,Video,2026-06-30,no
ADV-312,Public sector,Google,Carousel,2026-06-12,yes
ADV-944,Media and publishing,Google,Carousel,2026-08-22,yes
ADV-159,Media and publishing,Meta,Static,2026-08-03,yes
ADV-159,Energy,Google,Video,2026-07-26,no
ADV-835,Education,Meta,Static,2026-08-31,yes
ADV-545,Education,Google,Static,2026-08-03,no
ADV-545,Retail and ecommerce,Google,Video,2026-05-23,no
ADV-312,Education,Meta,Carousel,2026-08-10,yes
ADV-312,Retail and ecommerce,Google,Video,2026-08-04,yes
ADV-159,Energy,Google,Video,2026-09-02,no
ADV-248,Retail and ecommerce,Google,Video,2026-09-03,yes
ADV-172,Technology and SaaS,Meta,Video,2026-06-10,yes
ADV-159,Public sector,Google,Carousel,2026-05-17,no
ADV-944,Media and publishing,Google,Video,2026-05-26,yes
ADV-248,Media and publishing,Meta,Carousel,2026-08-24,no
ADV-159,Energy,Meta,Video,2026-08-12,yes
ADV-944,Technology and SaaS,Google,Video,2026-08-29,yes
ADV-159,Media and publishing,Google,Carousel,2026-05-26,yes
ADV-944,Media and publishing,Meta,Video,2026-07-13,yes
ADV-248,Energy,Meta,Video,2026-05-19,no
ADV-248,Technology and SaaS,Google,Video,2026-07-28,yes
ADV-545,Technology and SaaS,Meta,Carousel,2026-07-19,no
ADV-944,Media and publishing,Google,Video,2026-06-08,yes
ADV-159,Technology and SaaS,Google,Carousel,2026-06-30,no
ADV-248,Energy,Meta,Carousel,2026-07-17,yes
ADV-312,Retail and ecommerce,Google,Video,2026-07-20,yes
ADV-312,Education,Meta,Video,2026-07-16,no
ADV-159,Technology and SaaS,Google,Video,2026-08-06,no
ADV-312,Retail and ecommerce,Google,Video,2026-06-12,yes
ADV-944,Public sector,Meta,Carousel,2026-08-22,no
ADV-835,Technology and SaaS,Meta,Static,2026-05-28,no
ADV-835,Media and publishing,Google,Video,2026-05-28,yes
ADV-248,Technology and SaaS,Google,Video,2026-07-22,yes
ADV-172,Energy,Google,Static,2026-05-26,no
ADV-944,Technology and SaaS,Meta,Carousel,2026-06-17,no
ADV-248,Public sector,Meta,Video,2026-06-02,no
ADV-545,Public sector,Google,Static,2026-05-31,no
ADV-944,Retail and ecommerce,Meta,Static,2026-05-24,yes
ADV-312,Energy,Google,Carousel,2026-06-09,yes
ADV-172,Media and publishing,Google,Carousel,2026-08-13,yes
ADV-944,Energy,Google,Static,2026-08-28,yes
ADV-248,Technology and SaaS,Meta,Static,2026-08-27,no
ADV-312,Media and publishing,Meta,Carousel,2026-07-08,no
ADV-312,Technology and SaaS,Meta,Video,2026-06-07,yes
ADV-835,Technology and SaaS,Google,Carousel,2026-07-12,no
ADV-159,Technology and SaaS,Google,Carousel,2026-08-02,yes
ADV-312,Retail and ecommerce,Meta,Carousel,2026-07-15,yes
ADV-159,Technology and SaaS,Meta,Video,2026-06-02,no
ADV-248,Energy,Google,Carousel,2026-08-28,yes
ADV-944,Technology and SaaS,Google,Carousel,2026-07-20,yes
ADV-835,Public sector,Google,Video,2026-06-26,no
ADV-944,Energy,Google,Video,2026-06-08,no
ADV-312,Public sector,Google,Static,2026-08-25,yes
ADV-545,Education,Google,Video,2026-07-15,no
ADV-545,Media and publishing,Meta,Static,2026-08-25,yes
ADV-312,Retail and ecommerce,Google,Video,2026-07-21,no
ADV-312,Media and publishing,Google,Static,2026-08-18,yes
ADV-835,Education,Google,Static,2026-08-19,no
ADV-429,Retail and ecommerce,Google,Carousel,2026-08-01,no
ADV-944,Media and publishing,Meta,Video,2026-05-23,no
ADV-312,Technology and SaaS,Google,Video,2026-08-09,yes
ADV-312,Technology and SaaS,Meta,Video,2026-08-11,yes
ADV-835,Media and publishing,Google,Carousel,2026-08-19,no
ADV-545,Media and publishing,Meta,Static,2026-07-15,no
ADV-248,Public sector,Meta,Static,2026-09-07,no
ADV-159,Technology and SaaS,Google,Carousel,2026-07-09,no
ADV-248,Media and publishing,Google,Carousel,2026-08-21,no
ADV-944,Education,Google,Carousel,2026-09-09,no
ADV-545,Energy,Meta,Video,2026-07-18,no
ADV-545,Media and publishing,Meta,Video,2026-09-12,no
ADV-248,Technology and SaaS,Google,Static,2026-08-29,yes
ADV-172,Technology and SaaS,Google,Video,2026-07-30,yes
ADV-159,Education,Meta,Video,2026-07-04,no
ADV-545,Media and publishing,Meta,Carousel,2026-07-20,yes
ADV-429,Technology and SaaS,Meta,Carousel,2026-06-15,yes
ADV-835,Technology and SaaS,Google,Carousel,2026-06-29,yes
ADV-835,Public sector,Meta,Carousel,2026-09-12,no
ADV-312,Media and publishing,Google,Carousel,2026-08-16,no
ADV-172,Retail and ecommerce,Meta,Carousel,2026-07-05,no
ADV-159,Retail and ecommerce,Google,Video,2026-07-05,no
ADV-545,Retail and ecommerce,Meta,Carousel,2026-07-15,yes
ADV-172,Technology and SaaS,Meta,Carousel,2026-07-10,no
ADV-159,Technology and SaaS,Google,Video,2026-07-09,yes
ADV-159,Retail and ecommerce,Google,Video,2026-06-07,yes
ADV-835,Technology and SaaS,Google,Carousel,2026-07-31,no
ADV-545,Energy,Meta,Carousel,2026-05-16,no
ADV-429,Media and publishing,Google,Video,2026-08-07,yes
ADV-248,Media and publishing,Meta,Carousel,2026-06-24,no
ADV-545,Public sector,Meta,Static,2026-09-03,yes
ADV-172,Education,Google,Carousel,2026-07-13,yes
ADV-944,Retail and ecommerce,Google,Video,2026-08-22,no
ADV-944,Media and publishing,Meta,Static,2026-06-11,no
ADV-248,Retail and ecommerce,Google,Static,2026-07-09,no
ADV-835,Retail and ecommerce,Google,Carousel,2026-06-11,yes
ADV-159,Technology and SaaS,Google,Video,2026-05-24,no
ADV-312,Public sector,Google,Static,2026-05-26,no
ADV-312,Energy,Meta,Video,2026-06-18,yes
ADV-835,Media and publishing,Meta,Video,2026-08-10,yes
ADV-159,Media and publishing,Google,Video,2026-08-19,yes
ADV-545,Retail and ecommerce,Google,Carousel,2026-06-16,yes
ADV-159,Technology and SaaS,Meta,Video,2026-05-24,yes
ADV-835,Public sector,Meta,Video,2026-06-16,yes
ADV-312,Media and publishing,Google,Video,2026-05-18,no
ADV-312,Retail and ecommerce,Google,Static,2026-08-17,yes
ADV-545,Technology and SaaS,Google,Video,2026-08-31,no
ADV-429,Energy,Meta,Carousel,2026-08-04,yes
ADV-312,Energy,Google,Carousel,2026-07-07,yes
ADV-159,Public sector,Meta,Video,2026-07-07,yes
ADV-545,Technology and SaaS,Google,Carousel,2026-07-20,yes
ADV-248,Media and publishing,Meta,Video,2026-06-13,yes
ADV-172,Media and publishing,Meta,Carousel,2026-06-23,yes
ADV-172,Technology and SaaS,Meta,Carousel,2026-05-30,no
ADV-545,Media and publishing,Meta,Video,2026-06-06,no
ADV-172,Education,Google,Carousel,2026-06-28,yes
ADV-312,Retail and ecommerce,Google,Video,2026-07-08,yes
ADV-545,Education,Google,Carousel,2026-08-29,no
ADV-312,Retail and ecommerce,Google,Carousel,2026-06-26,yes
ADV-835,Retail and ecommerce,Google,Carousel,2026-07-06,yes
ADV-835,Technology and SaaS,Google,Video,2026-07-04,no
ADV-545,Media and publishing,Google,Static,2026-08-13,yes
ADV-172,Education,Meta,Carousel,2026-08-22,no
ADV-312,Retail and ecommerce,Meta,Carousel,2026-06-19,yes
ADV-312,Public sector,Google,Video,2026-08-06,no
ADV-312,Technology and SaaS,Google,Carousel,2026-05-31,yes
ADV-172,Education,Google,Video,2026-07-31,yes
ADV-429,Media and publishing,Google,Video,2026-06-08,yes
ADV-429,Public sector,Meta,Carousel,2026-08-20,no
ADV-835,Technology and SaaS,Meta,Video,2026-07-06,yes
ADV-248,Energy,Google,Static,2026-08-15,no
ADV-159,Retail and ecommerce,Meta,Video,2026-05-22,no
ADV-429,Media and publishing,Google,Carousel,2026-07-09,yes
ADV-429,Education,Google,Carousel,2026-09-04,no
ADV-429,Public sector,Google,Video,2026-08-07,no
ADV-944,Energy,Meta,Video,2026-05-25,yes
ADV-944,Education,Meta,Video,2026-07-22,no
ADV-944,Technology and SaaS,Google,Carousel,2026-06-16,no
ADV-944,Technology and SaaS,Meta,Carousel,2026-05-16,yes
ADV-545,Energy,Meta,Video,2026-08-21,yes
ADV-429,Technology and SaaS,Google,Carousel,2026-08-18,no
ADV-312,Media and publishing,Meta,Video,2026-06-12,no
ADV-429,Education,Google,Static,2026-05-31,no
ADV-159,Public sector,Meta,Carousel,2026-05-22,yes
ADV-944,Media and publishing,Meta,Carousel,2026-06-25,no
ADV-429,Technology and SaaS,Meta,Static,2026-07-24,yes
ADV-159,Energy,Meta,Video,2026-08-23,no
ADV-545,Energy,Google,Video,2026-08-15,no
ADV-429,Education,Google,Static,2026-06-16,yes
ADV-545,Energy,Meta,Video,2026-07-17,no
ADV-545,Media and publishing,Google,Carousel,2026-07-17,no
ADV-248,Education,Google,Video,2026-06-04,yes
ADV-159,Public sector,Meta,Static,2026-06-16,no
ADV-944,Media and publishing,Meta,Carousel,2026-05-22,no
ADV-159,Media and publishing,Google,Video,2026-08-12,yes
ADV-944,Media and publishing,Google,Video,2026-05-24,yes
ADV-429,Retail and ecommerce,Google,Carousel,2026-07-20,no
ADV-545,Energy,Meta,Video,2026-07-13,no
ADV-172,Retail and ecommerce,Meta,Video,2026-07-13,yes
ADV-944,Retail and ecommerce,Google,Static,2026-07-11,no
ADV-248,Education,Google,Video,2026-06-26,no
ADV-429,Technology and SaaS,Meta,Video,2026-07-23,yes
ADV-248,Public sector,Google,Video,2026-06-23,yes
ADV-429,Media and publishing,Google,Video,2026-07-02,no
ADV-835,Media and publishing,Meta,Carousel,2026-06-22,yes
ADV-159,Education,Google,Carousel,2026-07-07,no
ADV-429,Public sector,Meta,Video,2026-06-08,yes
ADV-545,Technology and SaaS,Google,Video,2026-08-29,no
ADV-944,Education,Google,Carousel,2026-06-14,no
ADV-545,Energy,Meta,Carousel,2026-09-08,no
ADV-429,Education,Meta,Video,2026-06-23,no
ADV-835,Public sector,Meta,Carousel,2026-08-21,no
ADV-172,Media and publishing,Meta,Video,2026-06-17,yes
ADV-172,Education,Meta,Carousel,2026-06-10,no
ADV-835,Education,Meta,Carousel,2026-06-05,no
ADV-944,Media and publishing,Google,Carousel,2026-08-23,yes
ADV-944,Media and publishing,Meta,Carousel,2026-05-22,yes
ADV-312,Public sector,Google,Carousel,2026-08-17,no
ADV-429,Public sector,Meta,Static,2026-07-05,yes
ADV-159,Technology and SaaS,Meta,Video,2026-08-12,yes
ADV-172,Education,Google,Video,2026-08-03,no
ADV-429,Media and publishing,Google,Video,2026-09-10,yes
ADV-429,Education,Meta,Video,2026-06-11,no
ADV-545,Technology and SaaS,Google,Static,2026-05-22,no
ADV-248,Education,Meta,Static,2026-07-12,no
ADV-172,Technology and SaaS,Google,Video,2026-06-09,no
ADV-429,Technology and SaaS,Google,Carousel,2026-06-08,yes
ADV-835,Retail and ecommerce,Google,Carousel,2026-05-23,no
ADV-172,Education,Meta,Carousel,2026-08-14,no
ADV-248,Education,Google,Carousel,2026-08-16,no
ADV-172,Media and publishing,Google,Carousel,2026-06-23,no
ADV-312,Media and publishing,Google,Video,2026-06-15,yes
ADV-429,Education,Google,Static,2026-07-29,yes
ADV-172,Energy,Meta,Video,2026-07-05,no
ADV-172,Technology and SaaS,Google,Video,2026-05-30,yes
ADV-172,Energy,Google,Video,2026-08-08,no
ADV-172,Technology and SaaS,Google,Video,2026-07-28,yes
ADV-159,Technology and SaaS,Google,Carousel,2026-08-14,no
ADV-248,Media and publishing,Meta,Carousel,2026-07-12,yes
ADV-429,Public sector,Meta,Static,2026-05-27,no
ADV-545,Media and publishing,Meta,Video,2026-07-07,yes
ADV-545,Retail and ecommerce,Meta,Carousel,2026-06-11,yes
ADV-944,Technology and SaaS,Meta,Carousel,2026-06-19,no
ADV-944,Media and publishing,Meta,Static,2026-06-13,yes
ADV-429,Technology and SaaS,Meta,Video,2026-09-11,no
ADV-944,Education,Meta,Video,2026-07-19,yes
ADV-159,Energy,Google,Video,2026-08-09,no
ADV-944,Retail and ecommerce,Meta,Static,2026-06-12,yes
ADV-312,Public sector,Meta,Carousel,2026-06-21,yes
ADV-429,Technology and SaaS,Meta,Video,2026-08-23,yes
ADV-248,Public sector,Meta,Carousel,2026-08-12,yes
ADV-545,Public sector,Meta,Carousel,2026-05-22,no
ADV-248,Media and publishing,Google,Video,2026-07-19,no
ADV-545,Technology and SaaS,Meta,Video,2026-09-11,no
ADV-172,Education,Google,Carousel,2026-05-20,no
ADV-248,Public sector,Google,Carousel,2026-06-06,yes
ADV-312,Energy,Meta,Carousel,2026-07-09,yes
ADV-248,Media and publishing,Google,Carousel,2026-08-19,no
ADV-159,Retail and ecommerce,Meta,Video,2026-08-04,yes
ADV-429,Public sector,Meta,Video,2026-07-11,yes
ADV-312,Technology and SaaS,Meta,Video,2026-08-05,no
ADV-944,Public sector,Meta,Carousel,2026-06-06,no
ADV-312,Media and publishing,Meta,Video,2026-07-23,no
ADV-545,Education,Meta,Carousel,2026-08-19,no
ADV-159,Education,Meta,Static,2026-06-10,no
ADV-312,Media and publishing,Google,Carousel,2026-06-16,no
ADV-159,Energy,Meta,Video,2026-06-06,yes
ADV-429,Public sector,Meta,Carousel,2026-09-05,yes
ADV-545,Retail and ecommerce,Meta,Carousel,2026-07-14,yes
ADV-835,Media and publishing,Google,Carousel,2026-06-10,yes
ADV-159,Technology and SaaS,Google,Video,2026-07-28,yes
ADV-312,Education,Meta,Carousel,2026-06-12,yes
ADV-545,Media and publishing,Meta,Video,2026-07-15,yes
ADV-312,Energy,Meta,Carousel,2026-08-29,yes
ADV-835,Energy,Meta,Video,2026-06-24,no
ADV-159,Education,Google,Static,2026-05-16,no
ADV-429,Technology and SaaS,Google,Video,2026-07-13,no
ADV-248,Public sector,Meta,Carousel,2026-07-09,yes
ADV-248,Technology and SaaS,Google,Carousel,2026-05-25,yes
ADV-944,Media and publishing,Meta,Carousel,2026-09-12,no
ADV-159,Public sector,Google,Video,2026-08-14,no
ADV-172,Public sector,Meta,Video,2026-07-28,no
ADV-835,Media and publishing,Google,Static,2026-07-13,yes
ADV-545,Technology and SaaS,Meta,Video,2026-05-26,yes
ADV-159,Media and publishing,Meta,Video,2026-08-19,yes
ADV-248,Energy,Google,Carousel,2026-09-07,yes
ADV-545,Public sector,Meta,Video,2026-07-04,no
ADV-545,Retail and ecommerce,Meta,Carousel,2026-07-31,no
ADV-545,Energy,Google,Carousel,2026-06-12,no
ADV-248,Technology and SaaS,Google,Video,2026-07-20,no
ADV-159,Media and publishing,Meta,Video,2026-05-29,no
ADV-545,Public sector,Meta,Video,2026-07-02,no
ADV-429,Media and publishing,Meta,Carousel,2026-06-05,no
ADV-429,Media and publishing,Meta,Carousel,2026-07-08,yes
ADV-835,Energy,Google,Carousel,2026-07-11,no
ADV-312,Energy,Google,Video,2026-08-22,yes
ADV-944,Retail and ecommerce,Google,Video,2026-06-04,yes
ADV-944,Energy,Google,Carousel,2026-08-21,no
ADV-172,Retail and ecommerce,Google,Carousel,2026-07-09,no
ADV-944,Energy,Google,Video,2026-07-01,no
ADV-172,Education,Meta,Video,2026-05-26,yes
ADV-159,Energy,Meta,Carousel,2026-06-18,no
ADV-159,Media and publishing,Meta,Video,2026-05-25,no
ADV-429,Education,Meta,Video,2026-08-10,yes
ADV-545,Education,Google,Carousel,2026-07-16,yes
ADV-172,Media and publishing,Google,Video,2026-06-09,no
ADV-159,Technology and SaaS,Google,Video,2026-09-06,yes
ADV-312,Education,Google,Video,2026-06-29,no
ADV-429,Media and publishing,Meta,Static,2026-06-15,yes
ADV-312,Media and publishing,Meta,Video,2026-09-12,yes
ADV-429,Retail and ecommerce,Google,Video,2026-07-14,yes
ADV-159,Media and publishing,Meta,Carousel,2026-07-09,yes
ADV-159,Public sector,Meta,Video,2026-06-03,yes
ADV-248,Technology and SaaS,Meta,Carousel,2026-05-29,yes
ADV-172,Technology and SaaS,Google,Carousel,2026-09-01,yes
ADV-172,Media and publishing,Meta,Carousel,2026-06-01,yes
ADV-429,Energy,Meta,Video,2026-05-16,no
ADV-835,Media and publishing,Meta,Video,2026-07-09,yes
ADV-429,Retail and ecommerce,Google,Video,2026-09-09,no
ADV-835,Media and publishing,Google,Carousel,2026-07-22,yes
ADV-944,Retail and ecommerce,Google,Video,2026-08-05,yes
ADV-159,Energy,Google,Carousel,2026-09-10,yes
ADV-312,Media and publishing,Meta,Carousel,2026-09-11,no
ADV-312,Public sector,Google,Carousel,2026-07-17,no
ADV-248,Public sector,Meta,Carousel,2026-07-09,no
ADV-159,Technology and SaaS,Google,Carousel,2026-06-14,no
ADV-312,Energy,Google,Static,2026-05-17,no
ADV-172,Media and publishing,Google,Video,2026-07-06,no
ADV-545,Education,Meta,Video,2026-09-06,yes
ADV-248,Energy,Meta,Carousel,2026-08-09,no
ADV-172,Media and publishing,Meta,Carousel,2026-08-25,no
ADV-835,Energy,Meta,Video,2026-06-23,yes
ADV-312,Technology and SaaS,Meta,Video,2026-08-07,yes
ADV-835,Media and publishing,Meta,Video,2026-09-02,no
ADV-172,Technology and SaaS,Google,Static,2026-07-18,no
ADV-835,Media and publishing,Google,Carousel,2026-07-28,yes
ADV-944,Technology and SaaS,Meta,Static,2026-08-02,no
ADV-159,Media and publishing,Google,Static,2026-08-30,no
ADV-944,Media and publishing,Meta,Video,2026-09-02,yes
ADV-159,Media and publishing,Meta,Video,2026-06-30,yes
ADV-159,Education,Meta,Video,2026-07-17,yes
ADV-172,Technology and SaaS,Google,Carousel,2026-08-27,no
ADV-172,Education,Meta,Video,2026-05-27,no
ADV-159,Public sector,Meta,Carousel,2026-06-29,no
ADV-159,Media and publishing,Meta,Carousel,2026-07-01,no
ADV-835,Technology and SaaS,Google,Carousel,2026-06-16,yes
ADV-429,Education,Google,Video,2026-07-25,yes
ADV-159,Retail and ecommerce,Meta,Carousel,2026-08-09,yes
ADV-248,Media and publishing,Meta,Video,2026-06-12,no
ADV-312,Public sector,Google,Video,2026-06-05,yes
ADV-312,Education,Meta,Carousel,2026-05-24,yes
ADV-545,Media and publishing,Google,Video,2026-07-04,no
ADV-172,Media and publishing,Meta,Carousel,2026-06-08,no
ADV-248,Technology and SaaS,Meta,Video,2026-07-28,no
ADV-835,Public sector,Meta,Video,2026-05-29,yes
ADV-429,Education,Google,Video,2026-06-04,yes
ADV-835,Public sector,Google,Carousel,2026-08-21,yes
ADV-172,Retail and ecommerce,Google,Carousel,2026-09-07,no
ADV-312,Energy,Google,Video,2026-08-01,no
ADV-172,Public sector,Google,Carousel,2026-05-16,yes
ADV-312,Public sector,Meta,Video,2026-09-12,no
ADV-312,Technology and SaaS,Google,Video,2026-05-21,yes
ADV-835,Education,Meta,Carousel,2026-08-31,yes
ADV-159,Technology and SaaS,Google,Carousel,2026-08-24,no
ADV-835,Technology and SaaS,Meta,Video,2026-05-31,yes
ADV-835,Technology and SaaS,Google,Static,2026-07-22,no
ADV-172,Public sector,Google,Video,2026-08-09,yes
ADV-545,Retail and ecommerce,Meta,Static,2026-07-29,no
ADV-545,Retail and ecommerce,Google,Video,2026-06-13,no
ADV-429,Energy,Meta,Static,2026-07-18,yes
ADV-312,Education,Google,Carousel,2026-08-17,yes
ADV-545,Public sector,Google,Static,2026-08-08,yes
ADV-312,Retail and ecommerce,Meta,Video,2026-07-02,no
ADV-248,Public sector,Google,Carousel,2026-08-14,yes
ADV-835,Education,Google,Carousel,2026-05-18,yes
ADV-312,Education,Google,Carousel,2026-06-14,no
ADV-944,Media and publishing,Meta,Video,2026-08-14,yes
ADV-429,Retail and ecommerce,Meta,Video,2026-07-31,yes
ADV-159,Energy,Meta,Video,2026-07-06,no
ADV-429,Media and publishing,Google,Static,2026-07-09,no
ADV-248,Technology and SaaS,Meta,Carousel,2026-08-20,no
ADV-835,Retail and ecommerce,Meta,Carousel,2026-07-26,yes
ADV-312,Media and publishing,Google,Video,2026-08-16,yes
ADV-248,Technology and SaaS,Meta,Video,2026-06-16,no
ADV-159,Energy,Google,Video,2026-09-12,no
ADV-248,Public sector,Meta,Video,2026-05-28,yes
ADV-159,Retail and ecommerce,Meta,Video,2026-05-28,yes
ADV-172,Education,Google,Video,2026-06-23,no
ADV-312,Technology and SaaS,Google,Carousel,2026-07-25,no
ADV-248,Retail and ecommerce,Meta,Static,2026-07-31,yes
ADV-429,Technology and SaaS,Meta,Video,2026-08-15,yes
ADV-172,Technology and SaaS,Meta,Carousel,2026-08-28,yes
ADV-312,Retail and ecommerce,Google,Video,2026-06-10,no
ADV-835,Education,Meta,Video,2026-08-29,no
ADV-172,Technology and SaaS,Google,Carousel,2026-06-06,yes
ADV-944,Education,Google,Static,2026-06-01,no
ADV-312,Public sector,Google,Video,2026-07-19,yes
ADV-159,Retail and ecommerce,Google,Static,2026-06-27,yes
ADV-545,Retail and ecommerce,Meta,Video,2026-06-25,no
ADV-835,Media and publishing,Meta,Video,2026-07-27,no
ADV-312,Media and publishing,Google,Carousel,2026-08-18,no
ADV-172,Education,Meta,Video,2026-08-20,no
ADV-545,Media and publishing,Meta,Video,2026-06-04,no
ADV-835,Technology and SaaS,Google,Carousel,2026-07-08,no
ADV-429,Energy,Google,Video,2026-07-11,yes
ADV-312,Technology and SaaS,Google,Carousel,2026-06-25,yes
ADV-835,Public sector,Google,Video,2026-07-16,no
ADV-248,Media and publishing,Google,Video,2026-07-02,no
ADV-835,Public sector,Google,Video,2026-07-20,yes
ADV-159,Media and publishing,Meta,Video,2026-07-22,no
ADV-944,Media and publishing,Meta,Video,2026-06-09,no
ADV-429,Media and publishing,Meta,Carousel,2026-06-27,yes
ADV-835,Public sector,Google,Video,2026-07-23,yes
ADV-835,Education,Meta,Carousel,2026-08-19,yes
ADV-545,Technology and SaaS,Meta,Static,2026-08-03,no
ADV-429,Technology and SaaS,Meta,Static,2026-07-23,yes
ADV-172,Education,Meta,Video,2026-08-12,yes
ADV-545,Media and publishing,Google,Carousel,2026-06-24,no
ADV-545,Media and publishing,Meta,Video,2026-06-27,yes
ADV-248,Retail and ecommerce,Meta,Video,2026-08-24,no
ADV-835,Media and publishing,Google,Carousel,2026-08-17,no
ADV-248,Media and publishing,Google,Carousel,2026-09-08,no
ADV-944,Public sector,Google,Carousel,2026-07-09,no
ADV-944,Technology and SaaS,Google,Carousel,2026-07-27,no
ADV-312,Energy,Meta,Video,2026-06-30,yes
ADV-172,Media and publishing,Google,Static,2026-05-31,yes
ADV-312,Education,Google,Carousel,2026-07-11,yes
ADV-172,Retail and ecommerce,Meta,Video,2026-08-01,no
ADV-545,Energy,Google,Carousel,2026-05-28,yes
ADV-545,Education,Meta,Video,2026-07-23,no
ADV-545,Public sector,Meta,Carousel,2026-05-16,yes
ADV-835,Retail and ecommerce,Google,Video,2026-07-30,yes
ADV-159,Public sector,Meta,Carousel,2026-07-23,yes
ADV-312,Media and publishing,Google,Video,2026-06-16,no
ADV-159,Energy,Meta,Carousel,2026-07-27,no
ADV-835,Technology and SaaS,Meta,Video,2026-08-19,yes
ADV-159,Media and publishing,Meta,Carousel,2026-07-04,no
ADV-429,Media and publishing,Google,Video,2026-08-27,yes
ADV-429,Media and publishing,Google,Video,2026-07-12,yes
ADV-312,Retail and ecommerce,Meta,Video,2026-09-12,no
ADV-312,Technology and SaaS,Google,Video,2026-06-04,no
ADV-312,Media and publishing,Google,Carousel,2026-08-31,no
ADV-429,Education,Google,Carousel,2026-07-03,yes
ADV-172,Media and publishing,Google,Carousel,2026-08-25,no
ADV-545,Technology and SaaS,Google,Video,2026-07-12,no
ADV-429,Media and publishing,Google,Video,2026-06-08,no
ADV-944,Media and publishing,Google,Video,2026-07-31,no
ADV-835,Public sector,Meta,Static,2026-08-28,yes
ADV-835,Public sector,Google,Video,2026-09-05,no
ADV-944,Public sector,Google,Carousel,2026-08-05,yes
ADV-159,Technology and SaaS,Meta,Carousel,2026-05-28,yes
ADV-944,Technology and SaaS,Meta,Static,2026-07-02,yes
ADV-312,Media and publishing,Google,Video,2026-06-05,yes
ADV-172,Energy,Meta,Video,2026-07-01,no
ADV-944,Energy,Meta,Video,2026-08-28,no
ADV-172,Retail and ecommerce,Meta,Video,2026-09-10,yes
ADV-172,Retail and ecommerce,Google,Video,2026-08-01,no
ADV-835,Technology and SaaS,Google,Video,2026-08-28,yes
ADV-944,Energy,Meta,Video,2026-07-05,yes
ADV-172,Technology and SaaS,Google,Video,2026-08-26,no
ADV-944,Energy,Meta,Video,2026-07-06,no
ADV-944,Retail and ecommerce,Google,Static,2026-06-06,no
ADV-545,Retail and ecommerce,Google,Carousel,2026-08-05,yes
ADV-944,Public sector,Meta,Video,2026-07-15,yes
ADV-944,Technology and SaaS,Google,Video,2026-07-05,yes
ADV-835,Technology and SaaS,Google,Static,2026-08-22,no
ADV-172,Technology and SaaS,Meta,Video,2026-08-10,yes
ADV-944,Media and publishing,Google,Carousel,2026-06-13,no
ADV-944,Technology and SaaS,Meta,Video,2026-07-16,yes
ADV-429,Energy,Google,Carousel,2026-06-03,yes
ADV-172,Energy,Meta,Video,2026-08-22,yes
ADV-835,Technology and SaaS,Google,Carousel,2026-06-09,no
ADV-312,Technology and SaaS,Google,Static,2026-07-02,yes
ADV-944,Media and publishing,Google,Video,2026-07-29,yes
ADV-248,Education,Meta,Static,2026-06-06,no
ADV-429,Media and publishing,Google,Static,2026-08-04,no
ADV-835,Education,Google,Carousel,2026-06-16,yes
ADV-172,Retail and ecommerce,Google,Carousel,2026-07-08,yes
ADV-248,Education,Google,Carousel,2026-08-27,yes
ADV-944,Public sector,Google,Video,2026-07-17,no
ADV-159,Media and publishing,Google,Video,2026-08-03,no
ADV-312,Media and publishing,Meta,Carousel,2026-06-07,yes
ADV-248,Technology and SaaS,Google,Video,2026-08-25,yes
ADV-248,Media and publishing,Meta,Video,2026-07-22,no
ADV-159,Education,Google,Video,2026-09-02,yes
ADV-545,Education,Google,Carousel,2026-07-22,yes
ADV-835,Technology and SaaS,Meta,Video,2026-07-08,no
ADV-312,Retail and ecommerce,Meta,Carousel,2026-07-22,no
ADV-159,Media and publishing,Meta,Carousel,2026-05-25,no
ADV-312,Media and publishing,Meta,Carousel,2026-07-21,yes
ADV-159,Energy,Google,Video,2026-09-10,no
ADV-248,Technology and SaaS,Meta,Static,2026-08-31,no
ADV-248,Retail and ecommerce,Meta,Carousel,2026-06-05,yes
ADV-835,Technology and SaaS,Meta,Carousel,2026-06-19,yes
ADV-545,Media and publishing,Google,Video,2026-05-16,no
ADV-944,Education,Meta,Static,2026-08-31,no
ADV-545,Technology and SaaS,Google,Video,2026-06-12,yes
ADV-429,Technology and SaaS,Google,Video,2026-06-11,yes
ADV-172,Media and publishing,Google,Carousel,2026-06-03,no
ADV-312,Technology and SaaS,Google,Video,2026-07-05,no
ADV-545,Energy,Google,Video,2026-07-26,yes
ADV-944,Technology and SaaS,Google,Carousel,2026-05-29,yes
ADV-312,Public sector,Meta,Video,2026-06-09,yes
ADV-248,Energy,Google,Carousel,2026-09-03,no
ADV-159,Energy,Meta,Carousel,2026-07-12,no
ADV-545,Media and publishing,Google,Carousel,2026-08-20,yes
ADV-248,Technology and SaaS,Google,Video,2026-07-21,no
ADV-944,Energy,Meta,Carousel,2026-06-16,yes
ADV-944,Technology and SaaS,Google,Video,2026-07-23,yes
ADV-429,Media and publishing,Meta,Video,2026-06-08,no
ADV-835,Education,Google,Static,2026-06-20,no
ADV-429,Technology and SaaS,Meta,Static,2026-05-23,yes
ADV-835,Media and publishing,Google,Video,2026-05-28,no
ADV-835,Technology and SaaS,Google,Carousel,2026-08-10,no
ADV-312,Public sector,Meta,Video,2026-08-11,yes
ADV-159,Education,Google,Video,2026-08-30,no
ADV-248,Retail and ecommerce,Google,Video,2026-07-02,yes
ADV-545,Public sector,Meta,Video,2026-07-22,yes
ADV-159,Media and publishing,Meta,Video,2026-05-29,yes
ADV-545,Media and publishing,Meta,Carousel,2026-06-03,no
ADV-429,Public sector,Meta,Video,2026-07-17,no
ADV-312,Technology and SaaS,Meta,Video,2026-06-24,no
ADV-944,Technology and SaaS,Google,Video,2026-08-06,no
ADV-248,Education,Google,Video,2026-07-04,no
ADV-248,Education,Meta,Video,2026-07-20,no
ADV-312,Public sector,Google,Video,2026-08-14,yes
ADV-545,Technology and SaaS,Meta,Video,2026-09-05,no
ADV-429,Retail and ecommerce,Meta,Video,2026-05-25,yes
ADV-248,Public sector,Google,Video,2026-06-29,yes
ADV-159,Media and publishing,Meta,Video,2026-05-31,no
ADV-545,Public sector,Meta,Carousel,2026-09-09,no
ADV-172,Public sector,Google,Carousel,2026-07-13,yes
ADV-248,Public sector,Google,Video,2026-08-30,no
ADV-429,Media and publishing,Google,Video,2026-09-05,no
ADV-944,Technology and SaaS,Google,Carousel,2026-05-20,no
ADV-944,Technology and SaaS,Meta,Video,2026-07-12,yes
ADV-835,Energy,Meta,Video,2026-07-13,no
ADV-248,Education,Meta,Carousel,2026-07-15,yes
ADV-312,Education,Meta,Video,2026-09-09,yes
ADV-944,Public sector,Google,Carousel,2026-06-07,no
ADV-159,Technology and SaaS,Meta,Video,2026-06-15,yes
ADV-159,Technology and SaaS,Google,Video,2026-08-16,yes
ADV-312,Technology and SaaS,Google,Video,2026-08-18,no
ADV-248,Education,Google,Carousel,2026-08-02,no
ADV-248,Education,Meta,Carousel,2026-06-17,yes
ADV-172,Public sector,Google,Carousel,2026-08-17,no
ADV-312,Education,Meta,Video,2026-09-01,no
ADV-545,Education,Meta,Video,2026-09-06,no
ADV-159,Retail and ecommerce,Meta,Video,2026-06-30,yes
ADV-944,Technology and SaaS,Google,Video,2026-06-13,yes
ADV-159,Media and publishing,Meta,Video,2026-08-01,yes
ADV-545,Public sector,Google,Video,2026-08-07,no
ADV-248,Media and publishing,Meta,Video,2026-05-23,yes
ADV-159,Media and publishing,Google,Carousel,2026-08-31,no
ADV-429,Energy,Google,Carousel,2026-06-30,no
ADV-545,Technology and SaaS,Meta,Video,2026-05-27,no
ADV-248,Retail and ecommerce,Meta,Video,2026-07-21,yes
ADV-172,Education,Meta,Video,2026-05-19,no
ADV-248,Education,Google,Video,2026-08-25,no
ADV-172,Technology and SaaS,Google,Carousel,2026-08-12,yes
ADV-248,Media and publishing,Meta,Static,2026-08-12,yes
ADV-545,Technology and SaaS,Google,Static,2026-05-29,no
ADV-545,Media and publishing,Meta,Carousel,2026-05-22,yes
ADV-312,Media and publishing,Meta,Carousel,2026-07-19,no
ADV-172,Energy,Meta,Video,2026-06-27,yes
ADV-835,Technology and SaaS,Meta,Video,2026-08-07,no
ADV-429,Media and publishing,Meta,Video,2026-08-12,yes
ADV-429,Education,Meta,Carousel,2026-08-29,no
ADV-835,Public sector,Meta,Carousel,2026-08-05,no
ADV-312,Public sector,Meta,Video,2026-06-25,no
ADV-429,Technology and SaaS,Meta,Video,2026-09-03,yes
ADV-159,Technology and SaaS,Google,Carousel,2026-08-17,no
ADV-172,Technology and SaaS,Google,Video,2026-09-03,yes
ADV-944,Media and publishing,Meta,Video,2026-07-05,yes
ADV-172,Education,Meta,Carousel,2026-07-24,yes
ADV-159,Education,Meta,Carousel,2026-07-11,yes
ADV-159,Technology and SaaS,Google,Video,2026-05-29,no
ADV-835,Technology and SaaS,Google,Static,2026-08-27,yes
ADV-944,Technology and SaaS,Google,Static,2026-06-26,no
ADV-429,Technology and SaaS,Meta,Static,2026-05-20,yes
ADV-429,Energy,Google,Video,2026-08-17,yes
ADV-835,Technology and SaaS,Google,Carousel,2026-05-24,yes
ADV-545,Retail and ecommerce,Google,Carousel,2026-05-27,no
ADV-429,Media and publishing,Meta,Video,2026-05-27,yes
ADV-835,Media and publishing,Google,Video,2026-07-03,yes
ADV-545,Media and publishing,Meta,Static,2026-09-01,yes
ADV-172,Technology and SaaS,Meta,Video,2026-08-22,yes
ADV-312,Education,Meta,Video,2026-09-07,yes
ADV-159,Energy,Google,Static,2026-07-18,no
ADV-248,Media and publishing,Google,Video,2026-05-27,yes
ADV-835,Retail and ecommerce,Google,Carousel,2026-06-25,no
ADV-159,Media and publishing,Google,Video,2026-07-18,yes
ADV-312,Media and publishing,Meta,Carousel,2026-09-12,no
ADV-835,Technology and SaaS,Meta,Carousel,2026-08-13,no
ADV-944,Energy,Meta,Video,2026-08-16,yes
ADV-312,Media and publishing,Meta,Video,2026-07-15,yes
ADV-835,Technology and SaaS,Google,Static,2026-07-30,yes
ADV-545,Public sector,Google,Carousel,2026-09-11,yes
ADV-159,Public sector,Meta,Carousel,2026-09-01,yes
ADV-159,Technology and SaaS,Google,Carousel,2026-08-08,yes
ADV-159,Public sector,Google,Carousel,2026-07-14,yes
ADV-159,Public sector,Google,Carousel,2026-08-03,no
ADV-944,Technology and SaaS,Meta,Video,2026-06-13,yes
ADV-429,Energy,Meta,Video,2026-09-03,no
ADV-159,Energy,Google,Video,2026-06-29,no
ADV-172,Retail and ecommerce,Google,Carousel,2026-05-27,no
ADV-248,Media and publishing,Meta,Carousel,2026-08-20,yes
ADV-429,Education,Google,Carousel,2026-07-19,no
ADV-835,Media and publishing,Meta,Video,2026-07-28,yes
ADV-159,Retail and ecommerce,Google,Carousel,2026-08-01,no
ADV-172,Energy,Meta,Carousel,2026-08-23,no
ADV-172,Technology and SaaS,Google,Video,2026-07-03,yes
ADV-312,Technology and SaaS,Google,Video,2026-05-21,yes
ADV-159,Media and publishing,Meta,Video,2026-08-04,yes
ADV-159,Technology and SaaS,Google,Static,2026-08-10,yes
ADV-429,Energy,Meta,Carousel,2026-06-05,no
ADV-835,Public sector,Google,Carousel,2026-06-10,yes
ADV-172,Technology and SaaS,Google,Static,2026-09-11,yes
ADV-429,Retail and ecommerce,Meta,Carousel,2026-06-18,no
ADV-545,Education,Meta,Carousel,2026-06-29,yes
ADV-172,Retail and ecommerce,Meta,Carousel,2026-05-16,no
ADV-312,Retail and ecommerce,Google,Carousel,2026-06-03,yes
ADV-312,Energy,Meta,Video,2026-06-27,no
ADV-944,Media and publishing,Google,Carousel,2026-06-04,no
ADV-835,Public sector,Google,Video,2026-06-08,no
ADV-248,Media and publishing,Google,Carousel,2026-05-30,no
ADV-545,Retail and ecommerce,Google,Video,2026-05-18,no
ADV-312,Media and publishing,Google,Carousel,2026-07-03,yes
ADV-944,Technology and SaaS,Meta,Carousel,2026-09-03,yes
ADV-545,Technology and SaaS,Google,Carousel,2026-05-30,no
ADV-172,Retail and ecommerce,Meta,Video,2026-08-16,yes
ADV-429,Media and publishing,Meta,Carousel,2026-07-25,no
ADV-248,Public sector,Meta,Static,2026-05-31,yes
ADV-944,Technology and SaaS,Meta,Carousel,2026-08-19,yes
ADV-172,Public sector,Meta,Carousel,2026-09-09,yes
ADV-312,Public sector,Meta,Carousel,2026-09-06,yes
ADV-159,Retail and ecommerce,Google,Static,2026-07-18,yes
ADV-545,Retail and ecommerce,Meta,Video,2026-06-15,yes
ADV-545,Media and publishing,Meta,Video,2026-06-28,no
ADV-835,Public sector,Google,Video,2026-08-16,yes
ADV-248,Retail and ecommerce,Meta,Video,2026-09-08,yes
ADV-545,Energy,Meta,Carousel,2026-08-08,yes
ADV-312,Education,Google,Carousel,2026-08-21,yes
ADV-835,Media and publishing,Meta,Video,2026-09-07,no
ADV-429,Energy,Google,Carousel,2026-07-05,no
ADV-248,Media and publishing,Meta,Video,2026-08-22,no
ADV-248,Media and publishing,Google,Carousel,2026-08-26,no
ADV-944,Energy,Meta,Video,2026-05-18,yes
ADV-312,Public sector,Google,Video,2026-07-08,yes
ADV-248,Technology and SaaS,Meta,Carousel,2026-07-03,no
ADV-159,Energy,Google,Video,2026-07-04,yes
ADV-159,Public sector,Google,Static,2026-07-03,no
ADV-429,Media and publishing,Google,Video,2026-09-04,yes
ADV-835,Media and publishing,Meta,Carousel,2026-06-03,no
ADV-429,Retail and ecommerce,Google,Video,2026-06-24,no
ADV-312,Public sector,Google,Video,2026-06-02,yes
ADV-172,Media and publishing,Meta,Carousel,2026-08-23,no
ADV-248,Media and publishing,Google,Static,2026-07-11,yes
ADV-172,Public sector,Meta,Carousel,2026-07-24,no
ADV-159,Energy,Meta,Carousel,2026-07-05,no
ADV-545,Technology and SaaS,Google,Carousel,2026-08-31,no
ADV-172,Technology and SaaS,Google,Static,2026-07-28,no
ADV-545,Technology and SaaS,Meta,Carousel,2026-06-29,yes
ADV-248,Public sector,Meta,Video,2026-06-10,no
ADV-545,Technology and SaaS,Google,Video,2026-09-09,yes
ADV-248,Education,Meta,Carousel,2026-05-28,no
ADV-159,Education,Google,Carousel,2026-06-30,yes
ADV-835,Retail and ecommerce,Google,Carousel,2026-09-07,no
ADV-545,Education,Google,Video,2026-09-01,no
ADV-312,Technology and SaaS,Meta,Carousel,2026-06-14,yes
ADV-835,Public sector,Meta,Video,2026-08-11,yes
ADV-159,Media and publishing,Meta,Carousel,2026-06-04,no
ADV-835,Energy,Google,Video,2026-06-07,no
ADV-172,Media and publishing,Meta,Video,2026-06-15,yes
ADV-944,Public sector,Meta,Carousel,2026-06-02,yes
ADV-429,Retail and ecommerce,Meta,Video,2026-09-08,yes
ADV-429,Public sector,Google,Carousel,2026-06-17,no
ADV-944,Technology and SaaS,Google,Video,2026-05-24,no
ADV-248,Media and publishing,Meta,Video,2026-07-26,yes
ADV-159,Technology and SaaS,Google,Video,2026-08-21,yes
ADV-159,Public sector,Meta,Video,2026-06-07,no
ADV-944,Media and publishing,Google,Video,2026-06-25,yes
ADV-835,Media and publishing,Meta,Video,2026-07-24,no
ADV-944,Media and publishing,Google,Carousel,2026-08-10,yes
ADV-429,Retail and ecommerce,Meta,Carousel,2026-08-19,yes
ADV-545,Energy,Meta,Carousel,2026-07-31,yes
ADV-172,Media and publishing,Google,Carousel,2026-06-05,no
ADV-944,Media and publishing,Meta,Video,2026-05-28,no
ADV-248,Media and publishing,Google,Video,2026-08-30,yes
ADV-545,Media and publishing,Google,Video,2026-08-24,yes
ADV-159,Energy,Meta,Video,2026-06-15,no
ADV-312,Education,Google,Video,2026-05-16,no
ADV-429,Education,Meta,Video,2026-08-04,no
ADV-545,Public sector,Google,Static,2026-08-10,no
ADV-835,Technology and SaaS,Google,Carousel,2026-09-01,no
ADV-429,Media and publishing,Meta,Video,2026-08-13,yes
ADV-944,Technology and SaaS,Meta,Static,2026-08-01,no
ADV-159,Technology and SaaS,Google,Carousel,2026-08-04,yes
ADV-545,Media and publishing,Google,Video,2026-06-03,no
ADV-159,Technology and SaaS,Google,Video,2026-07-15,yes
ADV-312,Media and publishing,Meta,Carousel,2026-07-12,yes
ADV-172,Media and publishing,Google,Video,2026-07-30,no
ADV-172,Media and publishing,Google,Video,2026-07-28,yes
ADV-312,Education,Google,Carousel,2026-05-22,yes
ADV-312,Energy,Meta,Video,2026-08-11,yes
ADV-835,Retail and ecommerce,Meta,Video,2026-07-18,yes
ADV-545,Education,Meta,Static,2026-07-08,no
ADV-172,Media and publishing,Meta,Video,2026-07-12,yes
ADV-312,Technology and SaaS,Google,Static,2026-08-02,no
ADV-312,Public sector,Meta,Video,2026-09-09,no
ADV-159,Technology and SaaS,Google,Carousel,2026-06-09,no
ADV-545,Retail and ecommerce,Google,Carousel,2026-05-20,yes
ADV-545,Media and publishing,Google,Video,2026-08-25,yes
ADV-944,Media and publishing,Meta,Carousel,2026-08-13,yes
ADV-172,Retail and ecommerce,Meta,Carousel,2026-08-04,no
ADV-944,Public sector,Google,Video,2026-07-04,no
ADV-835,Public sector,Google,Carousel,2026-08-17,yes
ADV-429,Retail and ecommerce,Meta,Video,2026-06-06,no
ADV-312,Media and publishing,Meta,Carousel,2026-05-28,no
ADV-429,Media and publishing,Meta,Video,2026-09-08,yes
ADV-944,Media and publishing,Meta,Video,2026-06-11,no
ADV-172,Education,Google,Carousel,2026-08-13,no
ADV-312,Retail and ecommerce,Meta,Video,2026-07-13,no
ADV-944,Retail and ecommerce,Meta,Carousel,2026-06-05,no
ADV-545,Energy,Google,Carousel,2026-09-07,no
ADV-172,Public sector,Meta,Video,2026-07-20,no
ADV-172,Technology and SaaS,Meta,Carousel,2026-05-27,no
ADV-944,Media and publishing,Google,Video,2026-07-18,no
ADV-429,Technology and SaaS,Google,Carousel,2026-06-09,yes
ADV-545,Media and publishing,Meta,Static,2026-07-24,no
ADV-429,Media and publishing,Meta,Video,2026-06-21,yes
ADV-545,Retail and ecommerce,Google,Carousel,2026-07-03,no
ADV-835,Education,Google,Video,2026-06-28,yes
ADV-312,Technology and SaaS,Meta,Video,2026-08-12,no
ADV-248,Media and publishing,Meta,Video,2026-08-09,yes
ADV-545,Technology and SaaS,Meta,Video,2026-06-05,yes
ADV-429,Public sector,Meta,Video,2026-05-28,yes
ADV-545,Technology and SaaS,Meta,Carousel,2026-07-02,yes
ADV-172,Technology and SaaS,Google,Carousel,2026-08-09,no
ADV-248,Technology and SaaS,Google,Carousel,2026-07-04,yes
ADV-159,Public sector,Google,Carousel,2026-06-08,no
ADV-835,Public sector,Meta,Video,2026-07-06,no
ADV-835,Public sector,Meta,Carousel,2026-07-10,yes
ADV-545,Education,Meta,Video,2026-07-22,no
ADV-545,Technology and SaaS,Google,Video,2026-07-08,yes
ADV-944,Media and publishing,Meta,Carousel,2026-07-12,no
ADV-172,Public sector,Google,Carousel,2026-06-07,no
ADV-312,Media and publishing,Google,Carousel,2026-09-02,no
ADV-159,Retail and ecommerce,Meta,Carousel,2026-06-06,no
ADV-172,Public sector,Meta,Video,2026-06-16,yes
ADV-159,Retail and ecommerce,Meta,Carousel,2026-07-29,yes
ADV-159,Media and publishing,Google,Video,2026-06-28,no
ADV-312,Media and publishing,Google,Carousel,2026-06-25,yes
ADV-835,Media and publishing,Google,Video,2026-05-18,no
ADV-312,Retail and ecommerce,Google,Video,2026-05-25,no
ADV-312,Media and publishing,Meta,Video,2026-08-09,yes
ADV-835,Retail and ecommerce,Google,Carousel,2026-05-19,no
ADV-159,Technology and SaaS,Meta,Static,2026-08-16,no
ADV-159,Public sector,Google,Carousel,2026-07-13,no
ADV-944,Education,Meta,Carousel,2026-07-19,yes
ADV-159,Technology and SaaS,Meta,Carousel,2026-06-02,no
ADV-248,Retail and ecommerce,Google,Video,2026-06-22,no
ADV-429,Media and publishing,Google,Video,2026-09-08,no
ADV-545,Media and publishing,Google,Video,2026-09-12,yes
ADV-545,Education,Meta,Video,2026-09-01,yes
ADV-248,Energy,Meta,Video,2026-07-06,no
ADV-429,Energy,Meta,Static,2026-06-16,yes
ADV-248,Media and publishing,Meta,Carousel,2026-07-30,no
ADV-944,Media and publishing,Meta,Video,2026-09-07,yes
ADV-944,Media and publishing,Google,Video,2026-08-16,no
ADV-312,Technology and SaaS,Meta,Static,2026-07-07,no
ADV-248,Media and publishing,Meta,Video,2026-08-29,yes
ADV-159,Public sector,Google,Carousel,2026-07-24,no
ADV-159,Media and publishing,Meta,Video,2026-07-03,no
ADV-312,Public sector,Google,Carousel,2026-05-24,no
ADV-429,Retail and ecommerce,Google,Video,2026-08-22,yes
ADV-835,Technology and SaaS,Google,Video,2026-06-28,yes
ADV-248,Technology and SaaS,Google,Video,2026-06-20,no
ADV-312,Public sector,Meta,Static,2026-08-13,yes
ADV-835,Media and publishing,Google,Video,2026-06-22,no
ADV-159,Education,Meta,Carousel,2026-08-31,no
ADV-172,Energy,Meta,Carousel,2026-07-21,yes
ADV-159,Public sector,Meta,Video,2026-07-25,yes
ADV-312,Media and publishing,Google,Static,2026-06-29,no
ADV-312,Media and publishing,Meta,Carousel,2026-06-20,no
ADV-835,Education,Google,Carousel,2026-07-14,yes
ADV-159,Energy,Google,Video,2026-05-29,no
ADV-159,Energy,Meta,Video,2026-06-08,no
ADV-172,Public sector,Meta,Video,2026-08-01,no
ADV-172,Media and publishing,Meta,Video,2026-05-17,yes
ADV-944,Education,Google,Carousel,2026-07-08,no
ADV-835,Retail and ecommerce,Meta,Static,2026-08-24,no
ADV-429,Retail and ecommerce,Google,Video,2026-09-06,yes
ADV-159,Retail and ecommerce,Google,Video,2026-07-29,yes
ADV-835,Public sector,Google,Static,2026-08-27,no
ADV-545,Education,Google,Carousel,2026-08-05,yes
ADV-159,Public sector,Google,Carousel,2026-08-17,yes
ADV-545,Public sector,Meta,Static,2026-08-31,no
ADV-159,Public sector,Google,Video,2026-05-30,yes
ADV-944,Media and publishing,Meta,Static,2026-08-06,yes
ADV-944,Energy,Meta,Video,2026-07-24,no
ADV-159,Technology and SaaS,Meta,Carousel,2026-06-04,yes
ADV-545,Energy,Meta,Video,2026-05-24,yes
ADV-835,Media and publishing,Meta,Carousel,2026-05-17,yes
ADV-944,Retail and ecommerce,Google,Video,2026-08-16,yes
ADV-248,Education,Google,Static,2026-06-13,yes
ADV-429,Education,Google,Video,2026-08-12,no
ADV-545,Media and publishing,Google,Video,2026-09-05,yes
ADV-545,Public sector,Meta,Video,2026-08-14,yes
ADV-545,Technology and SaaS,Meta,Carousel,2026-06-08,no
ADV-835,Technology and SaaS,Meta,Carousel,2026-06-24,yes
ADV-172,Energy,Google,Carousel,2026-08-13,yes
ADV-248,Media and publishing,Google,Video,2026-08-31,yes
ADV-545,Media and publishing,Google,Video,2026-05-23,no
ADV-312,Retail and ecommerce,Google,Video,2026-07-03,no
ADV-172,Education,Meta,Carousel,2026-05-24,no
ADV-835,Technology and SaaS,Meta,Video,2026-07-15,yes
ADV-944,Media and publishing,Meta,Carousel,2026-09-08,no
ADV-159,Education,Meta,Carousel,2026-09-10,no
ADV-312,Media and publishing,Meta,Video,2026-08-30,yes
ADV-835,Technology and SaaS,Google,Carousel,2026-08-28,yes
ADV-159,Technology and SaaS,Google,Video,2026-08-06,yes
ADV-312,Media and publishing,Meta,Static,2026-08-27,no
ADV-835,Energy,Google,Carousel,2026-06-28,no
ADV-944,Education,Meta,Carousel,2026-08-07,no
ADV-545,Technology and SaaS,Google,Carousel,2026-08-27,no
ADV-429,Retail and ecommerce,Meta,Carousel,2026-06-26,yes
ADV-429,Retail and ecommerce,Meta,Carousel,2026-06-19,no
ADV-835,Media and publishing,Google,Video,2026-08-28,yes
ADV-159,Technology and SaaS,Meta,Video,2026-07-23,no
ADV-835,Media and publishing,Google,Video,2026-05-29,no
ADV-545,Technology and SaaS,Meta,Video,2026-09-04,yes
ADV-172,Media and publishing,Google,Video,2026-06-19,yes
ADV-944,Media and publishing,Google,Static,2026-08-11,yes
ADV-312,Energy,Meta,Carousel,2026-06-06,no
ADV-312,Retail and ecommerce,Google,Video,2026-08-29,no
ADV-429,Retail and ecommerce,Meta,Carousel,2026-08-10,yes
ADV-159,Media and publishing,Google,Carousel,2026-05-28,no
ADV-944,Education,Google,Video,2026-07-10,yes
ADV-248,Education,Meta,Video,2026-08-22,no
ADV-835,Energy,Meta,Video,2026-07-20,no
ADV-248,Media and publishing,Meta,Video,2026-09-12,no
ADV-545,Energy,Meta,Video,2026-07-16,yes
ADV-835,Education,Meta,Video,2026-07-26,no
ADV-944,Education,Meta,Video,2026-08-07,yes
ADV-159,Public sector,Meta,Video,2026-07-02,yes
ADV-248,Media and publishing,Meta,Video,2026-09-12,yes
ADV-835,Energy,Google,Video,2026-06-08,yes
ADV-944,Retail and ecommerce,Google,Video,2026-07-23,yes
ADV-312,Education,Google,Carousel,2026-06-10,yes
ADV-545,Energy,Google,Static,2026-09-05,no
ADV-159,Technology and SaaS,Meta,Carousel,2026-08-22,yes
ADV-159,Technology and SaaS,Google,Video,2026-06-08,yes
ADV-944,Technology and SaaS,Google,Carousel,2026-08-09,yes
ADV-545,Media and publishing,Meta,Carousel,2026-09-06,yes
ADV-835,Public sector,Meta,Video,2026-08-07,yes
ADV-429,Retail and ecommerce,Google,Carousel,2026-08-16,yes
ADV-312,Public sector,Meta,Carousel,2026-08-16,yes
ADV-944,Media and publishing,Meta,Carousel,2026-07-09,no
ADV-545,Technology and SaaS,Meta,Video,2026-08-29,no
ADV-835,Media and publishing,Google,Carousel,2026-08-06,yes
ADV-835,Education,Google,Carousel,2026-07-12,yes
ADV-248,Energy,Google,Video,2026-06-30,yes
ADV-429,Energy,Google,Carousel,2026-09-05,no
ADV-159,Public sector,Meta,Video,2026-06-05,no
ADV-172,Public sector,Google,Video,2026-07-15,no
ADV-172,Media and publishing,Google,Video,2026-07-27,yes
ADV-159,Retail and ecommerce,Meta,Video,2026-09-11,yes
ADV-545,Technology and SaaS,Google,Video,2026-06-21,yes
ADV-835,Technology and SaaS,Google,Carousel,2026-09-09,yes
ADV-159,Education,Google,Static,2026-06-20,yes
ADV-944,Education,Meta,Video,2026-06-15,no
ADV-172,Media and publishing,Google,Video,2026-07-09,yes
ADV-835,Media and publishing,Meta,Static,2026-09-04,no
ADV-248,Media and publishing,Google,Video,2026-08-23,yes
ADV-172,Energy,Meta,Static,2026-05-16,yes
ADV-429,Media and publishing,Google,Carousel,2026-08-22,yes
ADV-944,Energy,Google,Carousel,2026-06-24,no
ADV-159,Energy,Meta,Carousel,2026-08-08,yes
ADV-944,Education,Google,Video,2026-07-27,no
ADV-172,Technology and SaaS,Google,Video,2026-05-31,yes
ADV-835,Public sector,Meta,Video,2026-09-02,no
ADV-159,Education,Meta,Video,2026-08-13,yes
ADV-835,Education,Google,Video,2026-08-13,yes
ADV-159,Energy,Meta,Carousel,2026-06-29,yes
ADV-545,Energy,Meta,Carousel,2026-06-10,yes
ADV-159,Technology and SaaS,Meta,Video,2026-07-22,no
ADV-545,Technology and SaaS,Meta,Static,2026-06-12,no
ADV-312,Technology and SaaS,Google,Video,2026-07-30,yes
ADV-312,Media and publishing,Google,Video,2026-07-27,no
ADV-545,Retail and ecommerce,Meta,Carousel,2026-06-11,no
ADV-159,Technology and SaaS,Meta,Carousel,2026-07-12,yes
ADV-835,Public sector,Meta,Video,2026-07-10,yes
ADV-944,Media and publishing,Google,Video,2026-05-16,yes
ADV-312,Public sector,Google,Carousel,2026-06-17,no
ADV-172,Media and publishing,Meta,Video,2026-07-19,no
ADV-248,Energy,Meta,Video,2026-08-24,yes
ADV-545,Technology and SaaS,Google,Static,2026-08-28,no
ADV-159,Education,Meta,Carousel,2026-07-19,no
ADV-944,Public sector,Meta,Carousel,2026-05-28,yes
ADV-248,Technology and SaaS,Meta,Video,2026-07-28,yes
ADV-944,Media and publishing,Meta,Carousel,2026-08-01,no
ADV-545,Technology and SaaS,Google,Static,2026-07-31,no
ADV-429,Media and publishing,Meta,Carousel,2026-06-30,no
ADV-429,Education,Meta,Video,2026-08-24,yes
ADV-312,Public sector,Meta,Video,2026-08-16,yes
ADV-429,Public sector,Google,Video,2026-08-17,no
ADV-545,Media and publishing,Google,Static,2026-07-25,no
ADV-835,Energy,Meta,Static,2026-06-07,no
ADV-159,Energy,Google,Static,2026-08-14,no
ADV-172,Energy,Google,Static,2026-06-16,yes
ADV-429,Public sector,Google,Static,2026-09-09,no
ADV-248,Public sector,Meta,Video,2026-07-11,no
ADV-835,Education,Google,Video,2026-09-04,no
ADV-172,Energy,Google,Carousel,2026-08-21,yes
ADV-248,Public sector,Google,Video,2026-09-02,yes
ADV-545,Public sector,Google,Video,2026-06-06,yes
ADV-835,Media and publishing,Meta,Video,2026-08-20,no
ADV-159,Retail and ecommerce,Meta,Carousel,2026-07-29,no
ADV-172,Retail and ecommerce,Meta,Video,2026-05-31,yes
ADV-172,Education,Google,Video,2026-09-10,yes
ADV-172,Media and publishing,Google,Video,2026-08-10,yes
ADV-944,Media and publishing,Google,Video,2026-08-03,yes
ADV-312,Retail and ecommerce,Meta,Carousel,2026-07-20,yes
ADV-944,Education,Meta,Video,2026-06-01,yes
ADV-429,Retail and ecommerce,Meta,Video,2026-05-27,no
ADV-172,Education,Google,Video,2026-06-12,yes
ADV-944,Technology and SaaS,Google,Static,2026-06-09,yes
ADV-248,Retail and ecommerce,Google,Carousel,2026-08-18,yes
ADV-545,Retail and ecommerce,Google,Static,2026-08-14,no
ADV-159,Technology and SaaS,Meta,Carousel,2026-09-02,no
ADV-248,Public sector,Meta,Carousel,2026-05-30,yes
ADV-159,Public sector,Google,Carousel,2026-08-20,no
ADV-172,Media and publishing,Google,Carousel,2026-06-04,yes
ADV-944,Technology and SaaS,Google,Video,2026-05-28,yes
ADV-248,Media and publishing,Google,Static,2026-08-01,no
ADV-159,Education,Meta,Video,2026-06-29,no
ADV-835,Retail and ecommerce,Google,Video,2026-06-15,no
ADV-545,Media and publishing,Google,Carousel,2026-06-11,yes
ADV-429,Media and publishing,Meta,Carousel,2026-07-13,no
ADV-835,Media and publishing,Google,Static,2026-08-20,no
ADV-835,Media and publishing,Meta,Static,2026-08-01,yes
ADV-944,Technology and SaaS,Meta,Video,2026-06-12,no
ADV-835,Technology and SaaS,Google,Video,2026-08-16,yes
ADV-172,Education,Meta,Carousel,2026-08-15,yes
ADV-172,Media and publishing,Google,Video,2026-09-12,no
ADV-944,Technology and SaaS,Google,Video,2026-06-23,yes
ADV-248,Media and publishing,Google,Static,2026-08-27,no
ADV-944,Retail and ecommerce,Google,Carousel,2026-07-28,yes
ADV-545,Public sector,Google,Carousel,2026-05-16,no
ADV-545,Media and publishing,Google,Carousel,2026-08-05,yes
ADV-312,Media and publishing,Meta,Video,2026-08-18,no
ADV-172,Public sector,Google,Carousel,2026-07-24,no
ADV-248,Public sector,Meta,Video,2026-07-09,no
ADV-835,Public sector,Meta,Video,2026-07-07,yes
ADV-248,Technology and SaaS,Meta,Carousel,2026-07-05,yes
ADV-429,Technology and SaaS,Meta,Video,2026-07-22,no
ADV-944,Media and publishing,Google,Carousel,2026-06-01,no
ADV-159,Technology and SaaS,Google,Video,2026-07-02,no
ADV-835,Education,Google,Video,2026-05-20,no
ADV-248,Retail and ecommerce,Meta,Video,2026-07-12,yes
ADV-159,Retail and ecommerce,Google,Video,2026-06-09,yes
ADV-248,Media and publishing,Google,Video,2026-08-15,no
ADV-312,Technology and SaaS,Google,Carousel,2026-06-03,yes
ADV-944,Energy,Meta,Video,2026-07-24,no
ADV-172,Education,Google,Video,2026-08-20,no
ADV-429,Media and publishing,Meta,Video,2026-07-24,yes
ADV-429,Public sector,Google,Video,2026-05-20,yes
ADV-944,Media and publishing,Google,Static,2026-06-10,no
ADV-944,Public sector,Google,Carousel,2026-06-23,no
ADV-545,Retail and ecommerce,Google,Video,2026-08-04,yes
ADV-159,Media and publishing,Meta,Video,2026-09-02,yes
ADV-312,Education,Google,Video,2026-07-22,no
ADV-835,Media and publishing,Meta,Carousel,2026-07-29,no
ADV-312,Technology and SaaS,Meta,Carousel,2026-09-03,no
ADV-944,Technology and SaaS,Meta,Video,2026-08-16,yes
ADV-248,Technology and SaaS,Meta,Carousel,2026-09-06,yes
ADV-159,Technology and SaaS,Google,Video,2026-09-07,no
ADV-944,Technology and SaaS,Google,Video,2026-06-30,yes
ADV-248,Education,Google,Carousel,2026-06-02,no
ADV-944,Technology and SaaS,Google,Video,2026-06-15,no
ADV-172,Energy,Meta,Carousel,2026-06-01,no
ADV-429,Energy,Meta,Carousel,2026-06-22,no
ADV-312,Education,Meta,Video,2026-06-05,yes
ADV-312,Media and publishing,Meta,Carousel,2026-08-26,yes
ADV-545,Education,Meta,Video,2026-07-18,yes
ADV-172,Media and publishing,Google,Video,2026-07-07,yes
ADV-312,Technology and SaaS,Meta,Carousel,2026-08-17,no
ADV-159,Media and publishing,Meta,Static,2026-05-16,no
ADV-835,Technology and SaaS,Meta,Carousel,2026-09-07,no
ADV-172,Technology and SaaS,Google,Carousel,2026-06-08,yes
ADV-835,Energy,Meta,Carousel,2026-06-06,no
ADV-835,Education,Google,Video,2026-06-28,no
ADV-172,Education,Meta,Video,2026-07-08,yes
ADV-312,Retail and ecommerce,Meta,Static,2026-09-04,yes
ADV-159,Public sector,Meta,Video,2026-09-01,no
ADV-159,Media and publishing,Meta,Static,2026-05-25,yes
ADV-545,Technology and SaaS,Google,Static,2026-05-30,no
ADV-172,Education,Google,Video,2026-06-27,no
ADV-429,Media and publishing,Meta,Carousel,2026-09-12,yes
ADV-248,Energy,Meta,Video,2026-08-23,no
ADV-545,Media and publishing,Meta,Video,2026-08-15,yes
ADV-545,Technology and SaaS,Meta,Carousel,2026-07-28,no
ADV-312,Technology and SaaS,Google,Carousel,2026-07-30,yes
ADV-172,Public sector,Meta,Video,2026-08-27,no
ADV-248,Education,Meta,Carousel,2026-07-11,yes
ADV-944,Public sector,Meta,Carousel,2026-07-19,yes
ADV-835,Retail and ecommerce,Meta,Static,2026-06-12,no
ADV-835,Technology and SaaS,Google,Carousel,2026-08-02,yes
ADV-429,Media and publishing,Meta,Video,2026-09-08,no
ADV-159,Public sector,Meta,Carousel,2026-08-22,yes
ADV-159,Energy,Google,Video,2026-07-21,yes
ADV-159,Technology and SaaS,Meta,Video,2026-05-29,no
ADV-545,Technology and SaaS,Meta,Static,2026-07-15,no
ADV-944,Technology and SaaS,Meta,Carousel,2026-07-16,no
ADV-429,Retail and ecommerce,Meta,Video,2026-05-23,yes
ADV-172,Technology and SaaS,Google,Video,2026-06-05,yes
ADV-545,Media and publishing,Google,Carousel,2026-05-20,no
ADV-159,Public sector,Google,Carousel,2026-08-22,yes
ADV-835,Technology and SaaS,Meta,Video,2026-07-27,yes
ADV-944,Energy,Meta,Video,2026-07-27,yes
ADV-172,Media and publishing,Meta,Video,2026-06-13,no
ADV-545,Media and publishing,Meta,Video,2026-07-06,yes
ADV-835,Public sector,Google,Video,2026-07-02,no
ADV-944,Education,Meta,Carousel,2026-09-05,no
ADV-545,Retail and ecommerce,Meta,Video,2026-07-05,no
ADV-312,Energy,Google,Carousel,2026-09-07,yes
ADV-248,Public sector,Google,Carousel,2026-08-25,no
ADV-944,Energy,Google,Video,2026-08-06,no
ADV-545,Public sector,Google,Carousel,2026-05-26,no
ADV-944,Energy,Meta,Video,2026-06-22,yes
ADV-312,Education,Meta,Carousel,2026-08-09,no
ADV-248,Energy,Meta,Video,2026-07-04,yes
ADV-172,Technology and SaaS,Google,Video,2026-07-13,no
ADV-248,Media and publishing,Google,Static,2026-08-12,no
ADV-944,Energy,Google,Carousel,2026-09-12,no
ADV-248,Energy,Meta,Video,2026-08-15,no
ADV-429,Retail and ecommerce,Meta,Static,2026-08-15,no
ADV-429,Retail and ecommerce,Google,Carousel,2026-07-02,yes
ADV-172,Media and publishing,Meta,Static,2026-08-02,no
ADV-312,Public sector,Meta,Video,2026-05-31,yes
ADV-159,Energy,Meta,Carousel,2026-05-25,yes
ADV-248,Media and publishing,Meta,Carousel,2026-08-03,no
ADV-835,Media and publishing,Google,Static,2026-06-23,no
ADV-159,Technology and SaaS,Google,Static,2026-08-10,no
ADV-545,Media and publishing,Meta,Video,2026-06-07,yes
ADV-248,Technology and SaaS,Meta,Video,2026-08-19,no
ADV-835,Technology and SaaS,Google,Carousel,2026-08-31,yes
ADV-835,Technology and SaaS,Google,Video,2026-07-22,no
ADV-545,Technology and SaaS,Google,Carousel,2026-07-09,yes
ADV-944,Media and publishing,Meta,Carousel,2026-07-13,no
ADV-248,Technology and SaaS,Google,Video,2026-07-12,no
ADV-545,Energy,Meta,Static,2026-05-23,no
ADV-172,Media and publishing,Google,Static,2026-07-06,no
ADV-248,Media and publishing,Google,Carousel,2026-06-07,yes
ADV-159,Education,Google,Carousel,2026-07-05,no
ADV-172,Education,Google,Carousel,2026-05-23,yes
ADV-545,Education,Meta,Carousel,2026-07-17,no
ADV-429,Media and publishing,Google,Video,2026-06-01,no
ADV-545,Education,Google,Carousel,2026-09-11,yes
ADV-159,Energy,Google,Static,2026-07-10,no
ADV-172,Education,Google,Static,2026-06-10,no
ADV-159,Media and publishing,Google,Video,2026-08-12,no
ADV-835,Technology and SaaS,Google,Video,2026-05-18,yes
ADV-172,Media and publishing,Google,Video,2026-08-19,no
ADV-545,Media and publishing,Meta,Carousel,2026-05-27,yes
ADV-248,Education,Google,Carousel,2026-08-01,yes
ADV-172,Media and publishing,Google,Video,2026-08-05,yes
ADV-545,Energy,Google,Static,2026-06-30,no
ADV-172,Retail and ecommerce,Meta,Carousel,2026-06-10,yes
ADV-312,Education,Meta,Carousel,2026-06-28,yes
ADV-172,Media and publishing,Meta,Carousel,2026-07-15,no
ADV-159,Technology and SaaS,Google,Carousel,2026-06-10,yes
ADV-172,Retail and ecommerce,Google,Static,2026-08-12,no
ADV-312,Media and publishing,Google,Carousel,2026-08-29,yes
ADV-159,Technology and SaaS,Meta,Video,2026-07-27,yes
ADV-545,Education,Google,Carousel,2026-08-06,no
ADV-248,Media and publishing,Google,Carousel,2026-08-13,no
ADV-944,Education,Meta,Video,2026-08-08,yes
ADV-944,Media and publishing,Meta,Video,2026-08-25,no
ADV-159,Technology and SaaS,Google,Video,2026-07-26,yes
ADV-944,Energy,Meta,Carousel,2026-06-07,no
ADV-429,Energy,Meta,Video,2026-07-25,no
ADV-172,Retail and ecommerce,Meta,Carousel,2026-05-18,no
ADV-429,Media and publishing,Meta,Carousel,2026-08-25,no
ADV-312,Education,Google,Carousel,2026-07-27,no
ADV-159,Public sector,Google,Carousel,2026-09-03,yes
ADV-545,Education,Google,Carousel,2026-08-24,yes
ADV-545,Public sector,Meta,Video,2026-05-26,no
ADV-429,Technology and SaaS,Google,Video,2026-06-14,no
ADV-835,Education,Meta,Video,2026-07-11,no
ADV-429,Education,Meta,Video,2026-08-09,no
ADV-545,Media and publishing,Google,Static,2026-05-30,no
ADV-248,Energy,Google,Video,2026-07-13,yes
ADV-545,Education,Meta,Video,2026-08-27,yes
ADV-944,Public sector,Meta,Video,2026-07-21,yes
ADV-172,Public sector,Google,Carousel,2026-06-15,no
ADV-248,Technology and SaaS,Google,Static,2026-07-18,yes
ADV-944,Technology and SaaS,Google,Video,2026-07-29,no
ADV-429,Public sector,Google,Static,2026-07-19,yes
ADV-429,Technology and SaaS,Meta,Video,2026-08-02,yes
ADV-159,Public sector,Meta,Video,2026-07-02,no
ADV-172,Media and publishing,Meta,Video,2026-08-16,yes
ADV-835,Technology and SaaS,Google,Video,2026-06-28,no
ADV-545,Retail and ecommerce,Google,Carousel,2026-08-14,no
ADV-172,Technology and SaaS,Google,Carousel,2026-06-26,no
ADV-429,Technology and SaaS,Google,Video,2026-06-18,yes
ADV-248,Media and publishing,Meta,Video,2026-09-07,yes
ADV-248,Media and publishing,Google,Carousel,2026-06-22,yes
ADV-944,Public sector,Google,Video,2026-05-31,no
ADV-944,Media and publishing,Meta,Video,2026-07-30,no
ADV-545,Media and publishing,Google,Static,2026-06-05,yes
ADV-159,Technology and SaaS,Google,Static,2026-08-02,yes
ADV-835,Retail and ecommerce,Google,Video,2026-06-24,yes
ADV-944,Technology and SaaS,Meta,Video,2026-06-15,no
ADV-429,Media and publishing,Google,Video,2026-07-28,yes
ADV-944,Technology and SaaS,Meta,Video,2026-06-24,yes
ADV-835,Energy,Google,Video,2026-09-04,no
ADV-944,Retail and ecommerce,Meta,Video,2026-09-04,no
ADV-312,Technology and SaaS,Meta,Video,2026-07-06,no
ADV-312,Energy,Google,Video,2026-09-06,yes
ADV-429,Media and publishing,Google,Video,2026-09-10,no
ADV-159,Media and publishing,Meta,Video,2026-05-16,no
ADV-248,Technology and SaaS,Meta,Carousel,2026-07-13,yes
ADV-429,Technology and SaaS,Meta,Carousel,2026-07-22,no
ADV-312,Technology and SaaS,Meta,Static,2026-08-01,no
ADV-835,Energy,Meta,Video,2026-05-19,yes
ADV-944,Education,Google,Video,2026-06-21,no
ADV-835,Energy,Google,Carousel,2026-05-31,no
ADV-429,Education,Meta,Video,2026-09-03,no
ADV-835,Retail and ecommerce,Meta,Video,2026-06-09,yes
ADV-312,Technology and SaaS,Meta,Carousel,2026-09-07,yes
ADV-248,Education,Meta,Video,2026-07-29,yes
ADV-172,Media and publishing,Google,Carousel,2026-08-06,yes
ADV-159,Technology and SaaS,Google,Carousel,2026-06-05,no
ADV-312,Retail and ecommerce,Meta,Video,2026-07-24,yes
ADV-429,Public sector,Google,Carousel,2026-08-09,no
ADV-944,Public sector,Meta,Static,2026-08-13,yes
ADV-429,Public sector,Meta,Video,2026-08-29,yes
ADV-545,Retail and ecommerce,Google,Video,2026-05-16,yes
ADV-248,Technology and SaaS,Google,Carousel,2026-06-07,yes
ADV-172,Media and publishing,Google,Video,2026-07-06,yes
ADV-944,Technology and SaaS,Google,Carousel,2026-05-17,no
ADV-835,Technology and SaaS,Google,Video,2026-06-20,yes
ADV-312,Energy,Google,Carousel,2026-06-22,no
ADV-429,Energy,Google,Static,2026-06-05,no
ADV-944,Public sector,Meta,Carousel,2026-07-22,yes
ADV-312,Retail and ecommerce,Google,Video,2026-08-17,no
ADV-312,Technology and SaaS,Google,Video,2026-07-09,yes
ADV-248,Retail and ecommerce,Meta,Carousel,2026-08-09,no
ADV-248,Education,Google,Carousel,2026-08-14,yes
ADV-172,Technology and SaaS,Google,Video,2026-08-13,no
ADV-248,Public sector,Meta,Video,2026-06-04,no
ADV-944,Public sector,Google,Video,2026-08-26,yes
ADV-248,Technology and SaaS,Meta,Carousel,2026-07-13,no
ADV-312,Education,Google,Carousel,2026-08-24,yes
ADV-312,Technology and SaaS,Google,Video,2026-06-10,yes
ADV-944,Education,Meta,Carousel,2026-06-10,no
ADV-312,Energy,Google,Carousel,2026-07-11,yes
ADV-172,Energy,Google,Video,2026-06-27,yes
ADV-159,Energy,Google,Carousel,2026-05-16,yes
ADV-172,Education,Google,Video,2026-07-25,yes
ADV-312,Media and publishing,Meta,Carousel,2026-08-27,yes
ADV-429,Media and publishing,Google,Video,2026-07-25,no
ADV-429,Retail and ecommerce,Google,Video,2026-07-18,no
ADV-429,Energy,Meta,Carousel,2026-06-05,yes
ADV-545,Media and publishing,Meta,Video,2026-08-09,yes
ADV-172,Media and publishing,Meta,Carousel,2026-08-11,yes
ADV-172,Education,Google,Video,2026-07-15,yes
ADV-312,Energy,Meta,Video,2026-07-15,no
ADV-944,Education,Google,Video,2026-09-06,no
ADV-248,Public sector,Meta,Video,2026-06-28,no
ADV-545,Technology and SaaS,Google,Video,2026-06-08,yes
ADV-172,Retail and ecommerce,Meta,Video,2026-07-06,no
ADV-545,Retail and ecommerce,Google,Video,2026-06-20,no
ADV-159,Technology and SaaS,Meta,Static,2026-08-16,no
ADV-545,Technology and SaaS,Meta,Video,2026-07-19,no
ADV-172,Public sector,Meta,Video,2026-07-27,yes
ADV-159,Retail and ecommerce,Google,Static,2026-09-12,yes
ADV-159,Media and publishing,Meta,Video,2026-07-25,yes
ADV-944,Media and publishing,Meta,Video,2026-07-03,no
ADV-545,Technology and SaaS,Meta,Carousel,2026-09-01,yes
ADV-545,Media and publishing,Google,Carousel,2026-05-21,no
ADV-944,Retail and ecommerce,Meta,Carousel,2026-05-25,yes
ADV-944,Retail and ecommerce,Google,Video,2026-08-08,no
ADV-248,Media and publishing,Google,Video,2026-07-15,no
ADV-172,Education,Meta,Video,2026-09-09,yes
ADV-545,Energy,Google,Video,2026-07-09,yes
ADV-545,Media and publishing,Meta,Carousel,2026-09-04,yes
ADV-172,Technology and SaaS,Meta,Carousel,2026-07-21,yes
ADV-248,Media and publishing,Google,Video,2026-09-01,no
ADV-429,Technology and SaaS,Meta,Video,2026-07-03,yes
ADV-429,Retail and ecommerce,Google,Carousel,2026-06-02,no
ADV-159,Education,Google,Video,2026-07-04,no
ADV-248,Media and publishing,Google,Static,2026-07-18,no
ADV-248,Energy,Google,Carousel,2026-06-01,yes
ADV-835,Public sector,Google,Static,2026-07-15,no
ADV-835,Public sector,Meta,Carousel,2026-08-12,no
ADV-545,Education,Meta,Static,2026-06-09,yes
ADV-159,Technology and SaaS,Google,Video,2026-07-05,no
ADV-835,Technology and SaaS,Google,Carousel,2026-09-01,no
ADV-429,Media and publishing,Google,Carousel,2026-05-16,no
ADV-248,Energy,Meta,Video,2026-07-10,no
ADV-429,Technology and SaaS,Google,Video,2026-09-11,no
ADV-159,Technology and SaaS,Meta,Carousel,2026-08-29,no
ADV-545,Technology and SaaS,Google,Video,2026-05-28,no
ADV-545,Media and publishing,Meta,Video,2026-06-01,yes
ADV-944,Technology and SaaS,Google,Video,2026-07-02,no
ADV-545,Retail and ecommerce,Google,Carousel,2026-09-04,no
ADV-545,Energy,Google,Static,2026-07-18,no
ADV-312,Education,Google,Video,2026-06-24,no
ADV-312,Education,Meta,Video,2026-07-23,no
ADV-159,Media and publishing,Meta,Video,2026-07-12,no
ADV-312,Retail and ecommerce,Meta,Video,2026-07-22,yes
ADV-545,Education,Meta,Carousel,2026-06-11,yes
ADV-545,Education,Google,Carousel,2026-08-29,yes
ADV-172,Education,Google,Carousel,2026-05-27,no
ADV-944,Technology and SaaS,Meta,Carousel,2026-07-09,yes
ADV-429,Technology and SaaS,Meta,Carousel,2026-06-14,no
ADV-312,Public sector,Meta,Video,2026-06-03,yes
ADV-248,Public sector,Google,Carousel,2026-07-19,no
ADV-835,Public sector,Meta,Carousel,2026-05-22,yes
ADV-835,Media and publishing,Meta,Video,2026-07-07,no
ADV-835,Retail and ecommerce,Meta,Video,2026-06-06,no
ADV-835,Technology and SaaS,Meta,Carousel,2026-07-16,yes
ADV-159,Media and publishing,Meta,Carousel,2026-05-17,no
ADV-312,Retail and ecommerce,Google,Video,2026-07-27,no
ADV-248,Technology and SaaS,Google,Video,2026-05-20,yes
ADV-312,Energy,Google,Carousel,2026-07-29,no
ADV-172,Media and publishing,Google,Carousel,2026-09-01,no
ADV-545,Public sector,Meta,Carousel,2026-08-10,no
ADV-429,Technology and SaaS,Meta,Video,2026-05-24,yes
ADV-429,Energy,Meta,Carousel,2026-09-06,no
ADV-835,Energy,Google,Video,2026-09-03,yes
ADV-248,Technology and SaaS,Meta,Video,2026-07-29,yes
ADV-545,Public sector,Google,Video,2026-07-28,yes
ADV-545,Technology and SaaS,Meta,Static,2026-08-28,no
ADV-312,Education,Meta,Carousel,2026-07-11,no
ADV-944,Technology and SaaS,Meta,Video,2026-07-17,no
ADV-248,Energy,Meta,Carousel,2026-08-14,no
ADV-172,Media and publishing,Google,Video,2026-09-05,yes
ADV-248,Retail and ecommerce,Meta,Video,2026-06-12,yes
ADV-835,Public sector,Google,Carousel,2026-07-26,yes
ADV-545,Retail and ecommerce,Meta,Static,2026-08-24,no
ADV-944,Technology and SaaS,Meta,Video,2026-05-19,no
ADV-172,Media and publishing,Meta,Video,2026-07-27,yes
ADV-545,Public sector,Google,Static,2026-05-27,no
ADV-835,Technology and SaaS,Google,Carousel,2026-05-30,no
ADV-312,Media and publishing,Meta,Video,2026-09-04,yes
ADV-248,Retail and ecommerce,Meta,Video,2026-06-07,no
ADV-312,Media and publishing,Meta,Carousel,2026-05-27,no
ADV-429,Education,Meta,Video,2026-08-17,yes
ADV-835,Education,Google,Static,2026-07-24,yes
ADV-545,Retail and ecommerce,Google,Carousel,2026-07-22,yes
ADV-159,Retail and ecommerce,Google,Video,2026-05-26,yes
ADV-159,Education,Google,Carousel,2026-06-12,no
ADV-944,Retail and ecommerce,Meta,Carousel,2026-09-01,no
ADV-312,Education,Google,Static,2026-06-29,yes
ADV-944,Energy,Meta,Video,2026-06-14,yes
ADV-429,Energy,Google,Carousel,2026-05-25,no
ADV-159,Education,Meta,Carousel,2026-08-18,yes
ADV-159,Technology and SaaS,Google,Video,2026-06-26,no
ADV-248,Education,Meta,Video,2026-06-22,no
ADV-312,Retail and ecommerce,Meta,Static,2026-05-29,yes
ADV-944,Technology and SaaS,Google,Video,2026-08-20,yes
ADV-545,Energy,Google,Carousel,2026-07-25,no
ADV-835,Energy,Google,Video,2026-08-27,no
ADV-159,Retail and ecommerce,Meta,Carousel,2026-06-23,no
ADV-545,Media and publishing,Meta,Video,2026-09-01,no
ADV-545,Media and publishing,Meta,Video,2026-08-16,no
ADV-545,Technology and SaaS,Meta,Carousel,2026-06-12,no
ADV-159,Technology and SaaS,Meta,Carousel,2026-05-22,no
ADV-172,Retail and ecommerce,Meta,Video,2026-06-24,no
ADV-545,Technology and SaaS,Google,Video,2026-08-22,yes
ADV-172,Education,Google,Carousel,2026-07-24,yes
ADV-248,Technology and SaaS,Meta,Video,2026-09-01,yes
ADV-429,Technology and SaaS,Meta,Carousel,2026-06-16,no
ADV-835,Technology and SaaS,Meta,Static,2026-05-21,yes
ADV-248,Education,Meta,Static,2026-06-11,no
ADV-835,Technology and SaaS,Meta,Carousel,2026-05-26,no
ADV-944,Public sector,Google,Carousel,2026-06-09,no
ADV-312,Retail and ecommerce,Google,Static,2026-05-18,no
ADV-545,Education,Google,Carousel,2026-09-11,yes
ADV-944,Technology and SaaS,Google,Video,2026-07-17,no
ADV-159,Media and publishing,Google,Video,2026-07-01,yes
ADV-429,Education,Google,Video,2026-05-26,no
ADV-944,Education,Meta,Carousel,2026-09-05,no
ADV-312,Technology and SaaS,Meta,Carousel,2026-06-16,yes
ADV-172,Technology and SaaS,Google,Carousel,2026-08-12,no
ADV-545,Media and publishing,Google,Carousel,2026-06-21,yes
ADV-248,Technology and SaaS,Google,Video,2026-09-10,no
ADV-172,Education,Meta,Carousel,2026-06-23,no
ADV-248,Media and publishing,Meta,Static,2026-06-04,yes
ADV-835,Technology and SaaS,Google,Video,2026-08-29,no
ADV-944,Education,Google,Carousel,2026-07-29,no
ADV-429,Technology and SaaS,Google,Video,2026-08-12,no
ADV-429,Media and publishing,Meta,Carousel,2026-06-07,no
ADV-248,Education,Meta,Static,2026-05-25,yes
ADV-944,Technology and SaaS,Meta,Video,2026-07-21,yes
ADV-545,Retail and ecommerce,Google,Video,2026-06-21,yes
ADV-159,Technology and SaaS,Meta,Carousel,2026-08-26,no
ADV-159,Education,Google,Video,2026-07-04,no
ADV-429,Technology and SaaS,Google,Video,2026-05-21,yes
ADV-835,Media and publishing,Meta,Carousel,2026-07-10,no
ADV-545,Education,Meta,Video,2026-06-27,no
ADV-248,Energy,Google,Static,2026-08-27,yes
ADV-545,Media and publishing,Meta,Carousel,2026-07-25,no
ADV-545,Media and publishing,Meta,Video,2026-07-08,no
ADV-172,Retail and ecommerce,Meta,Carousel,2026-09-09,yes
ADV-944,Public sector,Meta,Carousel,2026-08-18,no
ADV-159,Education,Google,Video,2026-08-18,yes
ADV-159,Technology and SaaS,Meta,Carousel,2026-07-21,no
ADV-835,Retail and ecommerce,Google,Carousel,2026-06-25,yes
ADV-312,Energy,Google,Carousel,2026-07-10,yes
ADV-944,Education,Meta,Static,2026-07-11,no
ADV-835,Media and publishing,Meta,Carousel,2026-08-31,no
ADV-429,Media and publishing,Google,Carousel,2026-08-31,yes
ADV-545,Media and publishing,Google,Carousel,2026-05-24,no
ADV-159,Technology and SaaS,Google,Video,2026-05-29,no
ADV-172,Technology and SaaS,Google,Video,2026-06-25,yes
ADV-312,Retail and ecommerce,Meta,Carousel,2026-06-28,yes
ADV-172,Energy,Google,Carousel,2026-09-02,yes
ADV-429,Public sector,Meta,Carousel,2026-06-11,yes
ADV-172,Energy,Meta,Video,2026-07-14,yes
ADV-248,Media and publishing,Meta,Video,2026-08-23,yes
ADV-159,Energy,Google,Video,2026-07-13,yes
ADV-429,Media and publishing,Meta,Video,2026-06-15,yes
ADV-159,Technology and SaaS,Google,Video,2026-07-14,no
ADV-312,Public sector,Meta,Carousel,2026-07-10,no
ADV-312,Education,Meta,Video,2026-06-19,no
ADV-248,Energy,Google,Carousel,2026-09-06,no
ADV-172,Media and publishing,Meta,Video,2026-06-23,no
ADV-545,Retail and ecommerce,Meta,Carousel,2026-06-04,yes
ADV-248,Technology and SaaS,Meta,Video,2026-07-28,no
ADV-429,Retail and ecommerce,Google,Carousel,2026-06-24,no
ADV-172,Technology and SaaS,Meta,Video,2026-05-30,yes
ADV-172,Media and publishing,Google,Video,2026-09-10,yes
ADV-312,Media and publishing,Google,Video,2026-05-22,no
ADV-835,Retail and ecommerce,Google,Video,2026-08-12,yes
ADV-312,Media and publishing,Google,Carousel,2026-08-06,yes
ADV-312,Media and publishing,Meta,Carousel,2026-08-04,no
ADV-172,Technology and SaaS,Google,Carousel,2026-06-02,yes
ADV-429,Media and publishing,Google,Carousel,2026-08-24,no
ADV-545,Public sector,Meta,Video,2026-06-26,yes
ADV-944,Public sector,Google,Static,2026-07-09,no
ADV-248,Retail and ecommerce,Meta,Video,2026-07-12,no
ADV-312,Energy,Meta,Carousel,2026-05-24,yes
ADV-545,Media and publishing,Meta,Video,2026-07-15,no
ADV-172,Education,Google,Carousel,2026-08-09,yes
ADV-429,Technology and SaaS,Google,Carousel,2026-06-06,no
ADV-835,Education,Google,Video,2026-08-31,no
ADV-545,Public sector,Meta,Carousel,2026-07-08,no
ADV-312,Retail and ecommerce,Google,Static,2026-09-04,no
ADV-835,Energy,Meta,Video,2026-07-03,no
ADV-159,Education,Google,Carousel,2026-07-28,no
ADV-545,Media and publishing,Google,Carousel,2026-08-04,no
ADV-172,Technology and SaaS,Google,Video,2026-05-26,no
ADV-172,Media and publishing,Google,Carousel,2026-06-03,yes
ADV-248,Education,Meta,Carousel,2026-08-08,yes
ADV-429,Technology and SaaS,Meta,Video,2026-09-04,yes
ADV-248,Education,Meta,Carousel,2026-08-28,yes
ADV-545,Media and publishing,Meta,Carousel,2026-09-02,no
ADV-248,Media and publishing,Meta,Video,2026-09-10,yes
ADV-248,Retail and ecommerce,Google,Carousel,2026-07-27,yes
ADV-159,Technology and SaaS,Google,Video,2026-09-02,yes
ADV-312,Media and publishing,Google,Video,2026-06-26,yes
ADV-312,Media and publishing,Google,Video,2026-08-09,yes
ADV-248,Energy,Google,Static,2026-08-18,no
ADV-545,Technology and SaaS,Meta,Video,2026-07-21,yes
ADV-545,Media and publishing,Meta,Video,2026-06-25,yes
ADV-429,Retail and ecommerce,Meta,Video,2026-06-25,yes
ADV-545,Education,Google,Video,2026-06-26,yes
ADV-429,Education,Google,Video,2026-07-21,yes
ADV-172,Technology and SaaS,Meta,Video,2026-09-01,yes
ADV-835,Technology and SaaS,Meta,Carousel,2026-06-23,no
ADV-944,Media and publishing,Meta,Carousel,2026-07-14,yes
ADV-172,Retail and ecommerce,Meta,Carousel,2026-08-27,no
ADV-172,Technology and SaaS,Meta,Video,2026-06-09,yes
ADV-248,Public sector,Google,Video,2026-07-28,no
ADV-545,Technology and SaaS,Meta,Video,2026-06-28,no
ADV-429,Technology and SaaS,Meta,Video,2026-06-23,yes
ADV-545,Media and publishing,Meta,Carousel,2026-06-13,no
ADV-248,Technology and SaaS,Meta,Video,2026-05-28,yes
ADV-159,Energy,Meta,Static,2026-08-21,yes
ADV-312,Technology and SaaS,Meta,Video,2026-06-23,yes
ADV-835,Public sector,Meta,Static,2026-08-11,no
ADV-835,Technology and SaaS,Meta,Carousel,2026-08-16,yes
ADV-429,Retail and ecommerce,Meta,Video,2026-08-14,yes
ADV-159,Technology and SaaS,Meta,Carousel,2026-05-26,no
ADV-545,Media and publishing,Meta,Video,2026-07-22,no
ADV-944,Public sector,Google,Video,2026-07-14,yes
ADV-835,Media and publishing,Meta,Video,2026-06-08,yes
ADV-172,Public sector,Google,Video,2026-08-21,yes
ADV-172,Media and publishing,Meta,Video,2026-09-06,no
ADV-835,Education,Meta,Video,2026-08-16,no
ADV-944,Education,Google,Video,2026-08-29,yes
ADV-545,Technology and SaaS,Google,Video,2026-06-22,no
ADV-312,Public sector,Google,Carousel,2026-07-18,no
ADV-248,Energy,Google,Carousel,2026-08-14,no
ADV-944,Media and publishing,Google,Video,2026-08-03,yes
ADV-172,Education,Google,Carousel,2026-07-20,no
ADV-429,Technology and SaaS,Google,Video,2026-07-15,yes
ADV-159,Retail and ecommerce,Meta,Carousel,2026-08-21,no
ADV-312,Technology and SaaS,Meta,Carousel,2026-05-31,no
ADV-944,Media and publishing,Meta,Carousel,2026-06-27,no
ADV-545,Education,Google,Static,2026-09-05,no
ADV-545,Media and publishing,Google,Video,2026-06-24,yes
ADV-429,Media and publishing,Meta,Video,2026-07-11,no
ADV-944,Energy,Meta,Video,2026-06-17,no
ADV-312,Public sector,Google,Carousel,2026-05-27,no
ADV-172,Public sector,Google,Video,2026-07-26,no
ADV-835,Technology and SaaS,Google,Video,2026-08-09,no
ADV-172,Retail and ecommerce,Google,Video,2026-07-03,yes
ADV-248,Energy,Meta,Video,2026-06-10,yes
ADV-248,Public sector,Google,Carousel,2026-06-10,yes
ADV-545,Technology and SaaS,Google,Video,2026-09-04,yes
ADV-159,Media and publishing,Google,Carousel,2026-07-29,no
ADV-312,Retail and ecommerce,Google,Static,2026-07-23,no
ADV-545,Education,Google,Video,2026-08-21,no
ADV-172,Technology and SaaS,Meta,Video,2026-07-28,yes
ADV-835,Energy,Google,Video,2026-06-22,yes
ADV-248,Public sector,Google,Video,2026-05-20,yes
ADV-545,Media and publishing,Google,Static,2026-08-01,yes
ADV-159,Technology and SaaS,Meta,Carousel,2026-06-30,no
ADV-312,Energy,Meta,Carousel,2026-06-04,yes
ADV-545,Media and publishing,Google,Carousel,2026-09-10,yes
ADV-159,Media and publishing,Google,Carousel,2026-05-16,no
ADV-429,Energy,Google,Carousel,2026-09-02,no
ADV-159,Technology and SaaS,Meta,Carousel,2026-07-27,yes
ADV-312,Media and publishing,Google,Video,2026-05-21,yes
ADV-248,Technology and SaaS,Google,Video,2026-08-10,no
ADV-172,Retail and ecommerce,Google,Carousel,2026-05-30,no
ADV-835,Energy,Meta,Video,2026-09-01,no
ADV-545,Media and publishing,Meta,Video,2026-05-22,no
ADV-248,Technology and SaaS,Meta,Carousel,2026-08-24,yes
ADV-835,Energy,Meta,Carousel,2026-08-24,yes
ADV-172,Media and publishing,Meta,Video,2026-06-03,yes
ADV-944,Retail and ecommerce,Google,Video,2026-06-14,yes
ADV-545,Energy,Meta,Video,2026-06-02,yes
ADV-429,Education,Google,Static,2026-08-11,yes
ADV-312,Retail and ecommerce,Google,Video,2026-06-23,yes
ADV-312,Energy,Google,Static,2026-09-04,no
ADV-944,Technology and SaaS,Google,Video,2026-07-13,yes
ADV-545,Public sector,Meta,Video,2026-07-26,no
ADV-248,Technology and SaaS,Meta,Carousel,2026-07-02,no
ADV-248,Energy,Google,Carousel,2026-06-22,no
ADV-429,Retail and ecommerce,Google,Video,2026-06-29,yes
ADV-159,Technology and SaaS,Meta,Video,2026-09-03,no
ADV-429,Technology and SaaS,Google,Carousel,2026-09-08,no
ADV-835,Media and publishing,Meta,Video,2026-06-09,no
ADV-248,Public sector,Google,Carousel,2026-06-15,yes
ADV-248,Technology and SaaS,Google,Video,2026-09-04,yes
ADV-172,Media and publishing,Meta,Video,2026-07-02,yes
ADV-545,Public sector,Meta,Video,2026-08-13,no
ADV-312,Education,Meta,Static,2026-06-07,no
ADV-172,Retail and ecommerce,Google,Video,2026-06-01,yes
ADV-429,Media and publishing,Google,Video,2026-07-05,yes
ADV-312,Retail and ecommerce,Meta,Carousel,2026-09-08,yes
ADV-835,Energy,Google,Video,2026-07-15,no
ADV-429,Technology and SaaS,Google,Video,2026-07-18,yes
ADV-835,Technology and SaaS,Google,Static,2026-07-19,yes
ADV-159,Media and publishing,Meta,Video,2026-08-23,no
ADV-312,Media and publishing,Meta,Static,2026-08-11,no
ADV-248,Energy,Google,Carousel,2026-08-30,no
ADV-172,Retail and ecommerce,Meta,Static,2026-05-28,no
ADV-159,Energy,Google,Video,2026-06-17,no
ADV-545,Education,Google,Video,2026-08-31,yes
ADV-159,Technology and SaaS,Meta,Carousel,2026-05-21,yes
ADV-248,Technology and SaaS,Google,Video,2026-07-07,no
ADV-545,Media and publishing,Google,Video,2026-08-27,yes
ADV-545,Retail and ecommerce,Meta,Carousel,2026-06-01,yes
ADV-835,Public sector,Google,Video,2026-09-07,no
ADV-172,Education,Google,Carousel,2026-07-10,no
ADV-944,Media and publishing,Google,Carousel,2026-07-30,yes
ADV-944,Media and publishing,Meta,Video,2026-05-24,no
ADV-835,Technology and SaaS,Google,Video,2026-08-30,yes
ADV-429,Technology and SaaS,Meta,Carousel,2026-08-09,no
ADV-172,Energy,Google,Video,2026-06-18,no
ADV-545,Energy,Google,Carousel,2026-09-08,yes
ADV-835,Technology and SaaS,Meta,Video,2026-06-30,no
ADV-944,Media and publishing,Meta,Video,2026-06-07,no
ADV-835,Public sector,Google,Video,2026-09-05,no
ADV-312,Technology and SaaS,Meta,Video,2026-06-15,yes
ADV-159,Media and publishing,Google,Carousel,2026-09-12,no
ADV-248,Energy,Meta,Video,2026-07-02,no
ADV-172,Technology and SaaS,Google,Static,2026-05-21,yes
ADV-312,Public sector,Meta,Carousel,2026-08-10,no
ADV-429,Technology and SaaS,Google,Video,2026-08-16,yes
ADV-312,Media and publishing,Meta,Carousel,2026-07-29,yes
ADV-248,Technology and SaaS,Google,Video,2026-06-20,yes
ADV-429,Media and publishing,Google,Video,2026-08-30,no
ADV-172,Media and publishing,Google,Static,2026-08-18,yes
ADV-944,Media and publishing,Meta,Carousel,2026-08-09,yes
ADV-172,Retail and ecommerce,Meta,Carousel,2026-05-26,yes
ADV-429,Education,Meta,Carousel,2026-05-18,no
ADV-312,Energy,Google,Static,2026-07-05,no
ADV-312,Energy,Google,Video,2026-05-17,yes
ADV-429,Technology and SaaS,Meta,Static,2026-08-14,no
ADV-545,Media and publishing,Google,Video,2026-07-12,yes
ADV-312,Technology and SaaS,Google,Carousel,2026-05-25,yes
ADV-944,Energy,Google,Carousel,2026-08-17,yes
ADV-159,Technology and SaaS,Meta,Static,2026-09-04,yes
ADV-312,Technology and SaaS,Meta,Video,2026-05-20,no
ADV-429,Technology and SaaS,Meta,Video,2026-07-26,yes
ADV-312,Media and publishing,Google,Carousel,2026-07-09,yes
ADV-312,Technology and SaaS,Google,Video,2026-08-17,no
ADV-835,Media and publishing,Meta,Video,2026-07-11,yes
ADV-159,Technology and SaaS,Google,Carousel,2026-05-17,yes
ADV-835,Education,Google,Static,2026-07-02,no
ADV-248,Retail and ecommerce,Google,Video,2026-08-01,yes
ADV-944,Media and publishing,Google,Video,2026-08-19,no
ADV-944,Retail and ecommerce,Google,Carousel,2026-08-05,no
ADV-159,Education,Google,Carousel,2026-08-29,yes
ADV-159,Media and publishing,Meta,Carousel,2026-09-05,yes
ADV-312,Media and publishing,Google,Carousel,2026-06-30,no
ADV-248,Retail and ecommerce,Meta,Video,2026-06-06,yes
ADV-835,Energy,Meta,Video,2026-05-20,no
ADV-172,Media and publishing,Google,Video,2026-07-11,no
ADV-172,Technology and SaaS,Google,Carousel,2026-07-09,no
ADV-172,Technology and SaaS,Meta,Video,2026-07-02,yes
ADV-159,Education,Google,Static,2026-08-11,no
ADV-172,Media and publishing,Google,Carousel,2026-07-22,no
ADV-545,Technology and SaaS,Google,Carousel,2026-05-25,no
ADV-159,Media and publishing,Google,Video,2026-08-05,no
ADV-248,Technology and SaaS,Meta,Video,2026-05-22,no
ADV-944,Technology and SaaS,Meta,Video,2026-06-04,no
ADV-248,Technology and SaaS,Google,Carousel,2026-09-02,yes
ADV-429,Energy,Meta,Video,2026-06-14,no
ADV-835,Technology and SaaS,Google,Carousel,2026-05-19,no
ADV-172,Media and publishing,Google,Video,2026-09-10,yes
ADV-312,Public sector,Google,Video,2026-05-26,yes
ADV-835,Media and publishing,Meta,Video,2026-07-21,yes
ADV-159,Technology and SaaS,Google,Video,2026-07-04,yes
ADV-944,Retail and ecommerce,Google,Video,2026-09-05,no
ADV-835,Media and publishing,Meta,Video,2026-06-09,yes
ADV-248,Technology and SaaS,Google,Video,2026-08-20,no
ADV-944,Technology and SaaS,Google,Static,2026-06-02,no
ADV-248,Technology and SaaS,Google,Carousel,2026-08-22,no
ADV-835,Retail and ecommerce,Google,Carousel,2026-08-14,no
ADV-545,Public sector,Google,Video,2026-05-28,yes
ADV-944,Technology and SaaS,Meta,Video,2026-08-15,no
ADV-172,Retail and ecommerce,Meta,Video,2026-05-17,yes
ADV-159,Media and publishing,Google,Carousel,2026-09-12,yes
ADV-429,Technology and SaaS,Meta,Video,2026-08-08,no
ADV-248,Technology and SaaS,Google,Carousel,2026-06-08,yes
ADV-944,Public sector,Google,Carousel,2026-06-03,no
ADV-944,Retail and ecommerce,Google,Video,2026-05-20,no
ADV-545,Media and publishing,Google,Video,2026-09-03,yes
ADV-429,Retail and ecommerce,Meta,Carousel,2026-05-25,yes
ADV-159,Public sector,Meta,Carousel,2026-07-13,yes
ADV-835,Media and publishing,Google,Video,2026-06-22,no
ADV-172,Retail and ecommerce,Google,Video,2026-05-16,no
ADV-159,Media and publishing,Meta,Carousel,2026-06-11,no
ADV-248,Energy,Meta,Video,2026-07-13,no
ADV-159,Media and publishing,Google,Carousel,2026-06-20,no
ADV-312,Retail and ecommerce,Meta,Carousel,2026-08-15,yes
ADV-545,Technology and SaaS,Meta,Video,2026-06-23,no
ADV-429,Retail and ecommerce,Meta,Static,2026-07-10,no
ADV-429,Media and publishing,Meta,Video,2026-05-23,yes
ADV-835,Retail and ecommerce,Meta,Carousel,2026-08-03,yes
ADV-944,Technology and SaaS,Google,Video,2026-08-28,yes
ADV-944,Technology and SaaS,Google,Video,2026-07-07,yes
ADV-312,Media and publishing,Google,Video,2026-07-07,yes
ADV-159,Energy,Meta,Carousel,2026-07-18,yes
ADV-429,Technology and SaaS,Meta,Video,2026-08-26,no
ADV-944,Technology and SaaS,Google,Video,2026-07-19,yes
ADV-835,Retail and ecommerce,Meta,Carousel,2026-05-17,no
ADV-835,Energy,Google,Static,2026-06-15,no
ADV-944,Media and publishing,Meta,Static,2026-05-24,yes
ADV-159,Education,Meta,Carousel,2026-09-02,yes
ADV-159,Retail and ecommerce,Meta,Video,2026-07-10,no
ADV-545,Public sector,Google,Video,2026-08-11,yes
ADV-429,Education,Google,Carousel,2026-05-21,yes
ADV-248,Technology and SaaS,Google,Carousel,2026-07-03,yes
ADV-545,Media and publishing,Meta,Video,2026-06-26,yes
ADV-159,Energy,Meta,Carousel,2026-07-12,yes
ADV-172,Technology and SaaS,Google,Video,2026-08-12,yes
ADV-429,Education,Google,Video,2026-06-28,no
ADV-944,Technology and SaaS,Meta,Video,2026-07-16,no
ADV-172,Public sector,Meta,Carousel,2026-08-06,yes
ADV-159,Media and publishing,Meta,Video,2026-08-11,yes
ADV-835,Energy,Meta,Video,2026-05-19,no
ADV-835,Media and publishing,Google,Carousel,2026-06-16,yes
ADV-944,Media and publishing,Google,Carousel,2026-09-02,yes
ADV-248,Education,Meta,Video,2026-07-06,no
ADV-429,Retail and ecommerce,Google,Video,2026-06-19,no
ADV-172,Education,Meta,Static,2026-07-24,no
ADV-429,Education,Google,Video,2026-07-29,yes
ADV-944,Public sector,Google,Carousel,2026-07-24,no
ADV-429,Energy,Meta,Video,2026-08-27,yes
ADV-172,Technology and SaaS,Meta,Video,2026-09-11,no
ADV-312,Public sector,Meta,Video,2026-07-11,yes
ADV-835,Energy,Google,Carousel,2026-06-22,yes
ADV-312,Technology and SaaS,Google,Video,2026-09-01,no
ADV-312,Media and publishing,Meta,Carousel,2026-08-06,no
ADV-312,Retail and ecommerce,Google,Carousel,2026-08-23,no
ADV-312,Technology and SaaS,Meta,Video,2026-09-11,no
ADV-159,Technology and SaaS,Google,Video,2026-07-13,yes
ADV-248,Retail and ecommerce,Google,Video,2026-09-06,yes
ADV-429,Energy,Google,Video,2026-06-21,yes
ADV-248,Energy,Meta,Carousel,2026-06-05,yes
ADV-545,Retail and ecommerce,Google,Carousel,2026-06-04,no
ADV-835,Technology and SaaS,Google,Carousel,2026-09-09,yes
ADV-159,Energy,Meta,Video,2026-06-08,no
ADV-835,Technology and SaaS,Meta,Carousel,2026-06-18,no
ADV-835,Technology and SaaS,Google,Video,2026-09-02,yes
ADV-159,Public sector,Google,Video,2026-08-16,no
ADV-944,Education,Google,Video,2026-08-21,yes
ADV-248,Retail and ecommerce,Google,Video,2026-08-13,no
ADV-172,Technology and SaaS,Meta,Carousel,2026-09-05,no
ADV-248,Retail and ecommerce,Google,Carousel,2026-09-10,no
ADV-944,Media and publishing,Google,Carousel,2026-06-22,no
ADV-159,Media and publishing,Google,Video,2026-05-25,yes
ADV-172,Education,Google,Carousel,2026-07-03,no
ADV-545,Technology and SaaS,Meta,Video,2026-06-26,yes
ADV-545,Energy,Meta,Video,2026-08-04,no
ADV-429,Public sector,Meta,Static,2026-06-09,no
ADV-172,Retail and ecommerce,Google,Carousel,2026-08-13,yes
ADV-835,Retail and ecommerce,Google,Video,2026-07-29,no
ADV-248,Retail and ecommerce,Google,Video,2026-09-04,yes
ADV-172,Energy,Google,Carousel,2026-08-17,yes
ADV-248,Energy,Meta,Carousel,2026-09-09,yes
ADV-312,Public sector,Meta,Video,2026-09-10,yes
ADV-159,Public sector,Google,Carousel,2026-05-24,no
ADV-312,Education,Google,Carousel,2026-07-12,no
ADV-545,Education,Google,Video,2026-08-13,yes
ADV-248,Technology and SaaS,Meta,Video,2026-05-20,yes
ADV-312,Media and publishing,Google,Carousel,2026-07-07,yes
ADV-835,Public sector,Meta,Static,2026-08-05,no
ADV-429,Energy,Google,Video,2026-09-05,yes
ADV-312,Technology and SaaS,Google,Carousel,2026-06-13,no
ADV-944,Technology and SaaS,Meta,Carousel,2026-08-21,no
ADV-429,Technology and SaaS,Meta,Carousel,2026-06-13,yes
ADV-944,Public sector,Meta,Static,2026-06-10,yes
ADV-545,Media and publishing,Meta,Carousel,2026-06-25,no
ADV-312,Technology and SaaS,Meta,Carousel,2026-08-27,no
ADV-545,Technology and SaaS,Meta,Video,2026-08-26,yes
ADV-545,Technology and SaaS,Meta,Carousel,2026-07-30,yes
ADV-312,Media and publishing,Google,Carousel,2026-08-05,yes
ADV-944,Education,Meta,Video,2026-07-28,yes
ADV-159,Retail and ecommerce,Google,Carousel,2026-07-08,yes
ADV-944,Media and publishing,Meta,Carousel,2026-05-20,no
ADV-312,Energy,Meta,Static,2026-07-08,yes
ADV-944,Technology and SaaS,Meta,Video,2026-05-27,no
ADV-172,Media and publishing,Google,Video,2026-06-03,no
ADV-248,Retail and ecommerce,Meta,Video,2026-08-17,no
ADV-545,Education,Google,Carousel,2026-06-14,yes
ADV-172,Retail and ecommerce,Meta,Carousel,2026-05-22,yes
ADV-944,Technology and SaaS,Meta,Carousel,2026-08-21,yes
ADV-159,Public sector,Google,Static,2026-07-16,no
ADV-172,Public sector,Google,Video,2026-05-25,no
ADV-159,Media and publishing,Google,Carousel,2026-05-22,yes
ADV-944,Energy,Meta,Static,2026-05-28,no
ADV-172,Education,Google,Carousel,2026-06-25,yes
ADV-944,Technology and SaaS,Meta,Carousel,2026-09-06,no
ADV-944,Technology and SaaS,Meta,Video,2026-09-11,no
ADV-172,Media and publishing,Meta,Carousel,2026-05-18,no
ADV-835,Technology and SaaS,Google,Video,2026-08-24,no
ADV-159,Retail and ecommerce,Meta,Video,2026-09-06,yes
ADV-312,Media and publishing,Meta,Video,2026-08-20,no
ADV-172,Media and publishing,Meta,Video,2026-08-05,yes
ADV-248,Media and publishing,Meta,Static,2026-07-15,yes
ADV-429,Education,Meta,Carousel,2026-06-11,yes
ADV-545,Public sector,Meta,Static,2026-08-12,no
ADV-545,Media and publishing,Meta,Carousel,2026-08-09,no
ADV-429,Media and publishing,Meta,Video,2026-07-21,yes
ADV-545,Technology and SaaS,Meta,Video,2026-06-28,yes
ADV-835,Technology and SaaS,Google,Carousel,2026-07-25,yes
ADV-944,Media and publishing,Google,Static,2026-07-27,yes
ADV-172,Energy,Meta,Video,2026-07-23,yes
ADV-312,Media and publishing,Meta,Video,2026-05-30,yes
ADV-159,Media and publishing,Google,Video,2026-06-27,yes
ADV-248,Education,Meta,Carousel,2026-09-01,yes
ADV-429,Media and publishing,Meta,Carousel,2026-06-07,no
ADV-159,Technology and SaaS,Google,Video,2026-09-09,yes
ADV-248,Public sector,Google,Carousel,2026-07-29,no
ADV-944,Media and publishing,Meta,Carousel,2026-06-08,no
ADV-159,Public sector,Meta,Carousel,2026-07-21,no
ADV-545,Energy,Meta,Carousel,2026-08-17,yes
ADV-159,Technology and SaaS,Google,Video,2026-07-31,no
ADV-172,Technology and SaaS,Meta,Video,2026-09-08,no
ADV-172,Energy,Google,Carousel,2026-06-01,yes
ADV-944,Retail and ecommerce,Google,Carousel,2026-08-27,no
ADV-429,Media and publishing,Meta,Video,2026-09-04,no
ADV-545,Retail and ecommerce,Meta,Video,2026-09-01,yes
ADV-944,Media and publishing,Google,Carousel,2026-08-22,yes
ADV-545,Technology and SaaS,Meta,Video,2026-07-07,yes
ADV-159,Retail and ecommerce,Google,Video,2026-08-27,no
ADV-835,Media and publishing,Google,Video,2026-06-25,yes
ADV-248,Education,Google,Carousel,2026-06-28,no
ADV-944,Retail and ecommerce,Google,Carousel,2026-08-02,yes
ADV-312,Retail and ecommerce,Google,Carousel,2026-06-13,no
ADV-159,Energy,Google,Carousel,2026-05-20,yes
ADV-159,Public sector,Google,Video,2026-06-15,no
ADV-172,Technology and SaaS,Google,Video,2026-06-11,yes
ADV-159,Public sector,Google,Video,2026-06-27,yes
ADV-429,Technology and SaaS,Google,Carousel,2026-05-20,no
ADV-429,Retail and ecommerce,Meta,Video,2026-05-24,no
ADV-248,Energy,Google,Video,2026-07-31,yes
ADV-944,Energy,Google,Carousel,2026-08-22,yes
ADV-944,Media and publishing,Google,Static,2026-05-22,yes
ADV-312,Energy,Google,Video,2026-09-09,no
ADV-159,Technology and SaaS,Meta,Video,2026-06-07,no
ADV-545,Media and publishing,Google,Video,2026-08-16,no
ADV-159,Technology and SaaS,Meta,Carousel,2026-08-12,yes
ADV-248,Technology and SaaS,Meta,Static,2026-09-05,no
ADV-835,Technology and SaaS,Meta,Carousel,2026-06-05,yes
ADV-312,Energy,Meta,Video,2026-08-24,no
ADV-944,Technology and SaaS,Meta,Carousel,2026-06-03,yes
ADV-429,Retail and ecommerce,Meta,Video,2026-08-26,yes
ADV-172,Media and publishing,Meta,Carousel,2026-05-25,yes
ADV-248,Education,Google,Video,2026-08-22,no
ADV-312,Technology and SaaS,Meta,Video,2026-05-16,no
ADV-159,Retail and ecommerce,Google,Carousel,2026-07-07,no
ADV-944,Energy,Google,Static,2026-05-30,yes
ADV-248,Energy,Google,Video,2026-05-20,yes
ADV-248,Technology and SaaS,Meta,Carousel,2026-06-28,no
ADV-248,Education,Google,Carousel,2026-09-06,yes
ADV-248,Media and publishing,Meta,Video,2026-09-10,no
ADV-545,Technology and SaaS,Google,Carousel,2026-07-19,no
ADV-172,Media and publishing,Meta,Video,2026-07-06,yes
ADV-429,Technology and SaaS,Google,Carousel,2026-07-10,yes
ADV-545,Technology and SaaS,Google,Video,2026-05-30,no
ADV-172,Energy,Google,Carousel,2026-06-29,no
ADV-172,Technology and SaaS,Meta,Video,2026-08-31,no
ADV-545,Energy,Meta,Video,2026-07-01,no
ADV-429,Media and publishing,Google,Video,2026-08-25,yes
ADV-944,Energy,Meta,Video,2026-08-19,no
ADV-545,Technology and SaaS,Google,Carousel,2026-05-17,no
ADV-835,Energy,Meta,Carousel,2026-07-09,yes
ADV-312,Energy,Meta,Carousel,2026-07-12,yes
ADV-248,Education,Google,Video,2026-05-23,no
ADV-429,Technology and SaaS,Google,Video,2026-07-16,no
ADV-429,Energy,Meta,Video,2026-05-19,no
ADV-159,Media and publishing,Meta,Carousel,2026-05-16,no
ADV-159,Public sector,Meta,Video,2026-08-01,no
ADV-159,Retail and ecommerce,Meta,Video,2026-09-11,yes
ADV-835,Technology and SaaS,Google,Carousel,2026-07-16,yes
ADV-159,Technology and SaaS,Meta,Video,2026-05-16,yes
ADV-248,Media and publishing,Google,Video,2026-07-16,no
ADV-172,Media and publishing,Google,Carousel,2026-07-16,yes
ADV-159,Education,Meta,Video,2026-06-07,no
ADV-248,Media and publishing,Google,Video,2026-08-25,no
ADV-159,Energy,Meta,Video,2026-07-11,no
ADV-159,Technology and SaaS,Meta,Carousel,2026-07-29,yes
ADV-248,Retail and ecommerce,Google,Video,2026-07-15,yes
ADV-944,Retail and ecommerce,Google,Video,2026-07-06,yes
ADV-159,Retail and ecommerce,Google,Video,2026-08-28,yes
ADV-545,Energy,Meta,Carousel,2026-09-11,no
ADV-172,Education,Google,Carousel,2026-07-27,no
ADV-159,Education,Google,Video,2026-08-02,no
ADV-835,Technology and SaaS,Google,Video,2026-06-18,yes
ADV-312,Technology and SaaS,Meta,Static,2026-09-12,yes
ADV-172,Media and publishing,Meta,Video,2026-08-01,no
ADV-429,Media and publishing,Meta,Carousel,2026-06-09,yes
ADV-429,Retail and ecommerce,Meta,Video,2026-09-10,no
ADV-248,Technology and SaaS,Meta,Carousel,2026-06-14,yes
ADV-312,Public sector,Google,Carousel,2026-07-09,yes
ADV-159,Education,Meta,Video,2026-07-29,yes
ADV-835,Public sector,Meta,Static,2026-09-11,yes
ADV-248,Media and publishing,Meta,Video,2026-07-03,yes
ADV-429,Technology and SaaS,Google,Video,2026-06-09,no
ADV-159,Technology and SaaS,Google,Video,2026-06-30,yes
ADV-944,Media and publishing,Google,Carousel,2026-08-15,yes
ADV-159,Education,Meta,Video,2026-08-07,yes
ADV-835,Media and publishing,Google,Video,2026-08-15,yes
ADV-248,Public sector,Meta,Video,2026-08-24,no
ADV-248,Media and publishing,Meta,Video,2026-06-15,yes
ADV-248,Public sector,Meta,Video,2026-07-09,yes
ADV-248,Retail and ecommerce,Google,Carousel,2026-07-22,yes
ADV-429,Media and publishing,Google,Video,2026-08-27,yes
ADV-545,Education,Meta,Video,2026-08-21,no
ADV-159,Media and publishing,Google,Video,2026-07-20,yes
ADV-545,Media and publishing,Google,Static,2026-06-17,no
ADV-312,Public sector,Meta,Video,2026-07-28,no
ADV-835,Media and publishing,Meta,Carousel,2026-08-01,yes
ADV-172,Public sector,Meta,Video,2026-07-26,yes
ADV-159,Media and publishing,Google,Video,2026-06-24,no
ADV-172,Technology and SaaS,Google,Carousel,2026-08-13,no
ADV-545,Technology and SaaS,Google,Static,2026-06-10,no
ADV-944,Public sector,Google,Carousel,2026-07-02,yes
ADV-835,Technology and SaaS,Meta,Carousel,2026-08-14,yes
ADV-172,Media and publishing,Meta,Video,2026-06-29,yes
ADV-429,Retail and ecommerce,Google,Static,2026-08-12,no
ADV-429,Energy,Meta,Video,2026-08-14,no
ADV-172,Retail and ecommerce,Google,Carousel,2026-06-19,no
ADV-545,Media and publishing,Meta,Static,2026-06-26,yes
ADV-944,Technology and SaaS,Google,Video,2026-07-11,yes
ADV-545,Public sector,Google,Static,2026-06-28,no
ADV-835,Education,Meta,Video,2026-07-10,yes
ADV-172,Media and publishing,Meta,Carousel,2026-07-17,no
ADV-172,Energy,Google,Video,2026-09-03,no
ADV-429,Education,Meta,Carousel,2026-09-03,no
ADV-429,Media and publishing,Meta,Video,2026-07-06,no
ADV-944,Retail and ecommerce,Google,Carousel,2026-06-28,no
ADV-312,Technology and SaaS,Google,Static,2026-05-26,yes
ADV-429,Media and publishing,Meta,Carousel,2026-08-21,no
ADV-944,Education,Google,Video,2026-08-06,no
ADV-835,Media and publishing,Google,Video,2026-05-24,no
ADV-429,Energy,Google,Video,2026-06-07,yes
ADV-944,Retail and ecommerce,Meta,Carousel,2026-07-05,yes
ADV-835,Retail and ecommerce,Meta,Video,2026-06-12,no
ADV-835,Retail and ecommerce,Meta,Carousel,2026-07-05,no
ADV-944,Technology and SaaS,Meta,Static,2026-08-20,yes
ADV-159,Media and publishing,Google,Video,2026-07-11,yes
ADV-944,Technology and SaaS,Meta,Static,2026-06-21,no
ADV-429,Technology and SaaS,Google,Static,2026-05-18,yes
ADV-835,Public sector,Meta,Static,2026-06-20,yes
ADV-159,Technology and SaaS,Google,Video,2026-06-17,yes
ADV-944,Technology and SaaS,Google,Video,2026-07-27,yes
ADV-172,Education,Meta,Static,2026-07-27,yes
ADV-429,Media and publishing,Meta,Carousel,2026-06-07,no
ADV-545,Education,Meta,Static,2026-07-06,yes
ADV-172,Energy,Meta,Video,2026-07-16,no
ADV-172,Media and publishing,Meta,Carousel,2026-06-15,yes
ADV-312,Technology and SaaS,Meta,Video,2026-05-28,yes
ADV-248,Media and publishing,Google,Video,2026-07-23,no
ADV-835,Media and publishing,Meta,Carousel,2026-07-11,yes
ADV-545,Retail and ecommerce,Meta,Video,2026-06-06,yes
ADV-545,Media and publishing,Meta,Static,2026-08-09,yes
ADV-312,Technology and SaaS,Meta,Video,2026-06-24,yes
ADV-312,Media and publishing,Google,Video,2026-05-27,yes
ADV-944,Energy,Meta,Carousel,2026-07-15,yes
ADV-545,Technology and SaaS,Meta,Video,2026-07-06,no
ADV-835,Media and publishing,Meta,Video,2026-05-29,no
ADV-172,Technology and SaaS,Meta,Static,2026-08-05,no
ADV-545,Media and publishing,Google,Static,2026-08-20,no
ADV-944,Energy,Meta,Video,2026-08-23,yes
ADV-835,Education,Meta,Carousel,2026-06-29,yes
ADV-545,Public sector,Google,Carousel,2026-06-26,no
ADV-159,Public sector,Google,Video,2026-08-17,yes
ADV-312,Retail and ecommerce,Google,Video,2026-08-20,no
ADV-835,Energy,Meta,Carousel,2026-07-31,no
ADV-248,Media and publishing,Meta,Carousel,2026-07-21,yes
ADV-944,Technology and SaaS,Google,Carousel,2026-09-04,no
ADV-429,Technology and SaaS,Meta,Carousel,2026-05-28,no
ADV-429,Technology and SaaS,Google,Video,2026-06-30,no
ADV-429,Media and publishing,Meta,Carousel,2026-05-30,yes
ADV-312,Energy,Google,Static,2026-06-14,yes
ADV-545,Media and publishing,Meta,Static,2026-07-02,yes
ADV-835,Media and publishing,Meta,Video,2026-07-10,no
ADV-545,Retail and ecommerce,Google,Video,2026-08-05,yes
ADV-248,Technology and SaaS,Meta,Video,2026-08-03,yes
ADV-835,Media and publishing,Google,Static,2026-06-27,yes
ADV-172,Energy,Google,Carousel,2026-08-15,yes
ADV-545,Media and publishing,Google,Video,2026-06-11,yes
ADV-312,Retail and ecommerce,Google,Video,2026-09-03,yes
ADV-545,Technology and SaaS,Google,Video,2026-06-14,no
ADV-312,Retail and ecommerce,Meta,Video,2026-08-04,no
ADV-172,Education,Meta,Video,2026-06-09,no
ADV-429,Public sector,Google,Carousel,2026-08-17,no
ADV-545,Media and publishing,Google,Video,2026-09-12,yes
ADV-545,Technology and SaaS,Google,Static,2026-06-28,yes
ADV-248,Media and publishing,Google,Video,2026-06-30,no
ADV-835,Energy,Meta,Video,2026-06-10,no
ADV-248,Media and publishing,Google,Static,2026-06-26,yes
ADV-835,Public sector,Google,Video,2026-08-27,no
ADV-159,Retail and ecommerce,Meta,Carousel,2026-07-06,no
ADV-172,Energy,Google,Static,2026-07-06,no
ADV-545,Energy,Google,Carousel,2026-08-30,no
ADV-248,Education,Google,Carousel,2026-08-28,no
ADV-835,Energy,Google,Video,2026-06-09,yes
ADV-429,Technology and SaaS,Google,Video,2026-06-21,yes
ADV-248,Education,Google,Video,2026-06-16,no
ADV-429,Technology and SaaS,Meta,Carousel,2026-08-29,no
ADV-944,Retail and ecommerce,Google,Video,2026-07-09,no
ADV-944,Retail and ecommerce,Meta,Video,2026-07-14,yes
ADV-545,Energy,Google,Video,2026-07-07,no
ADV-835,Energy,Google,Carousel,2026-05-31,no
ADV-944,Technology and SaaS,Google,Carousel,2026-08-15,no
ADV-429,Retail and ecommerce,Google,Carousel,2026-07-18,yes
ADV-545,Public sector,Google,Video,2026-07-03,no
ADV-172,Public sector,Google,Carousel,2026-09-08,no
ADV-545,Media and publishing,Meta,Video,2026-06-20,no
ADV-172,Retail and ecommerce,Meta,Video,2026-08-31,yes
ADV-159,Technology and SaaS,Meta,Carousel,2026-06-04,yes
ADV-248,Education,Meta,Carousel,2026-08-24,yes
ADV-172,Retail and ecommerce,Meta,Video,2026-09-03,yes
ADV-429,Education,Google,Carousel,2026-07-05,yes
ADV-429,Technology and SaaS,Google,Carousel,2026-08-06,no
ADV-545,Media and publishing,Meta,Carousel,2026-07-31,no
ADV-545,Education,Google,Video,2026-08-14,yes
ADV-545,Education,Google,Video,2026-07-01,yes
ADV-545,Technology and SaaS,Google,Video,2026-06-04,yes
ADV-835,Media and publishing,Google,Carousel,2026-05-26,no
ADV-248,Media and publishing,Google,Video,2026-08-04,no
ADV-248,Media and publishing,Google,Carousel,2026-07-29,no
ADV-172,Education,Google,Video,2026-08-31,no
ADV-944,Technology and SaaS,Meta,Carousel,2026-05-16,yes
ADV-835,Media and publishing,Google,Video,2026-07-21,no
ADV-159,Retail and ecommerce,Google,Video,2026-08-20,no
ADV-429,Public sector,Google,Video,2026-07-03,yes
ADV-429,Education,Google,Carousel,2026-09-09,yes
ADV-835,Technology and SaaS,Google,Video,2026-05-25,no
ADV-172,Technology and SaaS,Google,Video,2026-08-24,yes
ADV-429,Technology and SaaS,Meta,Carousel,2026-07-30,yes
ADV-312,Public sector,Meta,Static,2026-08-28,yes
ADV-835,Technology and SaaS,Meta,Video,2026-09-05,no
ADV-545,Retail and ecommerce,Google,Carousel,2026-08-02,yes
ADV-172,Public sector,Google,Carousel,2026-06-07,yes
ADV-944,Energy,Google,Static,2026-07-23,yes
ADV-429,Technology and SaaS,Meta,Static,2026-06-13,yes
ADV-248,Technology and SaaS,Meta,Carousel,2026-08-03,no
ADV-944,Media and publishing,Meta,Video,2026-08-14,no
ADV-944,Public sector,Meta,Video,2026-06-29,yes
ADV-944,Retail and ecommerce,Google,Video,2026-05-24,no
ADV-429,Technology and SaaS,Google,Video,2026-06-24,no
ADV-172,Media and publishing,Meta,Video,2026-06-02,yes
ADV-835,Public sector,Google,Video,2026-09-09,no
ADV-172,Energy,Meta,Video,2026-07-02,no
ADV-248,Retail and ecommerce,Meta,Carousel,2026-08-26,yes
ADV-172,Public sector,Google,Carousel,2026-06-03,yes
ADV-429,Technology and SaaS,Meta,Video,2026-08-19,yes
ADV-545,Technology and SaaS,Google,Video,2026-06-03,no
ADV-172,Retail and ecommerce,Google,Video,2026-05-28,yes
ADV-172,Energy,Google,Video,2026-08-22,no
ADV-172,Public sector,Meta,Static,2026-09-08,no
ADV-248,Energy,Meta,Video,2026-08-01,yes
ADV-312,Technology and SaaS,Meta,Carousel,2026-06-23,yes
ADV-248,Media and publishing,Meta,Carousel,2026-06-18,yes
ADV-429,Public sector,Meta,Carousel,2026-07-04,yes
ADV-172,Retail and ecommerce,Meta,Carousel,2026-06-09,yes
ADV-248,Media and publishing,Google,Carousel,2026-09-06,no
ADV-248,Technology and SaaS,Google,Video,2026-07-07,yes
ADV-172,Education,Google,Video,2026-08-07,no
ADV-248,Education,Meta,Video,2026-09-04,no
ADV-429,Retail and ecommerce,Meta,Carousel,2026-07-26,no
ADV-429,Education,Meta,Carousel,2026-06-12,yes
ADV-835,Technology and SaaS,Google,Carousel,2026-08-31,no
ADV-312,Media and publishing,Google,Static,2026-06-21,yes
ADV-545,Media and publishing,Meta,Video,2026-06-13,no
ADV-159,Education,Google,Static,2026-06-23,yes
ADV-159,Public sector,Meta,Carousel,2026-05-26,yes
ADV-172,Public sector,Meta,Static,2026-08-28,no
ADV-429,Media and publishing,Google,Video,2026-06-02,no
ADV-944,Retail and ecommerce,Meta,Video,2026-07-10,no
ADV-172,Media and publishing,Google,Video,2026-06-14,no
ADV-835,Energy,Google,Carousel,2026-06-27,no
ADV-172,Media and publishing,Google,Carousel,2026-07-06,no
ADV-159,Retail and ecommerce,Meta,Video,2026-06-10,no
ADV-312,Energy,Google,Carousel,2026-06-22,no
ADV-248,Energy,Meta,Video,2026-07-12,yes
ADV-312,Retail and ecommerce,Meta,Carousel,2026-08-15,no
ADV-159,Public sector,Google,Carousel,2026-06-21,no
ADV-835,Media and publishing,Meta,Video,2026-05-17,yes
ADV-545,Media and publishing,Google,Video,2026-08-06,no
ADV-312,Energy,Meta,Carousel,2026-08-16,no
ADV-159,Media and publishing,Google,Video,2026-06-09,yes
ADV-835,Media and publishing,Google,Static,2026-06-15,yes
ADV-429,Energy,Meta,Video,2026-06-18,no
ADV-159,Education,Google,Video,2026-09-03,yes
ADV-944,Energy,Google,Video,2026-08-22,no
ADV-312,Retail and ecommerce,Meta,Video,2026-09-11,yes
ADV-248,Education,Google,Video,2026-05-31,yes
ADV-248,Media and publishing,Google,Carousel,2026-06-27,no
ADV-312,Education,Meta,Video,2026-07-08,yes
ADV-545,Education,Google,Video,2026-07-28,yes
ADV-545,Media and publishing,Meta,Video,2026-08-26,no
ADV-312,Retail and ecommerce,Meta,Video,2026-08-26,yes
ADV-835,Media and publishing,Meta,Video,2026-08-18,yes
ADV-429,Public sector,Meta,Video,2026-08-08,yes
ADV-312,Education,Google,Video,2026-08-18,yes
ADV-172,Media and publishing,Google,Carousel,2026-07-23,yes
ADV-835,Media and publishing,Google,Carousel,2026-08-16,no
ADV-545,Technology and SaaS,Google,Video,2026-09-07,yes
ADV-172,Media and publishing,Google,Carousel,2026-08-29,yes
ADV-545,Education,Google,Video,2026-06-02,yes
ADV-172,Retail and ecommerce,Google,Video,2026-06-11,no
ADV-312,Education,Meta,Carousel,2026-07-05,yes
ADV-159,Technology and SaaS,Meta,Carousel,2026-06-04,yes
ADV-545,Technology and SaaS,Meta,Video,2026-05-26,yes
ADV-429,Education,Google,Carousel,2026-08-01,yes
ADV-545,Energy,Google,Static,2026-06-03,no
ADV-429,Technology and SaaS,Meta,Video,2026-05-28,no
ADV-429,Media and publishing,Google,Video,2026-08-31,no
ADV-248,Retail and ecommerce,Meta,Video,2026-07-21,yes
ADV-248,Education,Google,Video,2026-05-20,no
ADV-312,Energy,Meta,Video,2026-08-28,no
ADV-248,Technology and SaaS,Google,Video,2026-06-27,no
ADV-835,Public sector,Meta,Static,2026-06-21,yes
ADV-248,Media and publishing,Meta,Carousel,2026-05-22,no
ADV-835,Education,Meta,Video,2026-06-12,no
ADV-172,Retail and ecommerce,Google,Carousel,2026-07-12,no
ADV-248,Technology and SaaS,Meta,Video,2026-07-28,yes
ADV-159,Education,Google,Video,2026-07-29,no
ADV-429,Retail and ecommerce,Meta,Static,2026-07-07,yes
ADV-172,Technology and SaaS,Meta,Carousel,2026-06-22,no
ADV-545,Retail and ecommerce,Meta,Video,2026-07-05,yes
ADV-835,Media and publishing,Google,Carousel,2026-06-05,yes
ADV-545,Media and publishing,Meta,Static,2026-06-26,yes
ADV-172,Technology and SaaS,Meta,Video,2026-09-12,yes
ADV-172,Retail and ecommerce,Meta,Video,2026-07-22,no
ADV-159,Energy,Meta,Carousel,2026-08-31,yes
ADV-545,Public sector,Meta,Video,2026-06-14,no
ADV-545,Education,Google,Video,2026-07-08,no
ADV-172,Energy,Meta,Video,2026-08-19,yes
ADV-835,Media and publishing,Meta,Carousel,2026-07-10,no
ADV-429,Media and publishing,Meta,Video,2026-07-07,no
ADV-429,Energy,Google,Video,2026-09-04,yes
ADV-429,Technology and SaaS,Google,Video,2026-07-15,no
ADV-159,Media and publishing,Meta,Carousel,2026-09-06,yes
ADV-835,Energy,Meta,Carousel,2026-07-22,no
ADV-248,Education,Meta,Carousel,2026-08-12,yes
ADV-545,Education,Google,Video,2026-06-30,yes
ADV-248,Retail and ecommerce,Google,Carousel,2026-09-09,yes
ADV-545,Energy,Meta,Video,2026-05-23,yes
ADV-312,Media and publishing,Meta,Static,2026-08-29,yes
ADV-944,Education,Meta,Video,2026-09-01,yes
ADV-944,Energy,Google,Video,2026-07-20,yes
ADV-944,Retail and ecommerce,Meta,Carousel,2026-09-05,yes
ADV-248,Public sector,Meta,Video,2026-07-22,no
ADV-312,Public sector,Meta,Static,2026-08-16,no
ADV-429,Media and publishing,Google,Video,2026-06-11,no
ADV-172,Media and publishing,Meta,Video,2026-05-24,no
ADV-312,Technology and SaaS,Meta,Carousel,2026-08-24,no
ADV-248,Media and publishing,Meta,Carousel,2026-05-29,yes
ADV-248,Energy,Meta,Video,2026-06-04,yes
ADV-835,Energy,Meta,Video,2026-08-03,no
ADV-944,Public sector,Google,Static,2026-06-29,no
ADV-835,Public sector,Meta,Static,2026-07-01,yes
ADV-835,Technology and SaaS,Meta,Video,2026-06-15,no
ADV-429,Technology and SaaS,Google,Video,2026-05-21,no
ADV-944,Public sector,Google,Carousel,2026-06-23,no
ADV-248,Media and publishing,Meta,Carousel,2026-08-17,yes
ADV-429,Education,Meta,Video,2026-06-29,no
ADV-172,Retail and ecommerce,Meta,Carousel,2026-07-17,no
ADV-248,Retail and ecommerce,Google,Video,2026-07-15,yes
ADV-248,Education,Google,Carousel,2026-08-03,no
ADV-248,Technology and SaaS,Google,Static,2026-05-22,yes
ADV-944,Media and publishing,Meta,Static,2026-07-28,no
ADV-172,Technology and SaaS,Google,Video,2026-06-16,no
ADV-312,Technology and SaaS,Meta,Carousel,2026-05-21,yes
ADV-172,Technology and SaaS,Meta,Video,2026-06-18,yes
ADV-944,Retail and ecommerce,Google,Video,2026-08-02,yes
ADV-248,Technology and SaaS,Google,Carousel,2026-05-27,no
ADV-172,Technology and SaaS,Google,Carousel,2026-07-13,yes
ADV-429,Education,Google,Static,2026-06-05,yes
ADV-312,Technology and SaaS,Meta,Carousel,2026-07-05,yes
ADV-248,Public sector,Meta,Video,2026-08-18,yes
ADV-944,Education,Meta,Video,2026-08-26,no
ADV-248,Technology and SaaS,Meta,Video,2026-09-08,no
ADV-944,Technology and SaaS,Meta,Carousel,2026-08-26,no
ADV-429,Public sector,Meta,Carousel,2026-07-23,yes
ADV-835,Media and publishing,Meta,Static,2026-06-10,no
ADV-545,Retail and ecommerce,Google,Video,2026-06-28,yes
ADV-835,Energy,Google,Carousel,2026-05-20,yes
ADV-312,Technology and SaaS,Google,Static,2026-06-01,yes
ADV-172,Technology and SaaS,Meta,Video,2026-06-21,no
ADV-429,Education,Google,Static,2026-07-13,no
ADV-159,Media and publishing,Google,Video,2026-07-21,yes
ADV-835,Media and publishing,Google,Carousel,2026-07-05,yes
ADV-172,Technology and SaaS,Google,Carousel,2026-06-25,no
ADV-248,Public sector,Google,Video,2026-05-21,no
ADV-159,Technology and SaaS,Google,Carousel,2026-06-19,no
ADV-944,Media and publishing,Google,Static,2026-06-26,no
ADV-429,Media and publishing,Meta,Carousel,2026-07-29,yes
ADV-545,Media and publishing,Meta,Video,2026-06-01,yes
ADV-944,Media and publishing,Meta,Carousel,2026-08-01,no
ADV-159,Education,Google,Carousel,2026-06-09,no
ADV-429,Technology and SaaS,Google,Carousel,2026-06-03,no
ADV-248,Retail and ecommerce,Meta,Static,2026-09-12,yes
ADV-944,Public sector,Meta,Carousel,2026-09-03,yes
ADV-835,Education,Meta,Carousel,2026-05-21,no
ADV-159,Public sector,Google,Carousel,2026-09-10,yes
ADV-429,Media and publishing,Meta,Carousel,2026-07-17,no
ADV-944,Technology and SaaS,Meta,Video,2026-05-25,no
ADV-429,Retail and ecommerce,Google,Carousel,2026-07-04,no
ADV-944,Education,Google,Video,2026-08-21,no
ADV-172,Technology and SaaS,Meta,Video,2026-08-01,no
ADV-172,Public sector,Meta,Static,2026-07-16,yes
ADV-159,Public sector,Meta,Carousel,2026-05-25,yes
ADV-248,Public sector,Google,Video,2026-09-01,no
ADV-312,Technology and SaaS,Meta,Carousel,2026-05-17,no
ADV-835,Media and publishing,Meta,Video,2026-06-14,yes
ADV-545,Retail and ecommerce,Google,Static,2026-07-04,yes
ADV-835,Technology and SaaS,Meta,Video,2026-08-29,yes
ADV-429,Education,Google,Carousel,2026-07-27,no
ADV-312,Technology and SaaS,Meta,Static,2026-07-15,no
ADV-248,Public sector,Meta,Carousel,2026-06-08,no
ADV-312,Education,Google,Video,2026-07-08,yes
ADV-248,Retail and ecommerce,Meta,Video,2026-05-19,yes
ADV-248,Media and publishing,Google,Video,2026-06-06,no
ADV-172,Energy,Meta,Video,2026-05-30,yes
ADV-312,Education,Meta,Video,2026-08-24,no
ADV-159,Media and publishing,Google,Video,2026-06-10,no
ADV-545,Technology and SaaS,Google,Video,2026-07-06,yes
ADV-312,Public sector,Google,Static,2026-06-13,no
ADV-545,Retail and ecommerce,Google,Video,2026-06-21,yes
ADV-172,Media and publishing,Meta,Carousel,2026-08-13,yes
ADV-159,Education,Google,Carousel,2026-08-25,no
ADV-312,Technology and SaaS,Meta,Video,2026-07-01,yes
ADV-159,Media and publishing,Meta,Carousel,2026-07-31,no
ADV-172,Public sector,Meta,Carousel,2026-06-29,no
ADV-159,Technology and SaaS,Meta,Video,2026-07-08,yes
ADV-248,Energy,Meta,Carousel,2026-07-13,no
ADV-545,Public sector,Google,Carousel,2026-07-28,no
ADV-944,Energy,Google,Video,2026-08-28,no
ADV-248,Education,Meta,Video,2026-07-19,yes
ADV-312,Media and publishing,Meta,Video,2026-09-11,no
ADV-545,Technology and SaaS,Google,Carousel,2026-06-29,yes
ADV-312,Media and publishing,Google,Video,2026-06-01,no
ADV-835,Media and publishing,Google,Carousel,2026-06-12,yes
ADV-429,Technology and SaaS,Meta,Video,2026-08-09,yes
ADV-545,Education,Google,Video,2026-07-09,no
ADV-545,Retail and ecommerce,Meta,Video,2026-08-12,yes
ADV-429,Media and publishing,Meta,Video,2026-05-29,yes
ADV-312,Media and publishing,Google,Video,2026-09-12,yes
ADV-172,Education,Meta,Carousel,2026-06-30,yes
ADV-172,Retail and ecommerce,Google,Video,2026-07-05,yes
ADV-429,Public sector,Meta,Video,2026-06-26,yes
ADV-429,Energy,Meta,Carousel,2026-08-22,no
ADV-429,Media and publishing,Google,Video,2026-09-09,yes
ADV-159,Technology and SaaS,Meta,Video,2026-08-28,yes
ADV-248,Media and publishing,Google,Carousel,2026-05-23,yes
ADV-159,Education,Meta,Video,2026-06-03,no
ADV-944,Education,Meta,Carousel,2026-08-10,no
ADV-429,Technology and SaaS,Google,Carousel,2026-08-18,no
ADV-159,Public sector,Google,Video,2026-08-18,yes
ADV-248,Media and publishing,Meta,Carousel,2026-06-25,yes
ADV-944,Media and publishing,Google,Carousel,2026-07-30,no
ADV-835,Media and publishing,Google,Carousel,2026-06-27,yes
ADV-944,Retail and ecommerce,Meta,Video,2026-06-30,yes
ADV-944,Energy,Google,Static,2026-06-29,no
ADV-944,Media and publishing,Google,Carousel,2026-07-22,no
ADV-429,Public sector,Google,Video,2026-08-04,yes
ADV-248,Energy,Meta,Static,2026-06-20,no
ADV-312,Public sector,Meta,Video,2026-08-17,yes
ADV-159,Public sector,Meta,Carousel,2026-07-16,yes
ADV-159,Media and publishing,Meta,Video,2026-08-02,yes
ADV-159,Energy,Meta,Carousel,2026-07-23,no
ADV-944,Media and publishing,Meta,Video,2026-06-01,no
ADV-172,Technology and SaaS,Google,Carousel,2026-07-22,no
ADV-172,Public sector,Meta,Static,2026-08-25,no
ADV-159,Retail and ecommerce,Google,Video,2026-07-16,yes
ADV-429,Technology and SaaS,Meta,Video,2026-07-26,no
ADV-159,Technology and SaaS,Google,Carousel,2026-06-17,yes
ADV-545,Retail and ecommerce,Meta,Video,2026-06-10,yes
ADV-172,Energy,Meta,Carousel,2026-06-14,yes
ADV-159,Education,Google,Video,2026-05-29,no
ADV-545,Technology and SaaS,Google,Video,2026-08-14,no
ADV-159,Media and publishing,Meta,Carousel,2026-08-06,yes
ADV-944,Media and publishing,Meta,Video,2026-09-12,yes
ADV-545,Media and publishing,Google,Carousel,2026-08-29,no
ADV-312,Technology and SaaS,Google,Video,2026-08-08,yes
ADV-312,Media and publishing,Google,Video,2026-07-30,no
ADV-159,Education,Meta,Video,2026-06-28,yes
ADV-248,Technology and SaaS,Meta,Carousel,2026-07-29,no
ADV-429,Media and publishing,Google,Video,2026-06-23,yes
ADV-944,Public sector,Meta,Carousel,2026-06-29,no
ADV-172,Technology and SaaS,Google,Carousel,2026-05-19,no
ADV-429,Media and publishing,Meta,Video,2026-06-30,no
ADV-835,Media and publishing,Google,Carousel,2026-06-12,yes
ADV-835,Media and publishing,Meta,Video,2026-06-28,no
ADV-545,Media and publishing,Meta,Video,2026-09-05,no
ADV-944,Media and publishing,Meta,Carousel,2026-07-28,yes
ADV-312,Technology and SaaS,Meta,Video,2026-07-20,yes
ADV-944,Technology and SaaS,Google,Carousel,2026-08-24,no
ADV-172,Media and publishing,Google,Video,2026-07-22,yes
ADV-545,Energy,Google,Video,2026-08-19,yes
ADV-835,Media and publishing,Google,Video,2026-05-26,yes
ADV-159,Technology and SaaS,Meta,Carousel,2026-07-04,yes
ADV-312,Education,Google,Video,2026-06-16,yes
ADV-545,Media and publishing,Google,Carousel,2026-07-21,yes
ADV-944,Education,Google,Video,2026-06-16,no
ADV-429,Retail and ecommerce,Google,Video,2026-09-07,no
ADV-172,Public sector,Meta,Video,2026-05-25,no
ADV-835,Media and publishing,Google,Video,2026-06-01,no
ADV-159,Technology and SaaS,Meta,Video,2026-08-22,no
ADV-835,Media and publishing,Meta,Video,2026-08-11,no
ADV-312,Technology and SaaS,Meta,Carousel,2026-05-22,no
ADV-312,Retail and ecommerce,Meta,Video,2026-08-22,no
ADV-248,Retail and ecommerce,Meta,Carousel,2026-05-16,yes
ADV-172,Technology and SaaS,Google,Carousel,2026-06-28,yes
ADV-429,Media and publishing,Google,Video,2026-07-10,no
ADV-159,Retail and ecommerce,Meta,Static,2026-06-23,yes
ADV-312,Media and publishing,Google,Static,2026-08-07,yes
ADV-172,Retail and ecommerce,Meta,Static,2026-06-30,yes
ADV-248,Media and publishing,Google,Video,2026-05-28,yes
ADV-248,Retail and ecommerce,Meta,Carousel,2026-08-30,no
ADV-172,Technology and SaaS,Meta,Video,2026-07-17,yes
ADV-944,Media and publishing,Google,Carousel,2026-09-01,yes
ADV-312,Energy,Meta,Carousel,2026-09-02,no
ADV-312,Retail and ecommerce,Google,Video,2026-09-03,no
ADV-172,Technology and SaaS,Meta,Video,2026-08-08,no
ADV-835,Public sector,Google,Static,2026-06-15,no
ADV-248,Technology and SaaS,Meta,Carousel,2026-07-26,yes
ADV-248,Technology and SaaS,Google,Video,2026-09-11,yes
ADV-248,Public sector,Google,Video,2026-06-05,no
ADV-172,Media and publishing,Google,Static,2026-08-17,no
ADV-172,Education,Meta,Video,2026-08-15,yes
ADV-429,Technology and SaaS,Meta,Static,2026-08-29,yes
ADV-944,Retail and ecommerce,Google,Carousel,2026-07-06,yes
ADV-944,Technology and SaaS,Google,Carousel,2026-08-18,yes
ADV-545,Public sector,Meta,Video,2026-09-01,yes
ADV-429,Technology and SaaS,Meta,Video,2026-06-14,no
ADV-429,Media and publishing,Google,Static,2026-08-13,no
ADV-944,Retail and ecommerce,Google,Carousel,2026-06-03,yes
ADV-429,Public sector,Google,Video,2026-06-01,no
ADV-172,Media and publishing,Google,Video,2026-09-11,no
ADV-248,Technology and SaaS,Google,Video,2026-08-26,no
ADV-159,Technology and SaaS,Google,Video,2026-07-14,no
ADV-835,Public sector,Meta,Carousel,2026-08-02,no
ADV-159,Education,Google,Carousel,2026-09-04,yes
ADV-944,Technology and SaaS,Google,Video,2026-07-18,no
ADV-312,Education,Google,Video,2026-06-08,no
ADV-429,Public sector,Google,Video,2026-07-03,no
ADV-835,Public sector,Google,Video,2026-08-10,no
ADV-312,Technology and SaaS,Google,Video,2026-06-17,no
ADV-248,Media and publishing,Meta,Carousel,2026-06-27,no
ADV-248,Media and publishing,Google,Video,2026-07-14,yes
ADV-944,Technology and SaaS,Meta,Video,2026-06-14,yes
ADV-835,Technology and SaaS,Meta,Carousel,2026-09-11,yes
ADV-159,Technology and SaaS,Google,Carousel,2026-09-01,yes
ADV-944,Technology and SaaS,Meta,Static,2026-06-27,yes
ADV-312,Media and publishing,Google,Video,2026-08-01,no
ADV-835,Media and publishing,Meta,Carousel,2026-06-26,yes
ADV-172,Energy,Google,Carousel,2026-06-11,yes
ADV-172,Media and publishing,Meta,Video,2026-05-24,no
ADV-312,Public sector,Google,Static,2026-07-16,no
ADV-248,Technology and SaaS,Meta,Carousel,2026-09-12,no
ADV-429,Energy,Meta,Carousel,2026-09-05,yes
ADV-545,Retail and ecommerce,Google,Video,2026-06-12,no
ADV-312,Retail and ecommerce,Google,Video,2026-05-22,no
ADV-835,Technology and SaaS,Google,Carousel,2026-06-16,yes
ADV-172,Media and publishing,Meta,Video,2026-09-04,no
ADV-312,Energy,Meta,Video,2026-08-20,no
ADV-312,Energy,Google,Video,2026-08-29,no
ADV-429,Energy,Google,Carousel,2026-07-31,yes
ADV-172,Energy,Meta,Carousel,2026-09-03,no
ADV-172,Energy,Google,Carousel,2026-08-19,no
ADV-159,Public sector,Google,Carousel,2026-06-18,no
ADV-312,Media and publishing,Google,Video,2026-09-07,yes
ADV-172,Retail and ecommerce,Meta,Carousel,2026-07-26,yes
ADV-172,Media and publishing,Google,Carousel,2026-07-28,yes
ADV-159,Retail and ecommerce,Google,Video,2026-06-13,yes
ADV-172,Energy,Meta,Video,2026-07-18,no
ADV-944,Media and publishing,Meta,Carousel,2026-07-18,no
ADV-835,Energy,Google,Video,2026-07-02,yes
ADV-429,Energy,Google,Carousel,2026-09-11,yes
ADV-159,Education,Google,Video,2026-07-13,yes
ADV-944,Public sector,Meta,Video,2026-07-27,no
ADV-545,Media and publishing,Meta,Video,2026-08-30,yes
ADV-835,Technology and SaaS,Meta,Video,2026-07-08,no
ADV-944,Retail and ecommerce,Google,Static,2026-06-04,yes
ADV-835,Technology and SaaS,Google,Static,2026-07-05,yes
ADV-944,Technology and SaaS,Google,Video,2026-08-03,no
ADV-172,Education,Meta,Video,2026-07-03,no
ADV-429,Technology and SaaS,Google,Static,2026-09-02,no
ADV-159,Media and publishing,Google,Video,2026-09-12,no
ADV-429,Education,Meta,Video,2026-08-20,yes
ADV-429,Education,Google,Carousel,2026-06-15,yes
ADV-172,Retail and ecommerce,Google,Static,2026-08-12,no
ADV-835,Energy,Google,Video,2026-07-03,yes
ADV-159,Technology and SaaS,Google,Carousel,2026-06-11,yes
ADV-944,Energy,Meta,Static,2026-07-17,no
ADV-172,Energy,Meta,Carousel,2026-08-19,no
ADV-545,Technology and SaaS,Google,Video,2026-09-07,no
ADV-312,Education,Google,Carousel,2026-08-28,no
ADV-172,Technology and SaaS,Google,Video,2026-08-23,no
ADV-312,Energy,Meta,Video,2026-07-01,no
ADV-545,Technology and SaaS,Google,Carousel,2026-06-02,yes
ADV-248,Education,Meta,Video,2026-09-12,no
ADV-312,Media and publishing,Meta,Video,2026-07-11,yes
ADV-172,Technology and SaaS,Meta,Video,2026-06-16,yes
ADV-312,Retail and ecommerce,Google,Video,2026-06-29,yes
ADV-429,Media and publishing,Meta,Video,2026-06-06,yes
ADV-545,Media and publishing,Google,Static,2026-08-04,yes
ADV-835,Retail and ecommerce,Meta,Video,2026-05-29,yes
ADV-159,Technology and SaaS,Meta,Video,2026-05-18,no
ADV-312,Technology and SaaS,Meta,Carousel,2026-08-03,no
ADV-944,Technology and SaaS,Google,Carousel,2026-05-22,no
ADV-172,Education,Google,Video,2026-07-06,no
ADV-172,Energy,Google,Video,2026-06-25,yes
ADV-312,Energy,Google,Carousel,2026-07-14,no
ADV-835,Public sector,Google,Video,2026-07-18,no
ADV-944,Media and publishing,Google,Video,2026-08-24,yes
ADV-545,Education,Meta,Video,2026-08-18,yes
ADV-172,Media and publishing,Google,Video,2026-06-17,no
ADV-944,Energy,Google,Video,2026-06-17,yes
ADV-172,Technology and SaaS,Meta,Carousel,2026-06-19,yes
ADV-835,Public sector,Google,Carousel,2026-05-24,no
ADV-312,Education,Meta,Carousel,2026-08-25,no
ADV-172,Media and publishing,Google,Carousel,2026-08-27,yes
ADV-159,Media and publishing,Meta,Video,2026-07-05,yes
ADV-248,Education,Meta,Video,2026-08-01,yes
ADV-944,Education,Meta,Video,2026-08-24,no
ADV-545,Education,Google,Carousel,2026-08-05,yes
ADV-429,Media and publishing,Google,Static,2026-07-28,no
ADV-835,Retail and ecommerce,Google,Carousel,2026-06-06,yes
ADV-545,Retail and ecommerce,Google,Carousel,2026-06-18,yes
ADV-312,Retail and ecommerce,Meta,Carousel,2026-07-02,no
ADV-429,Education,Meta,Video,2026-06-20,yes
ADV-248,Education,Google,Static,2026-07-20,yes
ADV-248,Public sector,Google,Carousel,2026-08-31,yes
ADV-429,Retail and ecommerce,Google,Carousel,2026-08-18,no
ADV-944,Technology and SaaS,Meta,Video,2026-08-16,no
ADV-835,Media and publishing,Meta,Video,2026-09-06,no
ADV-429,Education,Google,Static,2026-05-16,no
ADV-835,Technology and SaaS,Meta,Video,2026-08-27,yes
ADV-429,Media and publishing,Google,Video,2026-08-27,no
ADV-429,Energy,Google,Video,2026-06-06,no
ADV-172,Technology and SaaS,Meta,Video,2026-07-16,yes
ADV-159,Retail and ecommerce,Google,Video,2026-08-28,no
ADV-835,Technology and SaaS,Meta,Video,2026-06-14,no
ADV-172,Retail and ecommerce,Google,Carousel,2026-07-09,no
ADV-312,Technology and SaaS,Meta,Carousel,2026-08-26,yes
ADV-545,Education,Meta,Carousel,2026-07-21,no
ADV-429,Media and publishing,Google,Static,2026-06-22,no
ADV-159,Retail and ecommerce,Google,Video,2026-08-05,yes
ADV-159,Media and publishing,Google,Carousel,2026-09-11,yes
ADV-159,Technology and SaaS,Google,Video,2026-07-30,no
ADV-172,Technology and SaaS,Meta,Video,2026-07-31,no
ADV-172,Retail and ecommerce,Meta,Carousel,2026-06-26,no
ADV-545,Retail and ecommerce,Google,Carousel,2026-09-06,yes
ADV-835,Media and publishing,Google,Video,2026-05-28,no
ADV-545,Technology and SaaS,Meta,Carousel,2026-07-31,yes
ADV-248,Media and publishing,Google,Video,2026-09-02,no
ADV-835,Media and publishing,Meta,Video,2026-07-10,no
ADV-159,Technology and SaaS,Google,Video,2026-08-12,yes
ADV-312,Energy,Meta,Video,2026-05-22,yes
ADV-835,Education,Meta,Video,2026-08-06,no
ADV-944,Public sector,Google,Static,2026-05-26,no
ADV-944,Media and publishing,Google,Video,2026-08-22,yes
ADV-545,Education,Meta,Video,2026-09-03,yes
ADV-944,Retail and ecommerce,Meta,Carousel,2026-07-03,no
ADV-248,Technology and SaaS,Google,Carousel,2026-06-07,no
ADV-159,Education,Meta,Video,2026-08-05,no
ADV-248,Technology and SaaS,Google,Carousel,2026-08-03,yes
ADV-312,Public sector,Meta,Carousel,2026-08-27,yes
ADV-944,Public sector,Meta,Static,2026-08-08,yes
ADV-835,Energy,Google,Video,2026-07-09,yes
ADV-835,Retail and ecommerce,Google,Carousel,2026-09-01,no
ADV-159,Public sector,Meta,Carousel,2026-06-24,no
ADV-312,Education,Meta,Static,2026-08-31,yes
ADV-312,Retail and ecommerce,Meta,Video,2026-07-26,yes
ADV-248,Technology and SaaS,Meta,Carousel,2026-05-17,no
ADV-248,Technology and SaaS,Meta,Video,2026-08-07,yes
ADV-172,Technology and SaaS,Meta,Video,2026-09-05,yes
ADV-312,Energy,Meta,Carousel,2026-06-19,yes
ADV-835,Energy,Google,Video,2026-07-13,yes
ADV-944,Technology and SaaS,Google,Video,2026-08-24,yes
ADV-312,Energy,Meta,Static,2026-07-17,no
ADV-248,Media and publishing,Meta,Carousel,2026-07-23,no
ADV-545,Public sector,Google,Static,2026-07-16,no
ADV-159,Education,Google,Video,2026-06-14,yes
ADV-545,Technology and SaaS,Google,Carousel,2026-07-14,yes
ADV-944,Media and publishing,Meta,Video,2026-07-18,no
ADV-312,Media and publishing,Google,Video,2026-06-01,yes
ADV-545,Technology and SaaS,Google,Static,2026-05-19,no
ADV-545,Technology and SaaS,Google,Static,2026-06-17,yes
ADV-312,Technology and SaaS,Meta,Video,2026-07-05,no
ADV-248,Media and publishing,Google,Static,2026-08-14,no
ADV-312,Media and publishing,Meta,Static,2026-09-07,no
ADV-312,Energy,Meta,Video,2026-07-16,yes
ADV-545,Retail and ecommerce,Google,Carousel,2026-08-25,yes
ADV-159,Media and publishing,Meta,Video,2026-08-07,no
ADV-429,Media and publishing,Meta,Static,2026-06-26,no
ADV-172,Media and publishing,Meta,Carousel,2026-06-27,no
ADV-545,Technology and SaaS,Meta,Video,2026-06-09,yes
ADV-429,Education,Google,Video,2026-06-30,no
ADV-835,Media and publishing,Google,Carousel,2026-06-17,no
ADV-312,Education,Google,Static,2026-07-23,yes
ADV-429,Public sector,Google,Video,2026-08-05,no
ADV-944,Education,Google,Video,2026-07-29,yes
ADV-159,Technology and SaaS,Google,Carousel,2026-07-13,no
ADV-944,Retail and ecommerce,Meta,Carousel,2026-07-01,no
ADV-312,Technology and SaaS,Meta,Carousel,2026-08-28,no
ADV-312,Media and publishing,Meta,Video,2026-08-05,yes
ADV-248,Technology and SaaS,Meta,Carousel,2026-07-16,no
ADV-172,Technology and SaaS,Meta,Static,2026-07-13,yes
ADV-835,Energy,Meta,Video,2026-05-22,no
ADV-159,Technology and SaaS,Meta,Video,2026-06-18,yes
ADV-835,Education,Meta,Static,2026-07-09,no
ADV-429,Technology and SaaS,Meta,Carousel,2026-08-06,no
ADV-172,Energy,Meta,Video,2026-06-21,no
ADV-429,Technology and SaaS,Google,Carousel,2026-08-07,yes
ADV-944,Media and publishing,Google,Static,2026-08-25,no
ADV-172,Energy,Google,Carousel,2026-09-10,no
ADV-312,Media and publishing,Meta,Carousel,2026-08-06,yes
ADV-835,Media and publishing,Google,Video,2026-07-19,yes
ADV-172,Media and publishing,Meta,Video,2026-07-05,yes
ADV-159,Retail and ecommerce,Meta,Video,2026-05-24,no
ADV-429,Education,Meta,Video,2026-07-02,yes
ADV-248,Technology and SaaS,Google,Carousel,2026-08-06,no
ADV-429,Media and publishing,Meta,Static,2026-06-13,no
ADV-312,Education,Google,Static,2026-05-16,no
ADV-429,Technology and SaaS,Meta,Video,2026-06-07,yes
ADV-159,Energy,Google,Video,2026-07-28,yes
ADV-248,Public sector,Meta,Video,2026-05-27,no
ADV-944,Technology and SaaS,Google,Video,2026-07-06,yes
ADV-429,Media and publishing,Meta,Carousel,2026-09-11,yes
ADV-159,Education,Meta,Video,2026-07-23,no
ADV-429,Media and publishing,Meta,Carousel,2026-06-14,no
ADV-248,Technology and SaaS,Meta,Carousel,2026-09-03,yes
ADV-429,Media and publishing,Google,Carousel,2026-06-14,no
ADV-944,Retail and ecommerce,Meta,Carousel,2026-07-21,yes
ADV-172,Education,Google,Video,2026-08-04,no
ADV-545,Technology and SaaS,Meta,Carousel,2026-06-17,yes
ADV-944,Media and publishing,Meta,Carousel,2026-09-05,no
ADV-172,Media and publishing,Google,Video,2026-07-28,yes
ADV-835,Technology and SaaS,Meta,Video,2026-07-06,yes
ADV-159,Media and publishing,Google,Carousel,2026-07-10,yes
ADV-312,Technology and SaaS,Meta,Video,2026-06-27,yes
ADV-835,Media and publishing,Google,Video,2026-07-21,yes
ADV-545,Media and publishing,Google,Static,2026-07-26,yes
ADV-545,Technology and SaaS,Google,Carousel,2026-06-11,yes
ADV-312,Education,Meta,Video,2026-05-27,yes
ADV-248,Technology and SaaS,Google,Video,2026-08-30,yes
ADV-944,Media and publishing,Google,Video,2026-06-30,yes
ADV-248,Education,Google,Video,2026-06-02,no
ADV-312,Education,Google,Video,2026-07-27,yes
ADV-159,Public sector,Meta,Carousel,2026-07-13,no
ADV-312,Energy,Google,Static,2026-08-13,no
ADV-835,Media and publishing,Meta,Carousel,2026-07-04,yes
ADV-835,Technology and SaaS,Meta,Carousel,2026-08-19,no
ADV-429,Technology and SaaS,Google,Video,2026-07-28,no
ADV-944,Media and publishing,Meta,Carousel,2026-09-12,yes
ADV-248,Media and publishing,Meta,Carousel,2026-08-28,yes
ADV-835,Media and publishing,Meta,Carousel,2026-07-19,yes
ADV-172,Education,Google,Carousel,2026-06-01,yes
ADV-545,Education,Meta,Video,2026-05-20,yes
ADV-312,Technology and SaaS,Meta,Video,2026-06-30,no
ADV-545,Media and publishing,Google,Static,2026-08-30,no
ADV-312,Technology and SaaS,Meta,Carousel,2026-05-22,yes
ADV-429,Technology and SaaS,Meta,Video,2026-06-12,yes
ADV-835,Technology and SaaS,Google,Static,2026-08-11,no
ADV-159,Technology and SaaS,Google,Carousel,2026-05-29,no
ADV-248,Media and publishing,Google,Carousel,2026-07-03,no
ADV-172,Education,Google,Static,2026-08-06,yes
ADV-248,Media and publishing,Google,Video,2026-06-28,yes
ADV-429,Education,Meta,Carousel,2026-05-28,yes
ADV-944,Education,Google,Carousel,2026-05-17,yes
ADV-429,Energy,Google,Video,2026-08-29,no
ADV-172,Media and publishing,Meta,Video,2026-09-05,no
ADV-248,Public sector,Google,Carousel,2026-08-14,no
ADV-312,Media and publishing,Google,Video,2026-07-16,yes
ADV-248,Public sector,Meta,Video,2026-07-10,yes
ADV-312,Retail and ecommerce,Google,Video,2026-07-15,yes
ADV-248,Energy,Google,Carousel,2026-05-18,yes
ADV-248,Media and publishing,Meta,Static,2026-06-21,no
ADV-312,Media and publishing,Meta,Carousel,2026-07-12,no
ADV-248,Energy,Google,Video,2026-08-10,yes
ADV-429,Public sector,Meta,Carousel,2026-07-07,no
ADV-159,Technology and SaaS,Meta,Static,2026-08-26,yes
ADV-944,Public sector,Meta,Static,2026-06-28,yes
ADV-429,Media and publishing,Meta,Video,2026-09-03,no
ADV-248,Technology and SaaS,Meta,Carousel,2026-08-03,no
ADV-159,Technology and SaaS,Meta,Carousel,2026-08-03,no
ADV-159,Technology and SaaS,Google,Video,2026-08-12,no
ADV-172,Retail and ecommerce,Meta,Video,2026-08-27,yes
ADV-429,Media and publishing,Meta,Static,2026-06-26,yes
ADV-159,Retail and ecommerce,Google,Video,2026-06-10,yes
ADV-835,Education,Google,Carousel,2026-07-11,yes
ADV-429,Education,Meta,Carousel,2026-06-19,no
ADV-312,Technology and SaaS,Meta,Carousel,2026-05-18,no
ADV-944,Technology and SaaS,Google,Static,2026-08-14,yes
ADV-159,Retail and ecommerce,Meta,Video,2026-06-27,yes
ADV-429,Retail and ecommerce,Google,Static,2026-07-30,yes
ADV-944,Technology and SaaS,Meta,Video,2026-06-23,no
ADV-159,Public sector,Google,Video,2026-05-19,yes
ADV-159,Technology and SaaS,Google,Video,2026-07-02,no
ADV-159,Retail and ecommerce,Google,Video,2026-07-09,no
ADV-545,Retail and ecommerce,Google,Carousel,2026-07-05,no
ADV-248,Education,Google,Video,2026-07-24,no
ADV-172,Technology and SaaS,Google,Carousel,2026-07-21,no
ADV-835,Technology and SaaS,Meta,Carousel,2026-07-01,no
ADV-545,Technology and SaaS,Google,Video,2026-05-17,yes
ADV-312,Energy,Google,Carousel,2026-07-21,no
ADV-172,Technology and SaaS,Google,Carousel,2026-06-01,yes
ADV-172,Public sector,Meta,Video,2026-08-11,no
ADV-429,Technology and SaaS,Meta,Video,2026-08-13,yes
ADV-944,Public sector,Google,Video,2026-07-16,yes
ADV-248,Media and publishing,Google,Static,2026-06-28,no
ADV-545,Energy,Meta,Video,2026-08-19,no
ADV-248,Retail and ecommerce,Meta,Video,2026-08-24,no
ADV-835,Technology and SaaS,Google,Carousel,2026-06-03,yes
ADV-172,Energy,Meta,Carousel,2026-07-24,yes
ADV-172,Technology and SaaS,Google,Carousel,2026-06-24,no
ADV-312,Technology and SaaS,Meta,Video,2026-09-10,no
ADV-312,Energy,Meta,Carousel,2026-06-14,yes
ADV-159,Public sector,Meta,Static,2026-09-02,yes
ADV-429,Technology and SaaS,Google,Video,2026-09-05,yes
ADV-835,Media and publishing,Google,Video,2026-08-14,yes
ADV-944,Public sector,Google,Static,2026-08-21,no
ADV-944,Media and publishing,Google,Carousel,2026-06-26,yes
ADV-312,Energy,Google,Video,2026-05-16,no
ADV-835,Energy,Google,Static,2026-08-28,yes
ADV-159,Education,Google,Video,2026-09-03,no
ADV-429,Technology and SaaS,Google,Video,2026-05-27,no
ADV-944,Technology and SaaS,Google,Video,2026-09-09,no
ADV-248,Retail and ecommerce,Google,Carousel,2026-05-31,yes
ADV-248,Technology and SaaS,Meta,Video,2026-06-17,no
ADV-312,Public sector,Google,Video,2026-08-17,yes
ADV-248,Technology and SaaS,Google,Static,2026-06-30,yes
ADV-312,Technology and SaaS,Meta,Video,2026-09-10,yes
ADV-159,Technology and SaaS,Meta,Carousel,2026-08-31,no
ADV-248,Media and publishing,Meta,Video,2026-06-18,yes
ADV-429,Technology and SaaS,Google,Carousel,2026-08-27,no
ADV-835,Technology and SaaS,Meta,Static,2026-08-30,yes
ADV-159,Education,Meta,Video,2026-06-25,yes
ADV-172,Technology and SaaS,Google,Video,2026-06-11,no
ADV-248,Retail and ecommerce,Meta,Video,2026-05-29,no
ADV-248,Technology and SaaS,Meta,Carousel,2026-08-05,no
ADV-835,Media and publishing,Google,Video,2026-07-20,no
ADV-172,Education,Google,Video,2026-06-21,yes
ADV-159,Technology and SaaS,Google,Video,2026-06-25,yes
ADV-944,Public sector,Google,Video,2026-07-01,no
ADV-944,Public sector,Meta,Carousel,2026-06-09,no
ADV-312,Energy,Google,Video,2026-08-26,yes
ADV-248,Media and publishing,Google,Carousel,2026-07-01,yes
ADV-835,Technology and SaaS,Google,Carousel,2026-05-25,yes
ADV-312,Media and publishing,Google,Carousel,2026-08-31,no
ADV-545,Retail and ecommerce,Google,Video,2026-07-02,no
ADV-172,Energy,Meta,Carousel,2026-06-20,yes
ADV-429,Energy,Google,Static,2026-09-04,no
ADV-835,Energy,Meta,Carousel,2026-07-11,yes
ADV-835,Education,Meta,Video,2026-05-24,no
ADV-172,Retail and ecommerce,Google,Carousel,2026-07-10,no
ADV-429,Education,Google,Carousel,2026-05-30,no
ADV-944,Media and publishing,Google,Static,2026-07-06,no
ADV-159,Retail and ecommerce,Google,Video,2026-08-21,no
ADV-172,Technology and SaaS,Google,Video,2026-09-10,yes
ADV-545,Technology and SaaS,Meta,Static,2026-09-10,no
ADV-429,Media and publishing,Meta,Video,2026-05-19,no
ADV-944,Technology and SaaS,Google,Video,2026-06-26,yes
ADV-545,Media and publishing,Meta,Carousel,2026-08-16,no
ADV-159,Media and publishing,Google,Static,2026-06-30,yes
ADV-835,Public sector,Meta,Carousel,2026-06-05,yes
ADV-944,Media and publishing,Meta,Carousel,2026-06-21,no
ADV-248,Public sector,Google,Carousel,2026-05-27,no
ADV-248,Public sector,Meta,Static,2026-08-29,yes
ADV-429,Retail and ecommerce,Meta,Video,2026-07-22,yes
ADV-429,Technology and SaaS,Meta,Video,2026-09-01,no
ADV-248,Technology and SaaS,Google,Carousel,2026-06-03,yes
ADV-429,Technology and SaaS,Google,Carousel,2026-09-04,yes
ADV-545,Public sector,Google,Carousel,2026-07-11,yes
ADV-159,Technology and SaaS,Meta,Video,2026-07-13,yes
ADV-248,Technology and SaaS,Google,Carousel,2026-08-18,yes
ADV-172,Retail and ecommerce,Google,Video,2026-07-01,no
ADV-312,Media and publishing,Meta,Video,2026-07-18,yes
ADV-545,Retail and ecommerce,Google,Carousel,2026-05-21,yes
ADV-248,Media and publishing,Meta,Carousel,2026-07-18,no
ADV-835,Energy,Meta,Video,2026-08-14,no
ADV-835,Technology and SaaS,Meta,Static,2026-05-23,yes
ADV-159,Media and publishing,Meta,Carousel,2026-09-05,no
ADV-159,Retail and ecommerce,Google,Carousel,2026-08-02,yes
ADV-944,Media and publishing,Meta,Carousel,2026-08-01,no
ADV-312,Energy,Meta,Video,2026-07-01,no
ADV-248,Education,Google,Carousel,2026-07-06,yes
ADV-944,Media and publishing,Meta,Carousel,2026-06-02,no
ADV-248,Energy,Google,Video,2026-09-02,yes
ADV-545,Media and publishing,Meta,Static,2026-07-01,yes
ADV-429,Public sector,Meta,Carousel,2026-07-07,no
ADV-172,Education,Meta,Carousel,2026-07-31,yes
ADV-429,Media and publishing,Meta,Carousel,2026-06-04,no
ADV-835,Education,Google,Carousel,2026-07-11,yes
ADV-545,Media and publishing,Meta,Video,2026-08-15,yes
ADV-545,Technology and SaaS,Google,Video,2026-08-13,no
ADV-835,Technology and SaaS,Google,Video,2026-07-22,yes
ADV-312,Media and publishing,Google,Video,2026-06-30,no
ADV-248,Public sector,Meta,Carousel,2026-06-18,yes
ADV-944,Energy,Google,Carousel,2026-06-28,yes
ADV-248,Public sector,Meta,Video,2026-05-23,yes
ADV-545,Media and publishing,Meta,Video,2026-08-22,no
ADV-835,Retail and ecommerce,Meta,Carousel,2026-08-30,no
ADV-429,Media and publishing,Meta,Video,2026-08-29,no
ADV-159,Media and publishing,Google,Carousel,2026-07-21,yes
ADV-312,Technology and SaaS,Meta,Video,2026-06-15,yes
ADV-429,Technology and SaaS,Meta,Carousel,2026-05-22,no
ADV-835,Public sector,Google,Video,2026-08-12,no
ADV-159,Energy,Google,Carousel,2026-09-06,yes
ADV-545,Technology and SaaS,Meta,Video,2026-05-26,no
ADV-545,Retail and ecommerce,Meta,Video,2026-07-16,no
ADV-248,Retail and ecommerce,Google,Carousel,2026-08-13,no
ADV-944,Media and publishing,Google,Video,2026-05-25,yes
ADV-545,Media and publishing,Meta,Video,2026-05-17,yes
ADV-312,Energy,Google,Video,2026-08-05,no
ADV-545,Retail and ecommerce,Google,Carousel,2026-08-10,yes
ADV-545,Education,Google,Video,2026-08-03,yes
ADV-312,Media and publishing,Google,Carousel,2026-05-20,no
ADV-429,Media and publishing,Google,Video,2026-08-07,yes
ADV-172,Media and publishing,Meta,Video,2026-08-01,yes
ADV-545,Energy,Meta,Static,2026-07-11,no
ADV-545,Media and publishing,Meta,Video,2026-08-05,yes
ADV-312,Technology and SaaS,Meta,Carousel,2026-05-28,yes
ADV-172,Education,Google,Video,2026-05-19,yes
ADV-312,Public sector,Meta,Video,2026-08-12,no
ADV-159,Education,Meta,Video,2026-07-07,no
ADV-248,Technology and SaaS,Google,Carousel,2026-06-04,no
ADV-248,Retail and ecommerce,Google,Video,2026-06-02,no
ADV-429,Technology and SaaS,Meta,Carousel,2026-08-06,yes
ADV-172,Technology and SaaS,Meta,Video,2026-07-25,no
ADV-172,Energy,Google,Video,2026-06-09,yes
ADV-835,Media and publishing,Google,Video,2026-06-14,yes
ADV-248,Public sector,Meta,Carousel,2026-06-10,yes
ADV-429,Technology and SaaS,Meta,Video,2026-05-28,no
ADV-835,Media and publishing,Google,Static,2026-08-27,no
ADV-835,Media and publishing,Google,Video,2026-06-10,no
ADV-545,Education,Google,Video,2026-08-31,no
ADV-172,Media and publishing,Google,Carousel,2026-06-05,yes
ADV-248,Media and publishing,Google,Video,2026-08-05,no
ADV-835,Media and publishing,Google,Video,2026-06-16,no
ADV-944,Technology and SaaS,Meta,Static,2026-06-26,yes
ADV-429,Public sector,Meta,Video,2026-07-02,no
ADV-248,Public sector,Google,Video,2026-07-26,yes
ADV-312,Education,Google,Carousel,2026-06-12,yes
ADV-545,Technology and SaaS,Google,Video,2026-05-20,yes
ADV-159,Energy,Meta,Carousel,2026-07-10,yes
ADV-248,Technology and SaaS,Google,Video,2026-05-27,no
ADV-248,Public sector,Google,Video,2026-09-03,yes
ADV-312,Technology and SaaS,Meta,Carousel,2026-07-26,no
ADV-248,Technology and SaaS,Google,Video,2026-09-06,no
ADV-159,Technology and SaaS,Meta,Carousel,2026-08-13,yes
ADV-248,Technology and SaaS,Google,Carousel,2026-06-10,yes
ADV-159,Public sector,Meta,Video,2026-06-28,yes
ADV-248,Public sector,Meta,Video,2026-08-04,yes
ADV-545,Media and publishing,Google,Video,2026-08-27,yes
ADV-429,Technology and SaaS,Google,Video,2026-08-25,yes
ADV-312,Retail and ecommerce,Google,Static,2026-07-06,no
ADV-545,Retail and ecommerce,Meta,Carousel,2026-07-28,no
ADV-159,Education,Google,Video,2026-06-04,yes
ADV-312,Public sector,Google,Video,2026-06-06,yes
ADV-172,Education,Meta,Carousel,2026-07-09,yes
ADV-312,Media and publishing,Google,Carousel,2026-07-01,no
ADV-944,Retail and ecommerce,Meta,Static,2026-05-23,yes
ADV-159,Public sector,Meta,Video,2026-06-07,no
ADV-172,Media and publishing,Meta,Video,2026-09-08,no
ADV-159,Technology and SaaS,Google,Static,2026-05-28,yes
ADV-944,Media and publishing,Meta,Video,2026-09-01,yes
ADV-835,Technology and SaaS,Google,Carousel,2026-07-08,no
ADV-312,Energy,Meta,Carousel,2026-09-10,no
ADV-545,Media and publishing,Meta,Carousel,2026-09-07,no
ADV-172,Technology and SaaS,Google,Video,2026-06-04,yes
ADV-172,Education,Google,Video,2026-08-31,no
ADV-172,Public sector,Google,Video,2026-09-05,yes
ADV-545,Technology and SaaS,Google,Static,2026-09-02,no
ADV-944,Technology and SaaS,Meta,Static,2026-09-05,yes
ADV-835,Technology and SaaS,Google,Carousel,2026-08-04,yes
ADV-159,Media and publishing,Google,Carousel,2026-07-23,yes
ADV-545,Retail and ecommerce,Google,Video,2026-08-02,no
ADV-944,Technology and SaaS,Google,Video,2026-07-07,no
ADV-172,Technology and SaaS,Meta,Carousel,2026-06-15,yes
ADV-429,Media and publishing,Meta,Carousel,2026-09-06,yes
ADV-248,Retail and ecommerce,Google,Video,2026-07-04,no
ADV-312,Technology and SaaS,Google,Carousel,2026-06-29,yes
ADV-172,Education,Meta,Carousel,2026-05-18,no
ADV-944,Technology and SaaS,Google,Video,2026-05-23,no
ADV-172,Technology and SaaS,Google,Video,2026-05-30,no
ADV-429,Energy,Meta,Carousel,2026-06-22,yes
ADV-429,Education,Meta,Carousel,2026-07-22,no
ADV-312,Media and publishing,Meta,Video,2026-07-10,no
ADV-159,Education,Google,Carousel,2026-07-09,no
ADV-172,Media and publishing,Meta,Carousel,2026-07-12,no
ADV-248,Energy,Meta,Video,2026-08-24,yes
ADV-248,Technology and SaaS,Google,Video,2026-09-09,yes
ADV-312,Media and publishing,Meta,Carousel,2026-05-22,no
ADV-545,Education,Google,Carousel,2026-08-28,yes
ADV-248,Public sector,Meta,Video,2026-09-10,no
ADV-545,Retail and ecommerce,Google,Carousel,2026-07-15,yes
ADV-545,Media and publishing,Meta,Carousel,2026-07-03,yes
ADV-248,Technology and SaaS,Google,Video,2026-09-02,yes
ADV-172,Energy,Meta,Video,2026-07-24,no
ADV-944,Media and publishing,Meta,Static,2026-08-25,no
ADV-248,Retail and ecommerce,Meta,Video,2026-06-09,no
ADV-545,Education,Google,Carousel,2026-06-07,yes
ADV-172,Education,Google,Video,2026-05-26,no
ADV-312,Public sector,Meta,Carousel,2026-08-02,yes
ADV-429,Technology and SaaS,Meta,Carousel,2026-08-19,yes
ADV-172,Media and publishing,Google,Static,2026-06-12,no
ADV-248,Retail and ecommerce,Google,Static,2026-06-28,no
ADV-835,Media and publishing,Google,Carousel,2026-08-30,yes
ADV-312,Media and publishing,Meta,Carousel,2026-08-20,no
ADV-835,Retail and ecommerce,Google,Carousel,2026-08-27,yes
ADV-944,Energy,Meta,Video,2026-06-25,no
ADV-248,Energy,Google,Static,2026-08-11,yes
ADV-545,Technology and SaaS,Google,Carousel,2026-07-31,no
ADV-172,Media and publishing,Meta,Carousel,2026-06-30,no
ADV-172,Education,Meta,Video,2026-08-08,no
ADV-172,Education,Google,Video,2026-07-13,yes
ADV-944,Media and publishing,Meta,Video,2026-06-15,yes
ADV-545,Retail and ecommerce,Google,Video,2026-05-29,no
ADV-835,Education,Meta,Video,2026-07-27,no
ADV-159,Technology and SaaS,Google,Static,2026-08-05,yes
ADV-835,Technology and SaaS,Meta,Video,2026-07-10,no
ADV-248,Media and publishing,Meta,Video,2026-08-17,no
ADV-248,Retail and ecommerce,Meta,Carousel,2026-08-12,no
ADV-172,Public sector,Meta,Video,2026-08-01,no
ADV-172,Technology and SaaS,Google,Static,2026-06-24,no
ADV-835,Media and publishing,Google,Video,2026-07-06,yes
ADV-172,Technology and SaaS,Meta,Video,2026-05-28,no
ADV-944,Public sector,Meta,Video,2026-08-03,no
ADV-159,Energy,Meta,Video,2026-08-31,yes
ADV-835,Technology and SaaS,Meta,Video,2026-08-30,no
ADV-429,Technology and SaaS,Google,Video,2026-08-30,yes
ADV-944,Retail and ecommerce,Google,Carousel,2026-08-24,no
ADV-159,Energy,Meta,Carousel,2026-05-21,no
ADV-429,Media and publishing,Google,Carousel,2026-07-07,yes
ADV-429,Retail and ecommerce,Meta,Static,2026-09-03,no
ADV-429,Technology and SaaS,Meta,Static,2026-06-06,no
ADV-172,Retail and ecommerce,Google,Carousel,2026-06-27,no
ADV-429,Media and publishing,Google,Video,2026-06-21,no
ADV-159,Technology and SaaS,Google,Video,2026-07-29,no
ADV-835,Energy,Google,Video,2026-07-01,yes
ADV-159,Technology and SaaS,Google,Video,2026-06-23,no
ADV-944,Technology and SaaS,Google,Video,2026-07-16,no
ADV-835,Media and publishing,Google,Static,2026-07-18,yes
ADV-835,Technology and SaaS,Google,Carousel,2026-07-14,no
ADV-248,Technology and SaaS,Google,Carousel,2026-08-09,no
ADV-429,Public sector,Google,Video,2026-07-15,yes
ADV-248,Retail and ecommerce,Google,Video,2026-07-26,yes
ADV-835,Public sector,Meta,Video,2026-06-04,yes
ADV-429,Energy,Google,Carousel,2026-05-26,yes
ADV-172,Media and publishing,Meta,Video,2026-08-09,no
ADV-545,Technology and SaaS,Google,Video,2026-06-25,no
ADV-172,Retail and ecommerce,Google,Carousel,2026-06-28,no
ADV-172,Energy,Google,Static,2026-07-26,yes
ADV-429,Technology and SaaS,Google,Video,2026-05-29,no
ADV-312,Retail and ecommerce,Meta,Video,2026-06-26,no
ADV-312,Education,Google,Video,2026-05-29,no
ADV-312,Education,Meta,Static,2026-07-10,yes
ADV-159,Media and publishing,Google,Video,2026-07-14,yes
ADV-312,Media and publishing,Google,Video,2026-07-19,yes
ADV-944,Education,Meta,Video,2026-06-01,yes
ADV-248,Technology and SaaS,Google,Video,2026-07-29,no
ADV-835,Education,Meta,Video,2026-08-12,yes
ADV-248,Media and publishing,Google,Carousel,2026-06-30,yes
ADV-312,Technology and SaaS,Meta,Carousel,2026-06-01,no
ADV-429,Media and publishing,Meta,Video,2026-06-01,yes
ADV-835,Education,Google,Carousel,2026-07-13,yes
ADV-248,Energy,Google,Video,2026-07-01,yes
ADV-172,Technology and SaaS,Google,Video,2026-07-09,yes
ADV-172,Energy,Meta,Video,2026-06-14,no
ADV-248,Technology and SaaS,Google,Static,2026-07-28,no
ADV-835,Education,Meta,Carousel,2026-08-30,yes
ADV-429,Retail and ecommerce,Meta,Video,2026-08-30,no
ADV-248,Technology and SaaS,Google,Carousel,2026-07-31,no
ADV-835,Technology and SaaS,Google,Video,2026-07-20,no
ADV-159,Technology and SaaS,Meta,Carousel,2026-07-11,no
ADV-172,Energy,Google,Carousel,2026-05-17,no
ADV-248,Media and publishing,Meta,Carousel,2026-07-05,yes
ADV-429,Media and publishing,Google,Carousel,2026-08-29,no
ADV-835,Energy,Google,Video,2026-09-10,no
ADV-172,Retail and ecommerce,Meta,Carousel,2026-07-02,yes
ADV-248,Technology and SaaS,Google,Video,2026-08-20,yes
ADV-545,Education,Meta,Carousel,2026-07-12,no
ADV-835,Technology and SaaS,Google,Video,2026-07-21,no
ADV-545,Media and publishing,Google,Static,2026-08-21,yes
ADV-172,Retail and ecommerce,Meta,Carousel,2026-06-15,yes
ADV-159,Energy,Google,Video,2026-06-17,yes
ADV-944,Education,Meta,Static,2026-06-20,no
ADV-159,Public sector,Google,Video,2026-09-05,yes
ADV-429,Media and publishing,Meta,Video,2026-06-10,yes
ADV-835,Media and publishing,Google,Video,2026-08-08,no
ADV-159,Media and publishing,Meta,Carousel,2026-07-28,yes
ADV-172,Public sector,Meta,Video,2026-09-02,no
ADV-835,Technology and SaaS,Meta,Video,2026-07-01,no
ADV-172,Technology and SaaS,Google,Video,2026-06-19,yes
ADV-159,Retail and ecommerce,Google,Video,2026-07-25,no
ADV-835,Energy,Google,Carousel,2026-06-28,no
ADV-172,Media and publishing,Google,Carousel,2026-05-31,yes
ADV-312,Media and publishing,Google,Video,2026-05-21,no
ADV-835,Retail and ecommerce,Google,Video,2026-06-20,yes
ADV-944,Education,Google,Video,2026-07-08,no
ADV-248,Technology and SaaS,Meta,Static,2026-08-19,yes
ADV-545,Media and publishing,Google,Carousel,2026-09-07,yes
ADV-944,Education,Meta,Video,2026-06-23,no
ADV-835,Energy,Meta,Video,2026-08-19,yes
ADV-172,Media and publishing,Google,Carousel,2026-08-14,no
ADV-944,Energy,Google,Carousel,2026-05-21,yes
ADV-429,Education,Meta,Video,2026-09-05,yes
ADV-248,Energy,Google,Video,2026-07-02,yes
ADV-429,Public sector,Meta,Video,2026-06-02,no
ADV-545,Media and publishing,Meta,Video,2026-08-21,no
ADV-312,Public sector,Google,Video,2026-08-05,no
ADV-172,Public sector,Meta,Video,2026-09-06,yes
ADV-248,Media and publishing,Meta,Carousel,2026-06-25,no
ADV-429,Retail and ecommerce,Meta,Carousel,2026-05-27,no
ADV-159,Public sector,Google,Carousel,2026-09-04,no
ADV-248,Media and publishing,Google,Video,2026-06-11,yes
ADV-429,Education,Google,Video,2026-08-13,yes
ADV-312,Energy,Meta,Video,2026-05-31,yes
ADV-429,Media and publishing,Google,Carousel,2026-08-31,no
ADV-248,Media and publishing,Meta,Carousel,2026-08-08,no
ADV-159,Media and publishing,Meta,Video,2026-07-15,no
ADV-944,Energy,Google,Video,2026-07-17,yes
ADV-835,Media and publishing,Meta,Carousel,2026-07-25,no
ADV-944,Technology and SaaS,Google,Video,2026-06-05,no
ADV-429,Media and publishing,Google,Carousel,2026-07-16,no
ADV-172,Technology and SaaS,Meta,Video,2026-05-17,yes
ADV-172,Education,Meta,Carousel,2026-06-28,no
ADV-159,Media and publishing,Meta,Static,2026-06-29,yes
ADV-159,Retail and ecommerce,Meta,Static,2026-07-08,yes
ADV-429,Retail and ecommerce,Google,Video,2026-09-08,yes
ADV-248,Retail and ecommerce,Meta,Video,2026-07-08,no
ADV-159,Technology and SaaS,Google,Video,2026-05-25,no
ADV-944,Education,Google,Video,2026-08-05,yes
ADV-312,Public sector,Meta,Carousel,2026-05-22,yes
ADV-159,Media and publishing,Meta,Video,2026-08-14,no
ADV-172,Technology and SaaS,Google,Video,2026-07-09,yes
ADV-159,Education,Google,Carousel,2026-06-06,yes
ADV-312,Technology and SaaS,Google,Carousel,2026-06-26,no
ADV-312,Energy,Google,Static,2026-08-22,no
ADV-172,Energy,Google,Carousel,2026-08-29,yes
ADV-545,Media and publishing,Meta,Video,2026-06-04,no
ADV-172,Energy,Meta,Video,2026-06-27,yes
ADV-159,Technology and SaaS,Google,Video,2026-06-06,yes
ADV-172,Technology and SaaS,Meta,Static,2026-05-16,no
ADV-172,Public sector,Meta,Carousel,2026-08-06,yes
ADV-545,Media and publishing,Google,Carousel,2026-07-22,yes
ADV-835,Technology and SaaS,Meta,Video,2026-06-16,yes
ADV-159,Energy,Meta,Static,2026-07-05,yes
ADV-429,Media and publishing,Google,Carousel,2026-07-01,no
ADV-312,Energy,Meta,Carousel,2026-07-12,yes
ADV-944,Retail and ecommerce,Meta,Carousel,2026-06-08,yes
ADV-545,Technology and SaaS,Meta,Video,2026-05-23,no
ADV-172,Retail and ecommerce,Meta,Carousel,2026-07-01,yes
ADV-312,Media and publishing,Meta,Carousel,2026-08-03,yes
ADV-835,Technology and SaaS,Meta,Carousel,2026-07-12,yes
ADV-835,Technology and SaaS,Meta,Static,2026-07-12,yes
ADV-159,Retail and ecommerce,Google,Carousel,2026-06-29,no
ADV-944,Technology and SaaS,Meta,Video,2026-06-08,no
ADV-429,Education,Google,Video,2026-07-30,yes
ADV-159,Education,Google,Video,2026-06-05,no
ADV-248,Technology and SaaS,Google,Video,2026-08-24,no
ADV-172,Technology and SaaS,Meta,Video,2026-07-05,no
ADV-429,Public sector,Meta,Carousel,2026-07-20,yes
ADV-944,Technology and SaaS,Google,Carousel,2026-08-08,no
ADV-835,Public sector,Meta,Video,2026-07-31,no
ADV-545,Technology and SaaS,Meta,Carousel,2026-05-27,no
ADV-172,Energy,Meta,Video,2026-07-05,no
ADV-429,Public sector,Google,Carousel,2026-07-01,no
ADV-159,Media and publishing,Meta,Carousel,2026-09-03,no
ADV-545,Media and publishing,Google,Carousel,2026-06-12,yes
ADV-248,Technology and SaaS,Meta,Video,2026-05-27,no
ADV-545,Public sector,Meta,Static,2026-08-02,yes
ADV-429,Energy,Meta,Carousel,2026-07-27,no
ADV-545,Energy,Meta,Carousel,2026-05-27,yes
ADV-312,Energy,Meta,Carousel,2026-05-17,yes
ADV-429,Media and publishing,Meta,Video,2026-09-12,no
ADV-312,Technology and SaaS,Google,Carousel,2026-06-09,yes
ADV-545,Energy,Google,Video,2026-05-26,no
ADV-944,Education,Meta,Carousel,2026-06-02,yes
ADV-944,Retail and ecommerce,Google,Video,2026-08-06,no
ADV-172,Retail and ecommerce,Google,Video,2026-06-28,no
ADV-159,Technology and SaaS,Meta,Carousel,2026-08-05,no
ADV-429,Technology and SaaS,Meta,Video,2026-06-21,no
ADV-159,Technology and SaaS,Google,Carousel,2026-05-19,yes
ADV-312,Media and publishing,Meta,Static,2026-06-10,yes
ADV-159,Media and publishing,Meta,Static,2026-05-28,no
ADV-159,Energy,Meta,Video,2026-07-27,yes
ADV-835,Energy,Google,Video,2026-08-15,yes
ADV-159,Media and publishing,Meta,Video,2026-05-31,no
ADV-835,Education,Google,Carousel,2026-05-18,yes
ADV-248,Public sector,Google,Carousel,2026-05-23,no
ADV-944,Media and publishing,Google,Carousel,2026-08-01,yes
ADV-159,Technology and SaaS,Meta,Video,2026-05-18,yes
ADV-248,Technology and SaaS,Meta,Static,2026-07-09,no
ADV-835,Media and publishing,Google,Video,2026-05-24,no
ADV-248,Media and publishing,Meta,Carousel,2026-07-26,no
ADV-159,Media and publishing,Google,Carousel,2026-08-01,no
ADV-248,Media and publishing,Google,Carousel,2026-08-22,no
ADV-172,Media and publishing,Google,Carousel,2026-06-18,yes
ADV-944,Media and publishing,Meta,Video,2026-07-26,yes
ADV-944,Retail and ecommerce,Google,Static,2026-05-18,yes
ADV-429,Technology and SaaS,Meta,Carousel,2026-05-21,no
ADV-172,Public sector,Meta,Carousel,2026-07-07,no
ADV-944,Media and publishing,Google,Video,2026-07-22,no
ADV-159,Media and publishing,Meta,Carousel,2026-07-14,yes
ADV-312,Technology and SaaS,Meta,Carousel,2026-07-18,yes
ADV-312,Technology and SaaS,Google,Carousel,2026-06-20,yes
ADV-545,Media and publishing,Meta,Carousel,2026-06-02,no
ADV-545,Energy,Meta,Video,2026-09-07,yes
ADV-944,Retail and ecommerce,Google,Carousel,2026-06-09,yes
ADV-944,Education,Google,Video,2026-07-17,no
ADV-172,Retail and ecommerce,Google,Video,2026-09-04,yes
ADV-312,Education,Meta,Video,2026-07-23,yes
ADV-248,Education,Google,Carousel,2026-06-15,yes
ADV-545,Energy,Google,Carousel,2026-07-02,no
ADV-835,Technology and SaaS,Google,Static,2026-08-28,no
ADV-429,Public sector,Meta,Carousel,2026-05-22,yes
ADV-944,Media and publishing,Google,Carousel,2026-07-27,no
ADV-429,Media and publishing,Meta,Video,2026-05-18,no
ADV-944,Technology and SaaS,Google,Video,2026-06-25,no
ADV-545,Education,Meta,Video,2026-08-24,no
ADV-545,Media and publishing,Meta,Video,2026-07-10,yes
ADV-159,Technology and SaaS,Google,Video,2026-06-07,yes
ADV-312,Energy,Meta,Video,2026-06-02,yes
ADV-944,Energy,Google,Carousel,2026-06-05,no
ADV-835,Media and publishing,Google,Video,2026-07-20,yes
ADV-159,Technology and SaaS,Meta,Video,2026-08-13,yes
ADV-312,Retail and ecommerce,Meta,Carousel,2026-08-04,no
ADV-248,Media and publishing,Google,Carousel,2026-05-23,yes
ADV-172,Education,Google,Video,2026-06-05,yes
ADV-312,Media and publishing,Meta,Carousel,2026-06-16,yes
ADV-248,Energy,Google,Video,2026-05-28,yes
ADV-312,Media and publishing,Google,Video,2026-08-18,no
ADV-312,Public sector,Meta,Video,2026-05-28,yes
ADV-545,Technology and SaaS,Google,Carousel,2026-09-11,no
ADV-429,Media and publishing,Meta,Carousel,2026-07-16,no
ADV-944,Public sector,Meta,Video,2026-08-05,yes
ADV-248,Retail and ecommerce,Google,Carousel,2026-06-08,no
ADV-545,Technology and SaaS,Meta,Static,2026-07-24,no
ADV-835,Media and publishing,Google,Carousel,2026-08-04,yes
ADV-172,Media and publishing,Meta,Video,2026-06-06,no
ADV-545,Education,Meta,Static,2026-05-24,yes
ADV-429,Media and publishing,Google,Carousel,2026-09-07,yes
ADV-545,Media and publishing,Google,Carousel,2026-07-21,no
ADV-835,Media and publishing,Meta,Static,2026-06-20,yes
ADV-429,Education,Google,Carousel,2026-08-29,no
ADV-429,Energy,Google,Video,2026-07-11,yes
ADV-248,Technology and SaaS,Google,Static,2026-06-15,no
ADV-159,Energy,Meta,Carousel,2026-07-24,yes
ADV-835,Media and publishing,Google,Static,2026-06-22,yes
ADV-429,Technology and SaaS,Google,Video,2026-06-20,no
ADV-429,Media and publishing,Meta,Video,2026-07-02,yes
ADV-312,Energy,Meta,Carousel,2026-05-26,yes
ADV-545,Education,Meta,Carousel,2026-07-22,no
ADV-429,Energy,Google,Carousel,2026-06-29,yes
ADV-172,Media and publishing,Google,Static,2026-08-16,no
ADV-835,Technology and SaaS,Meta,Static,2026-08-26,yes
ADV-159,Energy,Meta,Carousel,2026-08-30,yes
ADV-944,Technology and SaaS,Meta,Video,2026-09-11,no
ADV-172,Media and publishing,Meta,Carousel,2026-08-19,no
ADV-312,Retail and ecommerce,Google,Video,2026-07-25,no
ADV-545,Education,Google,Carousel,2026-08-24,no
ADV-248,Technology and SaaS,Meta,Video,2026-06-16,yes
ADV-172,Public sector,Meta,Carousel,2026-05-29,yes
ADV-835,Media and publishing,Google,Video,2026-07-02,no
ADV-835,Technology and SaaS,Meta,Carousel,2026-06-30,no
ADV-172,Media and publishing,Meta,Video,2026-07-21,no
ADV-545,Retail and ecommerce,Meta,Video,2026-05-16,no
ADV-159,Media and publishing,Google,Video,2026-08-19,yes
ADV-159,Media and publishing,Google,Static,2026-08-30,yes
ADV-944,Public sector,Meta,Carousel,2026-08-22,yes
ADV-248,Technology and SaaS,Google,Carousel,2026-06-22,no
ADV-248,Technology and SaaS,Google,Carousel,2026-07-18,yes
ADV-429,Media and publishing,Meta,Video,2026-09-05,no
ADV-545,Technology and SaaS,Google,Static,2026-05-28,yes
ADV-172,Technology and SaaS,Meta,Carousel,2026-07-06,no
ADV-172,Public sector,Meta,Static,2026-09-01,no
ADV-248,Retail and ecommerce,Google,Carousel,2026-06-21,no
ADV-944,Technology and SaaS,Meta,Video,2026-05-24,yes
ADV-172,Energy,Meta,Video,2026-09-07,no
ADV-248,Public sector,Meta,Carousel,2026-07-07,yes
ADV-429,Public sector,Google,Carousel,2026-05-23,yes
ADV-944,Technology and SaaS,Google,Video,2026-05-25,no
ADV-835,Technology and SaaS,Meta,Video,2026-09-03,yes
ADV-545,Energy,Google,Video,2026-08-01,yes
ADV-545,Education,Google,Static,2026-09-05,no
ADV-312,Media and publishing,Google,Carousel,2026-08-29,no
ADV-835,Education,Google,Video,2026-07-17,no
ADV-312,Media and publishing,Google,Video,2026-07-01,yes
ADV-312,Technology and SaaS,Google,Carousel,2026-08-24,yes
ADV-429,Media and publishing,Google,Carousel,2026-07-18,yes
ADV-172,Technology and SaaS,Meta,Static,2026-05-23,no
ADV-172,Media and publishing,Meta,Carousel,2026-06-14,no
ADV-159,Technology and SaaS,Google,Carousel,2026-05-26,no
ADV-159,Energy,Meta,Carousel,2026-06-02,yes
ADV-429,Public sector,Google,Static,2026-07-07,yes
ADV-159,Technology and SaaS,Meta,Video,2026-07-27,yes
ADV-944,Technology and SaaS,Meta,Carousel,2026-06-19,yes
ADV-545,Technology and SaaS,Google,Carousel,2026-05-26,no
ADV-429,Education,Meta,Carousel,2026-06-12,no
ADV-944,Media and publishing,Meta,Video,2026-09-03,yes
ADV-835,Technology and SaaS,Google,Carousel,2026-06-09,no
ADV-312,Retail and ecommerce,Meta,Video,2026-07-17,yes
ADV-944,Public sector,Google,Video,2026-08-01,no
ADV-835,Media and publishing,Meta,Video,2026-08-10,no
ADV-944,Media and publishing,Meta,Carousel,2026-07-24,yes
ADV-172,Energy,Meta,Video,2026-06-21,no
ADV-545,Technology and SaaS,Google,Video,2026-08-09,no
ADV-312,Energy,Google,Video,2026-08-13,yes
ADV-172,Technology and SaaS,Google,Carousel,2026-07-13,yes
ADV-944,Media and publishing,Google,Video,2026-09-08,yes
ADV-312,Media and publishing,Google,Carousel,2026-07-16,yes
ADV-248,Technology and SaaS,Google,Carousel,2026-06-21,no
ADV-159,Technology and SaaS,Meta,Carousel,2026-06-25,yes
ADV-545,Technology and SaaS,Meta,Static,2026-06-10,yes
ADV-312,Media and publishing,Meta,Static,2026-06-17,no
ADV-248,Technology and SaaS,Meta,Carousel,2026-08-23,yes
ADV-545,Media and publishing,Google,Video,2026-07-29,no
ADV-429,Public sector,Meta,Video,2026-06-22,yes
ADV-172,Technology and SaaS,Google,Video,2026-06-06,yes
ADV-429,Technology and SaaS,Google,Video,2026-06-06,yes
ADV-159,Education,Meta,Video,2026-07-03,yes
ADV-248,Technology and SaaS,Meta,Carousel,2026-08-15,yes
ADV-429,Energy,Meta,Carousel,2026-07-03,yes
ADV-429,Technology and SaaS,Google,Carousel,2026-09-01,yes
ADV-944,Technology and SaaS,Google,Carousel,2026-08-18,yes
ADV-835,Education,Meta,Carousel,2026-08-31,yes
ADV-944,Retail and ecommerce,Meta,Static,2026-06-03,no
ADV-835,Energy,Google,Static,2026-08-15,yes
ADV-159,Energy,Google,Video,2026-06-07,yes
ADV-429,Public sector,Meta,Video,2026-06-22,yes
ADV-429,Technology and SaaS,Meta,Carousel,2026-06-14,yes
ADV-159,Education,Meta,Video,2026-07-26,no
ADV-429,Public sector,Meta,Static,2026-07-25,no
ADV-312,Energy,Google,Video,2026-06-23,yes
ADV-248,Energy,Meta,Video,2026-07-01,yes
ADV-429,Technology and SaaS,Google,Video,2026-05-26,yes
ADV-545,Education,Google,Carousel,2026-07-25,yes
ADV-248,Technology and SaaS,Meta,Video,2026-06-03,yes
ADV-545,Technology and SaaS,Google,Video,2026-08-25,yes
ADV-545,Technology and SaaS,Google,Video,2026-08-29,yes
ADV-429,Media and publishing,Google,Carousel,2026-07-18,yes
ADV-172,Technology and SaaS,Google,Static,2026-05-21,yes
ADV-429,Technology and SaaS,Google,Carousel,2026-08-18,yes
ADV-545,Education,Google,Video,2026-06-18,no
ADV-172,Retail and ecommerce,Meta,Video,2026-06-29,yes
ADV-429,Public sector,Google,Carousel,2026-06-13,yes
ADV-545,Technology and SaaS,Google,Static,2026-07-13,yes
ADV-944,Public sector,Meta,Video,2026-05-22,no
ADV-248,Technology and SaaS,Meta,Video,2026-08-07,no
ADV-944,Education,Google,Video,2026-06-22,yes
ADV-159,Media and publishing,Google,Video,2026-09-01,no
ADV-429,Education,Google,Carousel,2026-06-04,no
ADV-429,Technology and SaaS,Meta,Video,2026-07-23,no
ADV-429,Technology and SaaS,Meta,Carousel,2026-06-10,yes
ADV-944,Education,Meta,Carousel,2026-05-25,yes
ADV-545,Energy,Meta,Video,2026-05-19,no
ADV-312,Public sector,Meta,Carousel,2026-06-01,no
ADV-944,Media and publishing,Google,Video,2026-07-10,no
ADV-429,Energy,Google,Video,2026-07-06,no
ADV-545,Media and publishing,Google,Video,2026-07-06,yes
ADV-312,Technology and SaaS,Google,Carousel,2026-06-02,yes
ADV-429,Energy,Meta,Carousel,2026-08-22,no
ADV-835,Media and publishing,Google,Video,2026-07-12,no
ADV-312,Media and publishing,Meta,Static,2026-08-16,no
ADV-944,Technology and SaaS,Meta,Carousel,2026-06-09,yes
ADV-312,Retail and ecommerce,Meta,Video,2026-08-18,yes
ADV-172,Energy,Meta,Carousel,2026-07-25,no
ADV-944,Retail and ecommerce,Meta,Video,2026-08-08,no
ADV-248,Technology and SaaS,Meta,Video,2026-08-05,yes
ADV-429,Education,Meta,Video,2026-06-02,yes
ADV-312,Media and publishing,Google,Carousel,2026-08-20,no
ADV-545,Public sector,Meta,Static,2026-08-28,no
ADV-835,Retail and ecommerce,Google,Video,2026-07-15,yes
ADV-159,Energy,Google,Video,2026-09-07,no
ADV-248,Energy,Google,Video,2026-06-16,yes
ADV-835,Media and publishing,Google,Video,2026-09-02,yes
ADV-429,Media and publishing,Google,Video,2026-06-18,yes
ADV-944,Media and publishing,Meta,Video,2026-05-27,yes
ADV-248,Media and publishing,Meta,Video,2026-08-25,yes
ADV-312,Public sector,Google,Video,2026-05-26,no
ADV-159,Technology and SaaS,Meta,Carousel,2026-06-27,yes
ADV-172,Technology and SaaS,Google,Video,2026-06-03,no
ADV-312,Media and publishing,Meta,Static,2026-07-20,no
ADV-248,Media and publishing,Meta,Carousel,2026-08-07,yes
ADV-835,Technology and SaaS,Meta,Carousel,2026-06-02,no
ADV-172,Energy,Google,Video,2026-07-18,no
ADV-545,Energy,Google,Carousel,2026-05-19,yes
ADV-172,Technology and SaaS,Google,Video,2026-05-17,yes
ADV-159,Education,Meta,Video,2026-05-27,yes
ADV-944,Public sector,Meta,Carousel,2026-06-26,no
ADV-545,Public sector,Google,Carousel,2026-05-21,no
ADV-429,Education,Google,Carousel,2026-06-04,no
ADV-172,Technology and SaaS,Meta,Video,2026-07-15,no
ADV-312,Education,Meta,Carousel,2026-06-11,no
ADV-312,Public sector,Google,Carousel,2026-06-26,no
ADV-312,Energy,Meta,Video,2026-07-28,no
ADV-944,Technology and SaaS,Google,Carousel,2026-06-15,yes
ADV-545,Retail and ecommerce,Meta,Video,2026-07-30,no
ADV-159,Energy,Google,Video,2026-07-03,no
ADV-429,Energy,Google,Carousel,2026-08-12,yes
ADV-172,Energy,Meta,Video,2026-05-25,yes
ADV-312,Retail and ecommerce,Meta,Carousel,2026-05-17,yes
ADV-835,Public sector,Meta,Carousel,2026-07-05,yes
ADV-835,Technology and SaaS,Google,Carousel,2026-08-27,yes
ADV-545,Media and publishing,Meta,Video,2026-06-05,no
ADV-172,Technology and SaaS,Google,Video,2026-07-14,no
ADV-835,Media and publishing,Google,Carousel,2026-05-23,yes
ADV-944,Technology and SaaS,Google,Video,2026-08-18,yes
ADV-835,Public sector,Meta,Video,2026-08-11,yes
ADV-944,Media and publishing,Meta,Video,2026-08-02,yes
ADV-429,Retail and ecommerce,Meta,Static,2026-08-22,yes
ADV-172,Technology and SaaS,Meta,Video,2026-08-15,no
ADV-545,Media and publishing,Google,Video,2026-06-20,no
ADV-172,Media and publishing,Google,Carousel,2026-09-12,yes
ADV-545,Technology and SaaS,Google,Carousel,2026-06-12,yes
ADV-835,Energy,Meta,Carousel,2026-06-16,yes
ADV-172,Energy,Meta,Video,2026-05-27,no
ADV-248,Energy,Meta,Video,2026-07-01,yes
ADV-429,Education,Google,Carousel,2026-06-12,no
ADV-248,Energy,Google,Video,2026-08-15,no
ADV-429,Technology and SaaS,Google,Static,2026-06-19,no
ADV-545,Energy,Google,Carousel,2026-07-13,yes
ADV-944,Public sector,Google,Video,2026-06-30,yes
ADV-172,Education,Meta,Carousel,2026-08-16,yes
ADV-172,Media and publishing,Meta,Static,2026-06-08,yes
ADV-312,Energy,Meta,Video,2026-07-30,no
ADV-248,Media and publishing,Meta,Carousel,2026-05-30,yes
ADV-159,Media and publishing,Google,Video,2026-07-04,yes
ADV-248,Energy,Google,Video,2026-08-29,no
ADV-835,Media and publishing,Google,Video,2026-07-29,yes
ADV-944,Technology and SaaS,Meta,Carousel,2026-05-20,no
ADV-248,Public sector,Google,Carousel,2026-08-26,yes
ADV-835,Public sector,Meta,Static,2026-08-10,yes
ADV-312,Media and publishing,Google,Static,2026-06-29,yes
ADV-172,Public sector,Meta,Static,2026-06-25,yes
ADV-835,Media and publishing,Meta,Video,2026-07-02,no
ADV-545,Technology and SaaS,Google,Video,2026-06-23,no
ADV-429,Media and publishing,Meta,Carousel,2026-07-21,no
ADV-429,Retail and ecommerce,Meta,Video,2026-06-26,no
ADV-835,Technology and SaaS,Google,Video,2026-05-29,no
ADV-545,Retail and ecommerce,Meta,Carousel,2026-07-10,yes
ADV-429,Energy,Google,Carousel,2026-08-28,no
ADV-944,Technology and SaaS,Google,Video,2026-07-27,no
ADV-944,Energy,Meta,Carousel,2026-06-18,yes
ADV-172,Technology and SaaS,Google,Video,2026-05-24,no
ADV-159,Technology and SaaS,Google,Carousel,2026-06-02,no
ADV-172,Energy,Meta,Video,2026-05-17,no
ADV-944,Technology and SaaS,Google,Carousel,2026-07-30,yes
ADV-835,Energy,Google,Carousel,2026-06-15,yes
ADV-172,Media and publishing,Meta,Carousel,2026-07-15,no
ADV-159,Energy,Google,Carousel,2026-05-26,yes
ADV-545,Retail and ecommerce,Meta,Carousel,2026-08-05,yes
ADV-159,Public sector,Google,Video,2026-08-19,yes
ADV-545,Media and publishing,Meta,Video,2026-08-05,no
ADV-248,Public sector,Meta,Carousel,2026-07-05,yes
ADV-944,Education,Google,Video,2026-07-23,no
ADV-159,Retail and ecommerce,Meta,Carousel,2026-08-11,no
ADV-248,Media and publishing,Meta,Video,2026-06-27,no
ADV-835,Public sector,Meta,Video,2026-09-03,no
ADV-545,Technology and SaaS,Meta,Carousel,2026-06-24,no
ADV-159,Technology and SaaS,Google,Carousel,2026-06-28,yes
ADV-944,Media and publishing,Google,Static,2026-07-31,no
ADV-944,Public sector,Meta,Video,2026-05-17,no
ADV-159,Technology and SaaS,Google,Video,2026-08-21,no
ADV-159,Retail and ecommerce,Google,Video,2026-07-03,no
ADV-429,Public sector,Meta,Video,2026-07-13,no
ADV-429,Public sector,Meta,Video,2026-07-20,no
ADV-248,Technology and SaaS,Meta,Carousel,2026-08-06,yes
ADV-159,Media and publishing,Meta,Carousel,2026-07-08,yes
ADV-159,Technology and SaaS,Meta,Carousel,2026-05-21,no
ADV-312,Technology and SaaS,Google,Video,2026-06-15,no
ADV-944,Technology and SaaS,Google,Static,2026-09-04,no
ADV-312,Media and publishing,Meta,Video,2026-06-29,no
ADV-944,Technology and SaaS,Meta,Video,2026-08-05,no
ADV-944,Technology and SaaS,Google,Carousel,2026-06-09,no
ADV-835,Technology and SaaS,Google,Video,2026-08-22,no
ADV-545,Technology and SaaS,Meta,Video,2026-05-25,no
ADV-248,Media and publishing,Google,Video,2026-07-27,no
ADV-312,Energy,Meta,Carousel,2026-07-31,yes
ADV-545,Retail and ecommerce,Google,Video,2026-06-25,yes
ADV-835,Media and publishing,Google,Video,2026-09-06,no
ADV-545,Energy,Meta,Carousel,2026-08-04,no
ADV-172,Public sector,Google,Carousel,2026-07-25,yes
ADV-159,Education,Google,Video,2026-09-03,yes
ADV-248,Retail and ecommerce,Meta,Carousel,2026-08-11,no
ADV-835,Technology and SaaS,Google,Carousel,2026-07-19,no
ADV-172,Technology and SaaS,Meta,Carousel,2026-06-11,no
ADV-835,Retail and ecommerce,Google,Video,2026-06-03,yes
ADV-159,Media and publishing,Google,Video,2026-05-21,yes
ADV-159,Energy,Google,Carousel,2026-06-30,yes
ADV-312,Technology and SaaS,Meta,Carousel,2026-08-31,yes
ADV-248,Media and publishing,Meta,Video,2026-07-02,yes
ADV-172,Media and publishing,Meta,Video,2026-08-18,no
ADV-248,Technology and SaaS,Google,Carousel,2026-07-23,yes
ADV-312,Media and publishing,Google,Video,2026-08-17,no
ADV-545,Technology and SaaS,Google,Static,2026-06-17,no
ADV-248,Media and publishing,Meta,Carousel,2026-05-23,yes
ADV-944,Technology and SaaS,Meta,Carousel,2026-07-25,no
ADV-312,Technology and SaaS,Meta,Static,2026-08-18,yes
ADV-944,Technology and SaaS,Google,Static,2026-07-15,no
ADV-172,Technology and SaaS,Meta,Video,2026-08-03,no
ADV-248,Technology and SaaS,Meta,Video,2026-06-14,no
ADV-172,Energy,Meta,Carousel,2026-05-19,yes
ADV-248,Media and publishing,Google,Video,2026-09-08,yes
ADV-172,Energy,Google,Video,2026-06-11,no
ADV-429,Retail and ecommerce,Google,Carousel,2026-07-13,no
ADV-159,Retail and ecommerce,Meta,Video,2026-08-18,yes
ADV-545,Education,Meta,Video,2026-09-05,no
ADV-429,Technology and SaaS,Meta,Carousel,2026-06-15,no
ADV-312,Technology and SaaS,Meta,Carousel,2026-08-21,yes
ADV-429,Public sector,Meta,Carousel,2026-06-11,no
ADV-312,Technology and SaaS,Google,Static,2026-07-13,no
ADV-172,Energy,Google,Static,2026-05-29,no
ADV-159,Technology and SaaS,Meta,Carousel,2026-08-09,yes
ADV-545,Media and publishing,Meta,Carousel,2026-05-30,yes
ADV-159,Energy,Google,Video,2026-07-07,no
ADV-172,Public sector,Meta,Static,2026-08-11,no
ADV-248,Media and publishing,Google,Static,2026-06-09,no
ADV-545,Technology and SaaS,Meta,Carousel,2026-08-12,no
ADV-545,Media and publishing,Google,Video,2026-09-07,no
ADV-944,Technology and SaaS,Google,Video,2026-06-13,yes
ADV-835,Public sector,Meta,Carousel,2026-07-19,yes
ADV-944,Technology and SaaS,Google,Video,2026-09-10,yes
ADV-248,Technology and SaaS,Google,Carousel,2026-07-06,yes
ADV-835,Retail and ecommerce,Google,Carousel,2026-07-25,no
ADV-545,Energy,Google,Carousel,2026-08-13,no
ADV-429,Public sector,Meta,Video,2026-07-11,no
ADV-944,Technology and SaaS,Meta,Static,2026-06-22,no
ADV-248,Energy,Meta,Static,2026-07-12,no
ADV-429,Public sector,Google,Carousel,2026-08-12,no
ADV-835,Education,Google,Static,2026-05-31,yes
ADV-248,Technology and SaaS,Meta,Carousel,2026-05-17,yes
ADV-172,Technology and SaaS,Google,Static,2026-07-28,no
ADV-545,Energy,Google,Carousel,2026-07-01,no
ADV-248,Public sector,Meta,Static,2026-05-27,yes
ADV-248,Media and publishing,Meta,Video,2026-07-14,no
ADV-944,Education,Meta,Video,2026-08-31,no
ADV-159,Retail and ecommerce,Meta,Carousel,2026-08-05,no
ADV-545,Public sector,Google,Video,2026-05-17,yes
ADV-248,Technology and SaaS,Meta,Carousel,2026-06-03,no
ADV-429,Public sector,Meta,Video,2026-07-14,yes
ADV-312,Media and publishing,Meta,Video,2026-05-31,no
ADV-159,Public sector,Google,Carousel,2026-08-29,yes
ADV-159,Technology and SaaS,Google,Video,2026-09-03,yes
ADV-172,Retail and ecommerce,Google,Carousel,2026-09-04,no
ADV-159,Public sector,Google,Video,2026-07-12,no
ADV-159,Technology and SaaS,Meta,Video,2026-07-29,no
ADV-835,Retail and ecommerce,Google,Video,2026-07-04,no
ADV-429,Media and publishing,Meta,Carousel,2026-07-29,yes
ADV-159,Retail and ecommerce,Google,Video,2026-05-18,no
ADV-248,Technology and SaaS,Google,Video,2026-05-19,yes
ADV-172,Media and publishing,Meta,Carousel,2026-06-08,yes
ADV-429,Retail and ecommerce,Meta,Video,2026-07-29,no
ADV-159,Retail and ecommerce,Google,Carousel,2026-05-25,no
ADV-312,Education,Meta,Video,2026-09-05,no
ADV-429,Energy,Meta,Carousel,2026-06-26,no
ADV-835,Technology and SaaS,Google,Video,2026-07-30,no
ADV-248,Media and publishing,Google,Carousel,2026-08-13,no
ADV-429,Public sector,Google,Video,2026-06-28,yes
ADV-312,Education,Google,Static,2026-06-06,no
ADV-944,Technology and SaaS,Meta,Carousel,2026-09-03,no
ADV-545,Technology and SaaS,Meta,Static,2026-08-16,yes
ADV-312,Media and publishing,Meta,Carousel,2026-08-23,yes
ADV-159,Public sector,Meta,Video,2026-06-28,yes
ADV-429,Education,Meta,Carousel,2026-08-12,yes
ADV-835,Education,Google,Video,2026-09-08,yes
ADV-248,Education,Google,Video,2026-09-07,no
ADV-835,Media and publishing,Meta,Carousel,2026-06-11,yes
ADV-172,Technology and SaaS,Meta,Carousel,2026-05-24,no
ADV-429,Media and publishing,Meta,Video,2026-06-11,no
ADV-429,Education,Meta,Carousel,2026-05-29,yes
ADV-312,Technology and SaaS,Google,Static,2026-05-17,no
ADV-159,Education,Google,Carousel,2026-06-03,no
ADV-944,Retail and ecommerce,Google,Video,2026-08-30,no
ADV-312,Media and publishing,Google,Video,2026-05-31,no
ADV-545,Public sector,Meta,Carousel,2026-07-20,no
ADV-159,Media and publishing,Meta,Video,2026-08-15,no
ADV-248,Energy,Meta,Carousel,2026-06-28,no
ADV-248,Media and publishing,Google,Carousel,2026-09-02,yes
ADV-248,Technology and SaaS,Meta,Video,2026-06-15,yes
ADV-248,Public sector,Meta,Static,2026-06-11,yes
ADV-172,Retail and ecommerce,Meta,Video,2026-09-02,yes
ADV-159,Technology and SaaS,Meta,Carousel,2026-07-16,yes
ADV-944,Media and publishing,Google,Carousel,2026-08-04,no
ADV-159,Education,Meta,Video,2026-07-17,yes
ADV-944,Public sector,Google,Video,2026-08-23,no
ADV-835,Public sector,Google,Video,2026-07-25,no
ADV-944,Technology and SaaS,Meta,Video,2026-08-25,no
ADV-172,Media and publishing,Google,Carousel,2026-06-14,yes
ADV-944,Technology and SaaS,Google,Static,2026-08-20,no
ADV-944,Education,Google,Video,2026-05-17,yes
ADV-312,Media and publishing,Meta,Video,2026-06-09,yes
ADV-248,Retail and ecommerce,Google,Video,2026-08-24,yes
ADV-248,Education,Meta,Static,2026-08-06,no
ADV-944,Energy,Google,Carousel,2026-07-20,yes
ADV-172,Media and publishing,Meta,Video,2026-06-07,no
ADV-429,Public sector,Google,Video,2026-06-05,no
ADV-248,Energy,Google,Video,2026-08-25,yes
ADV-312,Energy,Meta,Video,2026-07-16,no
ADV-172,Retail and ecommerce,Google,Carousel,2026-07-13,no
ADV-159,Retail and ecommerce,Meta,Video,2026-07-24,no
ADV-159,Public sector,Google,Video,2026-06-25,yes
ADV-944,Technology and SaaS,Meta,Carousel,2026-09-12,no
ADV-312,Energy,Google,Carousel,2026-08-08,yes
ADV-944,Media and publishing,Meta,Carousel,2026-05-26,yes
ADV-248,Retail and ecommerce,Meta,Video,2026-06-12,yes
ADV-172,Media and publishing,Meta,Video,2026-07-26,yes
ADV-835,Retail and ecommerce,Meta,Video,2026-06-29,no
ADV-172,Retail and ecommerce,Google,Video,2026-05-18,no
ADV-172,Media and publishing,Google,Video,2026-06-08,yes
ADV-429,Public sector,Google,Carousel,2026-07-21,no
ADV-172,Energy,Meta,Video,2026-06-02,yes
ADV-172,Education,Meta,Carousel,2026-07-17,no
ADV-429,Media and publishing,Meta,Video,2026-07-03,no
ADV-944,Media and publishing,Meta,Video,2026-06-09,no
ADV-312,Education,Google,Video,2026-07-10,yes
ADV-248,Public sector,Google,Video,2026-07-05,yes
ADV-312,Public sector,Google,Video,2026-08-03,yes
ADV-312,Technology and SaaS,Google,Video,2026-08-13,no
ADV-835,Energy,Google,Carousel,2026-07-19,no
ADV-159,Energy,Google,Video,2026-07-30,no
ADV-172,Energy,Google,Video,2026-07-07,yes
ADV-312,Retail and ecommerce,Meta,Video,2026-06-21,yes
ADV-835,Media and publishing,Meta,Carousel,2026-06-19,no
ADV-835,Media and publishing,Meta,Static,2026-07-23,no
ADV-312,Media and publishing,Google,Carousel,2026-06-17,no
ADV-172,Retail and ecommerce,Google,Video,2026-08-18,no
ADV-172,Technology and SaaS,Meta,Video,2026-07-04,yes
ADV-312,Retail and ecommerce,Meta,Video,2026-09-11,yes
ADV-248,Education,Google,Video,2026-08-14,yes
ADV-172,Education,Meta,Carousel,2026-07-15,no
ADV-429,Education,Google,Video,2026-07-01,yes
ADV-429,Media and publishing,Meta,Carousel,2026-07-17,no
ADV-248,Media and publishing,Meta,Carousel,2026-08-09,yes
ADV-159,Media and publishing,Google,Video,2026-07-15,yes
ADV-159,Technology and SaaS,Google,Video,2026-08-17,no
ADV-835,Technology and SaaS,Google,Carousel,2026-08-06,no
ADV-944,Technology and SaaS,Google,Video,2026-07-29,no
ADV-545,Retail and ecommerce,Meta,Carousel,2026-09-10,yes
ADV-429,Technology and SaaS,Meta,Carousel,2026-06-08,no
ADV-835,Education,Meta,Video,2026-09-01,yes
ADV-835,Retail and ecommerce,Meta,Static,2026-06-19,yes
ADV-944,Education,Google,Carousel,2026-06-17,no
ADV-835,Media and publishing,Meta,Video,2026-07-24,no
ADV-429,Retail and ecommerce,Google,Video,2026-08-27,no
ADV-172,Public sector,Meta,Carousel,2026-05-28,yes
ADV-835,Public sector,Meta,Static,2026-06-05,no
ADV-172,Public sector,Google,Static,2026-05-20,yes
ADV-159,Retail and ecommerce,Google,Carousel,2026-07-05,yes
ADV-835,Retail and ecommerce,Meta,Video,2026-08-15,no
ADV-429,Retail and ecommerce,Google,Carousel,2026-09-01,no
ADV-159,Technology and SaaS,Meta,Video,2026-07-30,yes
ADV-312,Media and publishing,Meta,Carousel,2026-07-26,no
ADV-944,Public sector,Google,Video,2026-06-28,yes
ADV-159,Education,Meta,Carousel,2026-07-30,no
ADV-545,Technology and SaaS,Meta,Video,2026-06-11,no
ADV-835,Education,Meta,Static,2026-06-18,yes
ADV-248,Retail and ecommerce,Meta,Video,2026-07-28,no
ADV-545,Energy,Google,Carousel,2026-05-23,yes
ADV-545,Technology and SaaS,Meta,Carousel,2026-07-17,no
ADV-159,Technology and SaaS,Google,Carousel,2026-08-03,no
ADV-944,Education,Meta,Video,2026-06-05,no
ADV-429,Media and publishing,Google,Video,2026-09-04,yes
ADV-312,Public sector,Google,Video,2026-05-17,no
ADV-312,Technology and SaaS,Meta,Carousel,2026-07-16,no
ADV-835,Media and publishing,Meta,Video,2026-09-06,yes
ADV-944,Technology and SaaS,Google,Carousel,2026-06-28,no
ADV-545,Education,Meta,Video,2026-06-22,yes
ADV-159,Retail and ecommerce,Google,Carousel,2026-09-12,no
ADV-545,Education,Google,Carousel,2026-07-26,yes
ADV-172,Media and publishing,Google,Video,2026-07-28,no
ADV-545,Media and publishing,Meta,Static,2026-07-18,yes
ADV-545,Public sector,Meta,Static,2026-08-29,no
ADV-159,Public sector,Google,Carousel,2026-06-10,no
ADV-172,Retail and ecommerce,Google,Carousel,2026-07-08,yes
ADV-835,Technology and SaaS,Meta,Static,2026-05-24,yes
ADV-545,Energy,Google,Carousel,2026-05-17,yes
ADV-159,Media and publishing,Google,Video,2026-08-06,no
ADV-429,Media and publishing,Google,Static,2026-09-05,yes
ADV-835,Public sector,Meta,Static,2026-06-11,yes
ADV-172,Media and publishing,Meta,Carousel,2026-08-11,no
ADV-159,Education,Google,Carousel,2026-05-17,yes
ADV-312,Education,Meta,Carousel,2026-07-25,yes
ADV-159,Energy,Meta,Video,2026-07-04,no
ADV-944,Energy,Meta,Carousel,2026-08-23,no
ADV-248,Media and publishing,Google,Video,2026-08-16,no
ADV-545,Media and publishing,Google,Video,2026-06-16,no
ADV-835,Technology and SaaS,Meta,Video,2026-07-24,yes
ADV-944,Education,Meta,Video,2026-07-23,no
ADV-944,Energy,Meta,Static,2026-09-12,yes
ADV-545,Energy,Google,Video,2026-07-28,no
ADV-312,Technology and SaaS,Meta,Video,2026-07-31,no
ADV-835,Energy,Google,Video,2026-06-19,yes
ADV-429,Energy,Google,Carousel,2026-05-21,no
ADV-944,Media and publishing,Meta,Video,2026-06-10,no
ADV-944,Technology and SaaS,Meta,Static,2026-07-14,yes
ADV-312,Public sector,Google,Video,2026-06-18,no
ADV-944,Education,Google,Video,2026-05-22,yes
ADV-248,Energy,Google,Video,2026-06-08,yes
ADV-545,Technology and SaaS,Google,Video,2026-07-05,yes
ADV-312,Education,Meta,Video,2026-08-01,no
ADV-545,Education,Google,Static,2026-05-16,yes
ADV-312,Energy,Meta,Carousel,2026-09-05,yes
ADV-172,Media and publishing,Meta,Video,2026-07-31,yes
ADV-248,Media and publishing,Google,Static,2026-09-12,no
ADV-835,Education,Google,Static,2026-08-01,yes
ADV-429,Education,Meta,Static,2026-08-11,yes
ADV-248,Media and publishing,Meta,Carousel,2026-06-13,yes
ADV-545,Energy,Meta,Video,2026-09-12,yes
ADV-835,Education,Meta,Video,2026-06-11,no
ADV-312,Public sector,Google,Static,2026-08-21,no
ADV-159,Retail and ecommerce,Meta,Video,2026-05-31,no
ADV-835,Technology and SaaS,Google,Static,2026-06-30,yes
ADV-159,Media and publishing,Google,Carousel,2026-05-22,yes
ADV-159,Education,Google,Carousel,2026-08-08,no
ADV-429,Retail and ecommerce,Meta,Video,2026-06-15,no
ADV-545,Public sector,Google,Video,2026-06-07,yes
ADV-159,Energy,Google,Carousel,2026-08-05,yes
ADV-545,Energy,Meta,Static,2026-08-05,no
ADV-159,Public sector,Meta,Video,2026-06-06,yes
ADV-172,Education,Google,Video,2026-07-26,yes
ADV-944,Energy,Google,Video,2026-09-12,no
ADV-312,Energy,Google,Video,2026-07-21,yes
ADV-159,Technology and SaaS,Meta,Video,2026-06-07,no
ADV-835,Retail and ecommerce,Google,Carousel,2026-06-29,no
ADV-835,Technology and SaaS,Meta,Video,2026-08-01,no
ADV-429,Technology and SaaS,Meta,Static,2026-07-06,yes
ADV-248,Media and publishing,Meta,Carousel,2026-05-24,no
ADV-429,Education,Meta,Video,2026-08-10,yes
ADV-944,Public sector,Google,Video,2026-07-31,yes
ADV-944,Energy,Meta,Carousel,2026-08-22,no
ADV-545,Technology and SaaS,Meta,Video,2026-07-21,yes
ADV-248,Technology and SaaS,Google,Carousel,2026-06-11,yes
ADV-159,Retail and ecommerce,Google,Carousel,2026-08-08,yes
ADV-159,Public sector,Meta,Video,2026-05-19,no
ADV-312,Energy,Meta,Static,2026-07-17,yes
ADV-429,Technology and SaaS,Meta,Video,2026-09-08,no
ADV-835,Education,Meta,Carousel,2026-06-04,no
ADV-172,Energy,Google,Carousel,2026-09-01,yes
ADV-835,Energy,Google,Static,2026-06-01,no
ADV-172,Retail and ecommerce,Google,Video,2026-07-22,yes
ADV-172,Public sector,Google,Video,2026-05-25,yes
ADV-944,Technology and SaaS,Meta,Carousel,2026-05-20,yes
ADV-312,Media and publishing,Google,Carousel,2026-08-24,yes
ADV-944,Energy,Meta,Video,2026-05-18,no
ADV-159,Energy,Google,Static,2026-06-08,no
ADV-835,Retail and ecommerce,Meta,Video,2026-07-25,yes
ADV-248,Media and publishing,Google,Video,2026-07-18,yes
ADV-429,Media and publishing,Google,Video,2026-08-03,no
ADV-835,Public sector,Google,Video,2026-06-24,no
ADV-429,Education,Meta,Video,2026-06-22,no
ADV-172,Technology and SaaS,Meta,Carousel,2026-05-21,yes
ADV-159,Public sector,Meta,Video,2026-07-30,yes
ADV-312,Technology and SaaS,Google,Video,2026-07-15,no
ADV-545,Media and publishing,Google,Carousel,2026-08-21,yes
ADV-429,Energy,Meta,Video,2026-06-25,no
ADV-159,Media and publishing,Meta,Video,2026-07-23,no
ADV-835,Media and publishing,Meta,Carousel,2026-08-26,yes
ADV-312,Public sector,Meta,Video,2026-07-02,yes
ADV-545,Media and publishing,Google,Carousel,2026-07-11,yes
ADV-248,Media and publishing,Meta,Carousel,2026-07-08,no
ADV-172,Technology and SaaS,Meta,Carousel,2026-09-10,yes
ADV-312,Media and publishing,Meta,Video,2026-08-17,yes
ADV-172,Media and publishing,Google,Video,2026-09-03,yes
ADV-944,Education,Google,Carousel,2026-05-17,no
ADV-159,Media and publishing,Google,Carousel,2026-09-10,no
ADV-835,Retail and ecommerce,Google,Video,2026-08-20,yes
ADV-159,Technology and SaaS,Meta,Carousel,2026-07-28,yes
ADV-172,Technology and SaaS,Google,Carousel,2026-06-20,yes
ADV-159,Media and publishing,Meta,Video,2026-08-17,no
ADV-172,Media and publishing,Meta,Video,2026-06-18,yes
ADV-312,Retail and ecommerce,Google,Video,2026-05-23,yes
ADV-172,Technology and SaaS,Google,Video,2026-07-03,yes
ADV-545,Technology and SaaS,Meta,Video,2026-08-26,yes
ADV-545,Technology and SaaS,Google,Video,2026-09-03,no
ADV-429,Technology and SaaS,Google,Video,2026-07-13,yes
ADV-172,Education,Meta,Video,2026-08-05,yes
ADV-159,Energy,Meta,Video,2026-08-20,yes
ADV-835,Media and publishing,Google,Carousel,2026-08-26,yes
ADV-835,Media and publishing,Google,Carousel,2026-07-22,no
ADV-312,Technology and SaaS,Meta,Carousel,2026-07-05,yes
ADV-835,Technology and SaaS,Meta,Video,2026-08-17,yes
ADV-944,Energy,Meta,Video,2026-08-18,no
ADV-835,Energy,Google,Static,2026-05-20,yes
ADV-835,Media and publishing,Google,Carousel,2026-08-05,no
ADV-172,Media and publishing,Google,Carousel,2026-09-08,no
ADV-944,Media and publishing,Google,Video,2026-05-21,yes
ADV-248,Education,Google,Carousel,2026-07-05,no
ADV-312,Energy,Meta,Video,2026-08-22,no
ADV-248,Energy,Google,Video,2026-07-16,yes
ADV-159,Media and publishing,Google,Carousel,2026-05-25,yes
ADV-545,Energy,Meta,Video,2026-07-14,no
ADV-835,Energy,Google,Carousel,2026-06-12,no
ADV-312,Media and publishing,Google,Carousel,2026-06-15,no
ADV-172,Technology and SaaS,Google,Video,2026-06-21,yes
ADV-312,Technology and SaaS,Google,Video,2026-08-09,yes
ADV-545,Education,Meta,Carousel,2026-07-16,yes
ADV-835,Media and publishing,Google,Video,2026-08-26,yes
ADV-312,Technology and SaaS,Meta,Carousel,2026-07-21,yes
ADV-835,Technology and SaaS,Meta,Video,2026-06-02,no
ADV-545,Retail and ecommerce,Google,Video,2026-08-02,yes
ADV-835,Retail and ecommerce,Meta,Carousel,2026-09-10,yes
ADV-545,Technology and SaaS,Meta,Video,2026-05-21,yes
ADV-835,Retail and ecommerce,Meta,Carousel,2026-08-09,no
ADV-248,Energy,Google,Carousel,2026-07-25,no
ADV-429,Media and publishing,Meta,Carousel,2026-07-16,no
ADV-545,Retail and ecommerce,Google,Video,2026-07-10,no
ADV-248,Technology and SaaS,Meta,Video,2026-08-24,no
ADV-248,Retail and ecommerce,Meta,Video,2026-07-19,yes
ADV-312,Technology and SaaS,Meta,Carousel,2026-09-12,yes
ADV-312,Energy,Google,Video,2026-07-21,yes
ADV-172,Technology and SaaS,Google,Carousel,2026-07-15,no
ADV-545,Education,Meta,Video,2026-08-28,no
ADV-835,Public sector,Meta,Video,2026-07-29,no
ADV-159,Media and publishing,Google,Video,2026-08-20,no
ADV-248,Technology and SaaS,Google,Carousel,2026-06-28,no
ADV-159,Retail and ecommerce,Google,Video,2026-07-05,yes
ADV-545,Education,Meta,Carousel,2026-06-09,no
ADV-172,Education,Google,Video,2026-06-15,yes
ADV-159,Retail and ecommerce,Meta,Video,2026-05-24,yes
ADV-944,Media and publishing,Meta,Video,2026-06-08,no
ADV-545,Technology and SaaS,Meta,Static,2026-07-15,no
ADV-248,Technology and SaaS,Google,Video,2026-07-30,no
ADV-545,Technology and SaaS,Meta,Carousel,2026-05-20,yes
ADV-429,Technology and SaaS,Meta,Carousel,2026-05-19,no
ADV-248,Technology and SaaS,Meta,Video,2026-08-07,no
ADV-429,Technology and SaaS,Google,Carousel,2026-07-04,no
ADV-944,Technology and SaaS,Meta,Carousel,2026-06-03,yes
ADV-545,Public sector,Google,Carousel,2026-07-03,yes
ADV-312,Energy,Meta,Static,2026-05-25,yes
ADV-944,Retail and ecommerce,Meta,Carousel,2026-08-06,yes
ADV-172,Media and publishing,Google,Video,2026-08-23,yes
ADV-944,Energy,Google,Video,2026-07-06,no
ADV-159,Public sector,Meta,Video,2026-05-27,no
ADV-312,Media and publishing,Google,Carousel,2026-05-31,yes
ADV-429,Public sector,Meta,Carousel,2026-06-06,no
ADV-429,Media and publishing,Meta,Carousel,2026-05-16,no
ADV-944,Media and publishing,Google,Video,2026-08-07,yes
ADV-545,Technology and SaaS,Meta,Carousel,2026-07-09,no
ADV-835,Technology and SaaS,Google,Static,2026-08-20,no
ADV-172,Education,Meta,Static,2026-07-26,yes
ADV-944,Energy,Meta,Carousel,2026-07-14,yes
ADV-545,Technology and SaaS,Meta,Static,2026-06-08,no
ADV-172,Media and publishing,Google,Carousel,2026-08-21,yes
ADV-429,Education,Meta,Video,2026-08-04,yes
ADV-248,Media and publishing,Meta,Video,2026-07-29,yes
ADV-835,Public sector,Meta,Static,2026-07-27,yes
ADV-944,Technology and SaaS,Meta,Static,2026-07-04,yes
ADV-159,Media and publishing,Google,Video,2026-07-03,no
ADV-172,Retail and ecommerce,Meta,Video,2026-08-04,yes
ADV-248,Energy,Meta,Video,2026-05-17,yes
ADV-835,Energy,Google,Carousel,2026-06-15,no
ADV-944,Technology and SaaS,Google,Video,2026-09-11,yes
ADV-835,Public sector,Google,Video,2026-07-18,no
ADV-312,Retail and ecommerce,Google,Video,2026-05-19,no
ADV-545,Media and publishing,Google,Static,2026-05-31,yes
ADV-429,Energy,Google,Video,2026-07-20,yes
ADV-159,Education,Meta,Video,2026-07-22,yes
ADV-835,Retail and ecommerce,Google,Static,2026-07-28,no
ADV-429,Retail and ecommerce,Meta,Carousel,2026-07-06,yes
ADV-545,Energy,Google,Static,2026-06-04,yes
ADV-944,Education,Google,Video,2026-07-16,yes
ADV-545,Energy,Google,Carousel,2026-06-23,yes
ADV-429,Technology and SaaS,Meta,Video,2026-07-10,yes
ADV-944,Media and publishing,Meta,Video,2026-05-30,yes
ADV-835,Technology and SaaS,Meta,Video,2026-09-12,yes
ADV-159,Media and publishing,Meta,Static,2026-07-22,no
ADV-944,Public sector,Google,Video,2026-07-27,no
ADV-159,Technology and SaaS,Google,Video,2026-07-19,yes
ADV-545,Technology and SaaS,Meta,Video,2026-09-06,no
ADV-429,Media and publishing,Meta,Carousel,2026-09-02,yes
ADV-429,Technology and SaaS,Google,Video,2026-06-26,yes
ADV-159,Technology and SaaS,Google,Video,2026-06-24,yes
ADV-835,Media and publishing,Meta,Video,2026-07-03,no
ADV-312,Technology and SaaS,Google,Video,2026-07-14,yes
ADV-944,Media and publishing,Google,Video,2026-09-11,no
ADV-835,Public sector,Google,Video,2026-09-11,yes
ADV-545,Retail and ecommerce,Google,Video,2026-07-03,yes
ADV-172,Retail and ecommerce,Google,Carousel,2026-06-30,yes
ADV-159,Education,Google,Static,2026-06-25,no
ADV-429,Retail and ecommerce,Meta,Video,2026-07-23,yes
ADV-312,Public sector,Meta,Carousel,2026-09-11,no
ADV-835,Education,Google,Carousel,2026-08-15,yes
ADV-312,Education,Google,Video,2026-08-21,yes
ADV-835,Technology and SaaS,Google,Carousel,2026-05-17,no
ADV-835,Media and publishing,Meta,Carousel,2026-06-14,yes
ADV-835,Media and publishing,Meta,Video,2026-06-29,yes
ADV-248,Energy,Google,Carousel,2026-06-24,no
ADV-835,Media and publishing,Meta,Carousel,2026-07-01,no
ADV-944,Education,Google,Carousel,2026-07-04,no
ADV-248,Media and publishing,Google,Video,2026-09-08,no
ADV-545,Retail and ecommerce,Google,Carousel,2026-08-17,no
ADV-312,Retail and ecommerce,Meta,Carousel,2026-08-24,no
ADV-429,Media and publishing,Meta,Video,2026-08-13,yes
ADV-835,Technology and SaaS,Meta,Carousel,2026-06-02,no
ADV-835,Public sector,Google,Carousel,2026-07-12,no
ADV-835,Public sector,Meta,Video,2026-07-20,no
ADV-835,Media and publishing,Meta,Video,2026-09-07,yes
ADV-312,Media and publishing,Google,Static,2026-05-19,yes
ADV-159,Media and publishing,Meta,Video,2026-06-05,yes
ADV-159,Public sector,Meta,Carousel,2026-08-11,yes
ADV-944,Media and publishing,Meta,Video,2026-08-25,yes
ADV-248,Media and publishing,Google,Video,2026-07-12,yes
ADV-545,Technology and SaaS,Google,Video,2026-06-26,no
ADV-429,Technology and SaaS,Google,Video,2026-08-11,no
ADV-172,Media and publishing,Google,Carousel,2026-09-02,yes
ADV-312,Technology and SaaS,Google,Static,2026-09-09,yes
ADV-944,Retail and ecommerce,Google,Static,2026-07-10,yes
ADV-159,Energy,Meta,Video,2026-07-17,yes
ADV-159,Technology and SaaS,Google,Video,2026-07-05,no
ADV-944,Technology and SaaS,Google,Video,2026-07-04,no
ADV-172,Media and publishing,Meta,Carousel,2026-05-20,no
ADV-172,Media and publishing,Meta,Video,2026-08-18,yes
ADV-172,Technology and SaaS,Meta,Carousel,2026-09-02,yes
ADV-835,Technology and SaaS,Google,Carousel,2026-05-31,yes
ADV-545,Technology and SaaS,Google,Carousel,2026-07-28,yes
ADV-248,Retail and ecommerce,Google,Carousel,2026-09-04,yes
ADV-429,Education,Meta,Video,2026-07-17,yes
ADV-172,Retail and ecommerce,Google,Carousel,2026-09-09,yes
ADV-172,Technology and SaaS,Google,Video,2026-09-11,yes
ADV-835,Media and publishing,Meta,Carousel,2026-08-27,yes
ADV-159,Technology and SaaS,Meta,Static,2026-05-25,no
ADV-172,Technology and SaaS,Google,Video,2026-08-24,yes
ADV-248,Media and publishing,Google,Static,2026-08-31,no
ADV-312,Public sector,Meta,Carousel,2026-06-08,yes
ADV-944,Retail and ecommerce,Google,Video,2026-08-08,yes
ADV-944,Education,Meta,Carousel,2026-06-03,no
ADV-429,Media and publishing,Google,Video,2026-07-10,yes
ADV-159,Media and publishing,Meta,Video,2026-08-28,yes
ADV-159,Retail and ecommerce,Google,Carousel,2026-08-20,yes
ADV-944,Technology and SaaS,Meta,Video,2026-06-28,yes
ADV-172,Technology and SaaS,Google,Video,2026-07-06,yes
ADV-312,Technology and SaaS,Meta,Video,2026-07-08,yes
ADV-172,Retail and ecommerce,Meta,Video,2026-06-20,yes
ADV-172,Media and publishing,Google,Video,2026-05-28,no
ADV-159,Media and publishing,Meta,Carousel,2026-07-01,no
ADV-545,Retail and ecommerce,Google,Video,2026-08-02,no
ADV-312,Media and publishing,Meta,Video,2026-08-04,yes
ADV-545,Retail and ecommerce,Google,Video,2026-06-29,yes
ADV-835,Media and publishing,Meta,Video,2026-09-12,no
ADV-159,Technology and SaaS,Google,Carousel,2026-06-17,no
ADV-172,Public sector,Google,Static,2026-07-08,yes
ADV-835,Media and publishing,Google,Carousel,2026-09-03,yes
ADV-248,Media and publishing,Google,Video,2026-07-09,yes
ADV-944,Technology and SaaS,Meta,Video,2026-08-20,no
ADV-944,Retail and ecommerce,Google,Video,2026-09-05,no
ADV-159,Media and publishing,Google,Carousel,2026-09-07,no
ADV-248,Public sector,Google,Carousel,2026-07-06,yes
ADV-545,Technology and SaaS,Meta,Static,2026-07-24,no
ADV-159,Education,Google,Carousel,2026-07-16,yes
ADV-545,Education,Google,Video,2026-06-17,no
ADV-312,Education,Meta,Video,2026-09-10,yes
ADV-545,Education,Google,Video,2026-09-11,yes
ADV-429,Retail and ecommerce,Meta,Carousel,2026-07-31,yes
ADV-545,Media and publishing,Meta,Static,2026-06-17,no
ADV-172,Energy,Meta,Video,2026-07-26,yes
ADV-545,Media and publishing,Meta,Video,2026-08-06,yes
ADV-429,Media and publishing,Meta,Video,2026-07-19,yes
ADV-248,Education,Google,Carousel,2026-07-28,no
ADV-545,Education,Google,Carousel,2026-08-03,no
ADV-159,Retail and ecommerce,Meta,Video,2026-08-20,no
ADV-312,Technology and SaaS,Meta,Video,2026-06-12,no
ADV-248,Technology and SaaS,Google,Video,2026-08-12,yes
ADV-159,Technology and SaaS,Meta,Video,2026-05-18,no
ADV-248,Media and publishing,Google,Carousel,2026-08-16,yes
ADV-545,Retail and ecommerce,Google,Carousel,2026-06-08,no
ADV-159,Energy,Meta,Carousel,2026-07-26,no
ADV-312,Education,Google,Carousel,2026-07-02,no
ADV-545,Technology and SaaS,Google,Video,2026-09-01,no
ADV-835,Retail and ecommerce,Meta,Carousel,2026-08-03,yes
ADV-429,Media and publishing,Meta,Video,2026-09-05,no
ADV-944,Public sector,Google,Carousel,2026-07-20,yes
ADV-944,Education,Meta,Video,2026-07-02,yes
ADV-248,Technology and SaaS,Google,Video,2026-06-03,no
ADV-312,Public sector,Google,Video,2026-07-19,yes
ADV-159,Media and publishing,Google,Video,2026-08-10,yes
ADV-835,Public sector,Meta,Video,2026-07-12,yes
ADV-429,Technology and SaaS,Google,Video,2026-05-23,yes
ADV-545,Energy,Google,Video,2026-05-16,no
ADV-172,Energy,Meta,Carousel,2026-09-11,yes
ADV-248,Media and publishing,Google,Video,2026-08-27,no
ADV-159,Education,Meta,Video,2026-05-31,yes
ADV-835,Education,Meta,Static,2026-08-13,no
ADV-312,Public sector,Meta,Video,2026-08-15,yes
ADV-944,Public sector,Google,Video,2026-06-12,yes
ADV-944,Education,Meta,Carousel,2026-09-10,no
ADV-944,Public sector,Meta,Carousel,2026-08-28,no
ADV-835,Education,Meta,Static,2026-07-07,yes
ADV-172,Retail and ecommerce,Google,Video,2026-06-14,yes
ADV-248,Media and publishing,Google,Video,2026-08-06,yes
ADV-835,Retail and ecommerce,Google,Video,2026-06-27,yes
ADV-159,Technology and SaaS,Google,Video,2026-06-23,yes
ADV-172,Retail and ecommerce,Meta,Video,2026-06-06,no
ADV-248,Media and publishing,Meta,Video,2026-08-22,yes
ADV-944,Technology and SaaS,Meta,Carousel,2026-07-07,yes
ADV-429,Public sector,Google,Video,2026-07-01,no
ADV-248,Retail and ecommerce,Google,Static,2026-06-24,no
ADV-248,Technology and SaaS,Meta,Video,2026-09-06,no
ADV-248,Public sector,Google,Video,2026-05-24,no
ADV-248,Media and publishing,Google,Carousel,2026-07-02,yes
ADV-429,Technology and SaaS,Google,Carousel,2026-05-29,yes
ADV-944,Retail and ecommerce,Meta,Carousel,2026-09-09,yes
ADV-835,Media and publishing,Google,Static,2026-07-26,no
ADV-172,Education,Google,Video,2026-06-18,no
ADV-944,Media and publishing,Google,Video,2026-06-28,yes
ADV-835,Retail and ecommerce,Meta,Video,2026-05-17,yes
ADV-248,Retail and ecommerce,Google,Carousel,2026-05-30,no
ADV-545,Public sector,Google,Video,2026-09-02,no
ADV-248,Public sector,Meta,Video,2026-05-19,no
ADV-159,Technology and SaaS,Google,Video,2026-06-08,no
ADV-312,Education,Meta,Carousel,2026-06-05,no
ADV-172,Media and publishing,Meta,Carousel,2026-05-21,no
ADV-944,Media and publishing,Google,Video,2026-05-30,no
ADV-248,Retail and ecommerce,Google,Carousel,2026-07-04,yes
ADV-248,Media and publishing,Meta,Carousel,2026-07-26,no
ADV-172,Media and publishing,Meta,Video,2026-09-10,no
ADV-944,Energy,Google,Video,2026-06-13,yes
ADV-172,Media and publishing,Google,Video,2026-05-24,yes
ADV-429,Media and publishing,Google,Static,2026-05-30,no
ADV-545,Technology and SaaS,Meta,Carousel,2026-07-12,yes
ADV-159,Education,Google,Video,2026-05-27,yes
ADV-172,Energy,Meta,Video,2026-06-13,no
ADV-944,Education,Google,Video,2026-05-23,yes
ADV-248,Technology and SaaS,Google,Static,2026-08-23,yes
ADV-159,Media and publishing,Meta,Video,2026-05-30,yes
ADV-944,Public sector,Google,Video,2026-08-21,no
ADV-248,Energy,Google,Video,2026-06-16,no
ADV-248,Retail and ecommerce,Google,Video,2026-09-09,no
ADV-944,Media and publishing,Google,Video,2026-06-22,no
ADV-172,Energy,Google,Video,2026-06-02,yes
ADV-248,Technology and SaaS,Meta,Video,2026-07-28,no
ADV-159,Public sector,Meta,Carousel,2026-08-25,no
ADV-429,Media and publishing,Meta,Carousel,2026-06-21,yes
ADV-944,Education,Google,Video,2026-05-31,yes
ADV-944,Technology and SaaS,Google,Carousel,2026-08-18,no
ADV-159,Technology and SaaS,Google,Carousel,2026-06-09,no
ADV-835,Technology and SaaS,Meta,Carousel,2026-08-24,yes
ADV-312,Energy,Google,Carousel,2026-07-15,yes
ADV-835,Energy,Google,Carousel,2026-07-14,yes
ADV-429,Technology and SaaS,Meta,Video,2026-09-09,no
ADV-835,Technology and SaaS,Google,Video,2026-05-22,no
ADV-159,Media and publishing,Google,Static,2026-08-21,no
ADV-248,Education,Meta,Video,2026-07-27,no
ADV-312,Retail and ecommerce,Google,Video,2026-06-26,yes
ADV-159,Retail and ecommerce,Meta,Carousel,2026-05-24,no
ADV-159,Education,Google,Video,2026-06-07,no
ADV-545,Retail and ecommerce,Google,Video,2026-06-16,no
ADV-944,Public sector,Google,Carousel,2026-07-23,no
ADV-248,Retail and ecommerce,Meta,Video,2026-06-29,no
ADV-545,Public sector,Meta,Video,2026-06-22,yes
ADV-835,Education,Google,Video,2026-08-31,no
ADV-429,Retail and ecommerce,Google,Carousel,2026-08-13,yes
ADV-835,Technology and SaaS,Google,Video,2026-06-04,no
ADV-159,Media and publishing,Meta,Static,2026-05-17,no
ADV-835,Media and publishing,Google,Carousel,2026-07-27,no
ADV-944,Energy,Google,Video,2026-07-11,no
ADV-835,Education,Meta,Video,2026-06-17,no
ADV-248,Public sector,Google,Video,2026-06-02,yes
ADV-312,Energy,Google,Video,2026-09-02,no
ADV-835,Education,Google,Video,2026-05-25,yes
ADV-312,Education,Google,Video,2026-08-12,yes
ADV-172,Media and publishing,Meta,Video,2026-07-10,yes
ADV-159,Education,Meta,Static,2026-06-04,no
ADV-312,Media and publishing,Google,Carousel,2026-08-29,yes
ADV-944,Technology and SaaS,Meta,Video,2026-08-24,no
ADV-172,Education,Meta,Static,2026-08-18,no
ADV-159,Energy,Meta,Static,2026-08-25,yes
ADV-312,Education,Google,Video,2026-07-29,no
ADV-248,Energy,Google,Video,2026-08-26,no
ADV-944,Education,Google,Carousel,2026-05-27,yes
ADV-545,Technology and SaaS,Google,Carousel,2026-09-04,yes
ADV-545,Media and publishing,Meta,Video,2026-06-13,no
ADV-312,Energy,Google,Video,2026-07-09,no
ADV-545,Education,Google,Carousel,2026-08-19,yes
ADV-248,Public sector,Google,Video,2026-08-18,no
ADV-429,Technology and SaaS,Meta,Video,2026-06-24,no
ADV-248,Media and publishing,Meta,Video,2026-05-20,yes
ADV-835,Retail and ecommerce,Meta,Carousel,2026-08-13,yes
ADV-835,Retail and ecommerce,Meta,Carousel,2026-08-30,no
ADV-172,Energy,Google,Video,2026-08-15,yes
ADV-248,Media and publishing,Meta,Video,2026-07-11,no
ADV-835,Education,Google,Carousel,2026-08-07,yes
ADV-312,Public sector,Meta,Video,2026-08-07,no
ADV-248,Media and publishing,Google,Carousel,2026-05-30,yes
ADV-312,Education,Google,Carousel,2026-07-14,yes
ADV-159,Public sector,Google,Carousel,2026-08-28,yes
ADV-545,Media and publishing,Google,Carousel,2026-09-03,no
ADV-312,Education,Google,Static,2026-07-11,no
ADV-545,Media and publishing,Google,Static,2026-06-10,yes
ADV-172,Media and publishing,Google,Carousel,2026-07-16,yes
ADV-312,Technology and SaaS,Meta,Carousel,2026-07-06,yes
ADV-312,Education,Google,Video,2026-06-15,no
ADV-159,Technology and SaaS,Meta,Video,2026-08-24,yes
ADV-835,Public sector,Meta,Video,2026-09-06,no
ADV-944,Media and publishing,Google,Carousel,2026-06-19,no
ADV-172,Technology and SaaS,Google,Carousel,2026-07-31,no
ADV-545,Technology and SaaS,Meta,Carousel,2026-07-09,yes
ADV-429,Retail and ecommerce,Meta,Carousel,2026-08-04,yes
ADV-172,Public sector,Google,Carousel,2026-08-03,yes
ADV-172,Education,Meta,Video,2026-07-16,yes
ADV-545,Energy,Meta,Video,2026-09-02,no
ADV-172,Public sector,Meta,Video,2026-06-28,no
ADV-835,Retail and ecommerce,Google,Video,2026-09-03,yes
ADV-835,Energy,Google,Video,2026-09-07,yes
ADV-312,Media and publishing,Google,Video,2026-08-23,no
ADV-172,Media and publishing,Google,Carousel,2026-06-05,yes
ADV-944,Technology and SaaS,Meta,Video,2026-09-10,yes
ADV-835,Retail and ecommerce,Google,Video,2026-07-19,yes
ADV-312,Technology and SaaS,Meta,Carousel,2026-05-26,no
ADV-312,Public sector,Google,Carousel,2026-07-11,no
ADV-545,Media and publishing,Meta,Video,2026-06-18,no
ADV-545,Education,Google,Video,2026-08-01,no
ADV-159,Technology and SaaS,Google,Video,2026-07-25,no
ADV-248,Public sector,Meta,Video,2026-08-05,no
ADV-429,Energy,Google,Video,2026-08-09,no
ADV-545,Public sector,Meta,Carousel,2026-07-27,no
ADV-545,Energy,Meta,Video,2026-07-02,no
ADV-429,Public sector,Google,Video,2026-06-11,yes
ADV-429,Media and publishing,Google,Video,2026-05-21,no
ADV-312,Education,Meta,Video,2026-05-22,yes
ADV-159,Public sector,Google,Video,2026-06-10,no
ADV-248,Energy,Meta,Static,2026-06-03,no
ADV-159,Energy,Meta,Video,2026-09-06,no
ADV-159,Media and publishing,Meta,Video,2026-07-17,yes
ADV-545,Media and publishing,Meta,Carousel,2026-06-18,no
ADV-312,Education,Meta,Carousel,2026-07-27,yes
ADV-312,Public sector,Meta,Static,2026-07-13,yes
ADV-835,Technology and SaaS,Google,Video,2026-08-02,no
ADV-248,Technology and SaaS,Google,Video,2026-08-08,no
ADV-429,Public sector,Google,Carousel,2026-08-16,no
ADV-312,Media and publishing,Google,Carousel,2026-08-23,yes
ADV-312,Education,Meta,Carousel,2026-07-11,yes
ADV-545,Retail and ecommerce,Google,Video,2026-07-28,yes
ADV-545,Technology and SaaS,Google,Static,2026-07-13,no
ADV-312,Technology and SaaS,Meta,Carousel,2026-06-10,yes
ADV-545,Energy,Meta,Carousel,2026-05-19,no
ADV-835,Public sector,Meta,Static,2026-07-31,yes
ADV-835,Media and publishing,Google,Video,2026-06-04,yes
ADV-172,Technology and SaaS,Google,Carousel,2026-06-16,yes
ADV-545,Public sector,Meta,Carousel,2026-08-31,no
ADV-429,Public sector,Google,Static,2026-05-23,no
ADV-248,Technology and SaaS,Meta,Video,2026-08-24,no
ADV-159,Education,Meta,Static,2026-07-29,yes
ADV-248,Technology and SaaS,Google,Carousel,2026-08-28,no
ADV-312,Media and publishing,Google,Carousel,2026-07-04,no
ADV-248,Public sector,Meta,Video,2026-07-03,yes
ADV-172,Media and publishing,Google,Video,2026-07-31,yes
ADV-248,Public sector,Google,Video,2026-08-21,yes
ADV-944,Education,Google,Video,2026-09-08,no
ADV-429,Media and publishing,Meta,Video,2026-06-19,no
ADV-545,Technology and SaaS,Google,Video,2026-09-02,no
ADV-248,Technology and SaaS,Google,Video,2026-08-25,yes
ADV-159,Energy,Google,Static,2026-08-28,yes
ADV-172,Energy,Google,Video,2026-08-26,yes
ADV-545,Education,Meta,Video,2026-07-14,no
ADV-545,Public sector,Google,Video,2026-08-05,yes
ADV-835,Retail and ecommerce,Meta,Video,2026-07-04,no
ADV-159,Technology and SaaS,Google,Static,2026-09-03,no
ADV-944,Public sector,Meta,Carousel,2026-09-03,no
ADV-944,Energy,Google,Video,2026-07-06,no
ADV-159,Retail and ecommerce,Google,Video,2026-06-08,yes
ADV-248,Retail and ecommerce,Meta,Carousel,2026-09-04,no
ADV-429,Energy,Google,Static,2026-09-02,no
ADV-944,Retail and ecommerce,Google,Carousel,2026-07-04,yes
ADV-248,Technology and SaaS,Google,Carousel,2026-09-02,yes
ADV-545,Media and publishing,Meta,Video,2026-08-09,yes
ADV-944,Technology and SaaS,Google,Video,2026-07-27,no
ADV-429,Energy,Meta,Video,2026-05-23,yes
ADV-545,Education,Meta,Video,2026-05-20,no
ADV-545,Media and publishing,Google,Video,2026-07-10,no
ADV-172,Public sector,Meta,Carousel,2026-07-09,yes
ADV-159,Education,Google,Static,2026-05-30,no
ADV-429,Technology and SaaS,Meta,Carousel,2026-09-03,no
ADV-172,Public sector,Meta,Carousel,2026-08-04,yes
ADV-545,Media and publishing,Google,Video,2026-08-11,no
ADV-248,Education,Meta,Static,2026-08-17,yes
ADV-312,Energy,Meta,Video,2026-07-30,no
ADV-248,Education,Meta,Video,2026-08-31,no
ADV-944,Public sector,Google,Video,2026-06-26,yes
ADV-944,Energy,Meta,Video,2026-05-17,yes
ADV-159,Retail and ecommerce,Google,Static,2026-05-26,no
ADV-429,Retail and ecommerce,Google,Carousel,2026-07-29,no
ADV-248,Technology and SaaS,Google,Video,2026-05-18,yes
ADV-248,Media and publishing,Google,Carousel,2026-09-07,yes
ADV-835,Public sector,Google,Static,2026-07-18,no
ADV-944,Retail and ecommerce,Google,Carousel,2026-09-04,no
ADV-944,Public sector,Meta,Video,2026-07-10,yes
ADV-545,Education,Google,Static,2026-07-27,no
ADV-944,Media and publishing,Google,Video,2026-08-12,yes
ADV-429,Technology and SaaS,Google,Video,2026-07-31,yes
ADV-944,Media and publishing,Meta,Video,2026-07-24,yes
ADV-172,Technology and SaaS,Meta,Carousel,2026-06-02,no
ADV-545,Public sector,Google,Carousel,2026-06-15,no
ADV-944,Technology and SaaS,Meta,Video,2026-06-18,no
ADV-312,Media and publishing,Meta,Video,2026-07-09,no
ADV-835,Media and publishing,Google,Carousel,2026-06-15,no
ADV-248,Technology and SaaS,Meta,Video,2026-05-23,no
ADV-159,Technology and SaaS,Meta,Video,2026-05-31,yes
ADV-944,Public sector,Google,Carousel,2026-09-05,yes
ADV-545,Retail and ecommerce,Meta,Video,2026-07-25,yes
ADV-944,Technology and SaaS,Meta,Carousel,2026-08-21,no
ADV-835,Media and publishing,Google,Static,2026-06-30,no
ADV-172,Energy,Google,Carousel,2026-08-31,yes
ADV-944,Education,Meta,Video,2026-07-03,no
ADV-248,Media and publishing,Google,Video,2026-06-23,yes
ADV-172,Technology and SaaS,Meta,Static,2026-08-30,yes
ADV-172,Technology and SaaS,Meta,Video,2026-07-20,no
ADV-944,Media and publishing,Meta,Video,2026-08-10,yes
ADV-429,Public sector,Google,Video,2026-09-02,yes
ADV-248,Technology and SaaS,Google,Static,2026-08-30,yes
ADV-172,Education,Google,Video,2026-05-25,no
ADV-159,Media and publishing,Meta,Video,2026-07-19,no
ADV-545,Retail and ecommerce,Google,Video,2026-07-05,yes
ADV-248,Education,Meta,Video,2026-06-08,yes
ADV-159,Education,Google,Video,2026-09-12,no
ADV-248,Public sector,Meta,Video,2026-08-19,yes
ADV-312,Education,Meta,Video,2026-06-17,yes
ADV-248,Retail and ecommerce,Meta,Static,2026-07-04,no
ADV-545,Energy,Google,Static,2026-06-13,no
ADV-835,Media and publishing,Meta,Video,2026-05-18,no
ADV-545,Public sector,Meta,Video,2026-06-25,no
ADV-248,Media and publishing,Google,Static,2026-05-26,no
ADV-159,Energy,Meta,Video,2026-09-03,yes
ADV-312,Public sector,Meta,Video,2026-07-20,yes
ADV-944,Technology and SaaS,Meta,Carousel,2026-07-06,no
ADV-835,Technology and SaaS,Google,Carousel,2026-09-01,yes
ADV-159,Technology and SaaS,Google,Video,2026-06-12,yes
ADV-429,Technology and SaaS,Google,Video,2026-08-10,yes
ADV-159,Media and publishing,Google,Video,2026-08-26,yes
ADV-545,Retail and ecommerce,Google,Carousel,2026-06-19,no
ADV-312,Media and publishing,Google,Video,2026-06-08,yes
ADV-429,Public sector,Meta,Video,2026-05-17,no
ADV-429,Technology and SaaS,Meta,Carousel,2026-07-30,no
ADV-429,Education,Meta,Carousel,2026-08-16,no
ADV-248,Energy,Meta,Static,2026-05-30,yes
ADV-429,Media and publishing,Meta,Video,2026-05-31,yes
ADV-312,Technology and SaaS,Meta,Carousel,2026-07-18,yes
ADV-248,Media and publishing,Meta,Carousel,2026-06-11,no
ADV-159,Technology and SaaS,Meta,Video,2026-06-11,yes
ADV-944,Retail and ecommerce,Google,Video,2026-08-03,yes
ADV-312,Technology and SaaS,Google,Video,2026-08-09,yes
ADV-545,Technology and SaaS,Google,Carousel,2026-07-17,no
ADV-248,Technology and SaaS,Meta,Video,2026-05-24,yes
ADV-545,Media and publishing,Meta,Carousel,2026-07-04,yes
ADV-172,Technology and SaaS,Google,Video,2026-08-09,yes
ADV-172,Media and publishing,Meta,Video,2026-08-12,no
ADV-159,Media and publishing,Meta,Video,2026-06-22,yes
ADV-248,Technology and SaaS,Meta,Carousel,2026-07-20,no
ADV-312,Retail and ecommerce,Google,Video,2026-05-24,no
ADV-172,Energy,Google,Static,2026-07-18,no
ADV-835,Technology and SaaS,Google,Video,2026-05-21,no
ADV-835,Education,Google,Video,2026-09-06,no
ADV-312,Retail and ecommerce,Meta,Video,2026-08-25,no
ADV-172,Public sector,Meta,Carousel,2026-08-24,yes
ADV-159,Media and publishing,Google,Video,2026-06-21,yes
ADV-944,Technology and SaaS,Google,Carousel,2026-09-02,yes
ADV-429,Education,Meta,Video,2026-09-01,no
ADV-248,Technology and SaaS,Google,Static,2026-08-31,no
ADV-429,Media and publishing,Meta,Static,2026-06-11,yes
ADV-312,Energy,Meta,Video,2026-09-03,no
ADV-159,Education,Google,Video,2026-07-15,yes
ADV-545,Energy,Google,Video,2026-09-10,no
ADV-248,Education,Meta,Video,2026-06-10,no
ADV-159,Media and publishing,Meta,Video,2026-08-28,no
ADV-944,Retail and ecommerce,Meta,Carousel,2026-05-29,yes
ADV-944,Media and publishing,Google,Video,2026-06-11,no
ADV-172,Technology and SaaS,Google,Carousel,2026-07-14,yes
ADV-312,Public sector,Google,Static,2026-06-20,no
ADV-429,Media and publishing,Google,Video,2026-07-22,yes
ADV-429,Media and publishing,Google,Video,2026-06-21,no
ADV-248,Technology and SaaS,Meta,Video,2026-07-05,yes
ADV-172,Technology and SaaS,Google,Video,2026-07-22,yes
ADV-835,Technology and SaaS,Google,Carousel,2026-07-16,yes
ADV-545,Retail and ecommerce,Meta,Video,2026-06-30,no
ADV-248,Technology and SaaS,Google,Video,2026-07-10,no
ADV-248,Public sector,Google,Carousel,2026-08-20,yes
ADV-248,Public sector,Google,Video,2026-08-13,no
ADV-248,Public sector,Meta,Carousel,2026-06-12,yes
ADV-172,Media and publishing,Google,Video,2026-07-17,no
ADV-312,Technology and SaaS,Google,Carousel,2026-08-18,yes
ADV-172,Energy,Meta,Carousel,2026-08-28,no
ADV-159,Education,Meta,Video,2026-05-23,no
ADV-172,Technology and SaaS,Meta,Video,2026-05-29,no
ADV-835,Public sector,Meta,Carousel,2026-06-18,no
ADV-429,Media and publishing,Google,Video,2026-07-25,yes
ADV-545,Retail and ecommerce,Meta,Video,2026-06-02,yes
ADV-312,Media and publishing,Meta,Video,2026-07-10,no
ADV-944,Energy,Google,Video,2026-07-05,yes
ADV-248,Public sector,Meta,Video,2026-07-19,yes
ADV-944,Retail and ecommerce,Meta,Carousel,2026-06-11,yes
ADV-944,Media and publishing,Google,Carousel,2026-07-01,no
ADV-172,Technology and SaaS,Meta,Carousel,2026-06-14,no
ADV-835,Energy,Meta,Video,2026-06-07,yes
ADV-429,Public sector,Meta,Video,2026-06-09,yes
ADV-835,Technology and SaaS,Google,Carousel,2026-06-28,no
ADV-172,Public sector,Google,Video,2026-05-19,yes
ADV-312,Education,Meta,Carousel,2026-06-22,yes
ADV-835,Technology and SaaS,Google,Static,2026-05-24,no
ADV-944,Public sector,Google,Carousel,2026-08-31,no
ADV-944,Technology and SaaS,Google,Static,2026-09-05,yes
ADV-835,Energy,Meta,Carousel,2026-06-14,no
ADV-944,Media and publishing,Meta,Video,2026-08-07,no
ADV-312,Technology and SaaS,Google,Carousel,2026-09-03,yes
ADV-172,Education,Google,Carousel,2026-06-07,yes
ADV-159,Technology and SaaS,Meta,Carousel,2026-08-18,yes
ADV-248,Technology and SaaS,Meta,Video,2026-05-30,yes
ADV-159,Public sector,Google,Video,2026-08-17,yes
ADV-944,Energy,Meta,Carousel,2026-07-22,yes
ADV-545,Technology and SaaS,Meta,Carousel,2026-06-29,yes
ADV-159,Energy,Meta,Carousel,2026-05-31,yes
ADV-429,Technology and SaaS,Google,Carousel,2026-08-28,yes
ADV-312,Technology and SaaS,Google,Carousel,2026-07-28,no
ADV-172,Technology and SaaS,Google,Carousel,2026-08-25,no
ADV-312,Public sector,Google,Video,2026-08-01,no
ADV-248,Public sector,Google,Carousel,2026-05-26,yes
ADV-944,Education,Meta,Video,2026-06-01,yes
ADV-835,Retail and ecommerce,Google,Carousel,2026-06-15,yes
ADV-172,Education,Google,Carousel,2026-08-02,no
ADV-944,Technology and SaaS,Google,Video,2026-09-09,yes
ADV-944,Energy,Google,Static,2026-07-24,no
ADV-248,Energy,Google,Video,2026-06-06,no
ADV-312,Technology and SaaS,Google,Carousel,2026-06-14,yes
ADV-248,Education,Google,Carousel,2026-05-28,no
ADV-429,Technology and SaaS,Meta,Video,2026-06-18,yes
ADV-545,Media and publishing,Meta,Static,2026-08-13,no
ADV-312,Energy,Google,Video,2026-06-04,no
ADV-429,Retail and ecommerce,Google,Carousel,2026-09-02,yes
ADV-248,Education,Meta,Video,2026-08-31,yes
ADV-159,Technology and SaaS,Meta,Carousel,2026-05-30,no
ADV-545,Media and publishing,Meta,Carousel,2026-08-27,no
ADV-312,Education,Google,Carousel,2026-07-31,yes
ADV-944,Media and publishing,Google,Static,2026-05-24,no
ADV-835,Media and publishing,Google,Static,2026-08-08,yes
ADV-835,Media and publishing,Meta,Carousel,2026-08-28,yes
ADV-159,Energy,Google,Carousel,2026-08-21,no
ADV-312,Technology and SaaS,Google,Video,2026-09-09,no
ADV-248,Energy,Google,Video,2026-08-20,yes
ADV-944,Media and publishing,Meta,Carousel,2026-07-04,no
ADV-944,Media and publishing,Meta,Static,2026-06-08,no
ADV-172,Education,Meta,Video,2026-06-10,no
ADV-944,Energy,Meta,Video,2026-07-06,no
ADV-429,Media and publishing,Google,Carousel,2026-07-26,yes
ADV-159,Technology and SaaS,Google,Carousel,2026-08-23,no
ADV-172,Technology and SaaS,Google,Carousel,2026-06-28,no
ADV-172,Energy,Meta,Carousel,2026-05-27,no
ADV-312,Technology and SaaS,Meta,Video,2026-05-19,yes
ADV-835,Media and publishing,Google,Video,2026-07-29,yes
ADV-172,Media and publishing,Google,Carousel,2026-07-15,yes
ADV-248,Technology and SaaS,Meta,Video,2026-07-24,yes
ADV-159,Public sector,Google,Carousel,2026-07-05,no
ADV-312,Media and publishing,Google,Carousel,2026-05-19,yes
ADV-429,Retail and ecommerce,Google,Video,2026-07-01,yes
ADV-172,Education,Meta,Static,2026-06-16,no
ADV-312,Education,Google,Video,2026-06-24,yes
ADV-429,Media and publishing,Google,Carousel,2026-06-02,yes
ADV-159,Technology and SaaS,Meta,Video,2026-05-29,no
ADV-248,Media and publishing,Google,Carousel,2026-09-06,yes
ADV-429,Media and publishing,Google,Video,2026-07-01,yes
ADV-944,Media and publishing,Google,Video,2026-07-09,yes
ADV-944,Technology and SaaS,Google,Video,2026-08-03,no
ADV-944,Media and publishing,Meta,Video,2026-05-18,no
ADV-835,Media and publishing,Meta,Carousel,2026-09-11,no
ADV-835,Media and publishing,Google,Static,2026-07-21,no
ADV-312,Education,Google,Carousel,2026-08-13,yes
ADV-545,Media and publishing,Google,Video,2026-06-03,yes
ADV-944,Public sector,Google,Static,2026-09-07,yes
ADV-312,Media and publishing,Meta,Carousel,2026-06-18,yes
ADV-545,Public sector,Meta,Carousel,2026-06-11,no
ADV-545,Media and publishing,Meta,Carousel,2026-08-21,no
ADV-172,Media and publishing,Meta,Carousel,2026-07-23,no
ADV-835,Technology and SaaS,Meta,Video,2026-07-02,no
ADV-835,Retail and ecommerce,Google,Static,2026-07-30,no
ADV-159,Retail and ecommerce,Google,Carousel,2026-05-30,no
ADV-248,Retail and ecommerce,Google,Video,2026-06-27,no
ADV-159,Education,Google,Carousel,2026-05-20,no
ADV-944,Technology and SaaS,Meta,Static,2026-07-05,yes
ADV-159,Education,Google,Carousel,2026-06-30,yes
ADV-429,Technology and SaaS,Meta,Video,2026-08-21,yes
ADV-248,Retail and ecommerce,Meta,Carousel,2026-05-31,no
ADV-248,Technology and SaaS,Meta,Video,2026-05-20,yes
ADV-312,Energy,Meta,Carousel,2026-05-22,yes
ADV-429,Education,Meta,Carousel,2026-08-06,no
ADV-545,Media and publishing,Meta,Video,2026-08-08,no
ADV-835,Energy,Google,Carousel,2026-07-29,no
ADV-545,Technology and SaaS,Google,Video,2026-08-25,no
ADV-429,Retail and ecommerce,Google,Carousel,2026-08-31,yes
ADV-545,Technology and SaaS,Meta,Video,2026-06-21,no
ADV-172,Education,Google,Video,2026-05-17,yes
ADV-312,Energy,Google,Carousel,2026-07-04,no
ADV-545,Media and publishing,Google,Carousel,2026-06-01,yes
ADV-545,Media and publishing,Meta,Video,2026-08-22,yes
ADV-429,Public sector,Meta,Static,2026-07-08,no
ADV-172,Technology and SaaS,Meta,Video,2026-07-25,yes
ADV-545,Technology and SaaS,Google,Carousel,2026-06-24,yes
ADV-835,Technology and SaaS,Google,Carousel,2026-06-02,yes
ADV-248,Technology and SaaS,Google,Carousel,2026-07-28,yes
ADV-429,Education,Meta,Carousel,2026-09-03,yes
ADV-159,Energy,Meta,Video,2026-05-31,no
ADV-429,Media and publishing,Meta,Video,2026-05-25,no
ADV-172,Education,Meta,Video,2026-08-02,yes
ADV-545,Media and publishing,Google,Video,2026-06-14,yes
ADV-944,Energy,Meta,Carousel,2026-09-07,no
ADV-545,Public sector,Meta,Carousel,2026-08-01,no
ADV-172,Media and publishing,Meta,Video,2026-07-07,yes
ADV-545,Education,Google,Video,2026-08-09,no
ADV-312,Technology and SaaS,Meta,Video,2026-08-24,no
ADV-429,Energy,Google,Carousel,2026-07-18,yes
ADV-545,Public sector,Meta,Static,2026-08-04,no
ADV-172,Public sector,Google,Carousel,2026-05-16,no
ADV-545,Energy,Google,Video,2026-07-23,no
ADV-172,Energy,Google,Carousel,2026-08-18,yes
ADV-429,Media and publishing,Google,Video,2026-08-27,yes
ADV-545,Public sector,Meta,Video,2026-06-27,yes
ADV-159,Media and publishing,Meta,Video,2026-07-10,yes
ADV-312,Public sector,Google,Carousel,2026-07-21,no
ADV-545,Education,Meta,Carousel,2026-05-29,yes
ADV-545,Technology and SaaS,Google,Video,2026-09-10,no
ADV-159,Public sector,Google,Video,2026-08-08,no
ADV-545,Media and publishing,Meta,Video,2026-07-21,no
ADV-944,Retail and ecommerce,Meta,Video,2026-09-08,yes
ADV-545,Technology and SaaS,Google,Video,2026-05-23,no
ADV-545,Media and publishing,Google,Video,2026-06-28,no
ADV-312,Media and publishing,Google,Video,2026-06-06,yes
ADV-159,Technology and SaaS,Meta,Carousel,2026-05-27,yes
ADV-172,Technology and SaaS,Meta,Video,2026-06-04,yes
ADV-429,Media and publishing,Google,Carousel,2026-05-19,yes
ADV-429,Media and publishing,Google,Video,2026-06-05,no
ADV-545,Retail and ecommerce,Meta,Carousel,2026-06-15,no
ADV-429,Media and publishing,Meta,Static,2026-06-23,yes
ADV-835,Education,Google,Video,2026-08-18,no
ADV-248,Public sector,Google,Static,2026-06-02,yes
ADV-944,Technology and SaaS,Meta,Video,2026-08-26,no
ADV-312,Technology and SaaS,Google,Video,2026-08-08,yes
ADV-545,Media and publishing,Meta,Carousel,2026-08-30,yes
ADV-429,Media and publishing,Google,Video,2026-09-08,yes
ADV-429,Public sector,Meta,Static,2026-08-30,no
ADV-835,Energy,Meta,Video,2026-08-13,no
ADV-248,Technology and SaaS,Meta,Carousel,2026-09-05,no
ADV-159,Technology and SaaS,Meta,Carousel,2026-08-30,no
ADV-172,Technology and SaaS,Google,Carousel,2026-09-05,yes
ADV-835,Technology and SaaS,Google,Video,2026-05-27,yes
ADV-159,Technology and SaaS,Meta,Video,2026-09-06,yes
ADV-835,Energy,Meta,Video,2026-08-05,yes
ADV-835,Media and publishing,Meta,Carousel,2026-06-19,yes
ADV-835,Education,Google,Carousel,2026-08-24,yes
ADV-159,Education,Google,Video,2026-07-05,no
ADV-835,Public sector,Google,Video,2026-08-06,no
ADV-248,Retail and ecommerce,Google,Video,2026-06-29,no
ADV-172,Technology and SaaS,Meta,Carousel,2026-06-23,yes
ADV-944,Retail and ecommerce,Google,Carousel,2026-07-29,no
ADV-835,Media and publishing,Meta,Video,2026-08-20,no
ADV-172,Energy,Google,Carousel,2026-07-25,no
ADV-159,Technology and SaaS,Google,Static,2026-09-02,yes
ADV-248,Energy,Google,Carousel,2026-06-01,no
ADV-944,Media and publishing,Google,Video,2026-06-28,no
ADV-172,Technology and SaaS,Google,Carousel,2026-08-02,no
ADV-172,Technology and SaaS,Meta,Video,2026-08-13,yes
ADV-944,Energy,Meta,Carousel,2026-06-24,no
ADV-944,Media and publishing,Meta,Carousel,2026-08-23,no
ADV-944,Technology and SaaS,Meta,Video,2026-08-12,yes
ADV-172,Media and publishing,Google,Video,2026-07-10,yes
ADV-312,Energy,Google,Video,2026-08-07,yes
ADV-159,Media and publishing,Meta,Carousel,2026-07-02,yes
ADV-159,Media and publishing,Meta,Video,2026-07-21,yes
ADV-944,Media and publishing,Google,Carousel,2026-06-03,no
ADV-159,Media and publishing,Google,Video,2026-07-16,no
ADV-835,Energy,Meta,Video,2026-05-18,no
ADV-172,Technology and SaaS,Meta,Video,2026-08-24,no
ADV-248,Education,Meta,Static,2026-08-07,no
ADV-159,Media and publishing,Google,Video,2026-09-11,yes
ADV-835,Technology and SaaS,Meta,Carousel,2026-06-18,no
ADV-429,Media and publishing,Meta,Video,2026-05-16,no
ADV-159,Technology and SaaS,Meta,Video,2026-08-21,yes
ADV-429,Education,Meta,Video,2026-08-12,yes
ADV-944,Energy,Meta,Video,2026-09-03,yes
ADV-312,Technology and SaaS,Meta,Carousel,2026-07-19,no
ADV-159,Energy,Google,Video,2026-08-22,no
ADV-312,Technology and SaaS,Meta,Carousel,2026-08-22,yes
ADV-312,Education,Google,Video,2026-08-23,yes
ADV-159,Retail and ecommerce,Google,Video,2026-09-09,yes
ADV-835,Technology and SaaS,Google,Video,2026-09-10,yes
ADV-944,Media and publishing,Meta,Static,2026-05-19,no
ADV-172,Retail and ecommerce,Google,Video,2026-05-29,yes
ADV-944,Public sector,Google,Carousel,2026-06-04,no
ADV-835,Technology and SaaS,Google,Carousel,2026-06-22,no
ADV-429,Retail and ecommerce,Google,Video,2026-07-05,yes
ADV-835,Energy,Google,Video,2026-07-19,yes
ADV-835,Retail and ecommerce,Google,Video,2026-06-30,yes
ADV-312,Retail and ecommerce,Google,Video,2026-07-14,yes
ADV-545,Energy,Meta,Video,2026-05-20,yes
ADV-248,Media and publishing,Google,Carousel,2026-09-02,no
ADV-545,Technology and SaaS,Meta,Video,2026-06-01,yes
ADV-159,Education,Google,Carousel,2026-07-02,no
ADV-545,Education,Google,Video,2026-06-01,yes
ADV-545,Technology and SaaS,Google,Video,2026-07-06,yes
ADV-312,Education,Google,Video,2026-07-20,no
ADV-429,Media and publishing,Google,Video,2026-06-27,yes
ADV-172,Education,Meta,Carousel,2026-08-20,no
ADV-159,Media and publishing,Google,Carousel,2026-08-16,yes
ADV-159,Technology and SaaS,Google,Static,2026-08-20,yes
ADV-545,Technology and SaaS,Google,Video,2026-06-13,no
ADV-159,Retail and ecommerce,Meta,Carousel,2026-05-31,yes
ADV-159,Media and publishing,Google,Carousel,2026-07-23,no
ADV-835,Media and publishing,Meta,Video,2026-08-23,no
ADV-159,Media and publishing,Google,Carousel,2026-06-24,no
ADV-312,Education,Meta,Video,2026-06-17,no
ADV-545,Education,Google,Carousel,2026-08-27,no
ADV-944,Public sector,Meta,Static,2026-07-13,no
ADV-545,Education,Google,Video,2026-05-21,yes
ADV-248,Technology and SaaS,Meta,Video,2026-06-09,yes
ADV-159,Technology and SaaS,Google,Video,2026-06-09,no
ADV-248,Technology and SaaS,Google,Video,2026-07-04,yes
ADV-248,Media and publishing,Meta,Video,2026-08-13,no
ADV-159,Energy,Google,Video,2026-06-22,yes
ADV-835,Media and publishing,Meta,Carousel,2026-08-13,no
ADV-429,Energy,Meta,Carousel,2026-07-25,no
ADV-159,Technology and SaaS,Meta,Video,2026-07-09,yes
ADV-944,Media and publishing,Meta,Static,2026-06-18,no
ADV-248,Public sector,Meta,Video,2026-05-27,yes
ADV-545,Technology and SaaS,Meta,Carousel,2026-06-02,yes
ADV-312,Retail and ecommerce,Google,Carousel,2026-06-17,no
ADV-545,Energy,Google,Carousel,2026-08-01,no
ADV-312,Energy,Meta,Carousel,2026-08-25,yes
ADV-312,Media and publishing,Google,Video,2026-08-21,no
ADV-312,Energy,Google,Carousel,2026-06-17,yes
ADV-429,Education,Meta,Static,2026-07-08,no
ADV-159,Media and publishing,Meta,Video,2026-06-14,yes
ADV-312,Technology and SaaS,Google,Video,2026-05-19,no
ADV-545,Education,Meta,Video,2026-06-22,no
ADV-944,Media and publishing,Meta,Video,2026-07-21,no
ADV-429,Technology and SaaS,Meta,Static,2026-08-17,no
ADV-248,Technology and SaaS,Google,Video,2026-08-10,no
ADV-248,Media and publishing,Meta,Video,2026-08-29,yes
ADV-545,Retail and ecommerce,Google,Video,2026-06-08,yes
ADV-429,Energy,Google,Video,2026-07-10,yes
ADV-248,Energy,Meta,Carousel,2026-06-19,no
ADV-172,Media and publishing,Google,Static,2026-06-05,yes
ADV-172,Energy,Google,Video,2026-05-29,yes
ADV-944,Retail and ecommerce,Google,Video,2026-07-31,no
ADV-248,Media and publishing,Meta,Carousel,2026-07-02,yes
ADV-172,Public sector,Meta,Video,2026-08-30,yes
ADV-545,Technology and SaaS,Meta,Carousel,2026-06-17,yes
ADV-944,Energy,Google,Video,2026-07-12,no
ADV-944,Public sector,Meta,Video,2026-09-01,yes
ADV-312,Media and publishing,Google,Video,2026-09-10,yes
ADV-159,Retail and ecommerce,Meta,Carousel,2026-08-09,no
ADV-835,Media and publishing,Meta,Carousel,2026-07-04,yes
ADV-172,Energy,Meta,Video,2026-07-07,no
ADV-545,Energy,Meta,Video,2026-08-16,no
ADV-429,Energy,Meta,Static,2026-07-07,no
ADV-159,Technology and SaaS,Meta,Static,2026-08-13,yes
ADV-835,Energy,Meta,Video,2026-08-18,no
ADV-944,Education,Meta,Static,2026-08-28,no
ADV-545,Retail and ecommerce,Google,Carousel,2026-06-19,no
ADV-248,Technology and SaaS,Meta,Carousel,2026-06-13,no
ADV-545,Public sector,Google,Video,2026-06-03,no
ADV-944,Education,Meta,Video,2026-07-09,no
ADV-159,Media and publishing,Google,Carousel,2026-08-03,no
ADV-429,Technology and SaaS,Google,Video,2026-07-31,no
ADV-835,Media and publishing,Google,Carousel,2026-05-30,yes
ADV-312,Energy,Meta,Video,2026-08-27,yes
ADV-159,Energy,Meta,Carousel,2026-07-16,yes
ADV-944,Technology and SaaS,Google,Carousel,2026-05-26,yes
ADV-944,Education,Meta,Carousel,2026-07-27,yes
ADV-248,Technology and SaaS,Meta,Static,2026-05-20,no
ADV-248,Education,Google,Video,2026-07-15,no
ADV-172,Technology and SaaS,Google,Carousel,2026-08-04,yes
ADV-944,Public sector,Meta,Carousel,2026-06-01,no
ADV-172,Technology and SaaS,Google,Video,2026-07-20,yes
ADV-545,Public sector,Google,Carousel,2026-08-09,yes
ADV-944,Technology and SaaS,Meta,Carousel,2026-05-23,yes
ADV-545,Energy,Meta,Carousel,2026-09-11,no
ADV-312,Media and publishing,Google,Static,2026-09-02,yes
ADV-835,Public sector,Meta,Video,2026-06-12,no
ADV-835,Education,Google,Carousel,2026-07-01,no
ADV-545,Public sector,Meta,Video,2026-06-19,yes
ADV-944,Media and publishing,Meta,Carousel,2026-06-14,yes
ADV-545,Media and publishing,Meta,Static,2026-07-20,yes
ADV-159,Public sector,Meta,Carousel,2026-08-28,no
ADV-545,Energy,Google,Video,2026-06-20,yes
ADV-835,Public sector,Google,Carousel,2026-08-10,no
ADV-312,Technology and SaaS,Meta,Carousel,2026-08-25,yes
ADV-248,Technology and SaaS,Google,Static,2026-07-24,no
ADV-944,Retail and ecommerce,Meta,Carousel,2026-05-29,no
ADV-248,Retail and ecommerce,Google,Video,2026-07-11,yes
ADV-944,Retail and ecommerce,Google,Video,2026-09-07,no
ADV-944,Media and publishing,Google,Carousel,2026-09-04,yes
ADV-159,Technology and SaaS,Google,Video,2026-07-07,yes
ADV-159,Media and publishing,Meta,Carousel,2026-06-19,no
ADV-159,Public sector,Google,Video,2026-06-19,yes
ADV-159,Public sector,Google,Video,2026-05-20,no
ADV-159,Technology and SaaS,Google,Carousel,2026-09-09,no
ADV-248,Energy,Google,Video,2026-06-28,no
ADV-159,Retail and ecommerce,Google,Video,2026-07-12,yes
ADV-248,Media and publishing,Meta,Video,2026-07-01,yes
ADV-545,Technology and SaaS,Meta,Video,2026-05-23,yes
ADV-944,Energy,Meta,Video,2026-06-07,yes
ADV-835,Public sector,Meta,Video,2026-06-10,no
ADV-172,Energy,Google,Carousel,2026-08-02,no
ADV-429,Energy,Meta,Video,2026-05-31,yes
ADV-172,Technology and SaaS,Google,Static,2026-08-02,yes
ADV-312,Media and publishing,Meta,Video,2026-09-08,no
ADV-429,Technology and SaaS,Google,Static,2026-08-14,yes
ADV-172,Public sector,Google,Video,2026-07-17,yes
ADV-545,Media and publishing,Google,Carousel,2026-07-21,yes
ADV-172,Public sector,Google,Carousel,2026-06-17,yes
ADV-312,Retail and ecommerce,Meta,Video,2026-05-16,yes
ADV-545,Retail and ecommerce,Google,Video,2026-09-04,yes
ADV-429,Public sector,Meta,Video,2026-06-05,yes
ADV-835,Technology and SaaS,Meta,Video,2026-06-02,yes
ADV-172,Public sector,Google,Carousel,2026-06-10,no
ADV-248,Media and publishing,Google,Video,2026-07-21,no
ADV-172,Public sector,Meta,Carousel,2026-06-01,no
ADV-944,Technology and SaaS,Meta,Video,2026-05-21,yes
ADV-248,Public sector,Google,Video,2026-09-03,no
ADV-944,Education,Meta,Video,2026-05-19,no
ADV-248,Public sector,Meta,Carousel,2026-06-17,no
ADV-835,Media and publishing,Meta,Video,2026-07-30,no
ADV-172,Technology and SaaS,Google,Carousel,2026-06-13,yes
ADV-835,Technology and SaaS,Meta,Carousel,2026-06-15,no
ADV-835,Media and publishing,Meta,Carousel,2026-08-24,yes
ADV-429,Energy,Meta,Video,2026-08-28,yes
ADV-944,Media and publishing,Google,Static,2026-06-17,yes
ADV-312,Energy,Meta,Static,2026-07-04,no
ADV-248,Energy,Meta,Video,2026-08-10,yes
ADV-159,Energy,Google,Carousel,2026-05-26,no
ADV-944,Media and publishing,Google,Carousel,2026-06-29,yes
ADV-944,Technology and SaaS,Google,Video,2026-07-19,yes
ADV-835,Technology and SaaS,Google,Carousel,2026-08-16,no
ADV-159,Technology and SaaS,Google,Carousel,2026-06-09,yes
ADV-429,Education,Meta,Video,2026-05-28,no
ADV-312,Technology and SaaS,Google,Video,2026-07-10,yes
ADV-248,Retail and ecommerce,Meta,Video,2026-08-07,no
ADV-248,Technology and SaaS,Meta,Carousel,2026-08-28,yes
ADV-172,Technology and SaaS,Google,Video,2026-06-15,yes
ADV-429,Media and publishing,Meta,Static,2026-07-03,yes
ADV-429,Technology and SaaS,Meta,Static,2026-08-20,no
ADV-944,Technology and SaaS,Meta,Carousel,2026-06-18,yes
ADV-429,Energy,Meta,Video,2026-06-29,no
ADV-429,Retail and ecommerce,Meta,Video,2026-07-17,yes
ADV-835,Retail and ecommerce,Google,Video,2026-07-02,yes
ADV-312,Technology and SaaS,Google,Video,2026-09-09,no
ADV-429,Media and publishing,Google,Video,2026-07-04,no
ADV-429,Technology and SaaS,Google,Video,2026-05-20,yes
ADV-312,Technology and SaaS,Meta,Carousel,2026-07-17,no
ADV-312,Technology and SaaS,Meta,Video,2026-05-24,yes
ADV-944,Media and publishing,Meta,Static,2026-08-17,yes
ADV-545,Media and publishing,Google,Video,2026-07-25,yes
ADV-159,Retail and ecommerce,Google,Carousel,2026-05-22,no
ADV-429,Technology and SaaS,Google,Video,2026-08-23,no
ADV-835,Retail and ecommerce,Meta,Video,2026-07-13,yes
ADV-172,Retail and ecommerce,Google,Video,2026-07-28,yes
ADV-835,Media and publishing,Google,Static,2026-08-18,yes
ADV-835,Energy,Google,Video,2026-09-05,no
ADV-159,Media and publishing,Google,Carousel,2026-08-29,yes
ADV-835,Public sector,Meta,Video,2026-06-19,yes
ADV-248,Education,Meta,Carousel,2026-09-09,no
ADV-944,Media and publishing,Google,Carousel,2026-05-19,no
ADV-159,Media and publishing,Google,Video,2026-09-10,no
ADV-248,Retail and ecommerce,Meta,Video,2026-06-18,no
ADV-159,Retail and ecommerce,Meta,Video,2026-06-29,no
ADV-835,Education,Google,Static,2026-09-06,no
ADV-835,Energy,Meta,Video,2026-07-27,no
ADV-172,Public sector,Meta,Video,2026-06-26,yes
ADV-248,Media and publishing,Meta,Video,2026-07-07,no
ADV-429,Technology and SaaS,Google,Video,2026-09-05,no
ADV-545,Media and publishing,Google,Video,2026-06-07,no
ADV-172,Energy,Google,Carousel,2026-05-19,yes
ADV-944,Retail and ecommerce,Meta,Video,2026-07-01,no
ADV-944,Technology and SaaS,Meta,Static,2026-05-29,no
ADV-429,Media and publishing,Meta,Video,2026-05-17,no
ADV-545,Retail and ecommerce,Google,Video,2026-06-11,yes
ADV-545,Technology and SaaS,Meta,Video,2026-07-11,yes
ADV-429,Education,Google,Video,2026-05-29,yes
ADV-429,Education,Google,Video,2026-06-17,no
ADV-312,Media and publishing,Google,Carousel,2026-07-20,yes
ADV-835,Media and publishing,Meta,Video,2026-08-24,yes
ADV-944,Retail and ecommerce,Google,Video,2026-06-20,yes
ADV-172,Retail and ecommerce,Google,Video,2026-07-20,yes
ADV-835,Energy,Google,Carousel,2026-07-18,yes
ADV-248,Education,Meta,Video,2026-06-24,no
ADV-944,Media and publishing,Meta,Carousel,2026-08-20,yes
ADV-312,Retail and ecommerce,Meta,Video,2026-08-05,no
ADV-159,Education,Meta,Video,2026-06-14,yes
ADV-944,Media and publishing,Google,Video,2026-08-09,yes
ADV-429,Education,Google,Video,2026-08-30,yes
ADV-944,Media and publishing,Google,Static,2026-06-25,yes
ADV-944,Media and publishing,Google,Static,2026-08-06,yes
ADV-429,Education,Meta,Video,2026-08-19,yes
ADV-429,Retail and ecommerce,Google,Video,2026-06-20,yes
ADV-835,Technology and SaaS,Meta,Carousel,2026-07-16,no
ADV-835,Technology and SaaS,Meta,Video,2026-09-12,yes
ADV-159,Public sector,Google,Carousel,2026-06-01,no
ADV-944,Technology and SaaS,Google,Video,2026-07-30,yes
ADV-248,Retail and ecommerce,Google,Static,2026-08-18,no
ADV-172,Public sector,Meta,Carousel,2026-07-14,no
ADV-429,Retail and ecommerce,Meta,Static,2026-09-09,no
ADV-159,Education,Meta,Video,2026-06-11,yes
ADV-159,Media and publishing,Google,Static,2026-06-05,yes
ADV-312,Technology and SaaS,Meta,Video,2026-07-06,yes
ADV-172,Public sector,Google,Carousel,2026-08-11,no
ADV-159,Technology and SaaS,Google,Carousel,2026-06-12,yes
ADV-545,Technology and SaaS,Meta,Video,2026-08-23,no
ADV-944,Technology and SaaS,Meta,Video,2026-07-31,yes
ADV-835,Public sector,Google,Carousel,2026-08-20,yes
ADV-545,Technology and SaaS,Google,Video,2026-06-16,yes
ADV-835,Technology and SaaS,Google,Static,2026-06-06,yes
ADV-172,Media and publishing,Meta,Carousel,2026-06-27,yes
ADV-159,Public sector,Google,Carousel,2026-07-04,yes
ADV-944,Media and publishing,Meta,Static,2026-09-03,yes
ADV-248,Retail and ecommerce,Google,Video,2026-07-16,yes
ADV-159,Retail and ecommerce,Google,Carousel,2026-07-04,yes
ADV-835,Technology and SaaS,Google,Video,2026-05-22,no
ADV-944,Technology and SaaS,Meta,Carousel,2026-07-19,yes
ADV-312,Technology and SaaS,Meta,Video,2026-08-09,yes
ADV-835,Media and publishing,Google,Video,2026-08-25,no
ADV-248,Public sector,Meta,Video,2026-06-06,yes
ADV-835,Education,Meta,Video,2026-08-12,no
ADV-172,Media and publishing,Google,Carousel,2026-07-26,yes
ADV-835,Education,Google,Static,2026-09-03,no
ADV-835,Education,Meta,Video,2026-06-15,yes
ADV-172,Technology and SaaS,Google,Carousel,2026-07-27,yes
ADV-545,Technology and SaaS,Google,Carousel,2026-06-26,no
ADV-159,Energy,Meta,Video,2026-06-26,no
ADV-429,Public sector,Google,Video,2026-06-21,yes
ADV-429,Retail and ecommerce,Google,Carousel,2026-06-12,yes
ADV-172,Technology and SaaS,Google,Carousel,2026-06-04,yes
ADV-312,Education,Google,Carousel,2026-09-02,yes
ADV-545,Technology and SaaS,Google,Video,2026-06-28,yes
ADV-545,Technology and SaaS,Google,Carousel,2026-07-05,yes
ADV-248,Media and publishing,Meta,Carousel,2026-07-06,no
ADV-312,Technology and SaaS,Google,Video,2026-08-20,yes
ADV-172,Media and publishing,Meta,Carousel,2026-05-27,yes
ADV-172,Technology and SaaS,Meta,Static,2026-06-14,yes
ADV-835,Technology and SaaS,Meta,Video,2026-08-14,no
ADV-172,Public sector,Meta,Carousel,2026-08-06,no
ADV-248,Retail and ecommerce,Google,Video,2026-07-02,yes
ADV-159,Technology and SaaS,Google,Video,2026-06-19,yes
ADV-835,Public sector,Meta,Static,2026-06-12,no
ADV-545,Technology and SaaS,Meta,Video,2026-09-12,yes
ADV-545,Media and publishing,Meta,Video,2026-07-27,yes
ADV-312,Education,Google,Video,2026-05-30,no
ADV-545,Technology and SaaS,Google,Video,2026-06-05,yes
ADV-545,Media and publishing,Google,Carousel,2026-06-15,no
ADV-248,Media and publishing,Meta,Video,2026-08-22,yes
ADV-944,Technology and SaaS,Meta,Video,2026-07-03,yes
ADV-835,Education,Google,Carousel,2026-06-27,no
ADV-312,Technology and SaaS,Meta,Video,2026-05-20,no
ADV-159,Technology and SaaS,Google,Carousel,2026-08-01,yes
ADV-172,Public sector,Meta,Carousel,2026-06-15,no
ADV-172,Public sector,Google,Carousel,2026-06-03,yes
ADV-248,Retail and ecommerce,Google,Video,2026-07-31,no
ADV-944,Technology and SaaS,Google,Carousel,2026-05-25,no
