role,level,county,low,high,posted
SEO,Manager,Meath,41000,61500,2026-07-25
Ecommerce,Head,Sligo,37500,67500,2026-07-30
SEO,Manager,Kerry,62000,71000,2026-08-13
Content and social,Executive,Donegal,58000,97500,2026-09-18
Head of marketing,Head,Mayo,37500,118500,2026-08-23
Brand,Entry,Clare,43500,72500,2026-09-14
Marketing operations,Manager,Cork,48500,62500,2026-09-20
Product marketing,Head,Clare,50000,62000,2026-09-08
SEO,Head,Kerry,39800,47500,2026-06-13
SEO,Manager,Kerry,34700,73200,2026-07-10
Product marketing,Head,Donegal,63300,70800,2026-09-19
Marketing operations,Head,Mayo,52300,89900,2026-07-22
Ecommerce,Manager,Clare,35100,130900,2026-07-28
SEO,Head,Mayo,38200,68700,2026-07-15
Marketing operations,Executive,Mayo,44300,56800,2026-06-28
Ecommerce,Head,Cork,49400,73000,2026-07-30
SEO,Manager,Kerry,37200,51500,2026-08-30
Content and social,Manager,Clare,30500,68100,2026-08-18
Product marketing,Executive,Clare,67400,54000,2026-07-09
Content and social,Manager,Mayo,52300,81500,2026-06-18
Head of marketing,Entry,Meath,30300,112100,2026-07-27
Marketing operations,Head,Kerry,39200,87300,2026-08-19
Ecommerce,Manager,Meath,51400,73600,2026-09-19
Marketing operations,Head,Mayo,57000,61100,2026-09-12
SEO,Head,Meath,45800,57400,2026-06-17
Head of marketing,Head,Sligo,31500,64100,2026-09-10
Brand,Entry,Clare,62200,75400,2026-05-26
SEO,Head,Donegal,53600,101400,2026-09-18
Marketing operations,Head,Mayo,32400,111700,2026-09-06
Ecommerce,Head,Donegal,43700,75600,2026-08-30
Marketing operations,Entry,Mayo,47800,63200,2026-07-11
Product marketing,Manager,Mayo,53700,51100,2026-06-18
Brand,Head,Mayo,43500,76000,2026-09-18
Brand,Manager,Clare,31900,81900,2026-08-21
Ecommerce,Executive,Clare,67400,61200,2026-09-15
Product marketing,Head,Meath,58800,108000,2026-06-17
Ecommerce,Head,Mayo,34100,114700,2026-06-09
Product marketing,Manager,Kerry,37500,66200,2026-09-15
Content and social,Head,Cork,51400,67000,2026-07-05
Head of marketing,Head,Mayo,50300,72100,2026-09-10
Brand,Head,Clare,47800,50900,2026-07-18
SEO,Head,Donegal,30900,63600,2026-07-07
SEO,Head,Donegal,65000,78800,2026-08-14
Marketing operations,Manager,Mayo,65300,89700,2026-08-23
Product marketing,Head,Clare,44300,101800,2026-08-02
Brand,Manager,Mayo,37800,83000,2026-08-13
Product marketing,Entry,Donegal,45100,72000,2026-06-29
Product marketing,Manager,Clare,54900,76400,2026-08-31
Brand,Executive,Cork,41400,46900,2026-09-07
Head of marketing,Head,Donegal,37000,61600,2026-07-03
Marketing operations,Executive,Mayo,66300,86400,2026-08-26
Product marketing,Head,Meath,56700,100100,2026-09-17
Content and social,Manager,Clare,40600,119000,2026-09-02
SEO,Head,Clare,43400,73900,2026-07-29
SEO,Manager,Mayo,43300,52200,2026-06-10
Product marketing,Manager,Donegal,48200,70800,2026-06-27
SEO,Manager,Clare,41100,69000,2026-08-12
Marketing operations,Head,Mayo,38100,75600,2026-08-19
Ecommerce,Entry,Clare,61700,68500,2026-07-23
Head of marketing,Head,Mayo,57600,97500,2026-06-01
Marketing operations,Manager,Meath,31700,125100,2026-07-27
SEO,Head,Donegal,40600,79600,2026-06-16
Brand,Manager,Donegal,49900,64100,2026-08-09
Brand,Manager,Cork,48900,47000,2026-08-24
Product marketing,Head,Donegal,41400,66900,2026-06-14
Ecommerce,Executive,Clare,36400,61800,2026-09-02
SEO,Manager,Sligo,63200,55300,2026-08-03
Product marketing,Head,Clare,52100,98100,2026-06-13
Ecommerce,Entry,Sligo,30400,120100,2026-08-10
Brand,Manager,Cork,48400,79000,2026-06-21
Marketing operations,Head,Kerry,41400,55600,2026-09-11
Content and social,Head,Sligo,56300,60700,2026-06-21
Head of marketing,Manager,Meath,39400,76100,2026-08-05
Head of marketing,Manager,Clare,31600,52000,2026-06-22
Brand,Manager,Sligo,55000,76600,2026-05-31
Content and social,Manager,Kerry,59700,95900,2026-09-07
Head of marketing,Head,Donegal,44800,115600,2026-09-14
Head of marketing,Entry,Meath,46200,85200,2026-08-19
Ecommerce,Executive,Kerry,52400,72800,2026-06-03
Content and social,Executive,Clare,56700,64300,2026-08-19
SEO,Manager,Donegal,39900,66400,2026-06-08
SEO,Entry,Clare,38900,79300,2026-06-21
Ecommerce,Head,Donegal,65600,83800,2026-08-02
Head of marketing,Head,Cork,53300,112200,2026-06-16
Ecommerce,Executive,Cork,31100,124300,2026-09-19
Marketing operations,Manager,Cork,42000,62400,2026-09-04
Product marketing,Manager,Donegal,55100,52800,2026-08-19
SEO,Head,Donegal,56300,48700,2026-07-12
Content and social,Head,Kerry,47700,68200,2026-07-07
SEO,Head,Donegal,33800,53900,2026-09-19
SEO,Entry,Kerry,65900,85500,2026-06-01
Ecommerce,Entry,Donegal,57200,91500,2026-09-15
Product marketing,Head,Sligo,41000,114400,2026-09-13
Marketing operations,Manager,Sligo,39200,65200,2026-05-28
SEO,Manager,Clare,46300,70000,2026-09-06
SEO,Head,Meath,55000,59700,2026-07-25
Marketing operations,Manager,Meath,44400,50500,2026-08-19
Ecommerce,Head,Clare,33000,62300,2026-07-23
Marketing operations,Manager,Sligo,62900,68700,2026-08-01
Content and social,Entry,Kerry,64200,92600,2026-09-09
Content and social,Head,Clare,40900,128800,2026-09-13
Product marketing,Executive,Clare,41700,65400,2026-07-09
Marketing operations,Head,Clare,52600,77000,2026-08-18
SEO,Manager,Kerry,48700,47800,2026-07-22
Brand,Manager,Clare,47200,72900,2026-07-06
SEO,Manager,Clare,32200,83100,2026-09-14
Product marketing,Head,Kerry,56000,81100,2026-09-11
Ecommerce,Manager,Sligo,56800,89500,2026-07-20
Brand,Executive,Cork,39700,111500,2026-05-24
Head of marketing,Entry,Clare,47000,68400,2026-07-28
Head of marketing,Head,Kerry,43800,71800,2026-09-02
SEO,Entry,Sligo,48700,55400,2026-06-16
Marketing operations,Head,Meath,48000,63700,2026-06-02
Content and social,Manager,Clare,31800,53600,2026-09-14
Head of marketing,Head,Cork,63800,56600,2026-09-04
SEO,Manager,Kerry,60100,89500,2026-08-07
Content and social,Manager,Clare,30200,132000,2026-07-11
Product marketing,Executive,Clare,49300,87900,2026-08-09
SEO,Manager,Meath,44000,64500,2026-07-30
Brand,Head,Donegal,47700,55200,2026-06-03
SEO,Head,Clare,35800,70300,2026-09-11
SEO,Head,Clare,31300,53200,2026-06-13
Brand,Manager,Kerry,55800,61100,2026-08-06
SEO,Head,Clare,56600,105600,2026-08-26
Content and social,Entry,Sligo,38800,128000,2026-06-17
Content and social,Manager,Clare,43300,59400,2026-07-25
Marketing operations,Manager,Clare,50000,69900,2026-05-24
Brand,Head,Clare,51200,73700,2026-06-09
Product marketing,Head,Clare,40800,74200,2026-09-02
Product marketing,Manager,Kerry,30200,60900,2026-08-22
Ecommerce,Head,Sligo,67800,59700,2026-06-09
Content and social,Manager,Mayo,53600,97000,2026-08-16
Brand,Head,Mayo,38400,133700,2026-09-08
Product marketing,Executive,Kerry,38000,65100,2026-06-13
Marketing operations,Manager,Clare,53500,48100,2026-07-31
Product marketing,Entry,Kerry,57300,71200,2026-06-12
Ecommerce,Executive,Donegal,43900,45200,2026-09-20
SEO,Manager,Clare,36300,72500,2026-08-12
Ecommerce,Head,Meath,56800,84000,2026-08-11
Brand,Manager,Clare,56500,107700,2026-07-11
Marketing operations,Manager,Kerry,36000,135200,2026-06-27
Brand,Head,Clare,39300,78000,2026-07-31
Head of marketing,Manager,Meath,43000,52400,2026-09-20
Head of marketing,Manager,Donegal,44500,54400,2026-09-12
Brand,Entry,Mayo,40800,54100,2026-06-12
Product marketing,Executive,Donegal,33000,62300,2026-08-14
Ecommerce,Head,Mayo,66900,58000,2026-05-24
SEO,Executive,Clare,51700,108600,2026-08-10
Product marketing,Head,Donegal,30700,127500,2026-08-27
Brand,Entry,Donegal,49200,87800,2026-06-10
Product marketing,Entry,Sligo,48800,78600,2026-06-24
Ecommerce,Executive,Clare,51900,59500,2026-09-11
SEO,Manager,Mayo,48100,50800,2026-06-15
SEO,Head,Clare,38400,51900,2026-09-09
SEO,Manager,Donegal,66000,54900,2026-08-18
Product marketing,Head,Clare,59800,97700,2026-08-23
SEO,Entry,Clare,43000,108500,2026-07-17
Product marketing,Head,Meath,44000,81800,2026-07-19
Content and social,Head,Sligo,43900,53800,2026-07-05
SEO,Executive,Clare,48200,71300,2026-08-24
SEO,Manager,Mayo,46600,60800,2026-08-23
Content and social,Head,Meath,37600,72900,2026-05-25
Ecommerce,Manager,Sligo,59900,85200,2026-06-06
SEO,Manager,Meath,57400,112300,2026-07-16
SEO,Executive,Meath,43700,133000,2026-06-27
Brand,Head,Meath,39400,67400,2026-06-11
Ecommerce,Head,Clare,42000,50500,2026-07-25
Content and social,Entry,Kerry,52100,66700,2026-05-29
Brand,Executive,Kerry,43300,53700,2026-08-15
SEO,Entry,Mayo,42600,72900,2026-08-20
SEO,Head,Mayo,56700,78900,2026-09-15
Content and social,Head,Donegal,52900,86500,2026-06-24
Marketing operations,Head,Cork,32400,123800,2026-08-19
Brand,Head,Kerry,36200,88000,2026-08-16
Brand,Manager,Meath,50700,54500,2026-08-29
Head of marketing,Head,Clare,56600,74800,2026-06-14
Brand,Manager,Meath,35100,76900,2026-07-06
SEO,Head,Sligo,36000,65700,2026-07-16
Brand,Head,Sligo,59200,57400,2026-07-16
Marketing operations,Head,Kerry,50900,99800,2026-07-25
Content and social,Manager,Meath,40100,129700,2026-09-11
SEO,Manager,Meath,41900,69400,2026-08-20
Ecommerce,Executive,Donegal,52600,63800,2026-06-21
Product marketing,Head,Clare,44300,46100,2026-06-18
Marketing operations,Entry,Meath,39800,62200,2026-08-10
Brand,Manager,Clare,41800,54400,2026-09-16
Marketing operations,Manager,Meath,67100,69100,2026-06-11
Ecommerce,Head,Cork,57600,109600,2026-09-10
Ecommerce,Head,Donegal,36900,102900,2026-05-27
Head of marketing,Manager,Mayo,40300,67500,2026-07-17
SEO,Head,Meath,54000,78100,2026-07-03
SEO,Entry,Mayo,43800,57300,2026-07-05
Head of marketing,Manager,Cork,43700,47500,2026-08-22
Head of marketing,Head,Sligo,37500,74400,2026-08-05
SEO,Entry,Kerry,63600,59100,2026-09-10
Content and social,Manager,Donegal,64300,90800,2026-07-28
Brand,Executive,Donegal,42000,117300,2026-08-15
Content and social,Head,Clare,39000,87300,2026-09-04
Head of marketing,Manager,Sligo,45800,71400,2026-07-18
Ecommerce,Entry,Mayo,50100,60200,2026-07-21
Brand,Entry,Clare,37100,73300,2026-07-16
Head of marketing,Entry,Clare,35800,53100,2026-06-23
Content and social,Manager,Sligo,55700,79800,2026-06-14
SEO,Executive,Kerry,60600,98600,2026-07-22
Product marketing,Manager,Sligo,33800,118100,2026-07-22
Brand,Head,Mayo,42800,68100,2026-07-29
SEO,Manager,Meath,47900,53900,2026-08-26
Brand,Manager,Cork,56200,63500,2026-06-15
Ecommerce,Head,Donegal,36100,71500,2026-09-17
Brand,Executive,Clare,33800,76500,2026-05-27
SEO,Head,Sligo,56400,57800,2026-09-12
SEO,Head,Clare,59600,114100,2026-08-28
Product marketing,Head,Clare,38700,110400,2026-07-31
Head of marketing,Manager,Donegal,39000,77200,2026-05-27
Product marketing,Head,Cork,47000,50300,2026-07-08
Brand,Manager,Sligo,47100,50900,2026-07-10
Ecommerce,Head,Sligo,47100,64500,2026-07-15
Marketing operations,Head,Donegal,32600,69000,2026-07-01
Marketing operations,Head,Donegal,68500,84000,2026-07-31
SEO,Head,Cork,53200,92500,2026-06-12
Product marketing,Entry,Clare,39300,111800,2026-08-13
SEO,Manager,Kerry,46400,67100,2026-06-11
Head of marketing,Executive,Donegal,52300,48000,2026-07-23
Brand,Manager,Meath,45200,75700,2026-07-04
Content and social,Head,Sligo,42300,72800,2026-08-01
SEO,Executive,Cork,40000,54500,2026-08-02
SEO,Manager,Sligo,59300,82300,2026-07-15
SEO,Head,Kerry,55400,90800,2026-05-30
Brand,Head,Sligo,41300,124300,2026-06-17
Brand,Head,Donegal,39400,64400,2026-09-16
Head of marketing,Entry,Clare,48900,78100,2026-09-09
Brand,Executive,Donegal,48000,57700,2026-08-02
SEO,Head,Clare,42700,65000,2026-08-22
SEO,Manager,Cork,41100,51400,2026-09-05
Ecommerce,Manager,Kerry,66800,66800,2026-07-23
Head of marketing,Manager,Cork,59900,90700,2026-06-27
SEO,Entry,Sligo,41000,128100,2026-06-08
SEO,Entry,Mayo,48300,71900,2026-08-27
Marketing operations,Entry,Mayo,43500,50400,2026-09-16
SEO,Head,Donegal,57300,70700,2026-07-29
Ecommerce,Head,Meath,45500,52000,2026-09-16
Head of marketing,Manager,Sligo,35700,74500,2026-08-27
Content and social,Entry,Kerry,63500,79600,2026-07-30
Content and social,Head,Clare,54500,104200,2026-09-01
Content and social,Executive,Sligo,34100,118800,2026-05-30
Content and social,Entry,Clare,42900,70900,2026-06-20
Ecommerce,Head,Sligo,45100,49000,2026-09-15
Content and social,Entry,Clare,45200,49200,2026-08-25
SEO,Executive,Clare,35100,56700,2026-08-06
Ecommerce,Manager,Sligo,33700,77100,2026-06-13
Ecommerce,Head,Sligo,63700,87100,2026-06-21
Product marketing,Head,Kerry,51800,95400,2026-06-05
SEO,Entry,Clare,43100,113400,2026-05-30
Content and social,Manager,Cork,40400,80600,2026-08-15
Brand,Manager,Clare,44000,47200,2026-08-10
Content and social,Head,Kerry,49200,77600,2026-07-27
SEO,Manager,Donegal,35100,62600,2026-07-28
SEO,Executive,Cork,38000,57500,2026-06-29
SEO,Manager,Cork,61400,83200,2026-06-29
SEO,Manager,Meath,54700,85200,2026-09-20
Ecommerce,Manager,Kerry,32000,119100,2026-06-25
SEO,Head,Cork,48700,55700,2026-09-10
Brand,Head,Cork,45700,69700,2026-06-08
Marketing operations,Entry,Kerry,43600,74100,2026-08-11
Marketing operations,Entry,Cork,35800,59300,2026-05-27
Brand,Head,Clare,31100,68800,2026-08-16
Brand,Head,Meath,66600,77900,2026-06-27
SEO,Manager,Donegal,53600,104100,2026-09-15
Content and social,Manager,Donegal,43300,117300,2026-07-31
Content and social,Head,Kerry,45500,77400,2026-08-13
Content and social,Manager,Cork,54800,47600,2026-08-18
SEO,Manager,Meath,49000,64200,2026-05-25
Content and social,Head,Clare,36800,74400,2026-08-04
Brand,Head,Mayo,34000,51700,2026-06-21
SEO,Manager,Cork,67200,75700,2026-06-27
SEO,Manager,Cork,58400,103300,2026-06-28
Content and social,Head,Meath,35000,104400,2026-06-02
SEO,Executive,Kerry,50100,73300,2026-08-01
Content and social,Manager,Mayo,52500,46600,2026-05-25
Product marketing,Entry,Mayo,51700,50900,2026-08-15
Head of marketing,Head,Mayo,38800,48900,2026-06-06
Head of marketing,Entry,Clare,44000,57900,2026-08-09
Content and social,Manager,Clare,57000,69900,2026-08-12
Content and social,Head,Cork,62100,87200,2026-06-20
Brand,Head,Mayo,35300,131200,2026-06-10
SEO,Head,Cork,48900,62900,2026-06-02
SEO,Head,Meath,41500,64200,2026-07-20
Ecommerce,Manager,Clare,51700,48500,2026-07-30
SEO,Entry,Meath,37400,56600,2026-06-18
Ecommerce,Manager,Mayo,38800,79300,2026-05-31
SEO,Manager,Clare,69200,79900,2026-08-13
SEO,Entry,Donegal,52800,89700,2026-07-15
SEO,Head,Donegal,30400,111500,2026-09-18
Content and social,Head,Donegal,41600,63500,2026-07-11
Marketing operations,Entry,Meath,50400,78100,2026-09-13
SEO,Manager,Clare,42900,65900,2026-07-07
SEO,Head,Sligo,39100,64700,2026-06-28
Head of marketing,Manager,Donegal,42100,74100,2026-06-18
Marketing operations,Head,Cork,60400,81000,2026-08-11
SEO,Executive,Mayo,53200,91400,2026-05-28
Head of marketing,Manager,Meath,38000,112900,2026-06-15
Product marketing,Entry,Clare,39300,71600,2026-08-01
Marketing operations,Head,Donegal,50900,56500,2026-06-14
Product marketing,Entry,Sligo,51100,55100,2026-08-13
Head of marketing,Head,Mayo,34400,47100,2026-07-22
Brand,Head,Donegal,34300,56600,2026-08-02
Head of marketing,Head,Clare,67200,87300,2026-09-17
Head of marketing,Head,Sligo,53900,84800,2026-06-19
Product marketing,Manager,Kerry,40300,124100,2026-08-31
Marketing operations,Manager,Clare,40200,85900,2026-07-13
SEO,Head,Meath,41600,58800,2026-08-15
Ecommerce,Head,Clare,51400,46000,2026-08-04
Content and social,Entry,Clare,43600,49500,2026-08-26
Brand,Head,Donegal,39200,58800,2026-09-07
SEO,Manager,Kerry,59400,66100,2026-07-20
Head of marketing,Head,Mayo,57600,89100,2026-07-02
SEO,Head,Clare,38100,114800,2026-07-13
Ecommerce,Manager,Clare,49600,77400,2026-08-19
SEO,Entry,Mayo,50600,65000,2026-07-23
Brand,Head,Sligo,49800,66300,2026-08-23
Content and social,Manager,Mayo,46900,72500,2026-06-30
Head of marketing,Head,Meath,43500,61300,2026-07-19
Head of marketing,Manager,Sligo,61100,55100,2026-08-11
Marketing operations,Head,Clare,59100,113800,2026-06-30
Ecommerce,Manager,Mayo,40400,126000,2026-06-23
Marketing operations,Head,Sligo,37700,61800,2026-06-04
SEO,Head,Cork,53100,57500,2026-06-25
SEO,Manager,Clare,51600,66400,2026-08-06
Brand,Executive,Cork,48100,57300,2026-06-03
Marketing operations,Head,Clare,35500,57100,2026-09-15
SEO,Manager,Clare,60600,60900,2026-08-27
SEO,Manager,Mayo,60700,83800,2026-05-25
SEO,Manager,Sligo,43300,129400,2026-08-26
Content and social,Manager,Cork,48700,76900,2026-09-07
Brand,Head,Donegal,48400,58800,2026-06-18
Ecommerce,Head,Sligo,43000,54100,2026-09-01
Marketing operations,Entry,Clare,37700,55500,2026-09-20
Marketing operations,Head,Mayo,38800,68800,2026-09-16
SEO,Entry,Kerry,56700,80300,2026-07-22
Ecommerce,Executive,Cork,51200,100200,2026-07-17
Ecommerce,Head,Sligo,41500,121000,2026-05-30
SEO,Manager,Sligo,41300,61400,2026-08-02
Product marketing,Head,Clare,47400,50200,2026-08-23
Content and social,Head,Sligo,45800,57000,2026-08-02
Brand,Executive,Kerry,37900,64300,2026-09-08
Head of marketing,Head,Meath,38700,56100,2026-08-25
Ecommerce,Manager,Donegal,56800,57800,2026-09-18
Content and social,Manager,Clare,57700,82200,2026-09-17
SEO,Head,Clare,39600,118800,2026-08-02
Marketing operations,Manager,Meath,40100,58100,2026-08-23
Brand,Head,Meath,44300,69300,2026-07-05
Marketing operations,Head,Clare,56300,51800,2026-08-28
SEO,Manager,Kerry,47300,64100,2026-06-21
Content and social,Manager,Sligo,36200,53600,2026-08-21
Content and social,Entry,Meath,55600,81000,2026-09-08
Product marketing,Head,Meath,59600,96100,2026-08-30
SEO,Manager,Sligo,39500,101700,2026-09-09
Product marketing,Manager,Clare,49600,59800,2026-09-18
SEO,Entry,Meath,54100,60400,2026-08-08
Ecommerce,Executive,Meath,47600,71300,2026-08-30
Content and social,Executive,Donegal,48300,51900,2026-07-15
Head of marketing,Entry,Mayo,42700,60000,2026-09-12
Content and social,Manager,Cork,64600,87200,2026-09-14
Ecommerce,Executive,Mayo,52900,92200,2026-05-27
Head of marketing,Manager,Kerry,32700,110300,2026-05-26
Head of marketing,Manager,Donegal,46700,78000,2026-09-07
Head of marketing,Entry,Cork,42400,49500,2026-08-24
Marketing operations,Head,Mayo,49300,70800,2026-07-09
Brand,Manager,Clare,44200,64600,2026-07-27
SEO,Head,Clare,35800,84100,2026-09-14
Product marketing,Head,Cork,54800,60100,2026-06-14
Ecommerce,Head,Donegal,51100,109900,2026-08-19
Brand,Head,Clare,31500,107600,2026-08-25
SEO,Entry,Mayo,48200,77800,2026-06-14
SEO,Manager,Donegal,50400,55400,2026-09-02
Ecommerce,Head,Sligo,56500,62700,2026-06-02
Product marketing,Head,Meath,40800,60100,2026-08-03
SEO,Manager,Sligo,33200,74300,2026-08-08
Marketing operations,Head,Clare,62000,59300,2026-08-07
Marketing operations,Manager,Kerry,63800,105900,2026-06-08
SEO,Manager,Sligo,34000,121000,2026-05-29
SEO,Manager,Meath,40000,68000,2026-07-02
SEO,Entry,Donegal,54900,78900,2026-09-06
Marketing operations,Executive,Cork,56300,65300,2026-09-05
SEO,Entry,Kerry,37900,68300,2026-08-24
Content and social,Head,Meath,42000,52400,2026-09-18
Marketing operations,Head,Donegal,65600,59300,2026-08-15
SEO,Entry,Donegal,57500,88800,2026-08-10
Head of marketing,Executive,Meath,31300,106900,2026-08-18
SEO,Manager,Mayo,47600,76900,2026-08-13
SEO,Head,Kerry,54700,63300,2026-07-04
Brand,Executive,Cork,49800,47100,2026-06-10
Marketing operations,Head,Clare,43500,47000,2026-06-15
Brand,Manager,Meath,42500,57400,2026-06-25
Head of marketing,Head,Cork,66200,58300,2026-06-07
Head of marketing,Executive,Mayo,51800,82800,2026-09-15
SEO,Manager,Mayo,38400,133600,2026-08-05
Ecommerce,Head,Mayo,46200,89600,2026-08-27
Content and social,Head,Meath,41800,74800,2026-06-19
Ecommerce,Manager,Mayo,47800,55000,2026-07-27
SEO,Manager,Kerry,47900,74500,2026-07-31
Ecommerce,Head,Kerry,36800,60200,2026-08-16
Brand,Manager,Kerry,61900,84800,2026-07-04
Content and social,Executive,Kerry,62300,96200,2026-06-01
SEO,Manager,Sligo,35700,110100,2026-07-28
SEO,Manager,Clare,41800,57900,2026-07-05
SEO,Head,Sligo,54300,46300,2026-06-12
SEO,Head,Donegal,54800,61800,2026-09-13
SEO,Entry,Cork,35200,63000,2026-06-17
Brand,Executive,Donegal,33000,70000,2026-08-10
Brand,Executive,Clare,55500,72600,2026-08-24
Marketing operations,Head,Clare,51200,112500,2026-09-16
SEO,Head,Sligo,40700,111700,2026-06-20
Content and social,Executive,Mayo,41600,79400,2026-07-19
Ecommerce,Manager,Meath,48100,50600,2026-06-05
Product marketing,Entry,Donegal,46500,67600,2026-07-02
SEO,Entry,Meath,46800,66100,2026-06-20
Product marketing,Head,Clare,36700,51100,2026-07-31
Ecommerce,Head,Donegal,66500,81600,2026-09-14
Marketing operations,Executive,Mayo,55000,90800,2026-07-03
Content and social,Head,Meath,30300,125800,2026-07-15
Content and social,Executive,Clare,41700,74100,2026-08-31
SEO,Manager,Donegal,45200,64100,2026-08-27
SEO,Manager,Kerry,47200,53100,2026-06-19
Marketing operations,Head,Donegal,37700,55100,2026-07-11
Ecommerce,Manager,Sligo,33200,50900,2026-08-05
Brand,Head,Clare,68700,55200,2026-07-16
Ecommerce,Head,Sligo,59500,95300,2026-09-01
SEO,Entry,Mayo,31800,133400,2026-06-20
SEO,Manager,Cork,38400,84000,2026-08-03
Head of marketing,Executive,Sligo,51000,69000,2026-09-06
Brand,Manager,Clare,48000,59200,2026-09-18
SEO,Entry,Mayo,42500,47600,2026-09-03
SEO,Head,Clare,38000,53400,2026-08-11
Brand,Head,Mayo,56300,56300,2026-07-01
SEO,Manager,Donegal,51800,97500,2026-08-28
Ecommerce,Head,Sligo,43000,124700,2026-08-19
Head of marketing,Head,Cork,43600,77300,2026-08-08
SEO,Entry,Clare,44500,73400,2026-07-31
Product marketing,Head,Meath,45700,55300,2026-07-14
Ecommerce,Executive,Cork,35400,60800,2026-06-30
Head of marketing,Executive,Mayo,42000,79200,2026-06-28
Content and social,Executive,Mayo,67200,62800,2026-07-26
Ecommerce,Manager,Cork,60200,108100,2026-07-10
Product marketing,Manager,Sligo,33900,126700,2026-07-15
Head of marketing,Executive,Kerry,42400,81800,2026-08-10
Ecommerce,Manager,Cork,53300,60200,2026-07-31
Marketing operations,Manager,Donegal,51500,52700,2026-05-31
Brand,Entry,Kerry,37000,54400,2026-06-24
Content and social,Head,Kerry,34900,79700,2026-08-26
Product marketing,Head,Donegal,57200,65600,2026-06-29
Brand,Head,Meath,54000,105800,2026-07-18
SEO,Entry,Kerry,44600,120800,2026-08-07
Head of marketing,Head,Meath,40100,89400,2026-06-26
Ecommerce,Entry,Kerry,55100,65200,2026-06-16
Marketing operations,Head,Sligo,42800,78000,2026-07-14
Brand,Head,Meath,42600,75600,2026-06-20
SEO,Manager,Clare,34000,63700,2026-08-31
SEO,Manager,Clare,60000,72500,2026-08-08
Brand,Manager,Clare,50800,106000,2026-08-13
Ecommerce,Manager,Kerry,32000,113600,2026-06-17
Content and social,Head,Cork,46500,65500,2026-06-14
Marketing operations,Entry,Clare,44800,61600,2026-08-21
Content and social,Manager,Meath,55900,75800,2026-05-29
Marketing operations,Manager,Sligo,35800,74900,2026-08-17
Product marketing,Entry,Clare,42600,65500,2026-08-11
SEO,Manager,Kerry,62900,63700,2026-08-27
Brand,Head,Cork,55700,101100,2026-07-19
SEO,Manager,Kerry,38100,110700,2026-07-19
Head of marketing,Head,Mayo,42600,88500,2026-08-10
Ecommerce,Entry,Mayo,49900,74100,2026-08-24
Brand,Head,Meath,57200,78100,2026-07-26
Ecommerce,Entry,Donegal,35600,44800,2026-08-07
SEO,Entry,Donegal,35700,57800,2026-06-19
Content and social,Entry,Meath,60100,56700,2026-07-23
Brand,Head,Clare,57200,106600,2026-07-03
Marketing operations,Head,Clare,31100,107000,2026-07-26
Product marketing,Head,Sligo,41400,86900,2026-08-23
Product marketing,Manager,Donegal,55600,52000,2026-08-22
Ecommerce,Head,Sligo,50300,54300,2026-06-30
Content and social,Head,Meath,41200,45900,2026-08-28
SEO,Head,Meath,44100,65700,2026-06-18
Ecommerce,Executive,Cork,64100,58500,2026-08-06
Product marketing,Manager,Mayo,51700,85200,2026-09-20
Marketing operations,Executive,Mayo,40400,134000,2026-08-31
Ecommerce,Manager,Sligo,40700,56800,2026-08-24
Product marketing,Manager,Clare,45800,45600,2026-08-01
Brand,Executive,Clare,49800,48200,2026-06-30
Head of marketing,Manager,Meath,47500,75800,2026-09-11
SEO,Head,Sligo,31900,73000,2026-07-18
Ecommerce,Manager,Sligo,59000,63700,2026-09-08
Product marketing,Executive,Cork,53700,110000,2026-09-16
Head of marketing,Manager,Kerry,33700,105100,2026-09-11
Head of marketing,Manager,Donegal,49800,73800,2026-06-20
SEO,Manager,Sligo,51200,53800,2026-05-30
Head of marketing,Manager,Mayo,50700,67800,2026-07-21
Content and social,Head,Kerry,48300,69000,2026-08-28
Head of marketing,Head,Donegal,35800,60500,2026-08-21
Content and social,Head,Cork,59700,70400,2026-09-13
Ecommerce,Head,Cork,64300,105800,2026-07-23
Head of marketing,Head,Kerry,40400,118500,2026-08-28
Brand,Head,Clare,50600,60700,2026-08-31
SEO,Manager,Donegal,44400,47900,2026-07-02
SEO,Executive,Cork,54000,55300,2026-09-20
Head of marketing,Head,Clare,34800,66500,2026-07-06
Content and social,Manager,Meath,41700,54400,2026-07-11
Marketing operations,Manager,Mayo,66800,71300,2026-06-13
Product marketing,Head,Sligo,52400,111500,2026-08-21
Marketing operations,Head,Kerry,35200,133400,2026-05-26
Ecommerce,Entry,Clare,50800,88600,2026-07-21
SEO,Head,Meath,52700,77500,2026-06-03
Marketing operations,Entry,Sligo,53100,61300,2026-08-12
SEO,Manager,Clare,34700,58900,2026-07-18
Head of marketing,Executive,Kerry,37200,70000,2026-07-21
SEO,Head,Kerry,66500,61500,2026-08-09
Content and social,Manager,Sligo,53700,103100,2026-09-03
Brand,Manager,Donegal,35100,132200,2026-07-27
SEO,Executive,Mayo,41100,64900,2026-06-01
Product marketing,Manager,Clare,45600,77800,2026-09-16
Ecommerce,Executive,Meath,50400,45600,2026-08-18
Marketing operations,Head,Cork,42500,78100,2026-08-08
Product marketing,Head,Cork,42700,60800,2026-07-22
SEO,Manager,Donegal,65000,64600,2026-06-03
Marketing operations,Head,Meath,59700,88200,2026-08-11
Ecommerce,Manager,Clare,42700,119600,2026-05-29
Marketing operations,Head,Clare,47700,80300,2026-08-24
SEO,Executive,Clare,43100,56500,2026-08-04
Product marketing,Head,Clare,55700,46800,2026-06-12
Brand,Head,Sligo,37100,52500,2026-08-30
Product marketing,Head,Meath,31300,76900,2026-08-02
SEO,Head,Clare,58500,76400,2026-08-16
Brand,Head,Mayo,57600,100700,2026-07-23
Ecommerce,Head,Kerry,39800,110000,2026-08-21
SEO,Head,Sligo,40200,72600,2026-08-27
SEO,Manager,Mayo,48200,68300,2026-08-16
SEO,Manager,Kerry,47400,72200,2026-09-04
Head of marketing,Executive,Sligo,34900,56500,2026-07-26
SEO,Head,Kerry,41100,62500,2026-06-26
Marketing operations,Manager,Donegal,64800,74700,2026-06-12
Content and social,Head,Kerry,61500,80900,2026-06-05
SEO,Manager,Clare,30500,118100,2026-07-09
Head of marketing,Executive,Sligo,46300,66400,2026-08-17
Product marketing,Executive,Cork,41700,54700,2026-07-24
Content and social,Manager,Meath,51000,74300,2026-07-25
Content and social,Entry,Cork,33800,77800,2026-09-08
Marketing operations,Executive,Clare,39500,69100,2026-06-03
Brand,Manager,Meath,62900,79400,2026-07-01
Head of marketing,Executive,Cork,58000,109500,2026-05-29
Ecommerce,Head,Clare,30300,126000,2026-07-13
Marketing operations,Head,Sligo,48400,67000,2026-08-24
SEO,Manager,Meath,47600,57100,2026-07-10
SEO,Manager,Kerry,53200,52600,2026-09-10
Marketing operations,Manager,Clare,41900,48900,2026-06-01
Head of marketing,Head,Meath,36900,83500,2026-09-05
Ecommerce,Executive,Sligo,55900,60200,2026-07-12
Head of marketing,Head,Clare,57500,92700,2026-08-05
SEO,Head,Kerry,39900,118700,2026-09-18
Product marketing,Head,Clare,46000,73400,2026-07-19
Head of marketing,Manager,Clare,46700,60000,2026-08-13
Brand,Manager,Clare,52800,50100,2026-09-11
SEO,Manager,Meath,43900,64100,2026-08-17
Marketing operations,Manager,Sligo,36200,74700,2026-07-27
Head of marketing,Manager,Meath,68800,73500,2026-08-17
SEO,Executive,Clare,56500,107500,2026-08-01
Head of marketing,Entry,Sligo,33100,122600,2026-07-13
Head of marketing,Head,Kerry,46300,85300,2026-08-13
Marketing operations,Manager,Donegal,49500,65300,2026-09-02
SEO,Head,Clare,46100,56700,2026-06-28
Content and social,Manager,Donegal,35700,62700,2026-07-17
Content and social,Executive,Clare,36300,66000,2026-07-23
Brand,Head,Cork,68000,59200,2026-07-10
Brand,Manager,Cork,54200,82400,2026-08-01
SEO,Head,Cork,41800,104200,2026-06-13
Content and social,Head,Mayo,38000,69900,2026-07-09
Product marketing,Manager,Kerry,45500,50800,2026-07-19
SEO,Executive,Clare,45300,69400,2026-05-26
SEO,Head,Meath,34200,60700,2026-05-31
Product marketing,Head,Sligo,39000,84200,2026-09-19
Product marketing,Manager,Kerry,65200,69700,2026-08-02
Product marketing,Head,Sligo,62500,97800,2026-06-02
Content and social,Manager,Kerry,33200,105100,2026-05-29
SEO,Head,Meath,45400,68600,2026-09-12
Brand,Executive,Donegal,51400,56900,2026-07-17
SEO,Head,Clare,51000,53000,2026-08-27
Product marketing,Manager,Kerry,37000,60700,2026-07-10
Ecommerce,Manager,Donegal,35200,79300,2026-08-20
Product marketing,Executive,Kerry,57200,77100,2026-09-07
Brand,Head,Kerry,55100,106000,2026-07-02
Marketing operations,Head,Cork,41700,125800,2026-09-19
Ecommerce,Head,Clare,40100,85000,2026-08-02
Content and social,Head,Sligo,54600,77100,2026-07-11
Brand,Manager,Mayo,57300,75400,2026-08-24
SEO,Manager,Mayo,43600,74700,2026-09-03
Content and social,Entry,Cork,30900,68800,2026-08-13
SEO,Head,Clare,68800,69300,2026-07-30
Brand,Manager,Donegal,60800,82500,2026-07-17
Ecommerce,Head,Clare,44400,103500,2026-07-22
SEO,Executive,Clare,42000,83400,2026-09-02
Ecommerce,Manager,Kerry,46300,76800,2026-06-17
Brand,Executive,Donegal,52200,62200,2026-09-17
Brand,Manager,Sligo,37700,47900,2026-09-09
Content and social,Manager,Kerry,37900,64100,2026-08-07
Product marketing,Head,Clare,60200,59800,2026-05-25
Head of marketing,Head,Cork,51600,81000,2026-08-05
SEO,Head,Donegal,32800,132800,2026-09-07
Ecommerce,Head,Sligo,36800,61700,2026-08-21
Brand,Entry,Donegal,46500,71900,2026-07-10
SEO,Head,Donegal,49800,52000,2026-06-22
Content and social,Manager,Kerry,45700,78100,2026-07-19
Marketing operations,Manager,Sligo,35000,67800,2026-07-09
Product marketing,Head,Clare,60600,82400,2026-07-18
Product marketing,Manager,Sligo,52600,83000,2026-06-02
Marketing operations,Manager,Sligo,38700,123400,2026-09-07
Ecommerce,Manager,Sligo,48100,65300,2026-08-12
SEO,Executive,Clare,54200,61600,2026-08-02
Marketing operations,Head,Meath,46700,64200,2026-09-08
Marketing operations,Manager,Cork,41300,57700,2026-08-26
Ecommerce,Manager,Donegal,37200,61900,2026-09-01
Marketing operations,Manager,Sligo,57100,62100,2026-08-02
Product marketing,Manager,Donegal,51000,111100,2026-08-01
Ecommerce,Executive,Clare,38300,111100,2026-07-27
Head of marketing,Entry,Kerry,44900,62800,2026-06-07
Head of marketing,Head,Clare,54000,50900,2026-07-10
Content and social,Manager,Sligo,46400,57000,2026-05-25
Ecommerce,Head,Clare,34600,66200,2026-09-04
Content and social,Head,Kerry,30300,75500,2026-07-27
Head of marketing,Manager,Sligo,56700,59900,2026-06-05
Ecommerce,Executive,Cork,52000,108800,2026-08-03
Marketing operations,Entry,Clare,41100,114900,2026-07-09
Content and social,Head,Clare,37900,67500,2026-07-19
Marketing operations,Head,Clare,50600,67000,2026-07-05
Brand,Executive,Clare,52700,74100,2026-08-15
Brand,Entry,Cork,39700,65200,2026-07-06
Marketing operations,Manager,Meath,34700,71300,2026-08-15
SEO,Executive,Meath,66100,84800,2026-06-23
Head of marketing,Head,Clare,60100,91400,2026-07-19
Brand,Head,Clare,38100,108000,2026-08-13
Ecommerce,Manager,Clare,46000,59600,2026-08-19
Product marketing,Head,Cork,54800,67700,2026-07-22
Product marketing,Entry,Donegal,49300,52900,2026-09-13
Content and social,Manager,Meath,38000,60200,2026-08-31
Product marketing,Manager,Mayo,44000,53700,2026-09-10
Content and social,Manager,Sligo,60100,64700,2026-06-26
Ecommerce,Executive,Donegal,57400,94600,2026-09-17
Head of marketing,Head,Donegal,30500,109900,2026-08-20
Ecommerce,Head,Donegal,43900,81900,2026-08-06
Product marketing,Executive,Donegal,48300,46300,2026-06-11
Content and social,Manager,Mayo,47600,77700,2026-09-15
SEO,Executive,Meath,38900,58200,2026-07-02
Marketing operations,Head,Meath,37700,73600,2026-06-15
Head of marketing,Manager,Donegal,63400,73000,2026-07-11
SEO,Entry,Sligo,64700,81000,2026-06-12
Product marketing,Head,Mayo,35300,124700,2026-08-30
Ecommerce,Manager,Meath,50200,86300,2026-07-21
Ecommerce,Head,Sligo,54700,64700,2026-06-27
Marketing operations,Manager,Mayo,56800,51400,2026-06-06
Content and social,Manager,Donegal,37800,63600,2026-06-24
SEO,Head,Clare,44800,63400,2026-08-25
Head of marketing,Head,Mayo,57600,71900,2026-07-20
Head of marketing,Manager,Meath,55100,111600,2026-05-26
Content and social,Head,Sligo,33100,102000,2026-06-02
Head of marketing,Manager,Mayo,36300,81400,2026-07-09
Marketing operations,Head,Meath,44400,51000,2026-08-03
Brand,Executive,Sligo,43500,66600,2026-06-13
Head of marketing,Entry,Clare,37900,51700,2026-06-03
Product marketing,Executive,Cork,44000,50700,2026-06-01
SEO,Manager,Clare,69100,61800,2026-08-06
SEO,Executive,Mayo,64000,104100,2026-06-20
Marketing operations,Entry,Meath,44700,132300,2026-07-24
Product marketing,Executive,Clare,43400,55600,2026-06-20
Product marketing,Head,Clare,42000,62900,2026-07-24
SEO,Executive,Sligo,55900,72600,2026-09-12
Content and social,Head,Kerry,40500,77500,2026-08-13
Brand,Head,Clare,37400,57900,2026-08-01
Marketing operations,Manager,Clare,61500,62900,2026-09-04
Brand,Manager,Mayo,55700,86200,2026-07-25
Head of marketing,Head,Clare,32400,118100,2026-07-08
Head of marketing,Manager,Sligo,41700,62600,2026-08-11
Content and social,Head,Donegal,51300,56300,2026-08-18
Marketing operations,Executive,Clare,53900,68100,2026-07-12
Brand,Head,Meath,41300,57600,2026-05-24
Head of marketing,Head,Cork,42900,60900,2026-06-20
SEO,Manager,Sligo,66000,67800,2026-07-18
Marketing operations,Head,Donegal,62400,114000,2026-08-02
Content and social,Manager,Cork,38300,109300,2026-09-20
Content and social,Entry,Donegal,38300,56100,2026-08-03
Marketing operations,Executive,Kerry,48600,58300,2026-06-12
Ecommerce,Executive,Meath,55900,52800,2026-06-07
Marketing operations,Manager,Clare,42500,57300,2026-09-14
SEO,Manager,Kerry,42800,51400,2026-07-24
Brand,Manager,Cork,69100,61100,2026-08-25
Head of marketing,Executive,Mayo,65300,104000,2026-08-03
Brand,Manager,Donegal,36100,125000,2026-09-15
Content and social,Head,Kerry,39700,73400,2026-06-18
Brand,Head,Meath,52600,66100,2026-05-25
Product marketing,Head,Sligo,53000,45900,2026-09-20
Brand,Manager,Clare,33700,56800,2026-08-29
SEO,Manager,Clare,38500,69700,2026-06-02
Marketing operations,Head,Sligo,61800,57200,2026-06-17
Ecommerce,Executive,Sligo,51200,86500,2026-09-13
Head of marketing,Manager,Clare,40300,108900,2026-09-16
Product marketing,Head,Clare,39800,77600,2026-08-28
SEO,Head,Meath,43600,65900,2026-08-13
Ecommerce,Head,Kerry,51100,47600,2026-05-30
Marketing operations,Entry,Kerry,47000,71000,2026-06-05
SEO,Manager,Kerry,40400,69300,2026-09-11
Brand,Head,Clare,61000,69500,2026-08-08
Marketing operations,Head,Cork,53300,85000,2026-09-01
SEO,Head,Meath,40300,112400,2026-06-25
Product marketing,Head,Mayo,50500,63800,2026-08-14
SEO,Manager,Clare,51500,56700,2026-07-10
SEO,Executive,Donegal,52800,60600,2026-08-25
Product marketing,Manager,Clare,40600,58800,2026-09-11
SEO,Head,Clare,44500,71900,2026-08-28
Ecommerce,Head,Cork,64800,82100,2026-07-25
Product marketing,Executive,Clare,59600,83100,2026-09-16
SEO,Head,Kerry,34400,108800,2026-06-06
Ecommerce,Executive,Kerry,50800,69600,2026-07-22
Marketing operations,Head,Mayo,42100,68400,2026-08-28
Ecommerce,Manager,Mayo,50500,68800,2026-07-05
Head of marketing,Manager,Cork,47200,48100,2026-07-06
Product marketing,Executive,Meath,39600,62400,2026-08-07
Product marketing,Head,Cork,56700,82600,2026-09-16
Head of marketing,Head,Clare,63400,87200,2026-09-11
Product marketing,Executive,Mayo,31200,107500,2026-06-19
Head of marketing,Manager,Kerry,39400,83100,2026-09-02
Brand,Head,Meath,45200,48900,2026-07-07
Product marketing,Head,Sligo,44900,45100,2026-06-08
Product marketing,Head,Clare,42900,51200,2026-06-23
Content and social,Head,Meath,35000,54300,2026-06-24
SEO,Manager,Mayo,56600,67800,2026-06-03
SEO,Manager,Kerry,52600,112500,2026-08-27
SEO,Head,Cork,42800,106700,2026-09-14
SEO,Entry,Clare,45100,82200,2026-06-06
Marketing operations,Executive,Donegal,51400,55500,2026-08-14
Head of marketing,Manager,Mayo,52900,66200,2026-05-28
Ecommerce,Entry,Clare,37600,57400,2026-06-07
Content and social,Head,Mayo,43200,60000,2026-08-13
Product marketing,Executive,Sligo,67800,61600,2026-08-18
SEO,Manager,Donegal,60000,90400,2026-07-19
Head of marketing,Head,Sligo,32600,102000,2026-08-18
Product marketing,Manager,Clare,43300,76600,2026-06-27
Head of marketing,Head,Clare,52000,68300,2026-08-19
Head of marketing,Head,Kerry,48800,76100,2026-07-06
Content and social,Entry,Sligo,44700,74600,2026-05-24
Marketing operations,Head,Meath,41500,60100,2026-08-11
Brand,Manager,Kerry,60900,75800,2026-07-30
SEO,Head,Cork,61400,92400,2026-05-27
Ecommerce,Entry,Mayo,44700,134500,2026-06-12
Ecommerce,Manager,Cork,41300,59000,2026-08-19
Marketing operations,Head,Cork,49800,74100,2026-07-08
Product marketing,Executive,Sligo,56900,58200,2026-09-04
Marketing operations,Manager,Clare,33700,61600,2026-07-25
Head of marketing,Executive,Donegal,44400,67300,2026-07-23
Content and social,Manager,Clare,66200,70800,2026-08-15
SEO,Manager,Sligo,50900,89700,2026-08-14
SEO,Manager,Clare,35300,111100,2026-08-05
SEO,Manager,Mayo,42300,65300,2026-08-15
Marketing operations,Head,Cork,50100,79100,2026-08-17
Brand,Entry,Clare,56400,67800,2026-05-30
Ecommerce,Head,Clare,37300,74500,2026-06-21
Marketing operations,Manager,Kerry,38200,62900,2026-08-30
Head of marketing,Manager,Donegal,62000,76500,2026-08-04
Head of marketing,Manager,Meath,52900,87900,2026-08-08
Marketing operations,Manager,Kerry,32600,109200,2026-07-10
SEO,Executive,Clare,41900,84700,2026-07-09
SEO,Head,Clare,43200,52500,2026-05-28
Ecommerce,Manager,Mayo,45900,67700,2026-07-15
Ecommerce,Manager,Sligo,36900,56700,2026-07-17
SEO,Head,Kerry,30600,78600,2026-07-31
Content and social,Entry,Cork,60200,84800,2026-07-13
SEO,Head,Clare,57400,108400,2026-07-12
SEO,Head,Cork,40300,108200,2026-08-08
Ecommerce,Head,Clare,45500,76300,2026-05-28
Head of marketing,Head,Donegal,46300,59900,2026-07-08
Content and social,Manager,Mayo,46300,54300,2026-09-07
SEO,Manager,Mayo,39900,70100,2026-08-12
Content and social,Head,Kerry,37000,84100,2026-07-22
Content and social,Head,Mayo,67000,59900,2026-05-27
Head of marketing,Manager,Meath,59400,113800,2026-07-31
Ecommerce,Head,Clare,33300,132000,2026-08-23
Marketing operations,Head,Meath,43400,77500,2026-06-19
SEO,Manager,Clare,45300,56900,2026-07-03
SEO,Head,Mayo,50700,50700,2026-06-05
Ecommerce,Manager,Mayo,34000,74200,2026-08-22
SEO,Executive,Donegal,42700,54000,2026-07-26
SEO,Executive,Sligo,65800,79100,2026-07-08
Product marketing,Manager,Clare,53200,106400,2026-08-08
Head of marketing,Head,Donegal,33800,102900,2026-07-02
Ecommerce,Executive,Meath,41400,82400,2026-07-22
Product marketing,Head,Clare,44600,46200,2026-09-05
Brand,Manager,Clare,46800,59600,2026-06-10
Product marketing,Head,Meath,39400,47000,2026-07-24
Head of marketing,Entry,Kerry,31700,79500,2026-06-26
Marketing operations,Manager,Cork,62000,85300,2026-08-25
Product marketing,Head,Donegal,60600,94900,2026-07-15
Content and social,Executive,Meath,35400,117400,2026-08-31
Marketing operations,Entry,Cork,40900,58400,2026-07-06
Marketing operations,Entry,Clare,46500,75500,2026-06-08
Head of marketing,Entry,Donegal,53300,69000,2026-05-30
SEO,Manager,Donegal,47700,50600,2026-07-25
Brand,Entry,Meath,38700,68900,2026-06-28
Brand,Manager,Meath,67100,73200,2026-08-29
Content and social,Head,Mayo,57100,87300,2026-07-18
SEO,Entry,Meath,36200,106300,2026-07-07
Content and social,Entry,Mayo,43300,76900,2026-05-26
Brand,Entry,Mayo,53500,75000,2026-08-12
Product marketing,Manager,Clare,51100,75200,2026-06-17
Product marketing,Head,Mayo,40800,57800,2026-07-11
Content and social,Head,Sligo,41400,75700,2026-07-22
Marketing operations,Head,Mayo,65300,54100,2026-06-03
Ecommerce,Entry,Mayo,55800,87000,2026-07-02
Ecommerce,Head,Kerry,38500,119300,2026-08-06
Marketing operations,Head,Clare,46400,65600,2026-07-10
SEO,Head,Donegal,52500,47100,2026-05-28
Ecommerce,Head,Mayo,48000,72800,2026-08-26
Marketing operations,Executive,Kerry,34200,69300,2026-06-26
Marketing operations,Head,Mayo,39700,57000,2026-06-10
SEO,Manager,Cork,57500,61500,2026-06-12
Head of marketing,Head,Donegal,58900,86600,2026-06-19
Brand,Head,Sligo,36300,117700,2026-08-14
SEO,Executive,Mayo,40100,66600,2026-09-18
Head of marketing,Head,Clare,43700,53500,2026-06-21
SEO,Head,Sligo,46800,55400,2026-05-31
Marketing operations,Executive,Meath,36700,56500,2026-07-16
Product marketing,Head,Sligo,41800,66100,2026-09-08
Marketing operations,Head,Mayo,68700,62100,2026-06-27
Product marketing,Head,Clare,55700,108900,2026-07-09
Product marketing,Manager,Sligo,43200,114000,2026-05-26
Marketing operations,Head,Mayo,38700,79300,2026-07-23
Head of marketing,Manager,Kerry,49700,62900,2026-09-12
Content and social,Executive,Kerry,42700,63500,2026-07-16
SEO,Head,Sligo,39800,78200,2026-07-13
Head of marketing,Manager,Meath,38200,71800,2026-06-09
Brand,Executive,Mayo,64500,75400,2026-07-25
Head of marketing,Head,Kerry,52200,104400,2026-07-27
Ecommerce,Manager,Kerry,43900,110500,2026-07-17
Head of marketing,Head,Cork,38000,83500,2026-08-24
SEO,Head,Clare,55700,49800,2026-07-12
Content and social,Head,Clare,54000,68300,2026-08-12
Content and social,Entry,Sligo,39600,62300,2026-06-13
Ecommerce,Entry,Kerry,39300,60000,2026-07-18
Head of marketing,Entry,Donegal,66400,57300,2026-08-19
Marketing operations,Head,Mayo,54000,100000,2026-06-15
Ecommerce,Executive,Sligo,31500,110300,2026-06-15
Ecommerce,Head,Clare,36600,67400,2026-09-09
SEO,Manager,Meath,49100,67100,2026-09-09
Product marketing,Manager,Kerry,47200,55100,2026-07-15
Brand,Manager,Meath,44300,51600,2026-07-04
SEO,Manager,Cork,44300,52700,2026-08-14
SEO,Head,Donegal,62700,61400,2026-08-29
Brand,Head,Kerry,61700,97800,2026-09-16
Marketing operations,Manager,Cork,44300,108500,2026-08-28
Ecommerce,Manager,Cork,48300,64000,2026-06-11
Product marketing,Manager,Cork,50900,67100,2026-07-29
Ecommerce,Manager,Clare,43900,60100,2026-06-24
SEO,Manager,Cork,39400,51300,2026-07-28
Marketing operations,Executive,Clare,34400,60000,2026-09-14
Ecommerce,Head,Mayo,69100,80300,2026-08-25
Ecommerce,Manager,Mayo,62900,105200,2026-06-29
Ecommerce,Entry,Clare,43600,123800,2026-08-05
Head of marketing,Entry,Meath,40300,79000,2026-07-11
SEO,Head,Cork,48400,71600,2026-09-03
Head of marketing,Manager,Meath,47100,70800,2026-08-06
Marketing operations,Entry,Clare,42900,65300,2026-08-30
Product marketing,Executive,Sligo,30500,74600,2026-06-18
SEO,Manager,Clare,59000,87300,2026-07-22
Head of marketing,Head,Clare,61400,110800,2026-08-24
Ecommerce,Head,Clare,38100,116000,2026-06-21
Head of marketing,Manager,Kerry,42400,67100,2026-09-20
Content and social,Head,Sligo,49900,61100,2026-08-15
Content and social,Manager,Cork,48800,78300,2026-06-28
Brand,Manager,Donegal,38700,67600,2026-05-27
Marketing operations,Head,Clare,42600,50700,2026-09-10
Marketing operations,Head,Clare,62000,61400,2026-09-15
SEO,Manager,Clare,62800,80600,2026-09-06
SEO,Manager,Kerry,33100,104200,2026-06-13
Product marketing,Manager,Clare,38000,59100,2026-08-29
Ecommerce,Entry,Clare,41300,51100,2026-08-14
Head of marketing,Head,Clare,49400,72600,2026-07-13
Marketing operations,Manager,Meath,41800,76800,2026-07-25
Ecommerce,Head,Kerry,41000,74600,2026-08-15
SEO,Manager,Sligo,67100,75700,2026-07-31
Brand,Executive,Meath,59000,86000,2026-06-20
Marketing operations,Executive,Cork,44200,102400,2026-08-03
SEO,Executive,Donegal,45700,70900,2026-09-04
Brand,Entry,Donegal,51500,73700,2026-07-18
Product marketing,Entry,Mayo,53700,65400,2026-08-08
Ecommerce,Head,Clare,43500,47900,2026-06-12
Marketing operations,Manager,Kerry,30600,72100,2026-06-08
Head of marketing,Executive,Mayo,55100,86900,2026-08-17
Content and social,Entry,Sligo,56400,105900,2026-06-29
Head of marketing,Manager,Donegal,35700,133200,2026-08-07
SEO,Manager,Cork,50700,79500,2026-06-07
Marketing operations,Head,Mayo,54900,69400,2026-09-04
Brand,Head,Mayo,48100,65400,2026-08-26
Marketing operations,Manager,Donegal,39700,68600,2026-08-24
Content and social,Manager,Clare,40100,55000,2026-05-30
Head of marketing,Executive,Cork,55900,55700,2026-08-01
Ecommerce,Manager,Mayo,64800,82100,2026-06-03
Content and social,Head,Sligo,41800,104900,2026-08-09
Product marketing,Manager,Sligo,37400,69900,2026-05-28
SEO,Manager,Sligo,42700,50200,2026-07-21
Brand,Entry,Mayo,47100,46200,2026-06-25
SEO,Head,Sligo,46600,68100,2026-07-07
SEO,Head,Meath,42100,64200,2026-07-21
Product marketing,Manager,Kerry,57000,87900,2026-07-28
SEO,Head,Meath,54500,87100,2026-07-09
Product marketing,Manager,Cork,33500,126300,2026-06-22
Head of marketing,Head,Clare,41700,83500,2026-09-20
SEO,Manager,Clare,46700,67700,2026-07-04
Head of marketing,Executive,Clare,57200,46300,2026-06-15
Brand,Manager,Kerry,45700,51300,2026-07-12
Marketing operations,Head,Kerry,42300,55100,2026-08-14
Head of marketing,Head,Cork,64700,56600,2026-08-24
Brand,Head,Kerry,51700,108900,2026-06-27
Head of marketing,Manager,Mayo,33900,122900,2026-08-21
SEO,Head,Meath,48500,61000,2026-07-26
Marketing operations,Manager,Sligo,48100,65100,2026-07-10
SEO,Head,Clare,49600,73000,2026-07-01
Product marketing,Manager,Kerry,47700,78000,2026-07-05
Product marketing,Entry,Mayo,38600,63600,2026-06-08
Content and social,Head,Clare,65300,71800,2026-09-18
Head of marketing,Entry,Clare,51100,97900,2026-07-28
Head of marketing,Head,Clare,31500,132500,2026-09-14
Brand,Entry,Kerry,40500,85400,2026-09-14
Content and social,Manager,Kerry,54100,46400,2026-07-25
SEO,Manager,Donegal,56500,57300,2026-08-09
Head of marketing,Manager,Kerry,35100,69200,2026-08-25
SEO,Manager,Donegal,42300,74100,2026-07-30
Content and social,Manager,Sligo,59000,69100,2026-09-05
Ecommerce,Manager,Kerry,55200,86400,2026-06-21
Marketing operations,Manager,Donegal,37900,112000,2026-06-11
Marketing operations,Manager,Meath,38500,78600,2026-07-21
Product marketing,Manager,Kerry,46300,64400,2026-09-14
Ecommerce,Head,Clare,52400,77700,2026-06-06
Brand,Entry,Sligo,38000,55100,2026-06-21
SEO,Manager,Clare,35300,55200,2026-07-28
Marketing operations,Head,Donegal,64800,83900,2026-07-05
Brand,Entry,Clare,52700,104700,2026-08-12
SEO,Head,Kerry,38400,107500,2026-07-16
Marketing operations,Executive,Donegal,39400,80400,2026-06-08
Content and social,Manager,Clare,47700,63800,2026-08-04
Content and social,Entry,Sligo,52200,52800,2026-06-01
Brand,Manager,Mayo,35800,54300,2026-07-12
Product marketing,Entry,Cork,35700,77700,2026-08-02
Product marketing,Manager,Sligo,68000,65000,2026-06-20
Product marketing,Entry,Kerry,51500,84800,2026-08-08
Ecommerce,Executive,Mayo,32800,115200,2026-07-30
Ecommerce,Head,Clare,48700,63800,2026-06-24
Marketing operations,Executive,Mayo,41300,78600,2026-07-17
Content and social,Head,Clare,50800,50900,2026-06-18
Product marketing,Head,Kerry,39200,61000,2026-07-01
SEO,Manager,Kerry,37400,81800,2026-08-25
Head of marketing,Manager,Meath,63400,62200,2026-06-04
Brand,Entry,Cork,52200,90300,2026-06-20
SEO,Manager,Sligo,37500,102500,2026-07-10
Product marketing,Head,Sligo,49400,64300,2026-08-25
Ecommerce,Manager,Clare,47800,52700,2026-07-05
Product marketing,Executive,Clare,53600,75900,2026-08-11
Head of marketing,Manager,Meath,39700,61600,2026-08-01
Product marketing,Manager,Clare,42100,78800,2026-09-13
Product marketing,Executive,Meath,64300,69500,2026-09-02
Ecommerce,Head,Kerry,50700,81600,2026-07-19
Ecommerce,Entry,Cork,31800,122900,2026-07-15
Ecommerce,Executive,Kerry,46900,89400,2026-07-17
SEO,Head,Sligo,51700,73600,2026-06-13
Product marketing,Head,Clare,52500,68100,2026-06-11
Content and social,Manager,Meath,34800,59600,2026-06-29
Brand,Executive,Kerry,44100,67900,2026-08-20
Content and social,Manager,Meath,62600,76400,2026-05-27
Head of marketing,Head,Clare,56300,95800,2026-09-15
Content and social,Manager,Clare,39600,109400,2026-06-09
Marketing operations,Head,Clare,44000,82000,2026-06-03
Brand,Head,Donegal,54400,75900,2026-09-20
SEO,Manager,Clare,53100,62900,2026-06-13
SEO,Executive,Meath,34300,44400,2026-06-23
SEO,Head,Clare,35700,56100,2026-07-30
Product marketing,Entry,Donegal,64100,57900,2026-05-30
Brand,Manager,Clare,57900,109100,2026-07-21
Ecommerce,Executive,Clare,44300,113600,2026-07-25
SEO,Head,Mayo,47800,68800,2026-09-04
Brand,Manager,Donegal,45200,61500,2026-08-15
Ecommerce,Manager,Mayo,49200,65100,2026-06-13
Product marketing,Entry,Kerry,43900,45300,2026-07-16
Content and social,Manager,Clare,40200,64900,2026-05-31
SEO,Head,Donegal,66800,65000,2026-06-01
Product marketing,Head,Donegal,62600,110300,2026-06-19
Content and social,Manager,Kerry,32000,128000,2026-06-26
SEO,Head,Mayo,49500,71900,2026-06-27
Brand,Manager,Kerry,45500,70300,2026-08-24
SEO,Executive,Kerry,55500,76700,2026-05-30
Head of marketing,Executive,Meath,44700,47400,2026-08-02
Brand,Manager,Mayo,43400,73900,2026-07-17
Ecommerce,Head,Clare,58300,85900,2026-06-09
Head of marketing,Executive,Cork,57400,97000,2026-07-29
Head of marketing,Manager,Mayo,35700,128800,2026-06-02
Head of marketing,Manager,Mayo,37200,82900,2026-09-15
Content and social,Entry,Donegal,49000,75200,2026-07-13
SEO,Manager,Clare,46900,46200,2026-08-18
Ecommerce,Executive,Kerry,40300,49100,2026-08-02
Brand,Manager,Clare,39700,67100,2026-08-10
SEO,Manager,Donegal,66800,83000,2026-07-08
Ecommerce,Entry,Mayo,60400,89500,2026-05-26
Marketing operations,Manager,Sligo,42000,103200,2026-06-13
SEO,Executive,Cork,40400,62300,2026-08-19
Ecommerce,Executive,Cork,47700,67000,2026-08-19
Head of marketing,Manager,Clare,46600,58100,2026-06-03
Head of marketing,Manager,Donegal,47100,78300,2026-09-09
Head of marketing,Head,Sligo,37600,61700,2026-08-28
Marketing operations,Executive,Clare,58200,83600,2026-09-04
Marketing operations,Entry,Mayo,52100,91800,2026-09-08
SEO,Manager,Kerry,36100,106300,2026-09-19
SEO,Manager,Sligo,44900,57700,2026-08-30
Marketing operations,Manager,Mayo,43400,58200,2026-06-06
Head of marketing,Manager,Meath,48000,70900,2026-08-17
Brand,Manager,Meath,40200,75000,2026-06-21
Product marketing,Entry,Clare,42500,83900,2026-08-25
Marketing operations,Manager,Sligo,56800,82400,2026-08-23
SEO,Head,Clare,51100,113300,2026-07-16
Brand,Manager,Sligo,39300,132200,2026-09-19
Brand,Head,Cork,37100,76600,2026-07-25
Marketing operations,Head,Donegal,47700,70000,2026-06-10
Brand,Executive,Meath,48100,65600,2026-07-12
SEO,Head,Sligo,35200,72900,2026-08-25
SEO,Manager,Donegal,42400,60200,2026-08-09
SEO,Manager,Meath,69300,71000,2026-08-09
Head of marketing,Head,Meath,56000,84900,2026-08-04
Content and social,Manager,Cork,31200,124000,2026-09-14
Content and social,Manager,Clare,40600,85400,2026-07-10
Ecommerce,Manager,Sligo,44400,56900,2026-07-28
Ecommerce,Manager,Clare,51500,58400,2026-09-11
Product marketing,Manager,Cork,36900,55300,2026-06-01
Marketing operations,Manager,Donegal,32700,52600,2026-06-29
Content and social,Executive,Clare,68500,71700,2026-06-02
Product marketing,Manager,Sligo,52900,88800,2026-07-26
Marketing operations,Entry,Sligo,33000,122300,2026-08-12
SEO,Head,Mayo,43200,69000,2026-07-13
SEO,Manager,Donegal,47100,71600,2026-07-23
Ecommerce,Executive,Sligo,46300,76300,2026-07-26
Marketing operations,Manager,Sligo,34300,44600,2026-06-10
Product marketing,Head,Donegal,43200,51300,2026-07-27
Content and social,Head,Mayo,64200,75800,2026-06-08
Marketing operations,Manager,Kerry,61200,84300,2026-06-14
Head of marketing,Executive,Clare,43100,128700,2026-07-30
SEO,Executive,Meath,37100,70300,2026-08-31
Ecommerce,Head,Cork,45300,69700,2026-06-14
Ecommerce,Executive,Donegal,51200,49800,2026-09-10
Brand,Manager,Clare,44700,62400,2026-06-02
SEO,Manager,Cork,39800,59600,2026-06-10
Brand,Entry,Donegal,64700,62700,2026-08-11
Product marketing,Head,Donegal,65100,102100,2026-09-14
Brand,Manager,Kerry,37900,120600,2026-08-04
Content and social,Entry,Cork,46400,68000,2026-08-22
SEO,Head,Cork,45900,78900,2026-07-15
Ecommerce,Executive,Clare,47800,53000,2026-09-17
Product marketing,Executive,Mayo,37600,54600,2026-08-29
Brand,Manager,Sligo,34700,73400,2026-08-07
Ecommerce,Manager,Donegal,68700,56400,2026-06-17
SEO,Head,Clare,58500,85700,2026-06-13
Ecommerce,Manager,Mayo,30800,104100,2026-09-20
Ecommerce,Manager,Sligo,37000,65600,2026-08-04
Brand,Head,Clare,47300,52300,2026-09-11
SEO,Head,Kerry,50800,46700,2026-06-13
Ecommerce,Manager,Kerry,46800,64900,2026-08-14
Marketing operations,Head,Cork,43400,65400,2026-06-06
SEO,Manager,Meath,56600,78900,2026-08-21
SEO,Head,Kerry,60200,86600,2026-07-21
Head of marketing,Head,Cork,41700,113400,2026-06-13
SEO,Executive,Kerry,37000,69300,2026-07-16
Product marketing,Manager,Clare,43100,69700,2026-06-21
SEO,Manager,Meath,44300,72300,2026-09-04
Brand,Head,Meath,38600,77500,2026-07-03
Content and social,Head,Meath,41100,57600,2026-09-16
Brand,Head,Clare,56200,83400,2026-05-30
Ecommerce,Head,Clare,54300,111500,2026-07-07
Ecommerce,Executive,Clare,35600,115800,2026-06-30
Brand,Head,Cork,40200,68800,2026-09-04
Brand,Manager,Clare,41400,61800,2026-09-04
SEO,Manager,Sligo,57200,58700,2026-07-31
Ecommerce,Executive,Cork,42300,68200,2026-06-23
Head of marketing,Head,Donegal,38900,82900,2026-08-20
SEO,Head,Mayo,60400,70500,2026-07-14
Content and social,Entry,Clare,53800,103500,2026-07-03
Brand,Entry,Donegal,35000,117300,2026-09-17
Ecommerce,Entry,Clare,40500,88200,2026-09-14
Content and social,Head,Clare,49300,45600,2026-07-19
Product marketing,Manager,Cork,46300,77300,2026-08-10
Brand,Manager,Clare,47400,69700,2026-08-12
SEO,Executive,Sligo,36400,69000,2026-06-16
Brand,Manager,Sligo,60700,68600,2026-07-31
Brand,Manager,Cork,58800,108700,2026-05-30
Content and social,Head,Clare,35500,123900,2026-06-25
Ecommerce,Head,Sligo,39300,82100,2026-07-16
Product marketing,Manager,Clare,45700,76400,2026-09-12
Ecommerce,Entry,Meath,52000,72400,2026-09-02
Content and social,Manager,Kerry,37600,50500,2026-07-05
Head of marketing,Manager,Meath,35700,79700,2026-06-26
Head of marketing,Executive,Cork,67200,61800,2026-08-30
Product marketing,Manager,Cork,62800,99600,2026-07-19
Content and social,Manager,Mayo,39100,116100,2026-09-03
SEO,Executive,Mayo,44400,66600,2026-06-07
Ecommerce,Head,Clare,48400,52800,2026-08-11
Head of marketing,Entry,Mayo,47600,65800,2026-09-12
Ecommerce,Manager,Cork,36000,47000,2026-06-27
Ecommerce,Head,Clare,34900,72300,2026-08-08
Content and social,Head,Clare,56400,84300,2026-06-17
Head of marketing,Manager,Mayo,52600,111100,2026-07-27
Brand,Head,Mayo,33400,107700,2026-08-07
Brand,Entry,Clare,38100,87700,2026-06-26
Head of marketing,Manager,Kerry,52000,55700,2026-09-07
Ecommerce,Executive,Meath,44300,75800,2026-09-11
Ecommerce,Manager,Mayo,41200,68100,2026-08-12
Head of marketing,Manager,Mayo,37800,65400,2026-06-11
SEO,Entry,Mayo,61600,64000,2026-08-09
Head of marketing,Entry,Sligo,58300,107400,2026-07-06
Brand,Manager,Sligo,33200,134700,2026-07-19
Marketing operations,Manager,Sligo,37200,68100,2026-08-01
Brand,Head,Donegal,52300,49200,2026-09-04
Ecommerce,Manager,Donegal,48800,53800,2026-05-27
Marketing operations,Manager,Mayo,42300,71400,2026-08-19
Product marketing,Head,Cork,34200,63700,2026-08-15
Marketing operations,Entry,Meath,65000,54400,2026-06-10
Product marketing,Manager,Sligo,60300,103800,2026-06-05
Ecommerce,Manager,Donegal,38900,130800,2026-09-11
Product marketing,Entry,Kerry,37600,65500,2026-07-29
Content and social,Head,Meath,52000,50300,2026-07-11
Head of marketing,Manager,Donegal,53300,76500,2026-09-14
SEO,Head,Clare,47000,58600,2026-07-15
Content and social,Head,Sligo,32800,61200,2026-08-07
Brand,Head,Cork,67700,60700,2026-07-30
SEO,Executive,Sligo,63600,99000,2026-08-11
Ecommerce,Entry,Mayo,42100,106400,2026-09-04
Brand,Head,Clare,36800,69000,2026-05-26
Product marketing,Executive,Donegal,49100,51500,2026-08-26
Product marketing,Manager,Clare,52100,59800,2026-07-11
Content and social,Entry,Clare,38400,44500,2026-07-30
Marketing operations,Entry,Cork,33900,81300,2026-06-04
Content and social,Manager,Kerry,58700,64000,2026-07-25
Product marketing,Manager,Donegal,59300,90400,2026-05-25
Marketing operations,Head,Cork,40200,114000,2026-09-20
Brand,Manager,Cork,36400,62400,2026-07-25
Brand,Entry,Clare,43700,73300,2026-09-09
SEO,Head,Mayo,55800,63500,2026-09-10
Marketing operations,Manager,Kerry,42100,62000,2026-08-07
SEO,Head,Mayo,35100,72700,2026-09-09
Ecommerce,Head,Meath,64700,55100,2026-06-14
Ecommerce,Manager,Clare,62900,91000,2026-08-21
SEO,Head,Donegal,42000,126600,2026-06-06
Product marketing,Executive,Sligo,37800,68800,2026-05-24
Brand,Manager,Cork,48700,58400,2026-09-12
SEO,Manager,Cork,56100,73500,2026-08-21
Ecommerce,Entry,Mayo,43800,57300,2026-08-01
SEO,Entry,Donegal,37400,70900,2026-09-01
SEO,Executive,Meath,60200,78100,2026-07-08
Brand,Manager,Clare,53800,82600,2026-07-21
SEO,Executive,Donegal,33900,114000,2026-05-24
Ecommerce,Head,Donegal,44900,59700,2026-08-29
Head of marketing,Manager,Kerry,41900,67500,2026-09-08
Head of marketing,Manager,Meath,48600,67800,2026-08-12
Head of marketing,Head,Clare,37800,62800,2026-06-15
Head of marketing,Entry,Clare,33100,56000,2026-05-25
SEO,Head,Clare,64900,57600,2026-07-19
SEO,Manager,Clare,52900,92900,2026-07-09
Marketing operations,Head,Sligo,37100,109500,2026-08-30
Content and social,Head,Kerry,43300,59300,2026-07-01
Product marketing,Executive,Mayo,50700,75600,2026-08-13
Head of marketing,Manager,Kerry,44300,57300,2026-07-21
Brand,Head,Mayo,46100,77500,2026-07-31
Product marketing,Manager,Kerry,40700,80400,2026-07-16
SEO,Manager,Cork,60800,61400,2026-06-06
Product marketing,Head,Sligo,51900,85500,2026-06-22
Content and social,Entry,Cork,35200,133900,2026-06-15
SEO,Manager,Kerry,38200,66800,2026-07-25
Head of marketing,Executive,Cork,45200,61900,2026-08-22
Content and social,Head,Cork,55000,51100,2026-09-14
Marketing operations,Manager,Meath,41900,57700,2026-09-10
Head of marketing,Manager,Clare,34800,73000,2026-06-25
SEO,Manager,Sligo,56700,59300,2026-05-27
Head of marketing,Manager,Sligo,57000,92400,2026-07-16
SEO,Head,Clare,32500,102800,2026-08-04
Head of marketing,Executive,Sligo,41500,74700,2026-07-18
Marketing operations,Executive,Sligo,48400,51200,2026-08-11
Head of marketing,Head,Cork,44400,74900,2026-07-16
Product marketing,Executive,Donegal,39300,49200,2026-06-29
Head of marketing,Executive,Mayo,41400,76000,2026-09-03
Ecommerce,Executive,Meath,55400,85600,2026-08-31
Content and social,Manager,Clare,61400,88700,2026-06-23
Marketing operations,Manager,Meath,34200,116600,2026-09-14
Product marketing,Manager,Clare,46300,71500,2026-06-02
SEO,Manager,Meath,51300,66000,2026-08-10
Content and social,Manager,Mayo,47300,50500,2026-05-25
Marketing operations,Manager,Mayo,42800,48500,2026-08-14
Product marketing,Executive,Meath,39300,79300,2026-06-22
Brand,Executive,Sligo,56800,79900,2026-06-24
SEO,Head,Mayo,61200,88900,2026-06-04
Content and social,Manager,Mayo,34900,131900,2026-08-02
Content and social,Head,Sligo,40700,85100,2026-09-11
Marketing operations,Manager,Meath,53300,60400,2026-07-03
Content and social,Head,Sligo,49300,61200,2026-07-25
SEO,Executive,Meath,35700,52600,2026-06-11
SEO,Head,Clare,42100,52600,2026-06-20
Head of marketing,Head,Cork,65800,79600,2026-08-22
Marketing operations,Head,Donegal,53400,89600,2026-07-21
SEO,Entry,Sligo,30300,119500,2026-08-08
SEO,Executive,Meath,39600,82200,2026-07-27
Ecommerce,Head,Clare,45900,49500,2026-06-16
Brand,Manager,Sligo,55200,75600,2026-05-27
Head of marketing,Executive,Cork,35800,67600,2026-06-01
SEO,Head,Clare,42900,78800,2026-06-08
Brand,Head,Donegal,65400,84000,2026-09-11
Marketing operations,Entry,Meath,52300,87400,2026-08-02
Ecommerce,Executive,Kerry,42800,134900,2026-08-21
Head of marketing,Manager,Clare,36800,81800,2026-08-15
Head of marketing,Executive,Clare,54700,50400,2026-09-20
SEO,Executive,Mayo,55700,72700,2026-06-30
Marketing operations,Entry,Clare,46800,69200,2026-09-07
Content and social,Entry,Sligo,36700,64800,2026-06-30
Head of marketing,Head,Kerry,64800,76400,2026-06-27
Marketing operations,Head,Mayo,54800,110600,2026-07-26
Marketing operations,Entry,Clare,30600,119000,2026-07-03
Content and social,Head,Cork,46700,89000,2026-08-10
Brand,Manager,Kerry,45400,67700,2026-07-13
Product marketing,Entry,Clare,49100,51800,2026-07-21
Ecommerce,Entry,Clare,45700,70300,2026-06-12
Head of marketing,Head,Cork,30800,54300,2026-07-03
Ecommerce,Head,Clare,59200,68800,2026-07-13
Head of marketing,Manager,Donegal,54100,86900,2026-08-28
SEO,Head,Mayo,36600,111300,2026-07-08
Ecommerce,Head,Mayo,50200,89100,2026-09-20
Product marketing,Head,Meath,44100,67500,2026-07-27
Product marketing,Head,Mayo,45200,65500,2026-06-18
Content and social,Manager,Clare,44200,58300,2026-09-11
Head of marketing,Manager,Cork,31000,59900,2026-06-13
SEO,Head,Mayo,55500,64700,2026-07-05
SEO,Executive,Cork,62700,82400,2026-08-17
Content and social,Manager,Mayo,34000,116500,2026-09-20
Brand,Head,Mayo,49800,85500,2026-06-13
Content and social,Manager,Sligo,54200,56100,2026-09-12
SEO,Head,Clare,54400,71700,2026-06-01
Ecommerce,Entry,Sligo,45400,75600,2026-05-30
Product marketing,Executive,Cork,40300,59500,2026-06-12
Ecommerce,Entry,Mayo,59000,66000,2026-06-15
Content and social,Head,Meath,53600,87000,2026-07-18
Ecommerce,Executive,Meath,42400,118100,2026-08-06
Marketing operations,Manager,Clare,43900,64000,2026-06-09
Marketing operations,Head,Donegal,54000,58600,2026-07-31
Ecommerce,Manager,Sligo,54400,58400,2026-08-20
Head of marketing,Head,Donegal,46000,53200,2026-08-27
SEO,Manager,Mayo,43900,52400,2026-07-26
Head of marketing,Manager,Kerry,67200,58600,2026-07-29
Marketing operations,Head,Sligo,53900,99100,2026-06-02
Marketing operations,Entry,Sligo,33900,110000,2026-08-26
Content and social,Entry,Donegal,47200,55500,2026-08-08
Ecommerce,Entry,Clare,50500,68300,2026-08-14
SEO,Head,Sligo,52700,73000,2026-09-04
Content and social,Manager,Sligo,41200,73900,2026-06-05
Product marketing,Head,Meath,39600,63800,2026-08-13
Ecommerce,Executive,Sligo,59600,69400,2026-08-17
Marketing operations,Manager,Mayo,59200,106900,2026-07-17
SEO,Head,Mayo,31100,113100,2026-06-09
Head of marketing,Head,Mayo,49000,63100,2026-08-18
Marketing operations,Executive,Cork,51200,61300,2026-09-09
Marketing operations,Manager,Sligo,43100,67500,2026-06-03
SEO,Executive,Meath,44000,52800,2026-07-18
SEO,Head,Sligo,43600,76600,2026-07-29
Content and social,Entry,Clare,56600,83600,2026-09-01
SEO,Head,Mayo,63200,106900,2026-06-03
Content and social,Head,Clare,31900,114500,2026-08-20
SEO,Manager,Clare,44200,72200,2026-07-03
SEO,Entry,Donegal,47000,70000,2026-07-19
Marketing operations,Head,Kerry,45600,45900,2026-06-25
SEO,Manager,Clare,41100,53100,2026-09-02
Brand,Executive,Kerry,39400,60600,2026-07-17
Product marketing,Executive,Clare,62000,77600,2026-08-02
Brand,Manager,Clare,63700,88500,2026-08-13
Brand,Head,Donegal,33300,109000,2026-08-17
Marketing operations,Executive,Sligo,48500,82900,2026-07-08
Product marketing,Manager,Cork,42800,54800,2026-06-10
Marketing operations,Manager,Clare,50400,78700,2026-06-03
Content and social,Executive,Cork,38400,66400,2026-09-18
Head of marketing,Head,Meath,35200,59900,2026-08-01
Brand,Head,Cork,65800,68700,2026-07-01
Content and social,Manager,Mayo,51900,108100,2026-09-19
Marketing operations,Manager,Kerry,36800,106600,2026-08-24
SEO,Head,Meath,44700,84900,2026-07-21
Product marketing,Manager,Meath,44100,47600,2026-07-03
Head of marketing,Manager,Mayo,52000,73000,2026-06-05
Ecommerce,Manager,Meath,47400,61500,2026-07-04
SEO,Manager,Meath,36700,53800,2026-07-06
Head of marketing,Manager,Clare,68600,78300,2026-09-12
Head of marketing,Head,Clare,52800,90500,2026-06-27
Content and social,Head,Clare,33100,117400,2026-09-13
Brand,Manager,Mayo,46100,66800,2026-06-14
Brand,Entry,Clare,45600,70700,2026-06-30
Brand,Head,Cork,50300,50600,2026-07-12
Marketing operations,Head,Sligo,47900,61700,2026-05-26
Marketing operations,Executive,Clare,35500,61500,2026-08-08
SEO,Manager,Clare,55700,73500,2026-07-24
SEO,Manager,Donegal,57300,101000,2026-06-03
Marketing operations,Head,Cork,30200,104200,2026-09-07
Marketing operations,Head,Clare,44400,74800,2026-09-19
Content and social,Manager,Kerry,55200,52600,2026-06-14
SEO,Entry,Mayo,46900,58900,2026-07-28
Content and social,Head,Meath,40800,65700,2026-07-25
Content and social,Head,Cork,40300,69300,2026-06-02
Ecommerce,Executive,Meath,58100,86300,2026-07-03
Head of marketing,Manager,Mayo,56000,110500,2026-08-11
Head of marketing,Manager,Kerry,38900,103300,2026-06-01
Brand,Head,Clare,37800,56700,2026-06-22
SEO,Executive,Donegal,54200,47100,2026-06-30
SEO,Head,Kerry,46800,45400,2026-09-04
Content and social,Entry,Meath,43300,54400,2026-08-20
SEO,Manager,Cork,34700,74800,2026-07-04
Brand,Entry,Meath,61500,58100,2026-06-30
Ecommerce,Head,Clare,50900,92100,2026-09-03
Marketing operations,Executive,Clare,35700,119200,2026-08-28
SEO,Entry,Kerry,42600,89400,2026-07-17
Ecommerce,Manager,Meath,41600,49400,2026-09-04
Brand,Entry,Clare,51400,51800,2026-09-14
Head of marketing,Manager,Clare,40800,74700,2026-06-07
Marketing operations,Manager,Mayo,39500,70200,2026-08-01
Content and social,Entry,Sligo,68400,78500,2026-06-24
Ecommerce,Manager,Mayo,60200,108900,2026-07-10
SEO,Head,Cork,35700,107400,2026-06-07
SEO,Manager,Meath,40400,69000,2026-08-10
Product marketing,Manager,Kerry,55200,67000,2026-06-09
Content and social,Head,Sligo,46800,47300,2026-08-27
Content and social,Manager,Sligo,35900,58300,2026-08-28
Head of marketing,Manager,Sligo,41600,61300,2026-07-09
SEO,Executive,Kerry,62600,59000,2026-08-03
Head of marketing,Manager,Clare,53000,101600,2026-07-01
Product marketing,Head,Sligo,31900,103000,2026-08-08
SEO,Head,Donegal,41700,66400,2026-07-30
SEO,Manager,Mayo,45800,69500,2026-05-28
Marketing operations,Manager,Donegal,47100,57100,2026-06-14
SEO,Executive,Meath,44100,63800,2026-08-17
Content and social,Head,Sligo,30200,53800,2026-06-16
Head of marketing,Manager,Kerry,61300,55900,2026-07-17
Content and social,Head,Donegal,63700,114000,2026-09-09
Brand,Head,Meath,39400,116700,2026-09-01
Marketing operations,Entry,Donegal,46800,77900,2026-09-08
Brand,Manager,Kerry,42600,58900,2026-09-19
SEO,Executive,Clare,49800,59400,2026-06-03
Brand,Executive,Sligo,41900,50600,2026-08-21
SEO,Head,Donegal,31900,51500,2026-08-17
SEO,Head,Meath,55900,57800,2026-06-13
Ecommerce,Manager,Sligo,51700,111200,2026-06-02
Head of marketing,Head,Sligo,37000,104700,2026-08-30
Head of marketing,Manager,Cork,40200,64500,2026-06-26
Ecommerce,Manager,Meath,52800,65700,2026-07-17
Content and social,Manager,Kerry,46800,57700,2026-07-20
Marketing operations,Head,Kerry,36400,58600,2026-07-27
Product marketing,Head,Sligo,39300,70200,2026-05-30
SEO,Entry,Mayo,55600,86100,2026-07-17
Content and social,Head,Cork,63500,83000,2026-07-26
SEO,Head,Clare,31500,102600,2026-08-28
SEO,Manager,Meath,43100,64600,2026-06-13
Product marketing,Executive,Clare,50100,73900,2026-08-18
Head of marketing,Executive,Mayo,44800,47400,2026-06-10
Head of marketing,Manager,Sligo,44900,47600,2026-06-11
Brand,Manager,Donegal,38300,50600,2026-06-29
Marketing operations,Head,Clare,58100,65400,2026-08-11
SEO,Manager,Clare,59600,100100,2026-09-12
SEO,Head,Clare,42900,122700,2026-08-08
Product marketing,Manager,Meath,40700,81200,2026-06-25
SEO,Manager,Meath,41300,76700,2026-07-04
SEO,Head,Donegal,51700,48800,2026-09-17
Head of marketing,Head,Donegal,36700,47300,2026-08-18
Ecommerce,Head,Sligo,38300,64000,2026-08-14
Brand,Executive,Kerry,61600,60200,2026-06-03
SEO,Manager,Cork,56800,97500,2026-07-26
Brand,Manager,Donegal,39800,124700,2026-06-12
Content and social,Executive,Clare,42200,75200,2026-08-29
SEO,Manager,Mayo,51000,64000,2026-07-20
Marketing operations,Entry,Clare,50600,64000,2026-08-03
SEO,Head,Sligo,46800,55600,2026-07-15
SEO,Head,Cork,44300,76100,2026-06-17
Marketing operations,Head,Donegal,65800,55100,2026-07-11
Head of marketing,Executive,Kerry,57100,98500,2026-05-29
Ecommerce,Executive,Donegal,37200,127300,2026-05-31
Ecommerce,Head,Meath,39900,75000,2026-09-17
Brand,Manager,Mayo,45400,53900,2026-07-02
Content and social,Manager,Meath,43100,57600,2026-08-16
Marketing operations,Manager,Clare,35000,52000,2026-06-10
Marketing operations,Executive,Clare,36500,57200,2026-05-30
Content and social,Head,Clare,62300,60300,2026-08-21
Product marketing,Manager,Donegal,57900,108100,2026-07-30
SEO,Head,Mayo,30400,107800,2026-09-06
Ecommerce,Manager,Donegal,41400,62600,2026-07-29
SEO,Head,Kerry,44700,52500,2026-09-17
Ecommerce,Manager,Sligo,52100,61900,2026-09-14
Product marketing,Head,Clare,34200,57200,2026-06-24
Content and social,Entry,Clare,30200,75200,2026-09-17
Head of marketing,Manager,Donegal,58700,66800,2026-09-20
SEO,Manager,Clare,58100,87200,2026-06-13
Marketing operations,Entry,Sligo,41300,134200,2026-08-18
Marketing operations,Entry,Kerry,41100,81600,2026-09-05
SEO,Head,Kerry,47200,48800,2026-06-14
Content and social,Executive,Meath,47700,49400,2026-08-04
Head of marketing,Executive,Cork,42700,50900,2026-06-26
Ecommerce,Head,Cork,38400,62500,2026-05-27
Product marketing,Manager,Meath,61400,88000,2026-07-30
Content and social,Manager,Kerry,62600,106500,2026-08-23
Content and social,Executive,Mayo,44700,106000,2026-06-15
Product marketing,Head,Donegal,45700,85200,2026-07-07
Content and social,Manager,Sligo,47900,53400,2026-05-29
Product marketing,Head,Sligo,55000,60700,2026-06-03
SEO,Manager,Mayo,43100,74100,2026-05-29
Content and social,Head,Cork,35800,66800,2026-09-02
Ecommerce,Head,Mayo,61400,67400,2026-06-02
Brand,Head,Sligo,51600,106900,2026-07-23
Brand,Head,Cork,40500,117300,2026-06-12
Marketing operations,Head,Sligo,38000,65300,2026-05-26
SEO,Head,Meath,54000,70400,2026-07-03
Content and social,Executive,Meath,50600,57300,2026-07-26
SEO,Head,Meath,42200,48500,2026-06-13
SEO,Manager,Kerry,43200,60300,2026-07-29
SEO,Entry,Clare,61100,66400,2026-08-03
SEO,Head,Meath,51600,97600,2026-07-07
Marketing operations,Head,Clare,37000,112500,2026-08-08
Head of marketing,Head,Clare,48000,67500,2026-06-29
Ecommerce,Executive,Sligo,49300,54900,2026-09-18
Head of marketing,Head,Sligo,56200,46300,2026-06-01
Marketing operations,Head,Donegal,38800,64700,2026-08-22
Content and social,Entry,Kerry,39500,83200,2026-08-13
Content and social,Manager,Donegal,65300,67600,2026-06-19
Head of marketing,Executive,Clare,61000,94100,2026-07-03
SEO,Entry,Sligo,34600,120000,2026-07-23
Brand,Manager,Kerry,40500,83000,2026-07-15
Product marketing,Executive,Cork,48800,50500,2026-09-17
Brand,Head,Meath,54700,58800,2026-07-13
SEO,Manager,Clare,46300,51500,2026-08-15
Product marketing,Executive,Kerry,36100,65300,2026-09-15
Brand,Head,Clare,57800,71600,2026-09-20
SEO,Manager,Sligo,58500,107200,2026-06-09
SEO,Head,Sligo,35300,116500,2026-08-21
SEO,Head,Cork,44400,81900,2026-09-04
SEO,Head,Cork,43900,48000,2026-09-09
Ecommerce,Entry,Mayo,45400,61000,2026-08-24
Content and social,Head,Clare,40900,71400,2026-06-21
SEO,Manager,Kerry,36800,73400,2026-05-24
Ecommerce,Executive,Sligo,60500,85800,2026-07-18
Marketing operations,Head,Kerry,63100,98600,2026-07-11
Brand,Manager,Donegal,42600,107900,2026-05-26
Product marketing,Manager,Clare,48000,69900,2026-09-18
Head of marketing,Head,Mayo,45000,68800,2026-08-26
Brand,Manager,Donegal,49100,62700,2026-09-12
SEO,Head,Clare,47600,76600,2026-07-19
Product marketing,Executive,Kerry,42700,63100,2026-08-21
Marketing operations,Manager,Kerry,59700,59600,2026-09-05
SEO,Manager,Kerry,52600,105500,2026-06-22
Head of marketing,Head,Mayo,33300,121400,2026-08-05
Product marketing,Manager,Mayo,45400,76500,2026-08-16
Content and social,Manager,Mayo,44300,52000,2026-06-26
Product marketing,Entry,Cork,50200,54500,2026-09-18
Product marketing,Head,Sligo,40000,59800,2026-07-14
Ecommerce,Executive,Donegal,44700,63800,2026-08-25
Ecommerce,Executive,Clare,58900,76200,2026-09-16
Ecommerce,Manager,Mayo,59900,108600,2026-09-18
SEO,Manager,Donegal,31100,116200,2026-08-14
Brand,Manager,Kerry,38900,77600,2026-08-31
Brand,Head,Sligo,52500,61500,2026-07-02
Head of marketing,Head,Cork,51200,54000,2026-06-06
Brand,Manager,Clare,44500,49400,2026-08-21
Ecommerce,Head,Sligo,32600,71700,2026-06-19
Marketing operations,Head,Kerry,58300,73900,2026-06-23
SEO,Head,Donegal,51000,90800,2026-07-02
Marketing operations,Manager,Clare,39500,102900,2026-06-19
SEO,Head,Mayo,47300,62100,2026-08-05
Head of marketing,Head,Meath,51200,70100,2026-05-24
Head of marketing,Manager,Clare,51700,71800,2026-08-07
Marketing operations,Entry,Cork,43300,71700,2026-06-20
SEO,Manager,Kerry,32300,70300,2026-07-12
SEO,Head,Clare,64800,77100,2026-05-24
Brand,Head,Clare,60000,106700,2026-06-09
SEO,Manager,Sligo,43100,109400,2026-08-01
Marketing operations,Head,Clare,44600,80500,2026-06-07
Content and social,Manager,Clare,51800,58400,2026-08-20
SEO,Manager,Clare,54100,48900,2026-06-13
Marketing operations,Executive,Donegal,42900,52800,2026-06-13
Brand,Head,Sligo,41700,51000,2026-08-25
Marketing operations,Head,Meath,59200,86000,2026-08-18
Ecommerce,Entry,Mayo,56600,89400,2026-06-23
Brand,Manager,Kerry,38900,112800,2026-06-05
Ecommerce,Head,Kerry,49000,78800,2026-08-21
SEO,Head,Donegal,44200,79500,2026-08-14
Head of marketing,Head,Kerry,46900,61800,2026-06-01
Content and social,Executive,Kerry,39500,73400,2026-08-15
Ecommerce,Manager,Meath,41600,76300,2026-05-29
Marketing operations,Manager,Clare,58700,68100,2026-06-26
Brand,Executive,Donegal,65000,107800,2026-06-24
Brand,Manager,Sligo,30900,116400,2026-07-17
Product marketing,Manager,Clare,38100,87600,2026-06-22
Product marketing,Manager,Mayo,49300,75200,2026-06-07
Head of marketing,Head,Donegal,49900,50200,2026-08-29
SEO,Head,Mayo,36000,69500,2026-07-04
Marketing operations,Manager,Cork,44800,74200,2026-08-11
Brand,Manager,Cork,55200,57900,2026-06-05
Ecommerce,Manager,Mayo,64000,87400,2026-08-19
Brand,Entry,Meath,38500,110100,2026-08-23
SEO,Manager,Sligo,36500,79800,2026-06-30
Product marketing,Head,Meath,45700,63800,2026-06-28
Head of marketing,Manager,Mayo,48000,51800,2026-06-27
Marketing operations,Manager,Donegal,40100,54300,2026-06-16
Content and social,Head,Sligo,38400,78800,2026-09-15
Marketing operations,Manager,Mayo,65500,55100,2026-05-30
Ecommerce,Head,Sligo,51800,82200,2026-07-02
SEO,Head,Clare,32400,106700,2026-08-26
SEO,Entry,Sligo,40700,84200,2026-05-31
SEO,Entry,Sligo,54400,52100,2026-07-18
Brand,Manager,Cork,49600,64700,2026-06-14
Content and social,Head,Meath,41800,56200,2026-07-26
Marketing operations,Entry,Donegal,34700,66700,2026-08-09
SEO,Entry,Donegal,65700,63200,2026-06-19
Brand,Entry,Donegal,64000,107100,2026-06-18
Content and social,Head,Sligo,33000,112900,2026-06-27
SEO,Entry,Clare,46100,76900,2026-07-29
Marketing operations,Head,Mayo,46900,53900,2026-06-28
SEO,Manager,Cork,50500,60800,2026-09-09
Ecommerce,Head,Kerry,45700,51700,2026-05-24
SEO,Manager,Sligo,44600,70100,2026-06-04
SEO,Head,Meath,64300,70500,2026-06-15
Ecommerce,Head,Cork,55300,83100,2026-06-01
SEO,Manager,Clare,37200,101800,2026-06-04
Brand,Head,Mayo,38100,65800,2026-05-24
Brand,Head,Sligo,45700,69400,2026-06-08
Marketing operations,Manager,Cork,53900,60000,2026-08-22
SEO,Entry,Clare,40900,56000,2026-08-20
Brand,Head,Clare,34300,84100,2026-09-13
Content and social,Executive,Clare,62900,77200,2026-09-07
Marketing operations,Head,Meath,55400,90300,2026-08-04
Content and social,Head,Clare,36200,106500,2026-09-03
Head of marketing,Head,Clare,49500,79800,2026-09-12
Content and social,Head,Donegal,53800,62300,2026-06-10
Brand,Head,Mayo,55700,78100,2026-07-13
Head of marketing,Executive,Kerry,36600,60900,2026-09-07
Head of marketing,Executive,Kerry,32100,54000,2026-06-07
Product marketing,Head,Kerry,62500,86300,2026-07-05
Marketing operations,Head,Meath,65100,102900,2026-06-14
Head of marketing,Head,Cork,32900,108000,2026-06-29
Ecommerce,Manager,Kerry,49500,67100,2026-08-13
Brand,Head,Donegal,42000,70200,2026-09-07
Ecommerce,Entry,Kerry,51600,61500,2026-07-29
Head of marketing,Manager,Donegal,46500,66700,2026-09-08
Ecommerce,Manager,Mayo,42600,62700,2026-07-23
Ecommerce,Manager,Kerry,65300,67700,2026-07-16
Product marketing,Executive,Clare,54400,98600,2026-09-03
SEO,Manager,Mayo,38500,124800,2026-06-21
SEO,Head,Kerry,40100,68500,2026-09-07
Brand,Head,Clare,45500,76600,2026-07-26
Content and social,Entry,Cork,46500,59800,2026-09-07
Content and social,Head,Meath,38400,46800,2026-07-14
SEO,Head,Mayo,39200,56000,2026-09-01
Ecommerce,Entry,Cork,54700,71400,2026-06-13
Marketing operations,Head,Meath,53600,84900,2026-06-15
SEO,Head,Clare,43500,124100,2026-07-30
Head of marketing,Entry,Clare,49600,63200,2026-08-04
SEO,Manager,Meath,45800,53800,2026-06-08
SEO,Entry,Donegal,52400,46500,2026-06-06
SEO,Head,Clare,40800,71700,2026-08-29
Marketing operations,Head,Sligo,34400,75600,2026-06-14
SEO,Head,Kerry,59100,57700,2026-08-14
SEO,Manager,Clare,60900,110900,2026-06-22
Marketing operations,Head,Meath,44700,131100,2026-09-17
Marketing operations,Entry,Clare,45100,63300,2026-06-04
Brand,Manager,Clare,41900,77700,2026-06-26
Brand,Manager,Donegal,54900,77600,2026-07-07
SEO,Entry,Meath,36200,51600,2026-09-09
Brand,Manager,Kerry,37300,59800,2026-06-14
Marketing operations,Manager,Clare,58000,79600,2026-06-25
Ecommerce,Manager,Kerry,51800,110300,2026-08-27
Brand,Manager,Clare,34300,106300,2026-05-24
SEO,Head,Meath,48800,60000,2026-09-03
Product marketing,Manager,Clare,43500,74000,2026-09-13
SEO,Manager,Cork,53200,51600,2026-06-11
Ecommerce,Executive,Clare,36600,59800,2026-07-15
Brand,Executive,Mayo,31400,50900,2026-08-07
Product marketing,Executive,Donegal,60900,71200,2026-08-28
Marketing operations,Head,Kerry,57900,100700,2026-06-02
Marketing operations,Head,Kerry,40800,117700,2026-08-30
SEO,Entry,Clare,43800,66500,2026-07-10
Marketing operations,Manager,Cork,47100,76800,2026-08-20
Ecommerce,Head,Kerry,46900,48800,2026-07-31
Ecommerce,Executive,Mayo,44600,73300,2026-08-09
Brand,Head,Mayo,43300,73300,2026-09-13
Head of marketing,Head,Clare,59000,71400,2026-06-22
Ecommerce,Head,Meath,64800,95000,2026-05-30
Brand,Manager,Clare,44500,117900,2026-07-09
Product marketing,Manager,Clare,47300,87800,2026-07-28
Product marketing,Executive,Donegal,50600,69700,2026-06-01
SEO,Manager,Kerry,55000,46900,2026-08-27
Product marketing,Manager,Clare,36700,63100,2026-07-29
Product marketing,Executive,Meath,42700,69000,2026-08-03
SEO,Head,Cork,55100,66100,2026-09-04
SEO,Manager,Sligo,52400,85300,2026-08-04
SEO,Head,Cork,38500,119300,2026-08-25
Brand,Manager,Donegal,38800,70100,2026-08-21
SEO,Head,Clare,49100,73500,2026-07-15
Product marketing,Entry,Donegal,51400,72000,2026-08-03
SEO,Manager,Clare,47600,50800,2026-07-22
Head of marketing,Head,Clare,39700,60400,2026-07-01
Ecommerce,Manager,Donegal,55400,65800,2026-08-07
Marketing operations,Head,Clare,57400,114600,2026-06-13
Product marketing,Head,Meath,36100,119200,2026-07-10
SEO,Manager,Clare,37700,64400,2026-08-12
SEO,Executive,Clare,45900,63800,2026-06-28
SEO,Executive,Kerry,53400,59000,2026-09-05
SEO,Executive,Donegal,44100,51700,2026-08-07
Ecommerce,Entry,Donegal,33000,83800,2026-06-05
Head of marketing,Entry,Clare,56400,54400,2026-05-26
Content and social,Executive,Clare,52800,105800,2026-07-27
Head of marketing,Manager,Donegal,35100,104000,2026-08-19
Product marketing,Executive,Clare,47100,68100,2026-08-19
Marketing operations,Manager,Mayo,41600,52600,2026-07-26
Marketing operations,Head,Clare,50000,61800,2026-05-30
Content and social,Manager,Clare,38600,75700,2026-05-30
SEO,Executive,Mayo,40500,54700,2026-06-03
Head of marketing,Executive,Sligo,56900,66600,2026-09-15
SEO,Manager,Mayo,55200,108900,2026-08-12
Marketing operations,Head,Cork,40700,102900,2026-09-18
Ecommerce,Manager,Clare,47100,67300,2026-05-24
Brand,Head,Sligo,45000,69900,2026-07-28
Brand,Manager,Sligo,51900,47500,2026-07-02
Head of marketing,Manager,Clare,34000,68900,2026-07-06
Marketing operations,Manager,Cork,39000,56600,2026-07-12
SEO,Executive,Kerry,62000,55500,2026-07-08
SEO,Manager,Donegal,55800,106200,2026-06-21
SEO,Head,Kerry,44600,115200,2026-08-22
SEO,Manager,Meath,43600,66100,2026-06-24
Marketing operations,Head,Meath,46700,59500,2026-05-28
Content and social,Manager,Sligo,56600,71600,2026-08-16
Ecommerce,Executive,Clare,47200,46400,2026-07-23
SEO,Manager,Cork,33000,74600,2026-06-14
Head of marketing,Head,Meath,66600,82400,2026-09-02
Ecommerce,Head,Kerry,61900,112600,2026-09-10
Brand,Manager,Donegal,35900,121400,2026-06-09
Head of marketing,Manager,Meath,43100,58900,2026-09-14
SEO,Executive,Clare,47700,65800,2026-07-02
Product marketing,Executive,Mayo,54800,60800,2026-08-07
SEO,Manager,Meath,44700,60500,2026-05-27
Content and social,Executive,Kerry,35800,69700,2026-08-13
Marketing operations,Head,Clare,69300,57800,2026-08-08
Head of marketing,Head,Sligo,63600,109100,2026-06-01
Marketing operations,Executive,Mayo,37200,133200,2026-08-26
Brand,Head,Clare,49800,56400,2026-08-15
SEO,Head,Meath,41700,65400,2026-06-03
Content and social,Head,Clare,43600,65900,2026-08-28
Ecommerce,Manager,Cork,39500,56200,2026-07-17
SEO,Head,Meath,36200,78300,2026-08-25
Head of marketing,Head,Cork,57600,82900,2026-09-07
Marketing operations,Manager,Cork,52500,96900,2026-07-18
Brand,Manager,Clare,43000,116100,2026-09-19
Product marketing,Executive,Clare,38300,58600,2026-07-26
Brand,Executive,Sligo,53800,51700,2026-06-26
Ecommerce,Head,Kerry,44400,50400,2026-08-24
Content and social,Entry,Sligo,39000,56000,2026-09-15
SEO,Manager,Meath,32700,78800,2026-08-14
Content and social,Entry,Sligo,64800,75800,2026-07-01
Head of marketing,Head,Cork,57200,87200,2026-08-05
Ecommerce,Manager,Clare,30200,134000,2026-08-26
Product marketing,Head,Kerry,46200,89300,2026-07-13
Content and social,Manager,Clare,42400,51000,2026-06-12
Ecommerce,Manager,Kerry,51100,59300,2026-07-14
Ecommerce,Executive,Kerry,46100,56600,2026-09-14
Content and social,Executive,Clare,36000,63200,2026-09-13
Product marketing,Manager,Mayo,67700,66300,2026-08-07
Content and social,Entry,Cork,65000,93300,2026-06-04
SEO,Head,Clare,38200,105400,2026-09-13
SEO,Head,Meath,44800,88000,2026-07-30
SEO,Executive,Mayo,45600,69800,2026-08-21
Content and social,Entry,Cork,46800,51400,2026-08-07
Product marketing,Manager,Mayo,40200,58600,2026-05-24
Marketing operations,Manager,Clare,35400,60700,2026-07-01
Head of marketing,Head,Meath,57700,86200,2026-07-15
Product marketing,Manager,Sligo,52400,97500,2026-08-05
Content and social,Head,Sligo,31000,104900,2026-07-18
Product marketing,Entry,Clare,43700,88500,2026-08-10
Product marketing,Manager,Clare,49600,45500,2026-06-16
SEO,Entry,Clare,43500,60100,2026-07-04
Ecommerce,Manager,Mayo,36000,48200,2026-06-13
SEO,Head,Clare,43900,78400,2026-09-13
Product marketing,Manager,Donegal,68900,67900,2026-08-26
Marketing operations,Executive,Kerry,53600,90700,2026-06-26
SEO,Entry,Clare,32300,133700,2026-07-16
Brand,Executive,Donegal,36800,56300,2026-09-20
Product marketing,Head,Cork,48500,68600,2026-05-25
Content and social,Entry,Cork,49200,72200,2026-09-11
SEO,Executive,Clare,40000,74300,2026-07-14
Product marketing,Head,Clare,38700,70200,2026-07-03
Marketing operations,Head,Clare,64600,86900,2026-09-14
Product marketing,Head,Cork,59900,106100,2026-09-20
Head of marketing,Manager,Meath,39300,118400,2026-07-13
Head of marketing,Manager,Donegal,41800,66700,2026-09-02
SEO,Manager,Kerry,44100,68300,2026-08-07
Marketing operations,Manager,Meath,45800,47600,2026-08-01
Marketing operations,Head,Meath,35600,62400,2026-05-24
SEO,Head,Donegal,44800,51100,2026-07-20
Product marketing,Head,Kerry,54800,79300,2026-07-26
Ecommerce,Head,Cork,52100,111200,2026-08-08
Content and social,Head,Kerry,35900,131300,2026-09-05
SEO,Head,Kerry,48600,78100,2026-05-27
Brand,Manager,Donegal,45100,76700,2026-09-19
SEO,Entry,Clare,56700,45600,2026-08-01
Content and social,Head,Mayo,44100,55500,2026-07-26
Product marketing,Executive,Mayo,34300,68600,2026-09-20
SEO,Manager,Sligo,65000,61000,2026-06-04
Ecommerce,Manager,Mayo,53600,98200,2026-09-12
Content and social,Head,Mayo,35900,115400,2026-06-13
Product marketing,Executive,Sligo,47800,75600,2026-06-16
SEO,Manager,Clare,46900,54100,2026-05-24
Content and social,Head,Kerry,44500,45500,2026-09-02
Product marketing,Executive,Clare,39600,75200,2026-08-26
SEO,Head,Cork,34700,50600,2026-09-18
Content and social,Executive,Mayo,55900,78400,2026-07-20
SEO,Head,Cork,51100,96000,2026-08-17
Product marketing,Head,Clare,35200,116100,2026-09-09
Head of marketing,Head,Clare,39700,87100,2026-07-25
SEO,Manager,Donegal,54600,75900,2026-07-17
Ecommerce,Manager,Kerry,56800,51100,2026-07-01
Content and social,Manager,Kerry,37800,70800,2026-09-13
Brand,Executive,Cork,38600,53600,2026-06-27
Brand,Entry,Donegal,56000,60200,2026-06-12
Product marketing,Head,Cork,59800,98200,2026-09-06
Content and social,Head,Sligo,32200,114400,2026-05-28
Head of marketing,Entry,Meath,50700,70700,2026-06-02
Product marketing,Executive,Clare,49600,57000,2026-06-26
Content and social,Manager,Meath,44200,63900,2026-09-16
Content and social,Manager,Clare,45700,71700,2026-06-08
Product marketing,Head,Donegal,33700,61500,2026-06-19
Head of marketing,Executive,Clare,65100,81100,2026-08-22
Brand,Executive,Sligo,65300,94100,2026-08-01
Marketing operations,Executive,Meath,33400,102900,2026-09-03
Ecommerce,Head,Mayo,43000,59100,2026-07-18
Product marketing,Executive,Cork,41900,63200,2026-06-30
Head of marketing,Head,Mayo,50100,77200,2026-07-19
Marketing operations,Executive,Clare,37500,61800,2026-08-31
Brand,Entry,Clare,30500,75700,2026-08-27
Content and social,Manager,Mayo,62900,77100,2026-09-11
Brand,Head,Meath,55100,83300,2026-07-16
Product marketing,Head,Kerry,33200,107200,2026-07-20
Head of marketing,Executive,Kerry,37500,88200,2026-07-25
Ecommerce,Manager,Cork,41300,57900,2026-07-08
Marketing operations,Executive,Sligo,56500,66900,2026-09-18
Marketing operations,Manager,Mayo,39500,63600,2026-09-11
Marketing operations,Head,Sligo,31400,77700,2026-08-14
Ecommerce,Head,Clare,65900,82700,2026-07-30
Brand,Head,Cork,60000,93100,2026-08-08
SEO,Manager,Donegal,35500,113500,2026-08-15
Head of marketing,Manager,Clare,48700,73900,2026-06-12
SEO,Head,Sligo,53600,55200,2026-08-23
Brand,Head,Kerry,51600,68300,2026-08-11
Product marketing,Head,Donegal,37900,76800,2026-06-05
Head of marketing,Executive,Mayo,43500,73000,2026-09-15
Marketing operations,Head,Donegal,57300,56700,2026-06-20
Product marketing,Head,Kerry,59200,89600,2026-07-09
SEO,Manager,Meath,44200,109100,2026-06-08
Ecommerce,Executive,Sligo,46500,84100,2026-08-18
Head of marketing,Executive,Meath,42100,63500,2026-08-18
Ecommerce,Manager,Donegal,47400,45300,2026-06-30
SEO,Executive,Clare,34700,46300,2026-05-28
Content and social,Manager,Sligo,37900,78500,2026-08-27
Ecommerce,Manager,Donegal,59000,74700,2026-08-09
Ecommerce,Manager,Cork,64600,105800,2026-06-08
SEO,Executive,Clare,39200,113400,2026-08-18
Content and social,Manager,Clare,44000,72700,2026-08-03
Product marketing,Entry,Donegal,43200,60700,2026-07-23
Head of marketing,Manager,Sligo,52700,68600,2026-07-18
Marketing operations,Manager,Mayo,43200,63900,2026-06-16
Brand,Manager,Clare,36200,70400,2026-08-06
Brand,Head,Clare,57100,74900,2026-06-27
SEO,Head,Donegal,63600,106400,2026-07-18
SEO,Entry,Clare,35800,119100,2026-09-02
Content and social,Head,Mayo,40300,73500,2026-06-12
Brand,Entry,Sligo,50600,52100,2026-09-02
Marketing operations,Head,Donegal,51700,63900,2026-09-05
Product marketing,Entry,Cork,47200,58000,2026-08-13
Content and social,Manager,Kerry,37900,75200,2026-06-04
SEO,Head,Mayo,62300,54300,2026-08-07
Head of marketing,Head,Cork,55900,101300,2026-06-29
SEO,Manager,Kerry,39000,113400,2026-07-24
SEO,Head,Meath,50400,85900,2026-09-05
SEO,Executive,Clare,52700,78900,2026-07-16
SEO,Executive,Mayo,47600,57300,2026-06-06
Brand,Executive,Meath,46400,69200,2026-07-15
Head of marketing,Manager,Cork,44100,54400,2026-09-14
SEO,Executive,Meath,62100,54100,2026-08-15
Marketing operations,Head,Cork,51500,88700,2026-05-29
Head of marketing,Executive,Clare,36000,105400,2026-08-30
Ecommerce,Manager,Meath,40500,86000,2026-06-28
Marketing operations,Head,Clare,47200,45700,2026-07-01
Ecommerce,Manager,Clare,53600,74000,2026-07-06
SEO,Executive,Donegal,39300,59300,2026-06-19
SEO,Head,Mayo,37300,60900,2026-06-30
Content and social,Manager,Donegal,68500,55500,2026-07-31
SEO,Head,Clare,64600,113200,2026-08-25
Brand,Manager,Sligo,42200,127300,2026-07-15
SEO,Executive,Meath,48400,75700,2026-08-09
Marketing operations,Head,Cork,41500,66600,2026-06-06
Marketing operations,Executive,Meath,43800,52600,2026-09-10
SEO,Manager,Sligo,34300,73100,2026-08-30
Brand,Manager,Meath,44300,70500,2026-07-18
Head of marketing,Entry,Clare,56300,59700,2026-06-08
Product marketing,Manager,Donegal,65000,80500,2026-06-11
Content and social,Head,Meath,30400,134700,2026-09-08
Product marketing,Executive,Clare,41600,60000,2026-06-27
Ecommerce,Manager,Clare,52800,60300,2026-08-25
Ecommerce,Head,Cork,48900,69000,2026-05-28
Ecommerce,Entry,Cork,37100,52400,2026-08-15
Marketing operations,Manager,Sligo,40400,70300,2026-08-30
Content and social,Executive,Donegal,64200,59400,2026-06-08
Brand,Head,Kerry,53200,93200,2026-07-04
Head of marketing,Manager,Clare,31200,134400,2026-07-31
Content and social,Manager,Clare,40900,70500,2026-09-17
SEO,Manager,Clare,53600,51500,2026-06-03
Marketing operations,Head,Clare,56400,72600,2026-06-05
Content and social,Manager,Mayo,35600,50800,2026-08-04
Marketing operations,Head,Meath,31700,79000,2026-07-06
Head of marketing,Manager,Donegal,69200,58100,2026-07-30
SEO,Head,Clare,55000,93700,2026-07-31
Head of marketing,Head,Cork,40900,103600,2026-09-13
Brand,Head,Cork,38000,85000,2026-06-08
SEO,Manager,Donegal,44200,65200,2026-06-27
Marketing operations,Manager,Mayo,55000,66100,2026-09-02
SEO,Head,Kerry,44100,72400,2026-09-05
SEO,Head,Kerry,42300,61900,2026-07-27
Head of marketing,Executive,Cork,56300,63000,2026-08-22
Ecommerce,Manager,Clare,50900,98200,2026-06-21
Content and social,Head,Cork,40800,123000,2026-05-27
Ecommerce,Entry,Cork,45700,76300,2026-06-26
Content and social,Manager,Cork,53800,50800,2026-09-05
Ecommerce,Entry,Clare,54900,56100,2026-09-19
Product marketing,Manager,Donegal,42700,68400,2026-06-21
Marketing operations,Manager,Kerry,42800,84400,2026-08-23
Product marketing,Head,Clare,59900,59900,2026-06-28
SEO,Head,Clare,51200,85900,2026-09-16
SEO,Head,Meath,34500,109200,2026-06-20
SEO,Manager,Cork,49100,72900,2026-08-02
Ecommerce,Manager,Kerry,50000,70400,2026-08-11
Ecommerce,Entry,Clare,56700,61900,2026-08-28
Brand,Head,Donegal,42100,47600,2026-07-11
SEO,Entry,Clare,31000,60600,2026-07-31
Head of marketing,Manager,Mayo,56900,73400,2026-08-18
Product marketing,Manager,Donegal,60600,98000,2026-07-06
Product marketing,Head,Clare,38300,126000,2026-06-15
Content and social,Manager,Mayo,48800,59100,2026-07-01
SEO,Entry,Clare,47700,74000,2026-06-23
Content and social,Manager,Sligo,47800,63700,2026-08-18
SEO,Executive,Donegal,42300,56000,2026-09-05
Product marketing,Manager,Clare,40300,58900,2026-08-30
SEO,Head,Sligo,61000,87300,2026-05-31
Ecommerce,Head,Mayo,57000,106000,2026-09-06
Marketing operations,Head,Donegal,44200,126900,2026-07-07
SEO,Head,Sligo,42200,77400,2026-08-09
Content and social,Executive,Sligo,44800,69900,2026-07-25
SEO,Head,Kerry,44200,57700,2026-07-22
Brand,Head,Sligo,46800,57400,2026-07-25
Head of marketing,Head,Meath,33900,57800,2026-09-10
Ecommerce,Manager,Mayo,61400,84700,2026-08-08
Product marketing,Manager,Clare,61600,112600,2026-08-03
Product marketing,Manager,Mayo,31600,109300,2026-06-13
SEO,Manager,Kerry,43000,63400,2026-08-09
Content and social,Manager,Clare,47000,72300,2026-09-11
SEO,Executive,Sligo,49600,60900,2026-08-03
Product marketing,Entry,Clare,43400,71100,2026-07-14
SEO,Manager,Donegal,36500,60900,2026-06-22
Ecommerce,Manager,Donegal,65500,85900,2026-07-08
SEO,Manager,Sligo,56100,96500,2026-06-19
Ecommerce,Head,Clare,39300,123900,2026-07-02
SEO,Manager,Donegal,36300,76300,2026-06-09
Content and social,Entry,Meath,49000,49100,2026-06-01
Content and social,Head,Donegal,51000,73300,2026-09-14
Brand,Executive,Mayo,36100,70600,2026-08-16
SEO,Manager,Donegal,40700,70800,2026-07-30
Marketing operations,Entry,Kerry,60400,76800,2026-07-21
SEO,Head,Cork,64900,94400,2026-08-29
Marketing operations,Head,Clare,30500,103600,2026-05-31
Brand,Head,Clare,45400,72800,2026-09-19
SEO,Manager,Donegal,51000,52400,2026-05-26
Ecommerce,Manager,Sligo,57000,62700,2026-08-13
SEO,Head,Kerry,48100,73300,2026-07-30
SEO,Manager,Clare,30500,71800,2026-09-14
Product marketing,Manager,Sligo,65700,64400,2026-05-30
SEO,Manager,Mayo,60800,91700,2026-08-13
Marketing operations,Entry,Donegal,34900,129900,2026-08-05
SEO,Entry,Clare,46500,72900,2026-09-18
Ecommerce,Entry,Mayo,41200,46700,2026-09-16
Content and social,Head,Donegal,45400,59800,2026-08-06
Ecommerce,Manager,Clare,45600,59800,2026-08-28
Brand,Manager,Clare,40400,59800,2026-08-29
Content and social,Manager,Donegal,65300,73400,2026-07-18
Content and social,Executive,Kerry,61600,86900,2026-05-25
Ecommerce,Executive,Kerry,42800,110900,2026-09-01
Head of marketing,Manager,Cork,41700,62900,2026-07-29
SEO,Manager,Clare,41700,55300,2026-08-07
Head of marketing,Head,Cork,46600,48700,2026-08-03
Brand,Manager,Clare,37900,64200,2026-09-01
Head of marketing,Head,Meath,39900,58100,2026-09-06
Content and social,Head,Mayo,65000,75100,2026-07-27
Product marketing,Head,Meath,64500,83600,2026-08-04
Product marketing,Manager,Donegal,43700,104600,2026-07-12
Head of marketing,Head,Donegal,43300,88100,2026-09-01
SEO,Head,Clare,46200,47300,2026-06-03
Brand,Manager,Sligo,44800,71400,2026-08-01
Marketing operations,Entry,Sligo,45200,62600,2026-08-29
Marketing operations,Manager,Donegal,36600,54600,2026-07-04
Marketing operations,Entry,Mayo,59400,85100,2026-06-13
SEO,Head,Donegal,57400,90100,2026-07-19
Marketing operations,Manager,Mayo,36300,125500,2026-08-12
Brand,Manager,Donegal,37800,68000,2026-08-18
Head of marketing,Head,Kerry,41600,75800,2026-07-05
Brand,Manager,Meath,49800,50100,2026-06-17
SEO,Entry,Donegal,33700,73800,2026-07-29
Ecommerce,Manager,Clare,31000,54500,2026-07-09
Brand,Head,Cork,61600,86200,2026-05-28
Product marketing,Head,Sligo,55900,87300,2026-05-25
Product marketing,Head,Clare,41400,121200,2026-09-10
Head of marketing,Manager,Clare,47400,72000,2026-07-09
Product marketing,Entry,Clare,53900,79200,2026-08-20
Brand,Head,Clare,47700,78600,2026-06-06
Marketing operations,Entry,Mayo,35600,57100,2026-07-30
Product marketing,Head,Kerry,38000,77900,2026-07-17
SEO,Manager,Donegal,67500,71300,2026-06-10
Head of marketing,Manager,Cork,59700,82000,2026-07-14
SEO,Executive,Kerry,37200,120600,2026-07-01
Head of marketing,Head,Meath,38100,57700,2026-08-01
Product marketing,Entry,Donegal,49300,64500,2026-08-02
Content and social,Head,Donegal,48500,47900,2026-05-26
Head of marketing,Manager,Meath,43800,46400,2026-08-10
Brand,Manager,Donegal,39800,54100,2026-07-03
Brand,Manager,Kerry,58000,67700,2026-05-25
Marketing operations,Entry,Clare,64600,111600,2026-08-05
Product marketing,Manager,Clare,42600,101900,2026-08-02
Ecommerce,Head,Sligo,43200,65700,2026-08-17
Marketing operations,Entry,Sligo,46700,66600,2026-05-31
Head of marketing,Head,Cork,55300,56800,2026-07-05
Content and social,Executive,Kerry,35800,68700,2026-08-18
Brand,Head,Mayo,33700,71200,2026-08-02
Head of marketing,Head,Meath,58900,56000,2026-08-04
Head of marketing,Manager,Donegal,55100,83800,2026-06-26
Ecommerce,Entry,Kerry,40000,115000,2026-07-24
Brand,Manager,Donegal,47200,65100,2026-07-02
Ecommerce,Head,Kerry,53800,71300,2026-06-30
Head of marketing,Head,Mayo,48500,51900,2026-06-03
Head of marketing,Manager,Clare,42000,77000,2026-06-20
SEO,Manager,Kerry,36900,64500,2026-07-30
SEO,Head,Mayo,56600,81300,2026-07-09
Marketing operations,Head,Clare,61700,88100,2026-06-06
Ecommerce,Head,Donegal,33800,111400,2026-07-05
Ecommerce,Head,Mayo,50400,74200,2026-06-04
SEO,Manager,Meath,51800,67800,2026-07-02
Content and social,Executive,Sligo,47900,71100,2026-08-26
Head of marketing,Manager,Clare,41800,63300,2026-06-24
SEO,Manager,Sligo,39500,65600,2026-08-14
Marketing operations,Entry,Sligo,59600,58300,2026-06-29
SEO,Head,Kerry,51400,114100,2026-07-12
Marketing operations,Executive,Meath,34700,127800,2026-06-30
SEO,Entry,Cork,38500,56100,2026-07-15
Brand,Head,Clare,47500,71700,2026-06-20
SEO,Executive,Clare,56600,65000,2026-09-20
Brand,Head,Cork,38600,72400,2026-07-01
SEO,Executive,Clare,33200,82900,2026-05-31
SEO,Manager,Cork,58000,74200,2026-07-17
Ecommerce,Entry,Donegal,63800,101100,2026-08-24
Content and social,Head,Clare,42700,111700,2026-06-06
Brand,Head,Clare,46400,73700,2026-07-18
Brand,Manager,Kerry,41600,62100,2026-06-30
Content and social,Manager,Donegal,50500,45000,2026-08-19
Brand,Executive,Clare,34300,52300,2026-06-11
Brand,Manager,Clare,42000,75900,2026-08-05
Brand,Executive,Donegal,67500,72100,2026-05-30
Ecommerce,Executive,Donegal,60300,81000,2026-09-08
SEO,Head,Sligo,33900,126300,2026-09-19
SEO,Head,Kerry,50600,70000,2026-08-10
SEO,Manager,Clare,45900,66400,2026-06-14
Brand,Head,Kerry,43500,74500,2026-05-29
Marketing operations,Entry,Meath,39200,59000,2026-07-08
SEO,Executive,Kerry,37800,67800,2026-06-09
SEO,Manager,Clare,61000,59900,2026-09-09
SEO,Head,Clare,61300,92800,2026-05-31
Content and social,Head,Mayo,33200,108900,2026-09-10
Content and social,Manager,Mayo,50700,85600,2026-06-07
Brand,Entry,Sligo,54200,60600,2026-06-10
SEO,Manager,Kerry,43100,56700,2026-09-15
Head of marketing,Head,Donegal,38100,68300,2026-08-26
SEO,Manager,Clare,33000,70400,2026-07-21
Product marketing,Entry,Clare,69100,54100,2026-08-08
Brand,Manager,Meath,56200,82700,2026-09-08
Product marketing,Manager,Clare,38700,131700,2026-08-30
Brand,Entry,Donegal,44700,79500,2026-08-28
Head of marketing,Executive,Sligo,46400,54900,2026-08-19
SEO,Manager,Donegal,56500,71900,2026-09-08
SEO,Head,Mayo,39800,62900,2026-09-01
Product marketing,Manager,Clare,33600,75800,2026-08-17
Product marketing,Manager,Cork,59900,80900,2026-07-12
Content and social,Head,Meath,58700,90900,2026-06-07
SEO,Entry,Meath,38800,105200,2026-09-20
SEO,Manager,Mayo,37600,59400,2026-07-21
Brand,Manager,Meath,42200,63000,2026-08-08
Marketing operations,Manager,Kerry,47900,46300,2026-08-31
Head of marketing,Manager,Cork,35100,70700,2026-07-17
Head of marketing,Head,Clare,36800,68800,2026-06-04
Marketing operations,Manager,Sligo,62700,61900,2026-05-26
Product marketing,Head,Mayo,54200,111200,2026-06-15
SEO,Head,Clare,38900,117700,2026-08-15
SEO,Manager,Cork,43800,83900,2026-07-22
Brand,Head,Mayo,42300,59500,2026-06-27
SEO,Manager,Clare,56900,72800,2026-06-14
SEO,Entry,Clare,45500,45000,2026-08-10
SEO,Head,Sligo,36400,79600,2026-07-28
Head of marketing,Head,Mayo,57700,58100,2026-06-18
Ecommerce,Manager,Clare,60900,85800,2026-07-01
Marketing operations,Entry,Meath,31100,115000,2026-06-17
Ecommerce,Entry,Mayo,45500,78500,2026-08-07
Product marketing,Manager,Cork,49900,61900,2026-08-25
Head of marketing,Head,Meath,44900,53900,2026-09-16
Content and social,Head,Cork,40700,52100,2026-09-04
Head of marketing,Head,Meath,40100,57300,2026-08-02
Content and social,Entry,Sligo,69300,56700,2026-09-12
SEO,Head,Clare,56800,87200,2026-06-22
Product marketing,Head,Clare,40800,107000,2026-07-29
SEO,Head,Clare,38200,63400,2026-07-01
Ecommerce,Manager,Mayo,52600,53000,2026-05-27
Brand,Entry,Kerry,55800,54000,2026-06-08
SEO,Manager,Cork,37500,52800,2026-09-15
Ecommerce,Manager,Mayo,37900,72400,2026-07-31
Brand,Head,Cork,55500,85400,2026-07-16
SEO,Executive,Donegal,58000,99000,2026-07-31
Brand,Head,Donegal,30700,111400,2026-08-27
Brand,Head,Cork,44500,74200,2026-08-15
Head of marketing,Head,Clare,50500,64600,2026-07-18
SEO,Manager,Donegal,47800,58800,2026-07-25
Content and social,Head,Kerry,36500,58300,2026-07-25
Head of marketing,Executive,Mayo,32300,82700,2026-06-11
SEO,Head,Donegal,58800,65000,2026-07-22
Ecommerce,Executive,Donegal,57000,113500,2026-07-27
Content and social,Head,Kerry,35700,122800,2026-07-25
Ecommerce,Manager,Donegal,42600,68500,2026-09-19
SEO,Executive,Donegal,46800,70100,2026-06-18
Marketing operations,Manager,Mayo,44400,66000,2026-06-21
Ecommerce,Manager,Clare,44500,60400,2026-06-17
Content and social,Head,Kerry,37800,68100,2026-08-25
Ecommerce,Head,Kerry,60900,72700,2026-09-19
Head of marketing,Entry,Clare,58600,98300,2026-08-27
Head of marketing,Executive,Clare,36100,119700,2026-07-28
SEO,Manager,Sligo,45700,86500,2026-09-10
Marketing operations,Head,Meath,47000,72200,2026-06-28
SEO,Executive,Clare,49700,69000,2026-06-13
SEO,Entry,Clare,41600,70100,2026-06-26
Marketing operations,Head,Meath,44600,74200,2026-06-22
Content and social,Manager,Clare,64400,86700,2026-07-11
Brand,Manager,Clare,52600,91700,2026-07-14
Head of marketing,Manager,Cork,32600,125400,2026-06-10
Product marketing,Head,Donegal,47100,61300,2026-07-25
Content and social,Head,Clare,53100,70300,2026-08-15
Head of marketing,Executive,Clare,47600,47900,2026-08-08
SEO,Manager,Kerry,44300,68000,2026-05-27
Content and social,Head,Clare,32100,77000,2026-07-12
Brand,Head,Clare,60100,67700,2026-08-08
SEO,Executive,Cork,57800,97400,2026-07-26
Ecommerce,Manager,Cork,41100,130300,2026-07-10
SEO,Manager,Sligo,46600,62300,2026-07-20
Ecommerce,Head,Meath,43900,66700,2026-09-12
Marketing operations,Manager,Sligo,48700,51400,2026-09-07
SEO,Head,Sligo,43200,52600,2026-06-17
Product marketing,Manager,Sligo,40100,84500,2026-07-13
Ecommerce,Head,Kerry,55300,62900,2026-08-06
Brand,Manager,Clare,61500,82800,2026-09-03
Ecommerce,Manager,Meath,35200,119800,2026-08-25
SEO,Manager,Sligo,38900,79800,2026-08-26
Marketing operations,Head,Sligo,42500,49000,2026-06-26
Head of marketing,Manager,Kerry,50600,74300,2026-07-22
Product marketing,Executive,Kerry,37900,57500,2026-06-30
SEO,Head,Donegal,38100,54100,2026-07-21
SEO,Entry,Clare,60700,61600,2026-09-14
Ecommerce,Head,Cork,51000,89200,2026-08-07
SEO,Manager,Cork,31800,119600,2026-07-23
Brand,Manager,Donegal,38200,66400,2026-08-19
Product marketing,Head,Cork,47600,64200,2026-07-01
Product marketing,Manager,Cork,45700,52700,2026-07-10
Product marketing,Head,Sligo,47400,76600,2026-07-24
Ecommerce,Head,Donegal,38500,51000,2026-08-05
Brand,Manager,Cork,55600,76700,2026-07-24
Marketing operations,Head,Clare,59600,92600,2026-07-07
Product marketing,Manager,Mayo,40500,120100,2026-07-11
Head of marketing,Entry,Mayo,38400,75000,2026-07-03
Head of marketing,Manager,Donegal,52600,70100,2026-07-07
Marketing operations,Head,Sligo,51500,75300,2026-08-31
SEO,Manager,Meath,37200,56800,2026-08-16
Ecommerce,Head,Clare,43300,81000,2026-08-14
Ecommerce,Head,Clare,63700,81800,2026-08-28
SEO,Head,Cork,60100,110200,2026-07-07
Product marketing,Head,Meath,36000,126900,2026-09-17
Product marketing,Head,Meath,37400,61200,2026-07-29
Content and social,Manager,Clare,55700,76100,2026-08-08
SEO,Entry,Clare,53800,68000,2026-07-15
Head of marketing,Head,Cork,44200,67200,2026-06-28
SEO,Manager,Mayo,42100,84200,2026-08-21
Product marketing,Manager,Clare,60200,81900,2026-06-15
SEO,Head,Clare,60200,98100,2026-08-03
SEO,Entry,Sligo,32300,103400,2026-06-03
Ecommerce,Head,Cork,41600,64700,2026-05-26
SEO,Manager,Mayo,48000,74800,2026-06-28
Brand,Entry,Sligo,42800,76200,2026-06-16
Head of marketing,Head,Mayo,46900,72900,2026-07-14
Ecommerce,Entry,Mayo,38100,75200,2026-07-06
Head of marketing,Entry,Donegal,59100,66800,2026-08-02
Content and social,Executive,Cork,53400,86000,2026-08-16
Head of marketing,Manager,Sligo,43900,134600,2026-05-27
Content and social,Executive,Clare,46300,80400,2026-08-30
Marketing operations,Manager,Cork,54200,54400,2026-06-16
Content and social,Head,Mayo,52100,71900,2026-08-16
SEO,Manager,Cork,48300,45400,2026-08-12
Content and social,Entry,Meath,34300,64200,2026-07-27
Product marketing,Manager,Donegal,62200,59900,2026-06-13
SEO,Head,Cork,61300,107500,2026-07-12
SEO,Entry,Clare,31300,125200,2026-07-02
SEO,Manager,Clare,44900,55700,2026-07-27
SEO,Executive,Meath,45800,70400,2026-07-30
Head of marketing,Manager,Donegal,48500,73100,2026-07-14
Ecommerce,Manager,Clare,39500,52700,2026-06-18
Head of marketing,Head,Kerry,33500,76700,2026-08-10
Ecommerce,Head,Clare,57600,82400,2026-08-13
SEO,Manager,Donegal,64000,98700,2026-09-01
Content and social,Head,Sligo,44700,134700,2026-07-11
SEO,Head,Meath,50300,76300,2026-09-15
Head of marketing,Head,Donegal,41700,60600,2026-06-14
Ecommerce,Manager,Donegal,47300,49900,2026-08-01
Content and social,Head,Cork,45500,58400,2026-09-05
Marketing operations,Manager,Sligo,31700,76000,2026-07-10
Head of marketing,Manager,Donegal,67500,63100,2026-06-08
Head of marketing,Head,Clare,60100,113900,2026-09-12
Brand,Head,Clare,44300,109100,2026-06-20
Brand,Manager,Mayo,41700,67700,2026-06-01
Head of marketing,Manager,Clare,47600,50100,2026-07-30
Content and social,Head,Donegal,49100,66800,2026-06-07
Marketing operations,Entry,Kerry,44100,50400,2026-09-18
Marketing operations,Head,Donegal,37500,59700,2026-07-19
Head of marketing,Head,Clare,55600,65100,2026-09-10
Ecommerce,Head,Sligo,58100,86200,2026-07-11
Ecommerce,Manager,Clare,33500,127700,2026-09-18
Content and social,Head,Kerry,43400,80900,2026-07-25
Brand,Head,Cork,44900,68200,2026-08-19
Content and social,Entry,Meath,52600,56100,2026-09-03
Ecommerce,Manager,Mayo,41300,74900,2026-07-17
Marketing operations,Executive,Sligo,33200,52900,2026-07-24
Head of marketing,Executive,Donegal,69300,70400,2026-08-04
Brand,Manager,Kerry,64300,108900,2026-08-22
SEO,Manager,Meath,43000,119700,2026-06-17
Head of marketing,Head,Meath,47400,59400,2026-06-15
Product marketing,Head,Clare,43900,77600,2026-05-27
Head of marketing,Manager,Cork,44000,59700,2026-08-17
Head of marketing,Manager,Cork,46200,73700,2026-07-07
SEO,Head,Cork,32000,70800,2026-07-19
SEO,Entry,Sligo,59000,57200,2026-07-26
SEO,Head,Clare,52600,99600,2026-07-12
Ecommerce,Manager,Donegal,42600,104000,2026-09-15
Brand,Head,Meath,42600,66400,2026-07-25
Ecommerce,Executive,Meath,49900,74900,2026-08-14
Product marketing,Head,Cork,45300,50100,2026-06-28
Brand,Entry,Meath,39000,64200,2026-05-28
Marketing operations,Head,Cork,30800,66500,2026-07-27
SEO,Manager,Kerry,66400,66800,2026-07-19
SEO,Manager,Meath,63100,94500,2026-06-17
Product marketing,Head,Cork,38400,131900,2026-07-02
Brand,Head,Kerry,48100,61600,2026-06-30
Content and social,Head,Kerry,42600,55100,2026-07-12
Content and social,Head,Meath,42900,62400,2026-07-23
Ecommerce,Entry,Kerry,45900,55000,2026-08-23
Product marketing,Head,Clare,31400,57500,2026-08-17
SEO,Executive,Sligo,58500,56800,2026-09-05
Content and social,Manager,Sligo,62900,102400,2026-07-04
Brand,Manager,Meath,38400,117700,2026-08-24
Content and social,Head,Mayo,42100,84500,2026-08-04
Marketing operations,Executive,Meath,44300,56600,2026-07-16
SEO,Head,Clare,46100,49700,2026-06-01
SEO,Manager,Clare,40800,76800,2026-09-08
SEO,Head,Clare,38200,61600,2026-07-09
Ecommerce,Manager,Sligo,60700,64200,2026-06-01
Ecommerce,Entry,Clare,57600,113900,2026-07-10
Head of marketing,Entry,Cork,31800,119400,2026-06-10
Head of marketing,Head,Meath,38700,63100,2026-08-21
SEO,Head,Sligo,51600,78600,2026-05-29
Product marketing,Manager,Donegal,54500,75400,2026-08-22
SEO,Manager,Donegal,48100,68400,2026-08-02
Product marketing,Head,Mayo,31200,80800,2026-09-14
SEO,Head,Meath,61300,72800,2026-08-07
Head of marketing,Executive,Kerry,53000,103500,2026-06-29
SEO,Head,Meath,40000,129700,2026-08-24
Ecommerce,Head,Meath,38300,67900,2026-07-28
SEO,Head,Kerry,41300,65300,2026-08-04
Ecommerce,Head,Clare,46300,58500,2026-06-08
Content and social,Executive,Mayo,41700,49200,2026-07-02
Content and social,Manager,Mayo,40100,54100,2026-09-10
Product marketing,Head,Kerry,55600,58500,2026-08-18
Marketing operations,Manager,Clare,63900,90100,2026-06-07
Content and social,Manager,Meath,39900,115000,2026-08-08
Brand,Manager,Sligo,47900,64700,2026-08-05
Product marketing,Head,Clare,53000,50400,2026-08-10
Ecommerce,Manager,Cork,49300,70900,2026-08-18
Product marketing,Head,Cork,34900,56600,2026-06-10
Brand,Executive,Sligo,41400,60900,2026-07-25
Content and social,Head,Mayo,66400,82800,2026-06-02
Brand,Entry,Meath,57600,95800,2026-08-30
Head of marketing,Head,Mayo,40600,123900,2026-06-03
Product marketing,Manager,Donegal,37000,59400,2026-06-20
Marketing operations,Executive,Donegal,48600,54400,2026-07-04
Product marketing,Executive,Sligo,56800,74100,2026-06-06
Marketing operations,Entry,Mayo,38900,60700,2026-09-08
Brand,Manager,Sligo,39500,76700,2026-08-07
Marketing operations,Head,Donegal,57300,83400,2026-07-30
Product marketing,Head,Sligo,50900,85500,2026-08-07
SEO,Head,Meath,34300,102400,2026-09-08
SEO,Head,Clare,48800,84800,2026-09-07
Brand,Head,Donegal,42700,67900,2026-07-21
Head of marketing,Entry,Cork,52500,69800,2026-08-21
SEO,Head,Clare,39300,70600,2026-07-30
Ecommerce,Entry,Clare,43400,78800,2026-08-22
SEO,Manager,Cork,61800,76400,2026-05-26
SEO,Entry,Kerry,59300,109000,2026-06-28
Head of marketing,Head,Donegal,33700,111100,2026-09-17
Ecommerce,Executive,Clare,37400,77700,2026-07-04
SEO,Manager,Mayo,44000,53900,2026-06-04
Brand,Manager,Meath,45200,59100,2026-06-02
Marketing operations,Head,Donegal,35300,47100,2026-08-04
SEO,Head,Mayo,38100,81000,2026-06-23
SEO,Head,Cork,67600,55200,2026-08-26
Ecommerce,Head,Sligo,60400,109400,2026-07-16
Product marketing,Manager,Clare,35200,131000,2026-08-14
Product marketing,Manager,Meath,50800,78900,2026-07-16
SEO,Head,Sligo,45900,60600,2026-08-07
Content and social,Manager,Donegal,57000,64200,2026-05-31
Product marketing,Manager,Donegal,47100,47600,2026-06-18
SEO,Entry,Clare,38700,63800,2026-06-22
SEO,Manager,Clare,64800,56100,2026-09-17
Ecommerce,Head,Sligo,54700,108600,2026-07-11
Head of marketing,Manager,Clare,42800,104800,2026-05-24
Product marketing,Entry,Meath,49500,85900,2026-07-12
Head of marketing,Manager,Kerry,48100,78900,2026-07-06
SEO,Head,Kerry,47900,62900,2026-08-22
Brand,Manager,Cork,45000,60200,2026-09-11
Head of marketing,Head,Mayo,37000,51200,2026-09-14
Content and social,Entry,Clare,61100,60200,2026-08-01
Brand,Manager,Kerry,53600,82400,2026-07-21
Content and social,Head,Sligo,43600,108300,2026-06-18
Marketing operations,Manager,Clare,43300,73100,2026-05-25
Marketing operations,Head,Sligo,53200,69600,2026-06-10
Product marketing,Head,Clare,46900,75900,2026-06-18
SEO,Entry,Meath,44000,56800,2026-07-28
Brand,Head,Donegal,38800,50900,2026-07-24
Content and social,Manager,Cork,60300,54400,2026-08-28
Head of marketing,Manager,Clare,63400,94700,2026-07-05
SEO,Head,Sligo,39000,123000,2026-08-11
Content and social,Executive,Kerry,37900,73100,2026-07-01
Ecommerce,Manager,Clare,50300,54900,2026-06-10
Head of marketing,Entry,Meath,53900,61500,2026-08-28
Brand,Head,Sligo,43900,60200,2026-06-07
Product marketing,Entry,Donegal,33800,51300,2026-05-24
SEO,Manager,Cork,58200,71900,2026-05-25
SEO,Manager,Kerry,56900,110400,2026-05-30
SEO,Manager,Kerry,36500,107800,2026-09-12
Marketing operations,Entry,Clare,38300,66400,2026-08-31
SEO,Head,Kerry,41600,57400,2026-06-20
SEO,Head,Clare,54900,58300,2026-06-24
SEO,Manager,Meath,41000,70500,2026-07-02
SEO,Entry,Meath,37200,56100,2026-08-31
Content and social,Executive,Donegal,60500,86900,2026-07-15
Content and social,Executive,Sligo,53200,87100,2026-07-19
Head of marketing,Manager,Clare,36400,112900,2026-07-20
Product marketing,Executive,Sligo,44300,73100,2026-08-11
Content and social,Manager,Clare,42000,69900,2026-08-21
Brand,Head,Clare,42800,59500,2026-08-06
Brand,Head,Kerry,47100,71600,2026-06-23
SEO,Head,Mayo,31700,54300,2026-08-12
SEO,Head,Mayo,60000,55600,2026-08-24
Head of marketing,Head,Meath,60100,105000,2026-08-27
Ecommerce,Manager,Clare,36100,127000,2026-06-06
Product marketing,Head,Sligo,41300,79300,2026-06-15
SEO,Manager,Mayo,53000,51100,2026-08-16
SEO,Manager,Clare,42700,48100,2026-07-25
Marketing operations,Entry,Clare,40800,50700,2026-09-14
Product marketing,Manager,Cork,34200,79700,2026-08-05
Brand,Head,Cork,62600,67400,2026-05-28
SEO,Head,Meath,62400,97600,2026-09-01
Marketing operations,Entry,Sligo,35000,124800,2026-06-15
Head of marketing,Head,Meath,44900,86500,2026-08-12
SEO,Head,Mayo,52900,68000,2026-07-03
Ecommerce,Head,Kerry,56500,76900,2026-09-13
SEO,Head,Mayo,47100,66400,2026-07-20
Ecommerce,Executive,Mayo,30400,68300,2026-06-23
Product marketing,Manager,Clare,62300,56500,2026-09-16
Product marketing,Head,Sligo,52200,98200,2026-08-31
Ecommerce,Executive,Mayo,38100,126400,2026-05-28
SEO,Manager,Mayo,37600,74700,2026-06-28
SEO,Executive,Kerry,50200,60300,2026-07-24
Product marketing,Head,Clare,46500,52700,2026-09-06
Marketing operations,Manager,Clare,44000,61800,2026-06-01
Content and social,Executive,Clare,43000,75500,2026-07-16
Content and social,Manager,Cork,69300,55700,2026-09-15
Marketing operations,Executive,Clare,64400,97200,2026-06-08
Marketing operations,Head,Cork,42300,114800,2026-09-09
Content and social,Manager,Meath,48500,62100,2026-07-06
SEO,Manager,Clare,49700,55400,2026-09-09
Product marketing,Entry,Mayo,56200,78700,2026-05-24
Head of marketing,Head,Mayo,34300,57400,2026-07-25
Ecommerce,Head,Clare,30400,63900,2026-07-18
Brand,Manager,Clare,60000,67300,2026-06-09
Content and social,Head,Clare,54200,110100,2026-07-04
SEO,Executive,Meath,40600,103600,2026-07-07
Head of marketing,Head,Meath,40300,70900,2026-07-10
Ecommerce,Head,Clare,43400,69400,2026-06-13
Content and social,Manager,Mayo,52400,68200,2026-08-13
SEO,Head,Clare,34400,73900,2026-07-05
Product marketing,Manager,Mayo,37000,84000,2026-08-17
Product marketing,Manager,Clare,62900,79500,2026-07-04
Marketing operations,Entry,Meath,65200,109400,2026-06-25
Brand,Head,Clare,40400,115600,2026-08-24
Product marketing,Entry,Donegal,48100,60200,2026-07-10
Ecommerce,Manager,Donegal,55400,54100,2026-07-21
Marketing operations,Head,Mayo,54700,55900,2026-09-05
SEO,Head,Cork,40600,71100,2026-07-12
Ecommerce,Entry,Kerry,33400,56100,2026-06-21
Marketing operations,Head,Donegal,62400,57700,2026-08-25
Head of marketing,Manager,Mayo,54600,103700,2026-06-10
Head of marketing,Entry,Donegal,37900,128200,2026-08-18
SEO,Head,Sligo,39700,77400,2026-07-05
Content and social,Head,Meath,47900,65500,2026-05-31
Ecommerce,Manager,Kerry,45100,76700,2026-05-31
SEO,Manager,Sligo,42300,51800,2026-06-10
Marketing operations,Manager,Clare,34800,53700,2026-07-05
Product marketing,Manager,Mayo,65100,82700,2026-08-23
Content and social,Head,Cork,65300,83000,2026-06-20
Marketing operations,Entry,Sligo,35700,113300,2026-08-30
SEO,Head,Donegal,41200,63300,2026-06-28
SEO,Manager,Mayo,45400,57900,2026-05-29
Ecommerce,Manager,Donegal,53800,75100,2026-06-27
Marketing operations,Head,Kerry,47600,54600,2026-06-21
SEO,Head,Cork,41200,55000,2026-07-20
Head of marketing,Head,Clare,69300,67600,2026-06-23
Product marketing,Manager,Mayo,54300,108400,2026-07-10
Product marketing,Entry,Donegal,39400,132100,2026-06-26
SEO,Head,Clare,38200,88400,2026-08-22
SEO,Manager,Meath,55000,71500,2026-08-15
SEO,Head,Meath,52100,52300,2026-05-30
SEO,Head,Mayo,34900,52000,2026-07-18
Ecommerce,Manager,Donegal,43200,71800,2026-09-06
Brand,Entry,Donegal,60500,54600,2026-09-15
SEO,Manager,Kerry,54500,81400,2026-08-17
Brand,Entry,Cork,35100,118300,2026-06-12
Product marketing,Manager,Meath,38200,77400,2026-06-21
Brand,Manager,Clare,50200,61900,2026-09-06
Brand,Head,Mayo,55100,57800,2026-09-02
Head of marketing,Executive,Meath,40100,63400,2026-06-08
SEO,Head,Kerry,30300,77300,2026-07-31
Ecommerce,Head,Sligo,55200,67900,2026-08-16
Ecommerce,Head,Cork,61500,113200,2026-08-16
Marketing operations,Manager,Meath,40200,104100,2026-07-12
Head of marketing,Manager,Donegal,40500,69100,2026-08-24
SEO,Head,Mayo,45300,62200,2026-07-07
Ecommerce,Head,Kerry,44600,77300,2026-07-20
Product marketing,Entry,Clare,39400,58600,2026-06-12
Head of marketing,Head,Meath,39900,72400,2026-07-09
Head of marketing,Head,Kerry,62300,76800,2026-06-29
Ecommerce,Manager,Kerry,57200,92200,2026-06-28
SEO,Manager,Donegal,32900,118300,2026-06-17
SEO,Executive,Kerry,39500,82500,2026-08-11
Content and social,Head,Clare,46600,56600,2026-09-14
Ecommerce,Manager,Kerry,53400,75200,2026-06-16
Brand,Manager,Meath,39700,46200,2026-06-17
Ecommerce,Manager,Donegal,33300,66000,2026-09-14
Head of marketing,Manager,Clare,64100,77200,2026-07-14
Product marketing,Manager,Kerry,51000,101300,2026-07-14
Head of marketing,Manager,Mayo,42100,110000,2026-09-11
Content and social,Entry,Clare,48700,63700,2026-08-26
Product marketing,Entry,Cork,45000,73400,2026-07-07
SEO,Executive,Mayo,50000,77800,2026-05-29
Product marketing,Manager,Clare,43900,65200,2026-08-14
Brand,Head,Kerry,40800,52200,2026-08-23
Product marketing,Entry,Meath,58000,67700,2026-09-03
Marketing operations,Manager,Kerry,63600,97400,2026-08-19
SEO,Executive,Sligo,42300,133400,2026-07-22
Marketing operations,Head,Clare,41900,77700,2026-07-09
Head of marketing,Head,Sligo,44700,66800,2026-09-06
SEO,Entry,Clare,54900,63300,2026-09-04
Head of marketing,Manager,Clare,38500,68200,2026-08-07
Content and social,Executive,Mayo,39000,60000,2026-06-05
SEO,Head,Clare,56700,82400,2026-08-22
SEO,Executive,Cork,53100,81300,2026-06-12
Ecommerce,Head,Clare,31400,121900,2026-09-19
Ecommerce,Head,Kerry,50200,89400,2026-07-22
SEO,Head,Meath,50500,48800,2026-08-27
Ecommerce,Manager,Clare,51300,66900,2026-09-18
Brand,Manager,Clare,45300,56600,2026-07-24
Content and social,Manager,Meath,39700,56100,2026-07-21
SEO,Manager,Donegal,62400,78200,2026-09-09
Product marketing,Head,Sligo,52000,106700,2026-08-19
Marketing operations,Head,Mayo,41100,110700,2026-07-07
SEO,Head,Donegal,47800,67400,2026-07-20
Ecommerce,Manager,Meath,52300,75200,2026-06-08
Head of marketing,Manager,Mayo,54500,61400,2026-09-02
Head of marketing,Manager,Clare,35100,76100,2026-08-27
Head of marketing,Executive,Sligo,39900,67400,2026-09-15
Content and social,Executive,Clare,60700,84700,2026-08-13
SEO,Head,Donegal,58700,110200,2026-07-13
Head of marketing,Head,Donegal,32100,130100,2026-06-26
Ecommerce,Manager,Clare,49700,63500,2026-07-20
Ecommerce,Executive,Kerry,42300,56200,2026-08-24
Head of marketing,Executive,Kerry,54100,54200,2026-06-12
Marketing operations,Head,Meath,43300,56300,2026-09-12
Ecommerce,Head,Meath,36400,71800,2026-06-02
Product marketing,Manager,Kerry,60500,67600,2026-06-04
Marketing operations,Entry,Donegal,51200,85000,2026-08-08
Head of marketing,Head,Clare,40200,112800,2026-08-11
Head of marketing,Head,Mayo,38000,60500,2026-06-11
SEO,Manager,Clare,54200,72300,2026-08-27
Brand,Manager,Clare,55900,46800,2026-08-23
Product marketing,Entry,Kerry,41500,58300,2026-07-20
SEO,Entry,Mayo,31700,69900,2026-08-10
Ecommerce,Head,Kerry,65700,73900,2026-09-03
SEO,Manager,Meath,58100,92700,2026-09-01
Ecommerce,Head,Cork,30200,108000,2026-09-01
Ecommerce,Head,Meath,41300,83300,2026-07-22
SEO,Executive,Mayo,50300,74600,2026-07-12
SEO,Executive,Donegal,46700,73200,2026-06-02
Head of marketing,Manager,Meath,38100,66500,2026-07-28
Ecommerce,Manager,Clare,40200,57000,2026-05-30
Product marketing,Manager,Sligo,59900,83400,2026-06-15
SEO,Executive,Kerry,57100,88000,2026-08-02
Product marketing,Entry,Sligo,32300,120500,2026-08-21
Brand,Entry,Meath,44700,79100,2026-07-02
Brand,Manager,Sligo,46300,77000,2026-09-02
SEO,Executive,Sligo,54600,58400,2026-07-23
Marketing operations,Entry,Sligo,46100,66400,2026-08-12
SEO,Head,Kerry,36900,78800,2026-05-28
Head of marketing,Entry,Clare,57000,72500,2026-07-03
Brand,Manager,Clare,59100,97700,2026-07-14
Marketing operations,Head,Kerry,35000,108700,2026-08-09
Ecommerce,Head,Donegal,40500,84300,2026-08-26
SEO,Manager,Meath,44700,63100,2026-09-11
SEO,Manager,Donegal,50600,51900,2026-08-24
Marketing operations,Head,Donegal,46900,55200,2026-09-05
SEO,Head,Sligo,39000,68100,2026-09-17
Brand,Head,Donegal,68500,70000,2026-07-27
Brand,Head,Clare,51800,110600,2026-06-27
Content and social,Head,Clare,30300,129000,2026-09-04
Brand,Head,Mayo,49100,61700,2026-08-06
Head of marketing,Manager,Clare,44600,68900,2026-09-01
SEO,Entry,Clare,43100,73200,2026-07-25
SEO,Manager,Sligo,38400,53000,2026-06-20
Head of marketing,Head,Cork,39600,78600,2026-06-16
SEO,Manager,Kerry,68900,86800,2026-06-03
SEO,Manager,Donegal,52800,87200,2026-08-14
Brand,Manager,Mayo,40000,132500,2026-09-15
Marketing operations,Manager,Donegal,47500,75900,2026-06-18
Ecommerce,Manager,Meath,47600,58000,2026-07-15
Product marketing,Head,Clare,49200,64200,2026-08-13
Product marketing,Head,Mayo,45500,75600,2026-08-07
Content and social,Head,Sligo,38700,58600,2026-07-31
Product marketing,Manager,Kerry,65000,72700,2026-09-15
Ecommerce,Head,Mayo,60000,87300,2026-07-29
Product marketing,Executive,Clare,33100,118400,2026-07-14
SEO,Head,Clare,48900,75000,2026-08-18
Ecommerce,Executive,Kerry,47300,70500,2026-06-12
Marketing operations,Entry,Meath,46800,51500,2026-07-25
Marketing operations,Head,Meath,46400,77100,2026-08-07
SEO,Executive,Cork,41200,57900,2026-06-28
SEO,Manager,Kerry,60800,55600,2026-07-30
Ecommerce,Head,Sligo,51100,86800,2026-08-17
SEO,Manager,Meath,31800,125400,2026-09-06
Content and social,Manager,Mayo,37400,68700,2026-08-12
Marketing operations,Head,Donegal,50900,63900,2026-06-20
Product marketing,Manager,Kerry,45300,71000,2026-08-28
Product marketing,Executive,Sligo,44600,70700,2026-08-23
SEO,Entry,Sligo,38900,54800,2026-09-17
SEO,Head,Donegal,61300,54300,2026-09-15
Content and social,Head,Sligo,55300,101600,2026-07-29
Ecommerce,Executive,Kerry,44800,128100,2026-05-30
Ecommerce,Executive,Clare,50100,82900,2026-07-30
SEO,Head,Clare,51800,79400,2026-08-01
Ecommerce,Executive,Clare,43000,71400,2026-08-06
SEO,Head,Clare,42900,45400,2026-06-27
Product marketing,Manager,Sligo,33600,74300,2026-06-13
Marketing operations,Manager,Clare,60300,77300,2026-05-29
Product marketing,Head,Mayo,55600,100000,2026-09-12
Content and social,Entry,Sligo,36500,132400,2026-06-30
Product marketing,Manager,Cork,46600,55600,2026-07-30
SEO,Entry,Clare,55200,74300,2026-06-03
Head of marketing,Head,Clare,46500,49000,2026-08-07
Marketing operations,Head,Mayo,47300,62600,2026-06-25
Ecommerce,Manager,Donegal,30700,51400,2026-08-15
Content and social,Executive,Kerry,68700,79700,2026-09-20
Ecommerce,Entry,Mayo,52600,93300,2026-06-06
Brand,Entry,Sligo,40000,109600,2026-08-11
SEO,Head,Sligo,39300,64100,2026-09-01
Ecommerce,Manager,Sligo,52400,55800,2026-05-30
Content and social,Executive,Sligo,48500,74200,2026-06-26
Product marketing,Head,Sligo,47800,68500,2026-08-08
Head of marketing,Manager,Sligo,33400,65300,2026-06-03
Product marketing,Executive,Meath,61100,84400,2026-06-23
Brand,Head,Clare,60200,106300,2026-07-27
Brand,Manager,Mayo,41900,111000,2026-08-24
Product marketing,Entry,Meath,37000,79300,2026-09-04
Marketing operations,Manager,Clare,49000,75500,2026-05-31
Content and social,Entry,Mayo,54600,72800,2026-09-03
Marketing operations,Manager,Clare,37800,68200,2026-06-10
SEO,Executive,Mayo,41900,50500,2026-06-27
Brand,Head,Cork,65900,63700,2026-07-24
Head of marketing,Manager,Donegal,57900,102400,2026-06-19
SEO,Executive,Mayo,40100,104900,2026-07-02
Head of marketing,Head,Cork,36600,86000,2026-08-02
Brand,Manager,Cork,51500,65400,2026-09-05
Marketing operations,Executive,Meath,56400,45500,2026-08-22
Head of marketing,Manager,Clare,39300,70100,2026-06-05
Product marketing,Manager,Kerry,37200,59400,2026-07-24
SEO,Manager,Donegal,67600,68000,2026-07-26
SEO,Entry,Cork,57100,90400,2026-08-17
Brand,Head,Meath,34800,130000,2026-09-08
Ecommerce,Entry,Clare,37400,80700,2026-08-18
Marketing operations,Manager,Clare,48800,79600,2026-06-18
SEO,Executive,Kerry,51800,57000,2026-09-03
Product marketing,Head,Donegal,47800,54000,2026-09-04
Brand,Entry,Clare,33900,55500,2026-08-21
SEO,Manager,Meath,66400,78500,2026-08-08
SEO,Head,Cork,60100,105200,2026-07-02
SEO,Head,Cork,37900,118700,2026-09-13
SEO,Manager,Donegal,46600,56200,2026-06-09
SEO,Manager,Kerry,53000,70500,2026-07-04
SEO,Entry,Meath,47700,61600,2026-07-17
Head of marketing,Manager,Kerry,43000,60500,2026-08-08
Ecommerce,Manager,Kerry,32700,52800,2026-07-06
Ecommerce,Head,Cork,67200,57900,2026-08-05
SEO,Manager,Sligo,52300,102300,2026-09-16
Content and social,Manager,Clare,33200,124800,2026-07-30
SEO,Manager,Clare,47000,66900,2026-05-27
SEO,Head,Clare,47700,74700,2026-05-25
SEO,Head,Sligo,53000,66500,2026-06-09
Ecommerce,Manager,Clare,34300,65300,2026-08-13
SEO,Manager,Clare,31700,77600,2026-09-05
Brand,Manager,Mayo,67100,62500,2026-09-20
SEO,Entry,Cork,64000,105900,2026-07-26
Product marketing,Executive,Clare,42300,125800,2026-06-04
Head of marketing,Manager,Clare,45300,73600,2026-09-10
Head of marketing,Manager,Sligo,55000,55700,2026-06-10
Ecommerce,Manager,Kerry,43100,60100,2026-06-19
Product marketing,Head,Kerry,40000,45800,2026-07-09
SEO,Head,Clare,43000,81800,2026-08-01
SEO,Manager,Kerry,68600,57700,2026-07-11
Product marketing,Entry,Donegal,58700,88400,2026-08-16
Product marketing,Manager,Mayo,35800,128400,2026-09-19
SEO,Head,Clare,39900,76500,2026-07-31
Product marketing,Manager,Mayo,47900,59700,2026-06-25
Brand,Entry,Cork,44500,78900,2026-06-03
Head of marketing,Manager,Meath,43600,51700,2026-06-07
Brand,Head,Donegal,32600,54200,2026-08-09
SEO,Entry,Cork,63900,82200,2026-06-23
Marketing operations,Manager,Cork,63600,94100,2026-08-29
SEO,Executive,Mayo,44300,122600,2026-09-10
Brand,Entry,Cork,43400,65300,2026-08-03
Brand,Executive,Sligo,43100,66400,2026-07-19
Head of marketing,Head,Clare,47700,73600,2026-07-01
Ecommerce,Manager,Meath,44800,58100,2026-06-29
Marketing operations,Manager,Meath,37300,61300,2026-06-05
SEO,Executive,Kerry,59100,82300,2026-06-30
Content and social,Head,Meath,50700,90300,2026-08-05
Ecommerce,Head,Mayo,37700,120600,2026-07-24
Head of marketing,Head,Meath,49800,67200,2026-08-13
SEO,Manager,Cork,49500,62500,2026-06-22
SEO,Manager,Kerry,49100,50600,2026-07-29
SEO,Head,Kerry,37600,75900,2026-07-10
Head of marketing,Head,Donegal,44500,78300,2026-06-22
Product marketing,Head,Sligo,68500,73300,2026-07-10
SEO,Head,Donegal,58900,102600,2026-08-28
Head of marketing,Head,Cork,33700,121100,2026-06-09
Head of marketing,Executive,Clare,49500,61000,2026-07-28
SEO,Executive,Mayo,46500,72900,2026-06-24
Product marketing,Manager,Sligo,56500,60700,2026-07-14
Product marketing,Executive,Clare,39100,72300,2026-06-24
Ecommerce,Head,Meath,42100,73100,2026-06-21
Ecommerce,Entry,Donegal,67700,65600,2026-06-17
Brand,Head,Mayo,60700,92500,2026-06-09
Content and social,Head,Cork,43900,112800,2026-07-17
Product marketing,Head,Kerry,37900,64100,2026-09-03
Brand,Manager,Sligo,50100,52900,2026-09-10
Ecommerce,Manager,Clare,45000,63200,2026-09-18
SEO,Head,Clare,42800,73600,2026-06-30
Marketing operations,Manager,Meath,44100,76100,2026-05-27
Product marketing,Head,Meath,54800,84800,2026-06-19
Product marketing,Manager,Clare,62400,97600,2026-05-27
SEO,Executive,Clare,36600,134500,2026-07-30
SEO,Manager,Sligo,36500,62800,2026-06-13
SEO,Head,Meath,54600,59000,2026-07-29
Head of marketing,Head,Meath,53100,76600,2026-07-24
Product marketing,Entry,Meath,43800,74500,2026-06-08
SEO,Manager,Meath,33900,73800,2026-08-11
Brand,Head,Donegal,60100,80900,2026-09-18
Head of marketing,Entry,Kerry,51200,92300,2026-08-19
Ecommerce,Manager,Donegal,34000,102300,2026-07-18
Product marketing,Manager,Meath,48800,67400,2026-08-23
Product marketing,Entry,Clare,42300,67400,2026-06-16
Brand,Manager,Clare,55100,68800,2026-06-29
Product marketing,Head,Clare,43300,47300,2026-07-22
Content and social,Head,Donegal,44400,77600,2026-09-11
Product marketing,Head,Meath,66800,82800,2026-07-03
Product marketing,Head,Clare,52600,87200,2026-06-23
Marketing operations,Manager,Clare,44800,102200,2026-08-17
Marketing operations,Manager,Donegal,44400,67300,2026-09-14
SEO,Head,Clare,42600,61000,2026-06-21
Head of marketing,Entry,Clare,55300,70600,2026-08-25
SEO,Manager,Clare,43700,51600,2026-06-17
Marketing operations,Head,Clare,36900,60600,2026-07-07
Ecommerce,Head,Clare,69200,61000,2026-09-06
SEO,Manager,Sligo,58000,91400,2026-07-17
SEO,Manager,Clare,30900,104000,2026-08-17
SEO,Head,Sligo,41200,72600,2026-09-06
SEO,Head,Sligo,52300,79500,2026-07-18
SEO,Head,Donegal,49000,46200,2026-08-23
Content and social,Executive,Clare,40200,75800,2026-07-25
Ecommerce,Entry,Donegal,41300,64500,2026-09-07
Brand,Head,Sligo,65100,70000,2026-06-14
Head of marketing,Entry,Cork,62500,108100,2026-09-17
Marketing operations,Manager,Donegal,31100,104900,2026-06-19
Marketing operations,Executive,Mayo,49000,68400,2026-07-28
SEO,Head,Sligo,53300,61200,2026-06-11
Ecommerce,Manager,Sligo,46000,72100,2026-05-24
Marketing operations,Manager,Sligo,34700,50000,2026-06-14
Head of marketing,Head,Clare,37200,51700,2026-06-17
Marketing operations,Head,Clare,56400,63400,2026-06-02
SEO,Head,Sligo,60700,99500,2026-06-25
Brand,Manager,Clare,38900,125900,2026-06-24
Ecommerce,Entry,Mayo,43300,68000,2026-06-22
Head of marketing,Manager,Mayo,45500,58400,2026-08-09
Product marketing,Manager,Mayo,43000,51800,2026-07-10
Head of marketing,Head,Clare,42700,53800,2026-06-05
SEO,Head,Donegal,42300,68100,2026-06-20
SEO,Manager,Cork,63600,78000,2026-08-08
SEO,Head,Kerry,56100,100200,2026-08-26
Product marketing,Head,Donegal,39800,125900,2026-07-22
Product marketing,Entry,Cork,43700,64400,2026-08-08
SEO,Executive,Cork,46100,66500,2026-07-01
SEO,Head,Mayo,47400,45400,2026-08-08
SEO,Head,Meath,42600,55400,2026-09-07
Product marketing,Manager,Donegal,40400,51600,2026-09-13
Ecommerce,Head,Sligo,55500,69100,2026-09-06
Ecommerce,Head,Donegal,57600,95900,2026-08-28
Content and social,Manager,Mayo,43400,104500,2026-07-04
SEO,Manager,Donegal,37000,87200,2026-06-14
Marketing operations,Manager,Kerry,45600,54200,2026-05-27
SEO,Executive,Cork,51000,48000,2026-09-03
Product marketing,Head,Clare,37200,62600,2026-06-20
Brand,Manager,Cork,41600,61000,2026-07-05
Head of marketing,Entry,Clare,63800,74800,2026-08-06
Marketing operations,Head,Kerry,63000,103500,2026-07-12
SEO,Head,Mayo,33500,120400,2026-07-21
Head of marketing,Executive,Donegal,48200,87600,2026-06-04
Brand,Entry,Mayo,46300,75400,2026-07-01
Brand,Manager,Sligo,42700,47600,2026-08-28
Head of marketing,Head,Sligo,39000,64100,2026-08-14
Product marketing,Head,Kerry,40300,63000,2026-06-03
Brand,Manager,Mayo,61500,67500,2026-06-19
Content and social,Head,Clare,57200,90800,2026-07-24
Content and social,Manager,Sligo,31800,103000,2026-05-26
Head of marketing,Manager,Clare,39100,59400,2026-07-18
Product marketing,Entry,Clare,50700,57700,2026-06-30
Content and social,Manager,Meath,44000,64100,2026-06-11
SEO,Executive,Donegal,39100,77300,2026-08-06
SEO,Head,Clare,40600,79600,2026-06-12
Ecommerce,Entry,Mayo,65400,80100,2026-08-26
SEO,Head,Donegal,62500,80900,2026-08-12
Product marketing,Manager,Clare,43900,118300,2026-08-12
Brand,Manager,Clare,39500,85100,2026-07-01
Head of marketing,Head,Clare,47800,76200,2026-08-12
Content and social,Entry,Cork,44000,55800,2026-05-26
Product marketing,Entry,Cork,47800,78200,2026-08-21
SEO,Head,Meath,43800,73200,2026-06-19
SEO,Head,Clare,55400,59600,2026-06-11
SEO,Head,Kerry,55200,111200,2026-06-15
Ecommerce,Head,Cork,37400,126700,2026-09-15
Content and social,Manager,Clare,45400,82900,2026-07-14
SEO,Head,Clare,41500,56100,2026-08-25
Brand,Executive,Sligo,50900,67900,2026-09-07
Ecommerce,Manager,Kerry,44500,54700,2026-06-16
Content and social,Executive,Kerry,41800,57700,2026-09-07
SEO,Entry,Kerry,59800,58700,2026-06-25
Marketing operations,Head,Donegal,61100,111800,2026-07-13
Brand,Manager,Mayo,31600,104300,2026-07-01
Ecommerce,Entry,Kerry,42600,60300,2026-09-10
SEO,Head,Donegal,46500,47600,2026-06-02
Ecommerce,Entry,Clare,51900,50000,2026-08-02
Marketing operations,Head,Meath,39000,53200,2026-06-07
Brand,Head,Kerry,37100,70700,2026-09-13
Brand,Manager,Clare,68600,71600,2026-09-15
Ecommerce,Entry,Cork,56000,94400,2026-06-05
Content and social,Head,Sligo,31400,120700,2026-06-03
Head of marketing,Executive,Sligo,43200,65900,2026-09-15
Product marketing,Manager,Mayo,51200,64700,2026-06-06
Brand,Head,Sligo,48200,59500,2026-08-10
Ecommerce,Manager,Meath,34400,66000,2026-07-28
Ecommerce,Manager,Meath,34200,57300,2026-07-21
SEO,Head,Clare,59100,59700,2026-08-17
Brand,Manager,Sligo,59400,84000,2026-06-15
Content and social,Head,Donegal,43600,128200,2026-08-09
Ecommerce,Manager,Clare,46300,58200,2026-07-21
Ecommerce,Manager,Kerry,42400,59200,2026-07-24
SEO,Head,Donegal,50800,65600,2026-06-18
Ecommerce,Head,Clare,45300,44800,2026-05-25
Head of marketing,Head,Kerry,32300,51600,2026-07-13
Ecommerce,Head,Meath,58300,64500,2026-09-07
Content and social,Head,Donegal,64600,83900,2026-06-17
Marketing operations,Manager,Kerry,37300,135000,2026-08-29
SEO,Head,Sligo,41800,72300,2026-08-31
Brand,Entry,Donegal,41200,68300,2026-07-01
Brand,Manager,Kerry,43900,66900,2026-06-18
Head of marketing,Manager,Meath,41200,76100,2026-06-13
SEO,Head,Meath,32100,80400,2026-05-25
Head of marketing,Head,Cork,65100,73600,2026-07-12
Ecommerce,Manager,Sligo,62900,112500,2026-07-24
Head of marketing,Manager,Clare,43900,134200,2026-09-20
Ecommerce,Head,Clare,39000,86400,2026-07-24
Marketing operations,Entry,Mayo,54000,65200,2026-07-28
Content and social,Manager,Clare,53900,53000,2026-07-16
Product marketing,Head,Clare,39400,73600,2026-06-13
Product marketing,Head,Sligo,44400,57000,2026-07-16
Ecommerce,Head,Meath,57100,79400,2026-07-20
Head of marketing,Entry,Mayo,57400,101000,2026-07-30
SEO,Manager,Clare,43700,133400,2026-08-12
Brand,Head,Clare,47500,66500,2026-06-19
Content and social,Executive,Sligo,48500,48500,2026-09-06
SEO,Manager,Clare,50000,68500,2026-08-16
Content and social,Head,Kerry,39400,63200,2026-08-06
Ecommerce,Head,Cork,30300,60400,2026-08-08
SEO,Head,Clare,66000,81800,2026-05-30
Marketing operations,Head,Sligo,62100,110900,2026-07-17
Product marketing,Entry,Kerry,42800,123400,2026-08-04
SEO,Executive,Cork,43700,79600,2026-05-29
SEO,Manager,Clare,55000,71200,2026-06-13
SEO,Executive,Kerry,50200,63000,2026-09-14
Ecommerce,Entry,Clare,38200,66800,2026-09-10
SEO,Manager,Kerry,41400,53100,2026-06-07
Product marketing,Manager,Kerry,55200,75400,2026-08-27
Product marketing,Head,Donegal,62300,100700,2026-06-17
Content and social,Manager,Cork,36100,133700,2026-06-02
SEO,Head,Sligo,39200,61400,2026-06-03
Product marketing,Executive,Cork,42400,50600,2026-06-28
SEO,Manager,Sligo,44700,61600,2026-08-03
SEO,Manager,Mayo,48200,60200,2026-09-19
Brand,Head,Donegal,40900,69400,2026-09-03
Head of marketing,Head,Kerry,67700,78800,2026-09-08
SEO,Manager,Kerry,52300,104100,2026-07-23
Ecommerce,Manager,Clare,37800,132900,2026-08-20
SEO,Manager,Sligo,49400,80300,2026-09-03
SEO,Manager,Clare,41400,49200,2026-08-22
Ecommerce,Head,Clare,55200,69500,2026-06-15
SEO,Head,Cork,37000,61100,2026-08-06
Ecommerce,Head,Donegal,41100,74100,2026-05-24
Head of marketing,Manager,Sligo,63000,83100,2026-08-22
Brand,Head,Clare,59500,101400,2026-07-08
SEO,Head,Clare,40800,121100,2026-06-17
Product marketing,Entry,Clare,41200,77600,2026-07-05
Head of marketing,Entry,Clare,49700,58100,2026-07-27
SEO,Head,Meath,52200,70800,2026-06-30
Content and social,Head,Donegal,42100,61400,2026-07-24
SEO,Head,Clare,35300,60800,2026-08-14
SEO,Head,Clare,67100,83700,2026-07-18
Marketing operations,Entry,Cork,63700,94800,2026-07-22
Head of marketing,Head,Clare,43300,109100,2026-07-12
Ecommerce,Manager,Meath,42100,84000,2026-05-24
Head of marketing,Manager,Mayo,44200,52400,2026-06-14
Brand,Entry,Clare,45000,67500,2026-06-11
Brand,Executive,Sligo,47000,69600,2026-07-30
Marketing operations,Manager,Clare,38100,53300,2026-05-31
SEO,Manager,Cork,64200,54000,2026-07-04
SEO,Head,Meath,60600,81800,2026-06-13
Product marketing,Head,Clare,33000,123900,2026-06-24
Ecommerce,Entry,Clare,40800,56200,2026-08-06
Brand,Executive,Donegal,48900,63000,2026-05-31
Brand,Entry,Clare,54100,73800,2026-08-19
Brand,Executive,Kerry,39500,76500,2026-06-05
Ecommerce,Head,Meath,41400,53800,2026-06-20
Brand,Executive,Meath,62200,82100,2026-06-10
Product marketing,Entry,Sligo,59400,95700,2026-06-30
SEO,Manager,Donegal,44400,130500,2026-09-01
Ecommerce,Head,Donegal,45300,70700,2026-07-29
Marketing operations,Head,Meath,47300,50400,2026-08-02
SEO,Head,Sligo,44600,52500,2026-08-06
Ecommerce,Entry,Sligo,47300,70500,2026-05-27
Ecommerce,Manager,Mayo,36600,78800,2026-06-13
Head of marketing,Manager,Cork,69200,64900,2026-06-07
Ecommerce,Entry,Kerry,53000,99200,2026-09-12
Product marketing,Manager,Clare,38100,103500,2026-07-23
SEO,Executive,Clare,39800,77300,2026-07-17
Brand,Executive,Meath,47000,76900,2026-06-15
Content and social,Head,Clare,47900,63000,2026-07-07
Marketing operations,Head,Kerry,43800,46700,2026-07-20
Head of marketing,Head,Mayo,33500,54900,2026-07-13
Ecommerce,Manager,Cork,64200,71300,2026-08-01
SEO,Manager,Donegal,57400,104600,2026-07-22
SEO,Executive,Donegal,43500,109200,2026-07-23
Content and social,Manager,Meath,37600,65200,2026-09-02
SEO,Head,Clare,45500,69900,2026-05-24
Content and social,Head,Kerry,52200,76400,2026-06-09
Product marketing,Head,Mayo,41000,76400,2026-06-12
Product marketing,Head,Mayo,34200,67000,2026-06-18
Ecommerce,Manager,Clare,59400,76500,2026-08-12
Product marketing,Manager,Mayo,64400,95800,2026-07-23
Brand,Manager,Donegal,42600,123100,2026-05-28
Ecommerce,Manager,Donegal,40100,64400,2026-07-03
Marketing operations,Head,Clare,47400,49200,2026-08-22
SEO,Head,Donegal,51200,56400,2026-06-06
Head of marketing,Executive,Clare,35900,48000,2026-07-06
Marketing operations,Manager,Kerry,43700,56000,2026-08-17
Ecommerce,Head,Mayo,57900,76100,2026-05-26
Product marketing,Head,Mayo,56600,113400,2026-07-10
Marketing operations,Executive,Mayo,44500,120400,2026-08-08
Marketing operations,Head,Sligo,37600,56800,2026-09-07
Product marketing,Head,Sligo,54600,68200,2026-09-15
Content and social,Head,Mayo,54300,65200,2026-08-18
Ecommerce,Executive,Mayo,37500,57500,2026-08-26
Head of marketing,Head,Clare,31800,57400,2026-08-31
Content and social,Head,Clare,67500,59100,2026-06-14
SEO,Head,Sligo,53400,92300,2026-07-08
Product marketing,Manager,Donegal,38600,120000,2026-08-09
Head of marketing,Manager,Clare,50600,58700,2026-07-18
Ecommerce,Manager,Clare,53000,61200,2026-08-14
Head of marketing,Entry,Meath,45400,46600,2026-06-19
SEO,Head,Mayo,47800,52500,2026-07-29
SEO,Head,Clare,44800,71300,2026-09-11
Head of marketing,Executive,Clare,55500,85500,2026-08-07
SEO,Executive,Clare,52200,96800,2026-07-13
Brand,Head,Cork,34100,115000,2026-07-06
Head of marketing,Executive,Clare,50300,66300,2026-07-30
Ecommerce,Manager,Mayo,47300,77400,2026-07-28
SEO,Head,Donegal,48800,50000,2026-05-26
SEO,Manager,Clare,43400,51200,2026-07-03
SEO,Executive,Sligo,30300,53700,2026-08-11
Brand,Head,Meath,64900,63400,2026-08-18
Content and social,Executive,Meath,58500,114300,2026-07-20
SEO,Executive,Clare,42100,113800,2026-05-26
SEO,Head,Sligo,46800,59600,2026-08-21
SEO,Head,Kerry,44700,68800,2026-08-11
Content and social,Manager,Donegal,44500,51300,2026-06-07
Brand,Manager,Donegal,46300,50300,2026-08-20
Content and social,Manager,Clare,33500,76900,2026-09-13
SEO,Head,Meath,68200,64700,2026-06-06
Head of marketing,Head,Mayo,62100,96700,2026-06-29
Content and social,Executive,Kerry,38800,134800,2026-07-04
SEO,Head,Kerry,38900,64100,2026-05-29
Brand,Manager,Kerry,54700,51500,2026-06-28
Product marketing,Manager,Sligo,50000,62200,2026-07-24
Product marketing,Manager,Meath,35000,54000,2026-08-01
Content and social,Manager,Sligo,35000,61900,2026-08-31
Content and social,Manager,Mayo,62600,75200,2026-06-23
Ecommerce,Manager,Cork,63600,82300,2026-09-16
Content and social,Head,Mayo,36200,109500,2026-08-01
Marketing operations,Manager,Donegal,45400,60400,2026-06-21
Product marketing,Head,Cork,42700,69200,2026-07-01
Product marketing,Head,Donegal,46500,61500,2026-06-28
Marketing operations,Head,Cork,41100,66300,2026-06-28
Marketing operations,Entry,Mayo,42100,62500,2026-08-21
Ecommerce,Manager,Kerry,55100,81300,2026-05-25
Head of marketing,Executive,Cork,61000,93400,2026-08-08
SEO,Head,Clare,32500,103000,2026-08-24
SEO,Manager,Clare,40100,72700,2026-06-15
Brand,Head,Meath,41600,45900,2026-07-29
Brand,Head,Meath,48800,55100,2026-06-27
Product marketing,Entry,Clare,41600,45900,2026-08-02
Marketing operations,Head,Clare,39400,80300,2026-07-21
SEO,Head,Clare,62200,75000,2026-06-29
Content and social,Manager,Meath,53700,83700,2026-08-07
Head of marketing,Head,Sligo,34400,127000,2026-06-08
SEO,Executive,Meath,45300,66700,2026-06-15
Content and social,Manager,Meath,51700,60300,2026-07-28
SEO,Manager,Mayo,45900,58400,2026-07-24
SEO,Entry,Clare,34400,68000,2026-07-18
Brand,Entry,Mayo,39500,77300,2026-07-18
Head of marketing,Head,Clare,56000,72500,2026-08-05
Marketing operations,Executive,Donegal,55000,103000,2026-07-18
Marketing operations,Manager,Cork,33300,110600,2026-08-18
Ecommerce,Head,Sligo,41600,74800,2026-06-11
Brand,Manager,Kerry,41400,72800,2026-09-05
SEO,Head,Cork,50400,64700,2026-07-02
Head of marketing,Head,Kerry,34000,46100,2026-07-03
Head of marketing,Manager,Donegal,38300,68300,2026-07-03
Brand,Head,Clare,57000,74300,2026-07-12
Brand,Manager,Meath,64900,113200,2026-07-20
Head of marketing,Manager,Donegal,37700,112600,2026-05-28
Marketing operations,Manager,Clare,39100,74000,2026-07-31
SEO,Manager,Clare,45800,61400,2026-08-02
Head of marketing,Head,Cork,44400,52400,2026-09-15
Product marketing,Executive,Meath,39500,71600,2026-06-09
Head of marketing,Head,Sligo,33400,57400,2026-08-05
Ecommerce,Manager,Mayo,65200,77500,2026-06-06
Content and social,Head,Sligo,63800,90500,2026-09-08
SEO,Head,Clare,34800,122600,2026-08-13
Ecommerce,Manager,Mayo,45400,58300,2026-06-09
Content and social,Head,Sligo,44500,55400,2026-06-19
Ecommerce,Manager,Cork,55200,55100,2026-06-17
Marketing operations,Head,Kerry,43400,72200,2026-09-18
SEO,Head,Kerry,33000,51200,2026-06-22
Marketing operations,Head,Cork,59300,59400,2026-09-02
Content and social,Executive,Cork,59900,92800,2026-07-31
Brand,Head,Donegal,42200,116300,2026-06-08
SEO,Head,Clare,37900,68500,2026-09-13
Brand,Executive,Meath,43100,56000,2026-06-01
Product marketing,Manager,Donegal,57100,74800,2026-09-02
Product marketing,Entry,Clare,38400,73100,2026-07-04
Marketing operations,Head,Clare,32500,60300,2026-05-26
SEO,Manager,Clare,55000,78600,2026-09-19
Brand,Manager,Cork,64200,96000,2026-08-09
Content and social,Manager,Cork,38000,111300,2026-07-02
Brand,Manager,Clare,44100,75000,2026-09-05
Marketing operations,Head,Sligo,42700,72600,2026-06-04
Ecommerce,Head,Clare,55700,72900,2026-07-31
Head of marketing,Manager,Clare,35300,60600,2026-06-02
SEO,Manager,Sligo,44700,68100,2026-08-27
SEO,Manager,Donegal,67200,87400,2026-09-13
Content and social,Head,Mayo,59300,107200,2026-09-01
Head of marketing,Manager,Kerry,44400,111900,2026-08-13
Product marketing,Executive,Clare,36600,60200,2026-08-18
Brand,Manager,Meath,50900,78000,2026-06-21
Ecommerce,Entry,Mayo,54600,65900,2026-09-20
Marketing operations,Executive,Cork,38900,74200,2026-06-11
Content and social,Head,Clare,30300,57200,2026-09-01
Marketing operations,Executive,Clare,54800,83100,2026-07-02
SEO,Executive,Cork,53800,105300,2026-08-08
Brand,Head,Meath,30700,109100,2026-07-15
Head of marketing,Executive,Mayo,46600,75200,2026-06-03
Content and social,Manager,Mayo,43200,60000,2026-09-06
Product marketing,Head,Clare,56400,68300,2026-08-10
SEO,Head,Sligo,48000,56600,2026-08-19
Marketing operations,Manager,Kerry,35700,72600,2026-08-20
Head of marketing,Entry,Meath,61500,58700,2026-05-27
SEO,Manager,Clare,55900,107900,2026-06-24
SEO,Head,Cork,33200,123200,2026-08-08
Marketing operations,Head,Kerry,38100,61000,2026-09-09
Product marketing,Head,Meath,48100,60400,2026-08-05
SEO,Executive,Kerry,46800,56300,2026-06-06
SEO,Executive,Meath,40800,66200,2026-06-25
SEO,Head,Cork,44000,71100,2026-06-09
Brand,Manager,Cork,62300,83300,2026-06-05
Product marketing,Head,Clare,55000,100300,2026-08-17
SEO,Head,Kerry,41200,115900,2026-07-08
Brand,Executive,Meath,46700,56000,2026-07-23
Brand,Manager,Mayo,48100,68600,2026-06-13
Product marketing,Manager,Donegal,56600,61900,2026-07-02
SEO,Manager,Mayo,35400,58600,2026-09-12
SEO,Manager,Clare,40900,83800,2026-08-09
Content and social,Manager,Clare,68000,58300,2026-07-31
SEO,Head,Meath,62200,100300,2026-09-13
Marketing operations,Manager,Clare,43100,131000,2026-07-29
Product marketing,Manager,Kerry,45900,75900,2026-06-17
Head of marketing,Entry,Kerry,52300,53100,2026-06-26
Ecommerce,Manager,Clare,42800,71300,2026-06-05
Head of marketing,Executive,Meath,34700,77600,2026-06-05
Brand,Head,Mayo,39300,56500,2026-06-26
SEO,Head,Cork,68700,75200,2026-05-28
SEO,Manager,Sligo,60300,97400,2026-06-23
SEO,Manager,Clare,38500,123900,2026-07-15
Marketing operations,Manager,Sligo,39300,78800,2026-07-19
Product marketing,Executive,Cork,50600,47300,2026-07-20
Head of marketing,Manager,Kerry,43800,63500,2026-09-18
Marketing operations,Executive,Mayo,38700,47700,2026-08-18
Content and social,Head,Mayo,39300,66300,2026-06-01
Product marketing,Manager,Sligo,56300,84000,2026-05-24
Content and social,Executive,Donegal,63300,110300,2026-06-20
SEO,Manager,Cork,41500,129200,2026-08-22
Content and social,Executive,Sligo,42100,61400,2026-08-30
Head of marketing,Head,Kerry,47300,52800,2026-09-10
SEO,Manager,Cork,50900,57900,2026-05-24
SEO,Head,Meath,34900,77400,2026-06-27
Product marketing,Entry,Clare,42600,60100,2026-06-26
SEO,Head,Mayo,56900,67500,2026-06-24
Product marketing,Head,Clare,52700,103200,2026-07-18
SEO,Manager,Mayo,38800,116400,2026-06-29
Marketing operations,Manager,Mayo,44300,74800,2026-07-24
Marketing operations,Manager,Clare,42000,61300,2026-06-14
Ecommerce,Executive,Meath,56000,66300,2026-06-15
Head of marketing,Head,Sligo,40600,74800,2026-07-10
Content and social,Entry,Meath,37000,63100,2026-06-01
Head of marketing,Entry,Kerry,63600,70800,2026-08-24
Brand,Head,Donegal,58000,82200,2026-06-03
Marketing operations,Executive,Cork,40400,107100,2026-08-18
Content and social,Manager,Sligo,37300,78200,2026-06-09
Content and social,Head,Clare,50000,46300,2026-07-20
SEO,Manager,Cork,44300,60900,2026-06-15
Marketing operations,Executive,Meath,41200,65800,2026-09-16
SEO,Head,Cork,42800,58100,2026-08-08
Head of marketing,Manager,Meath,56200,66700,2026-06-26
SEO,Entry,Meath,56500,86200,2026-06-12
Ecommerce,Entry,Cork,43700,112300,2026-07-29
Ecommerce,Manager,Clare,40000,88800,2026-08-28
Brand,Executive,Cork,47100,62200,2026-06-17
Marketing operations,Head,Kerry,51300,54900,2026-06-26
SEO,Head,Donegal,41100,55700,2026-09-19
Ecommerce,Head,Kerry,40200,78900,2026-06-03
Head of marketing,Manager,Donegal,69300,79700,2026-08-14
Content and social,Head,Sligo,59800,113300,2026-08-08
SEO,Manager,Cork,39600,122300,2026-06-14
SEO,Manager,Cork,37400,70900,2026-08-03
Marketing operations,Entry,Meath,55100,58400,2026-06-10
SEO,Head,Sligo,54000,73600,2026-06-15
Ecommerce,Head,Kerry,36800,73700,2026-07-15
Content and social,Head,Clare,37900,66500,2026-08-28
Content and social,Head,Clare,68900,75200,2026-07-01
Ecommerce,Manager,Sligo,63700,86200,2026-08-02
Head of marketing,Entry,Cork,44300,110800,2026-09-04
SEO,Executive,Donegal,49900,77900,2026-09-09
Head of marketing,Head,Clare,54700,46000,2026-08-29
Content and social,Manager,Donegal,51600,46200,2026-08-02
SEO,Executive,Clare,44900,50400,2026-06-21
Product marketing,Head,Cork,35100,74700,2026-09-18
Content and social,Manager,Kerry,64200,87600,2026-08-20
Product marketing,Executive,Meath,59800,91400,2026-06-20
SEO,Entry,Donegal,32700,114800,2026-08-07
Brand,Entry,Clare,37300,78700,2026-06-28
SEO,Head,Cork,52900,58100,2026-05-26
SEO,Head,Clare,48000,66700,2026-07-28
SEO,Manager,Cork,46700,48300,2026-07-09
Ecommerce,Head,Donegal,37400,60400,2026-09-19
SEO,Manager,Kerry,57100,54500,2026-08-31
Content and social,Head,Meath,62400,82100,2026-06-21
SEO,Head,Sligo,31800,119400,2026-08-19
SEO,Manager,Sligo,49700,61000,2026-06-29
Ecommerce,Head,Clare,43900,65200,2026-07-28
Head of marketing,Entry,Sligo,45100,74100,2026-06-09
Marketing operations,Manager,Mayo,37500,53800,2026-06-30
Product marketing,Head,Mayo,40100,75800,2026-05-28
Product marketing,Manager,Mayo,62100,71100,2026-07-14
Ecommerce,Head,Meath,60300,108800,2026-07-25
SEO,Manager,Meath,33700,134000,2026-05-26
SEO,Head,Meath,38400,60700,2026-08-22
Head of marketing,Manager,Meath,43600,73700,2026-08-06
Product marketing,Head,Cork,53700,60200,2026-07-13
Product marketing,Head,Cork,43500,48300,2026-06-18
Product marketing,Head,Clare,38800,51900,2026-09-18
Product marketing,Head,Donegal,66300,73300,2026-09-19
Ecommerce,Manager,Cork,64700,94100,2026-07-31
Brand,Manager,Cork,40300,109400,2026-09-18
Content and social,Manager,Meath,43500,85200,2026-08-12
SEO,Head,Donegal,49900,70100,2026-08-26
SEO,Head,Clare,47700,74300,2026-08-30
Marketing operations,Executive,Sligo,36500,50500,2026-06-17
Brand,Entry,Meath,37300,61600,2026-09-09
Brand,Head,Donegal,59500,70000,2026-06-27
Ecommerce,Manager,Mayo,51700,81600,2026-09-08
Head of marketing,Executive,Mayo,36800,124300,2026-06-16
SEO,Manager,Sligo,43800,70000,2026-07-29
Brand,Head,Cork,48200,70500,2026-09-07
Product marketing,Head,Kerry,55300,71600,2026-07-16
SEO,Entry,Clare,36500,61900,2026-05-28
Brand,Head,Donegal,43200,64600,2026-06-28
Content and social,Head,Sligo,56500,54300,2026-08-07
SEO,Manager,Cork,57000,89800,2026-06-12
Product marketing,Manager,Cork,33500,110400,2026-05-29
SEO,Head,Donegal,39300,66800,2026-09-03
Head of marketing,Executive,Clare,41200,60100,2026-05-26
Ecommerce,Entry,Donegal,54300,74200,2026-06-30
Brand,Executive,Clare,38400,65100,2026-09-15
Product marketing,Entry,Mayo,43600,79700,2026-07-13
SEO,Executive,Meath,57400,73300,2026-06-20
Content and social,Executive,Cork,63600,81500,2026-08-16
Marketing operations,Executive,Kerry,39700,124300,2026-07-21
Content and social,Entry,Mayo,48700,64600,2026-08-02
Marketing operations,Manager,Donegal,48400,52700,2026-05-26
Brand,Head,Cork,51000,74800,2026-08-19
SEO,Head,Meath,42600,50000,2026-08-26
SEO,Manager,Kerry,37000,66900,2026-06-14
Content and social,Head,Meath,55500,71100,2026-08-27
Ecommerce,Head,Kerry,59500,100400,2026-06-17
SEO,Entry,Cork,32500,124000,2026-06-12
Marketing operations,Executive,Mayo,36200,85100,2026-08-05
Marketing operations,Entry,Mayo,46300,49000,2026-07-22
SEO,Head,Meath,50700,55700,2026-06-08
Content and social,Entry,Clare,46300,68500,2026-08-10
SEO,Manager,Clare,38400,76500,2026-07-10
Brand,Manager,Donegal,62600,56400,2026-07-21
Brand,Manager,Kerry,56800,95500,2026-08-26
Head of marketing,Manager,Cork,43700,106000,2026-07-25
SEO,Manager,Clare,43400,76400,2026-06-27
SEO,Entry,Meath,48800,67900,2026-07-19
Brand,Executive,Sligo,48700,59900,2026-06-20
Content and social,Head,Cork,36700,75000,2026-08-13
Head of marketing,Manager,Donegal,42600,75100,2026-09-10
SEO,Manager,Cork,67100,77200,2026-05-30
Head of marketing,Head,Donegal,64700,100800,2026-06-24
SEO,Manager,Clare,34900,116800,2026-09-06
Product marketing,Head,Kerry,41400,64100,2026-07-13
Brand,Head,Sligo,49500,64000,2026-08-07
Brand,Manager,Cork,55300,56100,2026-06-11
SEO,Entry,Meath,44700,65600,2026-07-02
Head of marketing,Head,Clare,35900,57800,2026-07-18
Content and social,Head,Cork,67400,56400,2026-08-07
Product marketing,Executive,Meath,53000,104300,2026-07-10
SEO,Manager,Cork,34700,107700,2026-06-22
Head of marketing,Head,Donegal,38800,58700,2026-08-27
Marketing operations,Head,Kerry,46400,63800,2026-09-04
Content and social,Head,Clare,47800,65900,2026-08-07
Brand,Head,Donegal,44900,52600,2026-08-13
SEO,Head,Clare,40700,51000,2026-08-27
SEO,Manager,Meath,61200,66700,2026-08-18
Marketing operations,Executive,Clare,56500,108900,2026-06-17
Ecommerce,Entry,Clare,41200,129100,2026-07-22
Product marketing,Manager,Clare,46000,63700,2026-08-29
Content and social,Manager,Cork,52200,59000,2026-08-04
SEO,Manager,Sligo,56000,78600,2026-09-19
Brand,Head,Meath,41200,66200,2026-09-04
Marketing operations,Manager,Donegal,36000,50600,2026-06-06
Product marketing,Entry,Sligo,57900,86400,2026-07-16
Head of marketing,Entry,Clare,53900,95800,2026-06-23
Head of marketing,Head,Clare,41200,120000,2026-06-10
Brand,Executive,Mayo,48300,73800,2026-09-01
SEO,Executive,Clare,55400,78000,2026-09-12
Marketing operations,Head,Mayo,52800,72700,2026-08-13
Head of marketing,Head,Mayo,34800,77100,2026-06-19
Ecommerce,Head,Clare,40000,57200,2026-07-04
Head of marketing,Executive,Clare,58500,86400,2026-09-08
Marketing operations,Manager,Mayo,59600,112200,2026-07-08
Ecommerce,Entry,Kerry,32100,123200,2026-08-25
SEO,Entry,Sligo,45800,86200,2026-08-10
SEO,Executive,Clare,41600,62700,2026-07-18
SEO,Manager,Meath,50000,58700,2026-07-30
Content and social,Head,Cork,45300,50000,2026-06-05
Ecommerce,Manager,Clare,41300,81200,2026-06-05
SEO,Manager,Donegal,57000,81000,2026-08-18
Content and social,Entry,Kerry,62100,107700,2026-08-04
Brand,Entry,Mayo,34000,119900,2026-07-24
Head of marketing,Entry,Clare,44400,80000,2026-09-15
Ecommerce,Head,Kerry,45000,52300,2026-08-10
SEO,Manager,Meath,54300,54500,2026-06-04
Brand,Head,Clare,35600,71500,2026-09-02
Product marketing,Manager,Kerry,38700,79300,2026-09-18
Product marketing,Manager,Clare,63500,55500,2026-06-10
Ecommerce,Head,Cork,53200,94400,2026-06-10
Brand,Entry,Sligo,39000,107500,2026-08-23
Marketing operations,Head,Donegal,37700,73300,2026-06-23
Ecommerce,Head,Clare,42600,79600,2026-06-23
Content and social,Manager,Clare,50300,55100,2026-07-10
Brand,Head,Cork,47500,68800,2026-06-05
Head of marketing,Head,Meath,38500,84100,2026-06-15
Product marketing,Manager,Meath,56400,72700,2026-09-05
Marketing operations,Executive,Cork,55100,83100,2026-08-30
Product marketing,Head,Clare,30800,131300,2026-07-19
Marketing operations,Head,Donegal,47100,62500,2026-07-20
Product marketing,Manager,Clare,53900,66100,2026-08-22
Marketing operations,Head,Kerry,52200,45800,2026-08-25
Marketing operations,Head,Cork,34500,72500,2026-07-29
Head of marketing,Manager,Donegal,44800,56500,2026-08-05
SEO,Manager,Sligo,67600,73000,2026-05-24
Marketing operations,Head,Mayo,62900,85200,2026-09-05
SEO,Entry,Kerry,44100,118000,2026-06-30
Product marketing,Head,Meath,40400,81800,2026-07-13
SEO,Manager,Clare,52500,69600,2026-08-04
Ecommerce,Manager,Sligo,56400,69600,2026-07-30
Marketing operations,Entry,Donegal,46900,65400,2026-07-08
Content and social,Head,Sligo,35400,72500,2026-08-06
Content and social,Head,Cork,65300,54300,2026-09-10
Ecommerce,Head,Cork,52400,83400,2026-07-10
Content and social,Manager,Donegal,37000,119800,2026-06-23
Head of marketing,Head,Donegal,41300,87400,2026-06-15
Head of marketing,Manager,Cork,47500,65400,2026-08-05
Content and social,Head,Donegal,52400,59500,2026-07-20
Marketing operations,Executive,Clare,44600,72200,2026-07-29
Content and social,Manager,Clare,37100,69200,2026-07-24
Brand,Head,Clare,58600,66000,2026-06-03
SEO,Head,Clare,51400,87300,2026-07-29
Marketing operations,Manager,Kerry,37500,103300,2026-09-05
Product marketing,Manager,Clare,44100,81300,2026-07-02
Head of marketing,Entry,Donegal,50800,57300,2026-08-13
Ecommerce,Manager,Donegal,57200,72500,2026-07-08
Ecommerce,Head,Sligo,43200,68200,2026-06-24
Ecommerce,Manager,Mayo,30600,73300,2026-09-17
SEO,Head,Mayo,67900,74500,2026-08-28
Marketing operations,Entry,Donegal,61800,91100,2026-05-29
Ecommerce,Manager,Kerry,30800,133200,2026-07-18
Head of marketing,Head,Meath,50600,75700,2026-07-05
SEO,Entry,Clare,54100,46200,2026-06-14
Marketing operations,Head,Meath,56100,64100,2026-09-16
Product marketing,Head,Clare,35000,56900,2026-08-18
Brand,Manager,Clare,39800,72400,2026-08-12
Ecommerce,Manager,Clare,67600,71200,2026-07-15
Content and social,Manager,Mayo,61900,113600,2026-07-07
Brand,Manager,Clare,43400,114300,2026-08-15
Ecommerce,Manager,Clare,50700,79200,2026-08-18
Marketing operations,Executive,Cork,53700,65600,2026-07-02
SEO,Head,Clare,47200,54100,2026-08-13
Brand,Head,Donegal,46900,71400,2026-07-26
SEO,Manager,Meath,38000,50700,2026-08-16
Content and social,Head,Sligo,56600,63200,2026-06-19
Head of marketing,Head,Kerry,54700,89800,2026-05-25
SEO,Head,Clare,32000,109100,2026-06-21
Content and social,Executive,Cork,50000,80000,2026-06-21
Brand,Head,Clare,50500,52600,2026-07-14
Ecommerce,Entry,Sligo,49900,62900,2026-06-17
Marketing operations,Head,Meath,33800,57200,2026-08-29
Brand,Entry,Mayo,42200,76600,2026-06-26
Marketing operations,Executive,Clare,58100,79300,2026-06-09
SEO,Manager,Mayo,61000,89900,2026-05-26
Marketing operations,Head,Clare,30200,108500,2026-07-08
SEO,Head,Clare,46700,55700,2026-05-24
Content and social,Head,Meath,49700,56500,2026-09-06
SEO,Manager,Kerry,48500,51200,2026-06-02
Ecommerce,Manager,Meath,42300,71900,2026-06-22
Head of marketing,Manager,Sligo,43800,56900,2026-09-19
SEO,Manager,Clare,64500,85100,2026-08-02
Ecommerce,Head,Clare,59500,100200,2026-06-14
Content and social,Head,Meath,30800,103400,2026-05-30
Brand,Manager,Sligo,49100,83700,2026-08-22
Head of marketing,Manager,Clare,49000,79500,2026-08-17
Product marketing,Head,Clare,43000,49800,2026-07-12
Marketing operations,Head,Donegal,48200,63900,2026-07-07
Ecommerce,Manager,Mayo,30900,84000,2026-07-15
Marketing operations,Manager,Clare,60000,79600,2026-06-07
Ecommerce,Manager,Meath,59800,87600,2026-08-14
SEO,Head,Meath,37400,132100,2026-08-22
SEO,Entry,Meath,37000,84600,2026-09-06
Ecommerce,Executive,Mayo,43900,50400,2026-07-04
Ecommerce,Head,Cork,53700,68100,2026-05-25
Ecommerce,Entry,Mayo,45500,45600,2026-09-13
SEO,Executive,Cork,34100,72500,2026-05-27
Product marketing,Manager,Mayo,59500,86900,2026-07-12
SEO,Head,Donegal,55800,97400,2026-08-18
Product marketing,Head,Mayo,42500,117400,2026-06-19
Ecommerce,Executive,Clare,43000,87200,2026-08-01
SEO,Head,Mayo,46500,52000,2026-05-27
Brand,Executive,Kerry,52600,64800,2026-06-07
Content and social,Head,Clare,41000,54200,2026-07-03
Brand,Manager,Mayo,39700,72600,2026-07-26
Head of marketing,Manager,Meath,57600,78800,2026-09-07
SEO,Head,Sligo,63000,82000,2026-09-06
Ecommerce,Head,Clare,36600,129700,2026-07-05
Marketing operations,Manager,Clare,47000,88100,2026-07-29
Brand,Manager,Clare,49200,77800,2026-06-06
Brand,Manager,Mayo,56600,50700,2026-06-12
SEO,Head,Kerry,37000,45100,2026-09-06
SEO,Head,Kerry,36700,60400,2026-06-21
SEO,Entry,Donegal,68000,82300,2026-08-14
Content and social,Executive,Mayo,57800,94200,2026-08-04
Product marketing,Head,Cork,35900,102400,2026-06-13
Product marketing,Entry,Kerry,38000,80100,2026-06-22
Content and social,Manager,Mayo,52600,63400,2026-08-28
SEO,Head,Cork,44900,62700,2026-07-07
Product marketing,Manager,Kerry,45500,49900,2026-07-13
Ecommerce,Head,Cork,43800,66100,2026-08-30
Content and social,Manager,Clare,58700,77500,2026-08-30
Ecommerce,Head,Kerry,54100,106500,2026-09-04
SEO,Entry,Donegal,35000,124600,2026-05-25
Product marketing,Executive,Clare,41600,59000,2026-06-12
Marketing operations,Executive,Kerry,53300,52900,2026-07-08
Ecommerce,Manager,Sligo,51100,59500,2026-06-05
Product marketing,Manager,Mayo,36800,50600,2026-08-13
SEO,Head,Kerry,30300,71600,2026-07-05
Marketing operations,Entry,Cork,61700,60400,2026-06-06
Head of marketing,Head,Sligo,65300,101200,2026-09-12
Brand,Head,Clare,33300,124300,2026-08-11
Ecommerce,Head,Clare,41100,81400,2026-09-13
Marketing operations,Manager,Donegal,42000,54100,2026-06-10
Content and social,Entry,Donegal,45700,46700,2026-06-28
Ecommerce,Head,Cork,48000,56400,2026-06-23
Marketing operations,Executive,Meath,39200,72200,2026-06-12
Ecommerce,Manager,Clare,67300,81900,2026-08-20
Marketing operations,Entry,Meath,62700,82900,2026-08-17
SEO,Head,Donegal,43700,125700,2026-06-03
Head of marketing,Executive,Kerry,45700,56200,2026-09-17
Ecommerce,Manager,Sligo,42100,58300,2026-07-10
Marketing operations,Head,Mayo,54400,47400,2026-09-02
SEO,Head,Cork,38900,46300,2026-06-21
Product marketing,Executive,Mayo,34400,56000,2026-07-24
Brand,Manager,Meath,68200,76800,2026-06-28
SEO,Head,Meath,61100,109500,2026-06-12
Head of marketing,Manager,Donegal,34400,133200,2026-08-30
Product marketing,Manager,Meath,43500,73500,2026-08-17
Content and social,Head,Meath,54000,51800,2026-09-06
Marketing operations,Head,Mayo,50300,70400,2026-09-16
Ecommerce,Manager,Donegal,44400,56000,2026-06-05
SEO,Head,Sligo,39600,73400,2026-09-01
Content and social,Entry,Clare,64600,63500,2026-07-01
Marketing operations,Head,Cork,59600,104500,2026-09-11
Marketing operations,Head,Donegal,39400,122000,2026-06-15
SEO,Manager,Cork,44700,57400,2026-06-02
Content and social,Entry,Clare,51600,54000,2026-08-05
SEO,Executive,Kerry,55100,69000,2026-07-11
Marketing operations,Manager,Clare,38800,49000,2026-07-14
SEO,Manager,Clare,35200,75500,2026-06-12
SEO,Manager,Meath,57300,68800,2026-06-02
SEO,Executive,Sligo,51300,85300,2026-05-27
Ecommerce,Entry,Clare,35700,115000,2026-06-13
SEO,Head,Cork,44400,59600,2026-06-13
SEO,Head,Meath,48100,47500,2026-09-19
Ecommerce,Executive,Clare,48000,61900,2026-08-04
Product marketing,Head,Mayo,35300,59700,2026-08-11
SEO,Head,Clare,35100,76700,2026-08-13
SEO,Manager,Donegal,59300,81500,2026-09-13
Head of marketing,Manager,Clare,64700,83200,2026-08-20
SEO,Manager,Cork,38900,113500,2026-08-17
Ecommerce,Head,Clare,46300,85700,2026-06-23
Brand,Manager,Meath,42100,60600,2026-06-25
Content and social,Entry,Donegal,44200,63300,2026-06-24
Content and social,Head,Meath,35700,46000,2026-06-09
Marketing operations,Head,Donegal,43100,67900,2026-08-16
SEO,Entry,Kerry,61800,81800,2026-07-25
SEO,Head,Clare,53100,83800,2026-08-08
SEO,Manager,Kerry,41500,133000,2026-08-27
SEO,Executive,Sligo,48000,87200,2026-09-09
SEO,Manager,Mayo,50000,74700,2026-09-15
SEO,Manager,Clare,47000,47900,2026-06-03
Marketing operations,Manager,Cork,43200,47400,2026-07-28
Brand,Entry,Cork,42000,82000,2026-08-18
Brand,Head,Meath,66000,86800,2026-09-09
SEO,Executive,Kerry,64900,97900,2026-09-12
Head of marketing,Head,Clare,31200,115500,2026-07-29
Marketing operations,Head,Kerry,39500,88900,2026-08-21
Product marketing,Manager,Clare,44800,62000,2026-09-05
Head of marketing,Entry,Cork,45700,63500,2026-06-05
Brand,Manager,Mayo,47100,64200,2026-05-28
SEO,Manager,Clare,34300,55900,2026-07-08
Ecommerce,Manager,Donegal,60500,60500,2026-06-30
Head of marketing,Head,Donegal,61300,85600,2026-07-22
Ecommerce,Executive,Kerry,33100,101900,2026-06-02
Content and social,Manager,Meath,45900,77600,2026-08-27
Content and social,Head,Kerry,42100,76600,2026-07-08
Brand,Head,Cork,46100,63100,2026-08-10
Brand,Head,Clare,40900,77700,2026-07-31
Product marketing,Head,Sligo,41300,74000,2026-06-21
Ecommerce,Manager,Mayo,67000,80800,2026-08-14
SEO,Manager,Clare,59200,91200,2026-06-02
Content and social,Executive,Kerry,42900,130800,2026-08-16
Ecommerce,Head,Meath,38500,66900,2026-08-26
Product marketing,Head,Meath,49500,74500,2026-08-15
SEO,Head,Clare,54500,71500,2026-07-08
Product marketing,Manager,Cork,40700,63400,2026-07-30
Head of marketing,Head,Sligo,35500,70200,2026-05-25
Ecommerce,Head,Clare,56700,71700,2026-07-21
Head of marketing,Executive,Cork,54800,104100,2026-06-27
Brand,Manager,Donegal,32700,114700,2026-07-28
SEO,Manager,Kerry,46200,82200,2026-05-27
Brand,Head,Kerry,47900,62400,2026-07-27
Product marketing,Manager,Donegal,56800,55900,2026-09-05
SEO,Entry,Kerry,41800,67300,2026-08-09
Content and social,Manager,Meath,38400,76500,2026-06-01
SEO,Head,Mayo,57200,71700,2026-07-19
Marketing operations,Head,Cork,52800,103500,2026-07-11
Ecommerce,Head,Kerry,32700,123300,2026-08-23
SEO,Manager,Meath,46500,63400,2026-09-03
SEO,Head,Cork,46800,57400,2026-05-25
SEO,Manager,Kerry,43700,74700,2026-07-03
Head of marketing,Head,Mayo,45400,48100,2026-09-18
SEO,Manager,Mayo,32400,78500,2026-05-30
Ecommerce,Head,Kerry,59800,55600,2026-06-23
SEO,Head,Donegal,62100,95600,2026-07-16
Ecommerce,Head,Clare,34500,117100,2026-09-19
SEO,Executive,Clare,45100,87600,2026-07-06
SEO,Entry,Sligo,44400,58700,2026-08-14
Ecommerce,Head,Clare,44300,48700,2026-06-16
Head of marketing,Manager,Sligo,41200,54900,2026-07-18
Product marketing,Head,Sligo,31000,70200,2026-07-12
SEO,Manager,Mayo,59400,80300,2026-08-06
Ecommerce,Manager,Meath,63100,101800,2026-08-27
Ecommerce,Head,Donegal,42600,115000,2026-08-14
SEO,Manager,Kerry,41300,73200,2026-08-01
Product marketing,Head,Meath,42700,69500,2026-06-05
Ecommerce,Manager,Mayo,45200,61700,2026-06-14
SEO,Head,Donegal,41200,47000,2026-06-21
SEO,Manager,Kerry,33300,64700,2026-06-27
SEO,Manager,Clare,65600,83200,2026-08-31
SEO,Head,Clare,53500,114500,2026-09-04
Brand,Manager,Kerry,40500,126800,2026-07-01
SEO,Head,Kerry,40700,62800,2026-09-07
Content and social,Head,Donegal,41900,48400,2026-07-25
Content and social,Manager,Clare,54400,47400,2026-06-07
SEO,Head,Mayo,38500,44800,2026-06-12
Head of marketing,Manager,Clare,37200,57600,2026-06-09
SEO,Manager,Clare,63600,85300,2026-07-08
Product marketing,Head,Kerry,61600,112100,2026-05-29
Ecommerce,Head,Mayo,35300,126300,2026-08-24
Ecommerce,Head,Clare,46100,56100,2026-07-26
Marketing operations,Manager,Sligo,44800,68800,2026-06-06
Head of marketing,Head,Clare,48500,67900,2026-09-10
SEO,Head,Donegal,42200,62200,2026-08-16
Content and social,Executive,Sligo,33500,80000,2026-08-17
Marketing operations,Manager,Kerry,65700,62900,2026-06-17
Product marketing,Head,Mayo,65300,86700,2026-09-03
Brand,Head,Mayo,35000,110000,2026-09-05
Head of marketing,Head,Sligo,38200,78500,2026-07-30
SEO,Executive,Clare,50700,54200,2026-08-23
Content and social,Head,Meath,46000,70400,2026-07-09
Head of marketing,Manager,Kerry,46200,52900,2026-06-13
Brand,Head,Donegal,31700,53800,2026-08-12
Content and social,Executive,Mayo,61900,84000,2026-08-27
Product marketing,Manager,Clare,53100,113900,2026-06-14
Head of marketing,Head,Clare,30900,122100,2026-08-11
Content and social,Entry,Mayo,47100,78000,2026-08-02
Head of marketing,Executive,Cork,49300,55100,2026-08-25
Head of marketing,Executive,Meath,47200,68300,2026-06-10
Product marketing,Manager,Clare,47200,68900,2026-06-13
Marketing operations,Executive,Mayo,32000,74600,2026-08-07
Ecommerce,Entry,Clare,65800,78000,2026-08-08
Content and social,Manager,Meath,65100,108000,2026-07-26
Content and social,Manager,Donegal,44400,110200,2026-08-09
Brand,Executive,Mayo,37800,64300,2026-09-13
Brand,Head,Meath,43600,76300,2026-09-17
Head of marketing,Entry,Clare,54300,66800,2026-07-15
Content and social,Head,Sligo,37800,62900,2026-08-01
Marketing operations,Head,Cork,32400,56300,2026-07-26
Content and social,Head,Sligo,63800,83600,2026-09-16
Ecommerce,Entry,Mayo,54900,88600,2026-06-18
SEO,Head,Sligo,37100,133800,2026-09-02
Ecommerce,Manager,Kerry,36300,85100,2026-09-05
Content and social,Executive,Mayo,46900,57400,2026-06-23
Product marketing,Manager,Sligo,43900,67300,2026-09-07
Brand,Manager,Sligo,34900,60700,2026-09-17
Marketing operations,Entry,Clare,31900,74900,2026-08-09
SEO,Head,Clare,58900,63900,2026-07-17
Marketing operations,Manager,Meath,55700,111800,2026-06-21
Ecommerce,Head,Clare,44700,108100,2026-08-02
Brand,Entry,Sligo,43700,63400,2026-06-14
SEO,Head,Meath,46400,52100,2026-07-05
Content and social,Executive,Kerry,55100,70400,2026-06-08
Product marketing,Manager,Cork,45900,73100,2026-08-20
Head of marketing,Manager,Kerry,41600,78600,2026-08-31
SEO,Entry,Cork,65500,71800,2026-08-16
Product marketing,Executive,Cork,59600,108200,2026-06-09
SEO,Manager,Kerry,44600,134600,2026-06-01
Brand,Manager,Meath,40300,70200,2026-08-23
Brand,Manager,Meath,50600,62300,2026-06-14
Product marketing,Head,Clare,44500,56200,2026-07-18
Ecommerce,Head,Mayo,39800,72200,2026-07-22
Head of marketing,Manager,Mayo,32800,68200,2026-07-01
SEO,Head,Mayo,59500,72900,2026-09-16
SEO,Head,Sligo,62500,80700,2026-07-12
Brand,Manager,Clare,37300,108000,2026-07-03
Head of marketing,Head,Meath,47000,63400,2026-08-28
Ecommerce,Head,Cork,41400,63900,2026-07-28
SEO,Head,Kerry,51100,64200,2026-07-22
Marketing operations,Head,Donegal,40900,54400,2026-06-23
Marketing operations,Entry,Cork,31500,66000,2026-07-25
Brand,Entry,Donegal,61600,56900,2026-08-04
Content and social,Executive,Donegal,55900,104700,2026-08-21
Ecommerce,Entry,Sligo,34100,107600,2026-07-04
Product marketing,Executive,Sligo,41700,85200,2026-06-19
Brand,Head,Kerry,43900,62000,2026-07-24
Head of marketing,Manager,Kerry,55200,45300,2026-08-11
Marketing operations,Manager,Cork,41700,56800,2026-08-15
SEO,Manager,Mayo,33800,51400,2026-06-28
Content and social,Manager,Meath,67400,60300,2026-07-07
Marketing operations,Manager,Meath,59100,112000,2026-07-31
Marketing operations,Manager,Clare,42600,129900,2026-08-25
Brand,Entry,Clare,41800,89100,2026-08-28
Content and social,Manager,Kerry,45200,77800,2026-07-31
Brand,Manager,Donegal,50700,70100,2026-07-15
Marketing operations,Manager,Meath,39100,69600,2026-07-08
Marketing operations,Head,Sligo,39100,68000,2026-05-24
Content and social,Manager,Clare,60900,54200,2026-09-14
Head of marketing,Manager,Donegal,62400,84300,2026-06-12
Brand,Head,Kerry,36300,128800,2026-07-12
Marketing operations,Head,Kerry,36900,82000,2026-09-08
SEO,Head,Cork,43500,67900,2026-09-02
Ecommerce,Executive,Meath,54400,53600,2026-07-31
SEO,Head,Mayo,34100,48600,2026-05-31
SEO,Head,Meath,35500,73300,2026-08-18
SEO,Entry,Clare,66900,56200,2026-08-22
SEO,Manager,Kerry,52400,99100,2026-08-16
Content and social,Head,Kerry,40900,105600,2026-07-24
Brand,Head,Cork,41600,84600,2026-06-10
Marketing operations,Manager,Cork,50800,57100,2026-08-30
Brand,Head,Clare,55800,64100,2026-08-03
Head of marketing,Head,Clare,46200,45200,2026-06-24
SEO,Manager,Meath,33700,84200,2026-09-03
Brand,Head,Kerry,65900,59000,2026-09-19
Content and social,Entry,Kerry,54000,85100,2026-07-07
Marketing operations,Head,Meath,44200,109700,2026-05-26
Ecommerce,Executive,Sligo,48600,64100,2026-06-09
Head of marketing,Head,Sligo,49800,55600,2026-07-13
Ecommerce,Entry,Clare,45600,47800,2026-05-31
Product marketing,Head,Donegal,43400,69400,2026-07-10
SEO,Manager,Cork,38200,71500,2026-06-19
Ecommerce,Executive,Cork,68300,69900,2026-09-20
Marketing operations,Head,Kerry,63900,113800,2026-09-12
SEO,Head,Clare,40800,135300,2026-07-25
Product marketing,Manager,Cork,46700,83000,2026-07-31
Brand,Executive,Clare,52000,64500,2026-09-14
SEO,Manager,Kerry,52000,53500,2026-07-16
Head of marketing,Executive,Cork,44500,53400,2026-07-18
Ecommerce,Entry,Sligo,31200,61900,2026-06-05
Content and social,Head,Meath,63400,78700,2026-06-04
Content and social,Entry,Clare,62600,98600,2026-06-03
Marketing operations,Manager,Sligo,42400,122200,2026-07-17
Marketing operations,Manager,Donegal,38000,64900,2026-07-13
SEO,Manager,Clare,53500,47800,2026-06-30
Content and social,Head,Cork,45600,70800,2026-05-24
Product marketing,Executive,Mayo,43500,67700,2026-07-11
SEO,Manager,Donegal,33000,74800,2026-06-09
SEO,Head,Mayo,66300,78600,2026-09-15
SEO,Manager,Donegal,65200,96000,2026-07-11
Ecommerce,Head,Clare,35400,126900,2026-06-07
SEO,Manager,Clare,49600,87900,2026-06-16
Brand,Manager,Mayo,52500,50500,2026-07-28
SEO,Manager,Mayo,56600,64200,2026-06-20
SEO,Head,Kerry,46200,78100,2026-07-21
SEO,Manager,Meath,37200,81600,2026-07-26
Product marketing,Manager,Donegal,55000,66400,2026-06-18
Product marketing,Head,Meath,56900,85000,2026-06-03
Head of marketing,Manager,Donegal,35800,135000,2026-08-14
Content and social,Manager,Clare,42300,60000,2026-08-10
Ecommerce,Head,Cork,45600,72000,2026-06-02
Brand,Manager,Meath,56700,53900,2026-06-21
Content and social,Manager,Clare,42700,46100,2026-08-18
Ecommerce,Manager,Clare,39900,66900,2026-07-18
SEO,Manager,Clare,67800,57800,2026-07-01
Ecommerce,Manager,Kerry,51700,103200,2026-07-15
Content and social,Head,Mayo,33900,131700,2026-06-05
Head of marketing,Entry,Clare,49800,66300,2026-05-31
SEO,Executive,Clare,48900,62200,2026-07-27
Head of marketing,Manager,Mayo,56200,68600,2026-09-02
Content and social,Head,Clare,47100,53700,2026-08-24
Ecommerce,Executive,Donegal,38200,69800,2026-09-07
Marketing operations,Executive,Cork,67700,71300,2026-06-10
SEO,Head,Donegal,63600,102400,2026-08-31
SEO,Manager,Clare,44700,106000,2026-06-14
Ecommerce,Head,Clare,41500,75800,2026-06-08
Product marketing,Executive,Meath,49600,55800,2026-07-28
SEO,Head,Cork,43600,65500,2026-07-20
Content and social,Manager,Clare,47800,64000,2026-06-11
Head of marketing,Manager,Cork,33600,78500,2026-07-29
SEO,Manager,Kerry,58700,88000,2026-08-04
Product marketing,Head,Kerry,57400,107300,2026-08-30
Marketing operations,Head,Clare,30700,126800,2026-09-03
Product marketing,Manager,Clare,48100,76500,2026-06-19
SEO,Manager,Donegal,42800,51000,2026-06-24
Ecommerce,Head,Cork,44600,51000,2026-08-27
SEO,Manager,Sligo,36500,52600,2026-07-09
SEO,Head,Clare,42200,55400,2026-06-24
Marketing operations,Manager,Donegal,64200,69900,2026-09-16
SEO,Manager,Clare,51500,80500,2026-07-19
Ecommerce,Head,Clare,32600,119700,2026-06-16
SEO,Head,Donegal,39600,62700,2026-07-24
SEO,Head,Kerry,45500,47200,2026-08-17
Content and social,Manager,Mayo,56300,73600,2026-08-30
SEO,Head,Sligo,39000,60400,2026-07-29
Marketing operations,Manager,Kerry,30900,51100,2026-08-01
Ecommerce,Manager,Clare,60100,55200,2026-06-10
SEO,Head,Sligo,50700,88400,2026-08-02
Brand,Head,Donegal,35900,102200,2026-09-15
Content and social,Head,Meath,41000,77400,2026-09-05
Ecommerce,Entry,Sligo,55200,77900,2026-09-15
Product marketing,Head,Meath,53100,57700,2026-09-08
Ecommerce,Head,Kerry,37100,72600,2026-09-10
Brand,Head,Cork,42600,76600,2026-08-26
Brand,Head,Donegal,55900,67400,2026-07-26
Brand,Manager,Meath,56400,89000,2026-08-24
SEO,Manager,Donegal,32800,132200,2026-09-10
Brand,Head,Clare,40600,78000,2026-08-06
Marketing operations,Manager,Mayo,53200,70200,2026-07-05
SEO,Head,Kerry,50800,52300,2026-08-27
SEO,Manager,Clare,38500,70300,2026-08-03
Marketing operations,Head,Clare,36500,67100,2026-08-21
Marketing operations,Executive,Cork,66400,57800,2026-07-22
Ecommerce,Entry,Clare,52900,99000,2026-09-12
Content and social,Manager,Donegal,34000,120600,2026-06-19
SEO,Manager,Donegal,50700,83400,2026-07-10
Content and social,Head,Kerry,49000,57500,2026-08-01
Content and social,Manager,Kerry,50600,76500,2026-07-28
Head of marketing,Manager,Donegal,46000,45400,2026-08-10
Marketing operations,Entry,Clare,39200,55000,2026-06-08
SEO,Manager,Clare,59600,62500,2026-08-30
Product marketing,Head,Mayo,64400,105800,2026-07-27
SEO,Head,Clare,44200,132100,2026-09-02
Product marketing,Manager,Meath,42600,57300,2026-08-15
Product marketing,Entry,Cork,54400,75200,2026-06-09
Ecommerce,Head,Mayo,44700,55500,2026-09-09
SEO,Manager,Sligo,45800,62400,2026-08-04
Product marketing,Manager,Meath,43600,80600,2026-07-14
Marketing operations,Head,Donegal,61800,62500,2026-06-05
Product marketing,Manager,Kerry,54600,85300,2026-06-18
Ecommerce,Entry,Donegal,35000,127000,2026-08-26
SEO,Executive,Kerry,41700,78100,2026-05-29
SEO,Entry,Mayo,51600,52200,2026-08-27
Head of marketing,Manager,Meath,50500,45100,2026-08-17
SEO,Head,Mayo,45400,49200,2026-07-30
Ecommerce,Head,Sligo,35700,54700,2026-06-30
Brand,Manager,Clare,62200,79200,2026-08-14
SEO,Manager,Sligo,53100,106600,2026-07-30
Product marketing,Head,Donegal,42800,102100,2026-08-22
SEO,Executive,Mayo,44500,70800,2026-07-02
Brand,Manager,Kerry,54200,65500,2026-06-07
SEO,Executive,Clare,43900,48600,2026-07-23
Content and social,Head,Donegal,35800,66100,2026-08-07
Head of marketing,Entry,Kerry,37800,75000,2026-07-20
Content and social,Manager,Clare,64100,84700,2026-06-04
SEO,Entry,Sligo,52500,110000,2026-07-07
SEO,Head,Mayo,37900,116300,2026-09-01
SEO,Manager,Mayo,46400,85900,2026-05-25
Ecommerce,Head,Cork,51400,61200,2026-07-25
Head of marketing,Head,Sligo,43800,75400,2026-09-02
Ecommerce,Manager,Meath,48100,70500,2026-06-12
Content and social,Executive,Sligo,34100,68900,2026-05-28
Content and social,Head,Clare,57000,72500,2026-09-08
Marketing operations,Head,Clare,54500,98800,2026-05-24
Content and social,Head,Mayo,32600,133700,2026-07-06
Ecommerce,Head,Mayo,46700,55700,2026-06-24
Brand,Head,Sligo,46000,78100,2026-06-14
Brand,Head,Cork,44000,57000,2026-06-16
Product marketing,Manager,Clare,42100,55900,2026-06-06
Marketing operations,Entry,Clare,44400,59400,2026-08-19
SEO,Head,Cork,60800,65500,2026-07-08
Content and social,Entry,Clare,56400,100300,2026-09-10
Product marketing,Manager,Kerry,38600,134600,2026-08-28
Head of marketing,Entry,Mayo,44600,56800,2026-06-23
Brand,Executive,Sligo,53600,61800,2026-05-29
Ecommerce,Manager,Clare,48000,69500,2026-07-14
Product marketing,Manager,Mayo,46500,69100,2026-08-10
Content and social,Manager,Clare,34900,69500,2026-08-14
Head of marketing,Manager,Donegal,61200,58200,2026-09-04
Marketing operations,Executive,Kerry,53000,104800,2026-08-29
SEO,Manager,Sligo,41200,114100,2026-08-02
Product marketing,Manager,Sligo,37400,56300,2026-07-18
Ecommerce,Manager,Clare,53900,46400,2026-07-14
Marketing operations,Manager,Cork,44200,62800,2026-08-06
Marketing operations,Head,Mayo,36600,70700,2026-08-08
Ecommerce,Head,Clare,38100,55800,2026-08-23
Brand,Entry,Cork,60900,66800,2026-05-31
Ecommerce,Entry,Donegal,61700,93700,2026-07-25
Brand,Manager,Donegal,41700,135000,2026-09-11
Content and social,Head,Donegal,49600,64700,2026-06-02
Ecommerce,Entry,Sligo,51400,64200,2026-07-29
Ecommerce,Entry,Mayo,46400,59800,2026-08-15
SEO,Manager,Clare,34700,75500,2026-05-29
Head of marketing,Executive,Mayo,37800,80600,2026-09-18
SEO,Head,Sligo,57600,55600,2026-08-27
Content and social,Manager,Cork,63600,90800,2026-08-13
Ecommerce,Manager,Meath,34500,109600,2026-06-01
SEO,Head,Meath,36600,83300,2026-08-04
SEO,Head,Donegal,55000,76200,2026-08-30
Marketing operations,Manager,Cork,43400,63900,2026-08-12
SEO,Head,Clare,38500,55400,2026-07-20
Ecommerce,Head,Meath,30700,73800,2026-08-17
Product marketing,Entry,Donegal,65400,81300,2026-06-30
SEO,Executive,Mayo,53000,93400,2026-08-25
Ecommerce,Executive,Sligo,37100,131600,2026-06-07
Head of marketing,Head,Mayo,38300,86800,2026-07-28
Ecommerce,Manager,Meath,53500,59300,2026-08-22
Ecommerce,Manager,Clare,44100,52900,2026-07-22
Ecommerce,Manager,Sligo,34900,58600,2026-05-24
Content and social,Manager,Kerry,33100,68200,2026-09-02
Brand,Manager,Cork,65000,70900,2026-07-30
Ecommerce,Executive,Mayo,53800,83800,2026-08-04
Content and social,Entry,Cork,40600,122400,2026-06-18
Product marketing,Executive,Clare,44700,83800,2026-08-25
Brand,Entry,Donegal,52000,58600,2026-06-28
Content and social,Head,Mayo,51000,73400,2026-09-04
Product marketing,Manager,Mayo,42800,77800,2026-05-30
Product marketing,Head,Meath,33800,59600,2026-06-24
Head of marketing,Executive,Clare,69300,77200,2026-08-07
SEO,Manager,Mayo,55800,104200,2026-08-10
Marketing operations,Head,Sligo,35200,108000,2026-06-15
SEO,Head,Donegal,38200,59700,2026-08-25
Marketing operations,Entry,Cork,48900,68800,2026-07-09
Head of marketing,Entry,Meath,54900,66300,2026-07-03
Ecommerce,Entry,Clare,37800,55800,2026-05-31
SEO,Head,Clare,33200,66200,2026-06-29
Head of marketing,Manager,Clare,66700,76600,2026-08-19
Product marketing,Head,Kerry,63800,101500,2026-08-31
Brand,Head,Mayo,31200,102600,2026-08-23
SEO,Head,Clare,38100,83500,2026-06-29
SEO,Manager,Clare,45700,69100,2026-08-11
Product marketing,Executive,Kerry,53300,64800,2026-08-13
Brand,Manager,Cork,42800,61400,2026-08-29
Marketing operations,Head,Sligo,32800,58200,2026-06-25
SEO,Manager,Kerry,64100,77800,2026-06-01
Product marketing,Head,Meath,58900,87600,2026-08-29
Ecommerce,Manager,Kerry,32100,113400,2026-09-05
Ecommerce,Entry,Sligo,41600,72000,2026-09-10
Head of marketing,Manager,Clare,42100,73600,2026-09-03
SEO,Manager,Clare,43800,61800,2026-08-16
Ecommerce,Head,Clare,39900,77200,2026-06-09
Ecommerce,Entry,Mayo,38500,64500,2026-07-11
Marketing operations,Manager,Cork,60300,62200,2026-08-11
Product marketing,Head,Clare,51600,109400,2026-08-10
Marketing operations,Entry,Sligo,39600,113200,2026-09-16
Content and social,Manager,Clare,45500,89400,2026-05-30
Product marketing,Executive,Mayo,48900,76900,2026-06-20
Product marketing,Manager,Mayo,54200,72700,2026-07-28
Head of marketing,Head,Sligo,38100,49600,2026-09-19
Product marketing,Entry,Mayo,35300,81400,2026-06-27
Head of marketing,Manager,Sligo,60000,60600,2026-07-04
SEO,Manager,Mayo,56700,93800,2026-07-08
Ecommerce,Head,Donegal,42800,111900,2026-05-30
Brand,Head,Clare,42500,85900,2026-08-28
Product marketing,Head,Cork,43600,47100,2026-07-12
Head of marketing,Head,Cork,53200,44900,2026-09-03
Product marketing,Manager,Donegal,34300,64100,2026-08-24
SEO,Manager,Mayo,33400,67900,2026-08-16
Marketing operations,Entry,Meath,57900,54200,2026-09-12
Product marketing,Head,Kerry,65000,101600,2026-06-06
Marketing operations,Manager,Sligo,44400,122100,2026-09-10
SEO,Executive,Kerry,46700,89100,2026-08-22
Content and social,Manager,Donegal,43700,55900,2026-06-10
Brand,Manager,Kerry,54800,51400,2026-07-16
Content and social,Entry,Mayo,39900,77400,2026-09-04
Ecommerce,Executive,Kerry,41700,58300,2026-08-24
Content and social,Manager,Meath,56000,59100,2026-05-28
Brand,Head,Sligo,57100,93300,2026-07-22
SEO,Manager,Clare,34100,110100,2026-05-26
Content and social,Manager,Meath,45600,77100,2026-06-21
Content and social,Entry,Cork,42000,68000,2026-06-25
Head of marketing,Manager,Clare,48000,68900,2026-06-27
Content and social,Head,Cork,38600,56500,2026-08-14
Head of marketing,Head,Clare,30400,70500,2026-07-31
SEO,Head,Cork,68200,54100,2026-09-07
SEO,Manager,Donegal,61600,108200,2026-08-24
Marketing operations,Manager,Clare,39600,116800,2026-06-23
SEO,Head,Clare,38200,87300,2026-09-20
Marketing operations,Head,Kerry,43500,61000,2026-09-14
SEO,Executive,Meath,47100,49100,2026-08-27
Ecommerce,Head,Clare,39800,50400,2026-08-03
Brand,Manager,Cork,31200,58800,2026-09-06
Head of marketing,Head,Clare,54800,54400,2026-07-27
Marketing operations,Manager,Clare,61300,102100,2026-06-17
SEO,Manager,Meath,31800,104300,2026-08-18
Product marketing,Head,Cork,39200,69800,2026-07-11
Brand,Manager,Meath,51500,78600,2026-07-12
Head of marketing,Head,Clare,47100,58000,2026-07-12
Head of marketing,Head,Mayo,43200,68000,2026-06-16
Ecommerce,Head,Mayo,33800,60300,2026-07-27
Product marketing,Manager,Kerry,59000,58100,2026-07-04
Content and social,Head,Clare,53400,87200,2026-07-11
Product marketing,Head,Cork,44400,102300,2026-07-21
Head of marketing,Entry,Sligo,49200,75200,2026-07-23
SEO,Manager,Mayo,54000,78100,2026-08-29
Product marketing,Manager,Cork,49100,72200,2026-09-12
SEO,Manager,Clare,43800,69500,2026-06-03
Ecommerce,Executive,Sligo,41800,64600,2026-07-18
Brand,Head,Mayo,55500,73500,2026-08-21
SEO,Head,Mayo,58200,99900,2026-06-08
SEO,Executive,Cork,41600,116800,2026-09-10
Head of marketing,Executive,Clare,41200,58100,2026-08-04
Product marketing,Executive,Clare,49900,54200,2026-05-27
Head of marketing,Head,Meath,49200,49700,2026-06-11
Marketing operations,Head,Mayo,34800,71400,2026-06-27
Marketing operations,Entry,Meath,34900,50700,2026-08-19
Ecommerce,Entry,Kerry,58600,82400,2026-09-11
SEO,Executive,Kerry,64600,102500,2026-08-11
SEO,Head,Mayo,41600,119000,2026-09-15
Ecommerce,Head,Kerry,50200,66400,2026-08-15
Product marketing,Manager,Mayo,43900,53400,2026-06-10
SEO,Manager,Kerry,48100,57500,2026-07-30
SEO,Head,Clare,47600,61700,2026-06-07
Content and social,Manager,Meath,40700,60200,2026-07-08
Head of marketing,Head,Meath,57000,71800,2026-07-26
Content and social,Head,Clare,55000,86500,2026-06-13
Head of marketing,Executive,Meath,36000,125300,2026-05-30
SEO,Head,Sligo,42700,71200,2026-09-03
Marketing operations,Manager,Mayo,43000,73800,2026-09-19
SEO,Head,Clare,56500,61900,2026-09-17
Ecommerce,Head,Meath,34600,55900,2026-07-07
SEO,Head,Meath,33300,76100,2026-05-29
Ecommerce,Manager,Kerry,69300,71200,2026-08-21
SEO,Manager,Clare,54600,102700,2026-06-17
Ecommerce,Executive,Mayo,42500,135300,2026-08-20
Brand,Entry,Donegal,47700,58000,2026-07-27
Product marketing,Entry,Donegal,53600,78000,2026-06-08
Brand,Head,Donegal,44100,66200,2026-06-04
SEO,Manager,Sligo,46800,71800,2026-06-10
SEO,Head,Mayo,32900,61900,2026-08-26
SEO,Manager,Clare,68200,84800,2026-07-12
Head of marketing,Entry,Mayo,54300,104200,2026-07-02
Brand,Manager,Sligo,33500,117900,2026-09-01
Marketing operations,Executive,Kerry,36600,58400,2026-08-26
Brand,Entry,Donegal,41500,56800,2026-08-07
Ecommerce,Manager,Donegal,56700,67100,2026-08-08
Product marketing,Entry,Kerry,36200,65100,2026-08-14
Product marketing,Manager,Donegal,40400,84500,2026-09-03
SEO,Manager,Cork,69300,76400,2026-08-23
Brand,Executive,Cork,64200,82500,2026-06-04
Brand,Head,Kerry,41800,117600,2026-06-07
Marketing operations,Head,Cork,44200,81000,2026-08-06
Brand,Head,Sligo,53000,70000,2026-09-11
SEO,Manager,Clare,56200,65600,2026-07-31
Marketing operations,Executive,Mayo,38000,48100,2026-07-16
Content and social,Entry,Meath,31000,72800,2026-07-25
Brand,Head,Mayo,59800,61600,2026-08-28
Product marketing,Manager,Clare,58500,94300,2026-06-11
Marketing operations,Entry,Meath,42100,115700,2026-08-30
SEO,Manager,Mayo,43700,81400,2026-07-19
Marketing operations,Head,Clare,54300,60800,2026-08-03
Brand,Head,Clare,42900,49400,2026-09-17
SEO,Head,Donegal,42100,61400,2026-07-12
Head of marketing,Manager,Cork,34200,62600,2026-09-19
SEO,Head,Clare,60200,57800,2026-06-28
Product marketing,Manager,Meath,63500,93200,2026-06-08
Brand,Head,Clare,30800,101700,2026-06-17
Head of marketing,Executive,Donegal,37600,76400,2026-08-29
Product marketing,Manager,Sligo,47200,45400,2026-06-12
SEO,Head,Clare,54600,50800,2026-05-25
Brand,Manager,Clare,38700,51400,2026-06-19
Ecommerce,Manager,Sligo,38600,79400,2026-07-13
Content and social,Executive,Donegal,64500,83200,2026-06-19
Marketing operations,Manager,Sligo,55100,84500,2026-08-19
Ecommerce,Manager,Cork,42800,108800,2026-07-25
Ecommerce,Executive,Clare,39900,71000,2026-08-07
Ecommerce,Head,Clare,43200,62400,2026-07-01
Brand,Manager,Meath,50500,72400,2026-08-06
Product marketing,Head,Meath,44300,55200,2026-06-26
Head of marketing,Manager,Donegal,38200,76800,2026-08-31
SEO,Manager,Cork,68300,56300,2026-05-31
Ecommerce,Head,Clare,60200,91900,2026-06-20
Head of marketing,Executive,Clare,35300,102300,2026-08-01
SEO,Manager,Clare,43000,61600,2026-07-14
Marketing operations,Manager,Clare,47000,78600,2026-06-30
SEO,Head,Donegal,56500,78200,2026-07-24
Product marketing,Executive,Sligo,37700,52300,2026-06-29
Ecommerce,Manager,Sligo,30600,83900,2026-08-02
SEO,Manager,Clare,58700,87200,2026-07-03
Brand,Manager,Donegal,63000,96300,2026-07-25
SEO,Head,Clare,35500,126500,2026-07-09
Ecommerce,Manager,Kerry,43300,81600,2026-06-21
SEO,Head,Kerry,47900,58700,2026-08-18
Content and social,Manager,Cork,44100,74100,2026-06-10
SEO,Head,Clare,35400,54100,2026-06-02
Product marketing,Head,Kerry,33200,64800,2026-06-26
Brand,Head,Sligo,63200,79900,2026-07-27
SEO,Entry,Clare,50900,90800,2026-07-21
Content and social,Head,Meath,44700,107800,2026-06-15
SEO,Entry,Kerry,41400,74500,2026-07-31
Content and social,Entry,Clare,55200,67300,2026-08-20
SEO,Entry,Cork,50200,75200,2026-09-06
Brand,Head,Clare,40900,77800,2026-09-18
Brand,Entry,Clare,39400,64000,2026-08-02
Content and social,Head,Meath,55000,72100,2026-06-14
Ecommerce,Head,Clare,54500,112200,2026-08-24
Product marketing,Executive,Sligo,39900,119100,2026-09-10
Ecommerce,Executive,Sligo,36600,73600,2026-06-02
Product marketing,Manager,Mayo,51200,76800,2026-07-13
SEO,Manager,Kerry,56900,48700,2026-07-25
SEO,Entry,Donegal,44500,54600,2026-06-25
SEO,Head,Sligo,37600,69600,2026-07-19
SEO,Entry,Mayo,69300,69800,2026-05-26
SEO,Manager,Sligo,57600,82700,2026-07-09
Product marketing,Entry,Mayo,34600,116500,2026-05-29
SEO,Executive,Donegal,42900,56100,2026-07-02
Head of marketing,Manager,Kerry,49700,71300,2026-07-06
Content and social,Manager,Kerry,42700,45600,2026-08-25
SEO,Manager,Clare,40900,58400,2026-08-27
Head of marketing,Manager,Cork,34200,68800,2026-08-19
Content and social,Head,Mayo,59900,80700,2026-08-29
Product marketing,Executive,Donegal,61000,92700,2026-06-08
Brand,Manager,Kerry,41800,111500,2026-07-26
Marketing operations,Manager,Donegal,50400,78200,2026-06-15
SEO,Head,Meath,47600,59500,2026-06-11
Product marketing,Executive,Clare,45300,65800,2026-06-13
SEO,Entry,Clare,37800,69400,2026-08-24
Product marketing,Head,Sligo,40600,60700,2026-06-30
SEO,Head,Clare,59200,81400,2026-06-01
Ecommerce,Executive,Donegal,53200,110600,2026-06-28
Brand,Head,Meath,38200,131400,2026-07-08
Brand,Manager,Meath,40600,72000,2026-08-07
Product marketing,Head,Clare,42500,51600,2026-07-12
SEO,Entry,Donegal,51000,54000,2026-06-15
SEO,Entry,Cork,45400,56600,2026-05-26
SEO,Manager,Kerry,32900,68900,2026-06-27
SEO,Head,Kerry,63700,64100,2026-08-12
Head of marketing,Manager,Kerry,60100,101000,2026-07-23
SEO,Manager,Clare,31500,106200,2026-07-28
Ecommerce,Manager,Donegal,48600,88000,2026-09-07
Ecommerce,Manager,Sligo,49500,76000,2026-07-22
SEO,Manager,Clare,50900,66600,2026-06-15
Content and social,Manager,Clare,36600,52400,2026-05-26
Ecommerce,Head,Mayo,44400,79900,2026-08-05
Brand,Executive,Cork,68600,65200,2026-05-26
Brand,Entry,Donegal,54300,82200,2026-07-26
SEO,Manager,Meath,37200,121000,2026-06-18
Content and social,Manager,Kerry,47300,65700,2026-05-31
Content and social,Head,Donegal,47000,50500,2026-08-05
SEO,Head,Donegal,56900,55700,2026-06-20
Head of marketing,Manager,Meath,39000,75900,2026-07-30
Product marketing,Head,Donegal,34900,57900,2026-07-25
Content and social,Executive,Meath,60500,77900,2026-05-25
SEO,Manager,Mayo,59600,106800,2026-09-12
Product marketing,Head,Sligo,33900,117800,2026-08-30
Marketing operations,Manager,Cork,37300,81500,2026-07-26
Marketing operations,Manager,Clare,44700,58400,2026-07-25
SEO,Entry,Clare,48100,68500,2026-06-27
Content and social,Entry,Mayo,45100,47100,2026-07-25
Product marketing,Manager,Sligo,38400,55800,2026-06-09
Content and social,Head,Cork,62200,80200,2026-07-24
SEO,Entry,Donegal,52100,102500,2026-06-11
Ecommerce,Entry,Meath,38200,135000,2026-08-19
Ecommerce,Manager,Donegal,46200,70500,2026-07-14
Content and social,Manager,Kerry,45800,66300,2026-06-24
Brand,Head,Kerry,46400,78100,2026-08-06
Product marketing,Head,Clare,35100,75900,2026-09-05
Content and social,Entry,Clare,41900,52000,2026-09-13
Content and social,Head,Meath,54800,88000,2026-06-13
Ecommerce,Executive,Clare,60600,111600,2026-07-19
SEO,Manager,Donegal,41600,125400,2026-07-13
SEO,Manager,Cork,44200,84800,2026-07-05
Product marketing,Entry,Clare,51100,50500,2026-06-30
SEO,Head,Sligo,47600,64400,2026-08-11
Brand,Entry,Clare,38900,51700,2026-09-01
SEO,Head,Meath,40900,57800,2026-09-11
Head of marketing,Manager,Clare,68900,61400,2026-07-12
Ecommerce,Head,Cork,58400,102800,2026-07-20
Marketing operations,Manager,Clare,35500,120500,2026-05-30
Content and social,Manager,Mayo,39400,83700,2026-06-01
SEO,Executive,Clare,50100,46900,2026-08-08
Head of marketing,Executive,Cork,54100,55400,2026-06-28
Content and social,Entry,Cork,38600,48100,2026-08-27
Brand,Entry,Kerry,42700,76400,2026-08-24
Content and social,Head,Mayo,66700,64000,2026-07-30
Ecommerce,Head,Mayo,63200,102500,2026-08-07
Content and social,Manager,Clare,39100,103100,2026-07-30
Ecommerce,Manager,Mayo,47000,62900,2026-07-04
Product marketing,Entry,Meath,55800,65100,2026-07-19
Product marketing,Manager,Kerry,47700,54400,2026-09-12
SEO,Manager,Meath,46900,47900,2026-09-01
Product marketing,Head,Clare,31400,71100,2026-08-07
Content and social,Manager,Meath,66200,73600,2026-09-04
Brand,Entry,Mayo,58700,93200,2026-07-19
Ecommerce,Manager,Kerry,32700,133200,2026-07-26
SEO,Manager,Meath,46700,73900,2026-07-08
SEO,Manager,Clare,46000,62800,2026-06-09
SEO,Manager,Mayo,56500,49700,2026-06-14
SEO,Head,Kerry,46400,45500,2026-06-11
Ecommerce,Entry,Clare,30800,82800,2026-06-02
Content and social,Entry,Meath,66300,76200,2026-06-08
SEO,Entry,Sligo,58900,88100,2026-06-10
Head of marketing,Manager,Meath,35900,114900,2026-05-29
SEO,Manager,Sligo,49600,88700,2026-09-18
Brand,Executive,Meath,45200,79000,2026-08-11
Brand,Manager,Donegal,54700,56800,2026-09-06
Head of marketing,Head,Clare,37700,48700,2026-08-03
Head of marketing,Manager,Cork,32800,78300,2026-08-09
Product marketing,Head,Cork,60400,71900,2026-08-11
Head of marketing,Executive,Meath,55700,92700,2026-05-27
SEO,Head,Clare,38500,103500,2026-06-06
Ecommerce,Manager,Clare,39300,59700,2026-07-13
Brand,Head,Meath,50900,78700,2026-06-25
Content and social,Head,Mayo,44300,71800,2026-07-05
Ecommerce,Head,Clare,46900,49900,2026-07-09
Ecommerce,Executive,Clare,38900,54900,2026-06-22
Brand,Head,Clare,59500,86400,2026-06-30
Brand,Manager,Kerry,62000,100600,2026-08-31
SEO,Head,Kerry,32200,132300,2026-08-10
SEO,Executive,Meath,42600,80300,2026-05-28
Brand,Head,Cork,53200,48500,2026-07-13
SEO,Manager,Mayo,43900,61700,2026-06-20
Content and social,Manager,Meath,48300,53100,2026-08-11
Brand,Head,Kerry,30600,72500,2026-08-02
Content and social,Manager,Donegal,65700,65900,2026-08-11
Brand,Head,Kerry,62600,105400,2026-08-13
Brand,Executive,Clare,35100,112100,2026-06-30
SEO,Entry,Kerry,49000,87200,2026-07-11
Marketing operations,Manager,Cork,51400,78600,2026-08-29
Content and social,Head,Clare,46700,55600,2026-06-01
Brand,Manager,Donegal,45700,72100,2026-07-23
SEO,Entry,Donegal,41000,51000,2026-08-30
Ecommerce,Manager,Clare,61400,80600,2026-05-28
Product marketing,Head,Mayo,59400,98500,2026-06-01
Marketing operations,Head,Mayo,40700,125200,2026-06-29
Product marketing,Executive,Mayo,50700,83000,2026-06-28
Ecommerce,Manager,Sligo,47800,73200,2026-07-09
Marketing operations,Entry,Mayo,51200,71700,2026-06-15
SEO,Head,Cork,42000,74800,2026-07-21
Brand,Manager,Meath,40200,75200,2026-06-19
SEO,Manager,Donegal,56200,81000,2026-08-05
Brand,Manager,Donegal,51200,99500,2026-08-13
Marketing operations,Entry,Sligo,31600,123400,2026-09-13
Content and social,Executive,Clare,36700,86700,2026-07-05
SEO,Head,Meath,49900,46400,2026-09-14
Head of marketing,Head,Meath,42900,71400,2026-06-30
Product marketing,Head,Cork,41000,56000,2026-08-11
SEO,Entry,Clare,31000,59500,2026-05-29
Ecommerce,Manager,Sligo,66600,63100,2026-05-27
SEO,Entry,Donegal,59500,83100,2026-05-29
Marketing operations,Manager,Kerry,42400,112600,2026-07-13
SEO,Executive,Kerry,42200,82200,2026-06-26
Brand,Manager,Meath,54100,70600,2026-06-29
SEO,Entry,Sligo,54600,62400,2026-06-12
Head of marketing,Manager,Sligo,47300,65800,2026-06-10
Content and social,Head,Sligo,30300,80900,2026-08-18
Product marketing,Executive,Clare,57700,78100,2026-08-18
Product marketing,Manager,Sligo,60300,102200,2026-06-17
Ecommerce,Head,Clare,30400,102600,2026-09-18
Product marketing,Manager,Kerry,48600,88600,2026-07-22
Marketing operations,Manager,Cork,47200,61100,2026-09-14
SEO,Executive,Donegal,53900,71500,2026-06-14
Brand,Head,Clare,42300,65700,2026-06-11
SEO,Entry,Cork,34500,64100,2026-08-10
SEO,Manager,Meath,68700,71800,2026-07-18
Content and social,Manager,Donegal,53400,113800,2026-06-01
Product marketing,Entry,Clare,40900,124400,2026-06-15
Brand,Head,Sligo,40700,64700,2026-07-18
Brand,Executive,Donegal,45600,47800,2026-06-16
Ecommerce,Head,Clare,45600,59000,2026-09-18
Ecommerce,Head,Clare,43200,50700,2026-07-01
Product marketing,Manager,Cork,37300,63500,2026-06-28
Brand,Manager,Sligo,60100,82000,2026-08-31
SEO,Manager,Sligo,63500,81500,2026-07-03
Content and social,Manager,Donegal,32100,126700,2026-05-26
Brand,Manager,Clare,49400,76100,2026-08-01
Ecommerce,Manager,Clare,54400,74200,2026-08-12
Content and social,Head,Mayo,51700,73200,2026-07-04
SEO,Manager,Clare,47700,46300,2026-05-24
Brand,Head,Mayo,33100,69000,2026-07-15
Product marketing,Manager,Clare,55100,69500,2026-07-06
Content and social,Manager,Donegal,54200,112600,2026-06-21
SEO,Head,Mayo,39600,119100,2026-08-05
Product marketing,Executive,Clare,38600,89000,2026-06-27
SEO,Head,Kerry,45100,73800,2026-08-14
Content and social,Executive,Sligo,51400,45900,2026-05-27
SEO,Head,Clare,38600,68700,2026-08-21
Head of marketing,Manager,Clare,38600,80600,2026-06-08
SEO,Head,Donegal,66900,61400,2026-08-25
Content and social,Head,Mayo,55400,94900,2026-08-26
Brand,Manager,Mayo,31000,108300,2026-07-23
Head of marketing,Executive,Meath,41400,85600,2026-06-17
Ecommerce,Manager,Clare,55100,56300,2026-09-08
Brand,Entry,Mayo,47700,64300,2026-08-22
Ecommerce,Head,Kerry,39200,69400,2026-09-18
SEO,Manager,Kerry,43500,70900,2026-06-13
Content and social,Head,Clare,54800,82800,2026-06-22
Head of marketing,Head,Mayo,65100,100800,2026-07-11
SEO,Manager,Cork,42500,108100,2026-07-26
SEO,Manager,Mayo,42000,60100,2026-09-18
Head of marketing,Executive,Cork,50000,47900,2026-05-25
Content and social,Manager,Sligo,51900,74300,2026-08-15
SEO,Head,Clare,41400,52900,2026-07-10
Content and social,Manager,Sligo,37600,58100,2026-06-15
Head of marketing,Manager,Donegal,66400,58700,2026-09-18
Head of marketing,Head,Cork,52400,102900,2026-06-21
Brand,Entry,Clare,33800,101400,2026-06-10
Brand,Executive,Mayo,47000,73500,2026-05-27
Content and social,Executive,Meath,55000,51900,2026-06-13
Marketing operations,Head,Meath,44800,70500,2026-09-07
Ecommerce,Manager,Mayo,41600,76700,2026-07-18
Brand,Entry,Cork,33500,76900,2026-08-08
Product marketing,Head,Donegal,58200,72100,2026-06-28
Marketing operations,Head,Kerry,61900,101000,2026-08-18
Ecommerce,Head,Mayo,34500,113600,2026-07-25
SEO,Head,Clare,39500,76800,2026-09-06
SEO,Head,Mayo,42500,78600,2026-06-28
Marketing operations,Executive,Mayo,49400,68700,2026-08-11
Brand,Manager,Donegal,42700,78200,2026-06-17
SEO,Executive,Sligo,41900,61100,2026-09-16
Ecommerce,Manager,Meath,69200,77000,2026-09-05
Ecommerce,Head,Kerry,59100,82300,2026-06-29
SEO,Manager,Clare,41100,123600,2026-08-08
SEO,Head,Meath,48900,63300,2026-06-04
Ecommerce,Manager,Donegal,42300,75900,2026-07-20
SEO,Entry,Clare,53400,58000,2026-07-02
SEO,Head,Clare,37300,52700,2026-08-12
Marketing operations,Head,Meath,34100,69600,2026-07-13
Product marketing,Manager,Kerry,65600,57000,2026-06-24
Content and social,Manager,Kerry,59900,111200,2026-05-25
Content and social,Manager,Meath,34400,120400,2026-06-19
SEO,Head,Donegal,50300,88800,2026-07-31
Head of marketing,Executive,Meath,52400,57900,2026-07-28
Head of marketing,Head,Clare,43700,49400,2026-07-10
Content and social,Entry,Clare,40200,59900,2026-08-24
Head of marketing,Executive,Mayo,40100,68300,2026-05-28
Product marketing,Executive,Mayo,59900,69200,2026-08-01
Content and social,Head,Kerry,54400,93800,2026-08-02
Marketing operations,Head,Cork,35000,113600,2026-06-27
Ecommerce,Head,Mayo,40300,82100,2026-07-21
Brand,Head,Clare,55100,47900,2026-07-21
Head of marketing,Manager,Donegal,48300,45600,2026-09-08
Marketing operations,Manager,Meath,42700,72200,2026-08-08
SEO,Manager,Clare,32900,56000,2026-08-22
SEO,Executive,Kerry,59400,72600,2026-07-04
Ecommerce,Manager,Sligo,57300,98300,2026-05-28
Marketing operations,Manager,Clare,37900,128600,2026-05-24
SEO,Head,Sligo,47400,64000,2026-06-08
SEO,Head,Mayo,52200,71400,2026-08-13
Product marketing,Manager,Sligo,53200,73900,2026-06-05
SEO,Entry,Sligo,43800,71200,2026-08-20
Head of marketing,Manager,Meath,31700,68400,2026-06-29
SEO,Manager,Donegal,66300,55100,2026-07-17
Head of marketing,Head,Meath,64300,102400,2026-09-08
Product marketing,Manager,Kerry,39500,135000,2026-06-07
Head of marketing,Entry,Cork,41400,61700,2026-09-13
Ecommerce,Head,Mayo,50900,68700,2026-06-29
Ecommerce,Executive,Sligo,43400,70300,2026-06-07
Content and social,Manager,Kerry,40400,73900,2026-07-30
Brand,Manager,Clare,42100,83200,2026-09-19
Content and social,Head,Clare,62300,82500,2026-07-30
Head of marketing,Manager,Clare,55200,81900,2026-09-20
Product marketing,Manager,Cork,36600,124400,2026-07-17
Brand,Manager,Clare,39200,85600,2026-07-17
Product marketing,Executive,Clare,51200,74200,2026-06-15
Head of marketing,Manager,Kerry,55000,63000,2026-09-17
Head of marketing,Manager,Sligo,41200,75500,2026-08-04
Content and social,Manager,Clare,38300,79200,2026-09-18
Brand,Executive,Mayo,55300,62600,2026-08-09
Ecommerce,Head,Kerry,52700,93600,2026-07-10
Head of marketing,Manager,Kerry,42100,132600,2026-06-10
Head of marketing,Head,Clare,41900,79500,2026-08-25
Ecommerce,Entry,Clare,42500,71700,2026-08-30
SEO,Manager,Mayo,50000,77100,2026-08-23
SEO,Head,Mayo,37400,56800,2026-07-02
Marketing operations,Head,Sligo,40900,51400,2026-05-27
SEO,Head,Cork,60500,68400,2026-07-04
Content and social,Head,Kerry,63000,105900,2026-07-31
SEO,Manager,Clare,41000,118900,2026-09-19
Brand,Manager,Clare,42900,57200,2026-07-10
Ecommerce,Head,Meath,50800,67700,2026-09-09
Head of marketing,Head,Mayo,46100,59900,2026-07-13
Brand,Entry,Donegal,41100,72500,2026-08-23
SEO,Head,Clare,43700,79500,2026-06-19
Brand,Manager,Meath,68700,79100,2026-08-06
Product marketing,Entry,Meath,61500,99400,2026-07-08
Content and social,Executive,Kerry,34700,116200,2026-08-17
Ecommerce,Head,Mayo,42800,56900,2026-09-12
Product marketing,Head,Sligo,55700,64400,2026-08-20
Marketing operations,Executive,Sligo,47100,58300,2026-08-15
Head of marketing,Head,Kerry,40300,59200,2026-09-06
SEO,Entry,Sligo,40900,53200,2026-06-12
Content and social,Head,Clare,59800,54700,2026-08-25
SEO,Manager,Clare,56700,99500,2026-08-15
Marketing operations,Head,Clare,40900,108000,2026-07-15
Head of marketing,Entry,Cork,45100,71300,2026-07-22
Product marketing,Manager,Meath,45000,62200,2026-06-02
SEO,Manager,Kerry,53900,65100,2026-06-24
Ecommerce,Manager,Cork,40100,45300,2026-08-01
Product marketing,Manager,Cork,33100,76400,2026-08-26
Content and social,Entry,Clare,61700,57200,2026-06-17
Product marketing,Head,Meath,60900,113300,2026-07-05
Marketing operations,Executive,Clare,35700,120700,2026-05-28
Ecommerce,Manager,Cork,41800,74000,2026-08-14
Ecommerce,Head,Clare,54600,79300,2026-07-19
Content and social,Head,Cork,54400,57100,2026-07-11
Product marketing,Head,Sligo,42400,72800,2026-08-25
Ecommerce,Head,Donegal,35200,58500,2026-08-05
Content and social,Head,Cork,57700,70100,2026-08-19
SEO,Head,Donegal,63900,93900,2026-08-25
Marketing operations,Head,Kerry,43700,118400,2026-07-16
Ecommerce,Manager,Meath,46100,74100,2026-08-23
Product marketing,Manager,Cork,54300,74600,2026-07-10
Brand,Manager,Mayo,49800,48100,2026-07-28
Ecommerce,Head,Meath,38300,64500,2026-06-29
Marketing operations,Head,Kerry,42000,72300,2026-07-22
Content and social,Entry,Clare,67500,63200,2026-06-05
Content and social,Entry,Donegal,51000,93100,2026-08-23
Brand,Head,Clare,30200,102500,2026-07-04
Brand,Manager,Cork,40300,79300,2026-08-27
Brand,Head,Sligo,44000,48900,2026-08-04
SEO,Head,Cork,51500,68800,2026-05-29
SEO,Manager,Meath,46100,65700,2026-06-17
SEO,Head,Meath,31300,51800,2026-07-30
SEO,Entry,Clare,64900,81200,2026-05-28
Marketing operations,Head,Donegal,59200,108900,2026-08-06
Content and social,Manager,Meath,44100,111300,2026-07-19
Content and social,Head,Sligo,40300,63200,2026-06-16
Ecommerce,Executive,Mayo,54900,54000,2026-07-10
Content and social,Head,Kerry,56600,49500,2026-07-24
Content and social,Head,Sligo,34400,72900,2026-07-21
Marketing operations,Head,Meath,31500,64600,2026-09-17
Brand,Executive,Mayo,64900,79200,2026-06-30
Brand,Head,Kerry,64000,86600,2026-07-07
SEO,Head,Mayo,34900,131600,2026-06-17
Marketing operations,Executive,Mayo,42800,59300,2026-09-10
Marketing operations,Manager,Clare,48900,66600,2026-07-18
Head of marketing,Entry,Mayo,44900,77900,2026-09-02
Brand,Head,Sligo,37200,69000,2026-06-21
Head of marketing,Head,Kerry,43100,51000,2026-08-24
Marketing operations,Manager,Donegal,57500,75200,2026-06-17
Marketing operations,Executive,Meath,60300,106200,2026-06-29
Product marketing,Manager,Kerry,35500,119100,2026-06-09
Product marketing,Manager,Mayo,43600,65600,2026-06-10
Ecommerce,Entry,Kerry,45700,73100,2026-09-17
Brand,Manager,Kerry,43000,52100,2026-09-18
Content and social,Head,Donegal,41100,56200,2026-08-02
SEO,Head,Cork,41600,84400,2026-07-07
Brand,Manager,Donegal,60300,73700,2026-05-27
SEO,Manager,Mayo,64700,107200,2026-08-15
Head of marketing,Head,Donegal,44700,132300,2026-07-12
SEO,Head,Meath,40200,80200,2026-07-22
Content and social,Head,Clare,49200,56800,2026-09-09
Brand,Manager,Kerry,54200,53700,2026-09-15
SEO,Manager,Kerry,47100,58800,2026-09-19
Ecommerce,Executive,Donegal,31500,80000,2026-08-26
Brand,Manager,Mayo,61300,68000,2026-09-14
Ecommerce,Head,Kerry,58900,108800,2026-08-25
Ecommerce,Manager,Cork,44700,130300,2026-05-31
Brand,Manager,Sligo,50800,77700,2026-05-26
Head of marketing,Manager,Mayo,51700,62400,2026-09-11
Marketing operations,Entry,Mayo,52800,60300,2026-08-27
Marketing operations,Executive,Clare,48000,77700,2026-09-05
Product marketing,Manager,Sligo,42100,60600,2026-08-24
SEO,Entry,Kerry,65700,58600,2026-08-10
Product marketing,Head,Mayo,50700,100500,2026-07-26
SEO,Head,Cork,32900,126400,2026-09-08
Product marketing,Executive,Clare,44700,57300,2026-06-11
SEO,Manager,Sligo,48700,47200,2026-07-05
Brand,Manager,Clare,47400,64400,2026-07-20
Product marketing,Executive,Sligo,37500,65600,2026-07-16
Content and social,Entry,Cork,31800,55200,2026-06-27
Marketing operations,Head,Meath,68200,67300,2026-08-07
SEO,Manager,Clare,59400,81700,2026-07-29
Brand,Executive,Kerry,35600,105400,2026-07-16
Ecommerce,Head,Donegal,36500,76300,2026-07-25
Marketing operations,Executive,Clare,45100,54900,2026-07-17
Brand,Head,Meath,56000,65000,2026-08-19
Brand,Executive,Kerry,40000,50700,2026-08-16
Head of marketing,Executive,Mayo,37300,81300,2026-07-15
SEO,Head,Sligo,65400,63800,2026-08-09
Marketing operations,Manager,Donegal,52700,84100,2026-07-24
Marketing operations,Entry,Kerry,37800,129000,2026-07-04
SEO,Head,Donegal,45000,78600,2026-07-16
Head of marketing,Head,Meath,55200,71900,2026-07-13
Brand,Manager,Clare,48100,50900,2026-08-12
Head of marketing,Head,Kerry,35800,44800,2026-07-28
SEO,Manager,Cork,44500,56200,2026-09-07
Content and social,Head,Meath,67600,71200,2026-07-02
Marketing operations,Manager,Donegal,63300,90000,2026-08-23
Product marketing,Entry,Sligo,44600,122100,2026-07-09
Content and social,Executive,Clare,49400,69900,2026-08-17
SEO,Head,Donegal,53800,67000,2026-07-28
Marketing operations,Manager,Sligo,44800,64100,2026-09-15
Content and social,Head,Clare,47700,63000,2026-08-02
Brand,Head,Kerry,33100,80200,2026-09-17
Brand,Manager,Donegal,68800,72800,2026-09-09
SEO,Manager,Sligo,51800,96400,2026-08-27
Marketing operations,Manager,Meath,31700,123800,2026-08-16
SEO,Head,Sligo,44200,84100,2026-07-27
SEO,Manager,Clare,43400,51700,2026-07-31
Product marketing,Manager,Sligo,44400,45800,2026-08-16
Product marketing,Manager,Clare,42000,53000,2026-09-03
Content and social,Head,Clare,39500,67400,2026-08-06
Marketing operations,Head,Meath,67900,67400,2026-08-14
Brand,Head,Mayo,57900,107800,2026-08-25
Marketing operations,Head,Mayo,32900,125400,2026-06-28
SEO,Head,Sligo,44400,59000,2026-08-23
Content and social,Entry,Sligo,44300,64100,2026-06-25
SEO,Manager,Cork,50400,51700,2026-06-24
Brand,Manager,Sligo,43100,71600,2026-07-23
Head of marketing,Manager,Meath,43500,66100,2026-07-11
Ecommerce,Entry,Clare,65500,61700,2026-09-09
Head of marketing,Executive,Cork,62700,102600,2026-09-14
Content and social,Head,Meath,30900,116100,2026-08-08
SEO,Head,Mayo,48600,74300,2026-06-21
Content and social,Entry,Meath,54300,74200,2026-06-21
Content and social,Head,Meath,51300,64200,2026-06-29
SEO,Head,Cork,47400,66400,2026-08-01
Brand,Head,Clare,44000,51300,2026-09-04
Head of marketing,Head,Cork,60000,55300,2026-09-19
SEO,Executive,Mayo,64900,89500,2026-08-08
Ecommerce,Executive,Cork,34900,114600,2026-08-25
Head of marketing,Executive,Clare,43700,81400,2026-09-06
Product marketing,Head,Clare,50100,66300,2026-07-15
Ecommerce,Head,Meath,49400,65800,2026-08-12
Content and social,Entry,Clare,41100,68600,2026-07-17
SEO,Manager,Cork,38500,66200,2026-08-29
Product marketing,Executive,Kerry,57100,68300,2026-08-08
Content and social,Head,Donegal,59900,105700,2026-06-23
Content and social,Entry,Mayo,38000,102500,2026-06-01
Brand,Manager,Cork,48500,68400,2026-09-17
Brand,Head,Clare,53800,65300,2026-08-15
SEO,Executive,Sligo,57300,57400,2026-07-15
Content and social,Head,Sligo,37400,50400,2026-08-12
Ecommerce,Executive,Kerry,37800,67200,2026-08-22
SEO,Head,Cork,68000,61700,2026-05-25
Brand,Head,Sligo,62000,88000,2026-07-11
SEO,Head,Mayo,35000,110400,2026-07-19
Product marketing,Head,Clare,49100,68200,2026-07-16
SEO,Manager,Sligo,48600,45500,2026-06-23
Head of marketing,Manager,Mayo,55000,49000,2026-08-31
Head of marketing,Manager,Cork,34000,61900,2026-08-02
Content and social,Executive,Cork,37000,71500,2026-08-16
Ecommerce,Manager,Kerry,68500,56700,2026-09-13
Brand,Manager,Mayo,57800,89300,2026-08-12
Content and social,Manager,Sligo,33000,105600,2026-08-14
Marketing operations,Manager,Clare,48400,84500,2026-06-22
Marketing operations,Manager,Donegal,53100,71900,2026-07-27
Head of marketing,Manager,Donegal,43100,59100,2026-06-17
Brand,Executive,Mayo,39900,60100,2026-07-28
Brand,Manager,Clare,40300,59500,2026-07-13
Content and social,Entry,Clare,67400,82100,2026-07-24
Brand,Executive,Meath,52800,114000,2026-07-10
Content and social,Head,Clare,35400,131100,2026-06-03
Head of marketing,Head,Clare,38700,61500,2026-08-01
Marketing operations,Head,Mayo,54400,63700,2026-08-14
Head of marketing,Executive,Donegal,52900,50900,2026-09-19
Marketing operations,Manager,Sligo,44100,72600,2026-05-25
Brand,Head,Donegal,32500,71600,2026-09-18
Product marketing,Manager,Donegal,68700,69500,2026-09-05
Content and social,Manager,Kerry,58400,101700,2026-08-16
Content and social,Manager,Sligo,38800,120500,2026-07-31
Brand,Head,Kerry,46700,72500,2026-09-16
Content and social,Manager,Donegal,45800,56000,2026-09-07
Product marketing,Manager,Clare,52500,65000,2026-07-08
SEO,Head,Donegal,42300,66900,2026-08-19
Marketing operations,Entry,Sligo,38700,73500,2026-07-28
SEO,Head,Kerry,66700,69600,2026-08-23
Product marketing,Head,Clare,58800,81200,2026-06-25
SEO,Head,Clare,33800,133000,2026-08-12
SEO,Manager,Clare,43600,64000,2026-07-26
SEO,Manager,Cork,54400,56200,2026-07-25
Brand,Head,Clare,52100,63500,2026-09-06
Brand,Executive,Clare,43200,51100,2026-09-01
SEO,Head,Clare,44600,76500,2026-07-14
Brand,Manager,Mayo,60700,81000,2026-08-28
Head of marketing,Manager,Cork,58300,98300,2026-08-23
SEO,Entry,Meath,37200,133000,2026-09-14
SEO,Head,Clare,47400,68300,2026-07-18
Marketing operations,Head,Donegal,49800,70300,2026-09-17
Brand,Manager,Mayo,55800,64300,2026-07-28
SEO,Entry,Sligo,33900,67000,2026-06-18
Head of marketing,Head,Clare,40200,73100,2026-06-30
Brand,Manager,Cork,66700,73900,2026-06-16
SEO,Head,Sligo,62400,114100,2026-08-08
Product marketing,Head,Clare,39500,115400,2026-09-18
SEO,Head,Clare,37500,73500,2026-08-01
Brand,Head,Clare,53800,59400,2026-09-17
Marketing operations,Head,Sligo,45600,74400,2026-07-02
SEO,Manager,Meath,45100,64500,2026-06-16
Brand,Manager,Sligo,42100,63400,2026-08-01
Marketing operations,Head,Cork,68300,77500,2026-06-04
SEO,Executive,Kerry,50800,81100,2026-07-16
Product marketing,Executive,Clare,39300,117800,2026-08-07
SEO,Head,Meath,36600,84600,2026-06-12
SEO,Head,Mayo,49900,62300,2026-08-11
Brand,Manager,Meath,54600,77800,2026-05-27
Content and social,Entry,Clare,37800,45900,2026-05-26
Brand,Head,Donegal,32700,72300,2026-05-28
Product marketing,Manager,Meath,67000,66900,2026-09-07
SEO,Head,Clare,58700,111400,2026-07-31
Head of marketing,Manager,Kerry,43900,117700,2026-08-20
Head of marketing,Executive,Meath,46500,71700,2026-09-11
Content and social,Head,Kerry,43300,68800,2026-08-23
Brand,Head,Mayo,47400,54400,2026-08-23
Product marketing,Head,Mayo,37900,77300,2026-08-06
Content and social,Head,Donegal,36300,82200,2026-07-01
Content and social,Head,Cork,57600,56500,2026-05-31
Content and social,Head,Sligo,56100,93900,2026-05-24
SEO,Executive,Sligo,39200,118600,2026-06-08
Marketing operations,Executive,Sligo,39900,78500,2026-06-22
Head of marketing,Executive,Kerry,42300,65900,2026-08-20
Brand,Entry,Clare,50800,48000,2026-07-30
Product marketing,Manager,Kerry,41200,56000,2026-08-13
Marketing operations,Head,Clare,35400,75200,2026-08-29
Content and social,Manager,Sligo,55000,54100,2026-09-08
Marketing operations,Executive,Cork,59600,106600,2026-08-03
SEO,Entry,Mayo,44100,123400,2026-06-11
SEO,Head,Cork,42600,71500,2026-08-09
Head of marketing,Head,Donegal,55600,55700,2026-08-20
Head of marketing,Head,Mayo,56700,76900,2026-08-29
Brand,Executive,Mayo,40100,71600,2026-09-15
SEO,Entry,Cork,39700,58700,2026-06-25
Content and social,Head,Donegal,56500,66200,2026-06-05
Head of marketing,Entry,Sligo,54600,89600,2026-08-12
Marketing operations,Head,Kerry,33800,104100,2026-07-19
Marketing operations,Head,Meath,40900,56800,2026-09-11
Ecommerce,Head,Kerry,42000,48900,2026-08-30
Ecommerce,Head,Sligo,49200,54400,2026-09-15
Brand,Executive,Sligo,35600,64800,2026-06-14
Product marketing,Manager,Kerry,32200,59700,2026-06-19
Brand,Head,Cork,67700,66000,2026-06-02
Ecommerce,Executive,Clare,59200,100800,2026-09-04
Brand,Manager,Clare,31100,123400,2026-06-23
Head of marketing,Head,Cork,49900,78200,2026-09-07
Brand,Head,Clare,48400,72500,2026-09-15
Content and social,Head,Donegal,56600,55100,2026-08-03
SEO,Executive,Meath,48000,74300,2026-09-13
SEO,Head,Clare,41900,65000,2026-07-14
Head of marketing,Head,Mayo,59000,55200,2026-08-15
Head of marketing,Manager,Cork,62600,109400,2026-09-05
Ecommerce,Head,Meath,41500,130900,2026-07-16
Product marketing,Executive,Donegal,42100,70400,2026-06-06
Product marketing,Executive,Clare,54400,59000,2026-08-29
Brand,Head,Mayo,47100,47700,2026-09-13
Marketing operations,Manager,Clare,35000,71000,2026-07-31
Content and social,Head,Kerry,36800,57400,2026-07-11
Brand,Entry,Cork,59100,78900,2026-08-17
SEO,Manager,Clare,55600,80900,2026-06-20
Ecommerce,Head,Kerry,43600,132700,2026-07-11
Content and social,Manager,Cork,42100,76500,2026-07-19
SEO,Entry,Cork,50000,74700,2026-06-26
Marketing operations,Head,Kerry,45800,70900,2026-07-26
SEO,Executive,Donegal,35400,59700,2026-08-27
SEO,Manager,Clare,44400,76100,2026-07-19
Ecommerce,Entry,Clare,66700,84900,2026-09-06
Product marketing,Entry,Sligo,60300,107600,2026-08-19
SEO,Head,Mayo,36100,131700,2026-06-09
Ecommerce,Entry,Clare,39800,85100,2026-09-04
Brand,Head,Donegal,53100,50300,2026-07-18
Marketing operations,Head,Cork,54400,77700,2026-07-15
Content and social,Manager,Mayo,35500,53400,2026-08-18
Ecommerce,Head,Cork,31100,61700,2026-07-09
Ecommerce,Entry,Meath,65400,61400,2026-09-18
SEO,Manager,Mayo,52900,81100,2026-07-17
Product marketing,Head,Mayo,35500,130300,2026-07-12
Ecommerce,Manager,Donegal,48700,78300,2026-08-27
SEO,Head,Clare,43000,73500,2026-06-27
Content and social,Manager,Clare,49800,62400,2026-06-07
Product marketing,Manager,Sligo,47800,71300,2026-08-11
SEO,Head,Meath,42300,60600,2026-07-04
Ecommerce,Head,Clare,59200,62200,2026-07-13
Ecommerce,Head,Clare,63900,94000,2026-06-02
Head of marketing,Entry,Meath,42800,111500,2026-09-20
SEO,Manager,Mayo,38200,57300,2026-08-13
Head of marketing,Executive,Kerry,50400,69100,2026-08-02
Marketing operations,Entry,Donegal,54800,45800,2026-06-27
Brand,Entry,Clare,34600,47500,2026-07-03
Ecommerce,Head,Sligo,33000,61600,2026-07-09
SEO,Head,Sligo,55500,80800,2026-06-14
Content and social,Head,Donegal,57000,96800,2026-07-23
SEO,Manager,Cork,34800,110300,2026-07-04
SEO,Executive,Mayo,39400,75700,2026-06-19
Brand,Head,Donegal,50800,67800,2026-09-13
Head of marketing,Manager,Clare,48100,62400,2026-06-10
Marketing operations,Manager,Donegal,40400,77100,2026-09-14
Content and social,Executive,Donegal,42100,72400,2026-07-05
Marketing operations,Manager,Mayo,57900,70500,2026-06-21
Product marketing,Manager,Clare,59200,96900,2026-09-02
Head of marketing,Head,Cork,43000,109600,2026-08-15
Ecommerce,Executive,Clare,48400,72500,2026-06-29
Product marketing,Manager,Clare,54500,78700,2026-08-22
SEO,Executive,Mayo,53800,50800,2026-07-17
Content and social,Executive,Clare,41600,71700,2026-07-24
Brand,Head,Cork,43800,60000,2026-07-21
Marketing operations,Executive,Donegal,62600,73800,2026-09-12
Content and social,Head,Meath,58900,82900,2026-09-09
SEO,Manager,Kerry,37500,109200,2026-06-17
Content and social,Entry,Donegal,47900,71000,2026-06-13
SEO,Manager,Clare,51400,78700,2026-08-12
SEO,Manager,Clare,49900,55300,2026-07-08
SEO,Manager,Mayo,40500,54100,2026-06-23
SEO,Manager,Kerry,36700,73400,2026-05-28
Content and social,Manager,Clare,66100,63500,2026-08-19
Head of marketing,Manager,Clare,64000,111600,2026-09-17
Marketing operations,Manager,Kerry,39400,124100,2026-08-12
SEO,Entry,Donegal,40200,71300,2026-09-02
Head of marketing,Executive,Meath,47000,79000,2026-08-20
Marketing operations,Manager,Cork,55300,74300,2026-08-28
SEO,Executive,Clare,40200,73300,2026-07-31
Product marketing,Entry,Clare,39300,77900,2026-05-26
Content and social,Entry,Meath,58100,80700,2026-08-03
SEO,Executive,Donegal,61800,96500,2026-09-17
Head of marketing,Manager,Clare,34400,122300,2026-08-12
Head of marketing,Manager,Clare,43800,81800,2026-07-31
SEO,Manager,Cork,49600,75700,2026-07-25
Brand,Head,Mayo,53000,56700,2026-06-09
Content and social,Head,Cork,36100,65100,2026-08-04
Ecommerce,Manager,Sligo,40800,60900,2026-09-08
Ecommerce,Head,Kerry,58000,72100,2026-08-28
Content and social,Manager,Cork,58100,114500,2026-08-04
Content and social,Head,Clare,30500,128800,2026-07-29
SEO,Manager,Meath,43500,69500,2026-08-06
Head of marketing,Head,Clare,49200,73500,2026-07-06
SEO,Executive,Kerry,56500,62700,2026-07-15
Brand,Head,Meath,45700,63400,2026-08-05
Product marketing,Manager,Meath,32400,55700,2026-06-30
Brand,Head,Sligo,63100,64900,2026-06-28
Content and social,Manager,Donegal,59400,105700,2026-07-30
SEO,Head,Kerry,43600,130600,2026-08-15
Marketing operations,Head,Kerry,36900,62800,2026-05-31
Head of marketing,Executive,Sligo,50600,74500,2026-06-04
Brand,Manager,Kerry,52400,69100,2026-07-26
Brand,Head,Cork,46300,69700,2026-06-05
Marketing operations,Entry,Sligo,36900,61000,2026-08-25
Ecommerce,Head,Clare,56800,79700,2026-06-09
Content and social,Manager,Mayo,51500,100200,2026-08-09
SEO,Executive,Clare,42200,115500,2026-06-29
Brand,Head,Cork,37700,87300,2026-07-28
Brand,Head,Donegal,55300,52600,2026-06-25
Head of marketing,Head,Clare,53500,76800,2026-07-11
Marketing operations,Head,Mayo,35700,61700,2026-06-26
SEO,Manager,Donegal,31600,72800,2026-05-26
SEO,Manager,Donegal,58900,83900,2026-05-24
SEO,Entry,Clare,56200,92500,2026-08-09
Ecommerce,Manager,Meath,33500,115700,2026-05-24
Ecommerce,Entry,Donegal,39700,72400,2026-07-23
Brand,Entry,Sligo,50100,47000,2026-06-05
SEO,Entry,Kerry,48100,45100,2026-06-28
SEO,Executive,Cork,45200,78200,2026-06-19
Product marketing,Head,Sligo,32300,58200,2026-08-04
Product marketing,Executive,Cork,60900,76100,2026-06-03
Ecommerce,Head,Meath,53300,103600,2026-09-17
Ecommerce,Manager,Cork,38000,120500,2026-08-19
Head of marketing,Head,Clare,43000,69700,2026-05-26
SEO,Manager,Mayo,50200,61900,2026-07-03
Content and social,Head,Mayo,47700,72400,2026-07-05
Marketing operations,Entry,Sligo,38700,63500,2026-07-31
Head of marketing,Head,Mayo,39700,82900,2026-09-07
SEO,Head,Donegal,59400,58900,2026-07-25
Marketing operations,Manager,Mayo,62100,84300,2026-07-04
Marketing operations,Head,Kerry,41800,131500,2026-08-01
SEO,Head,Mayo,48900,77400,2026-06-28
Content and social,Entry,Meath,43000,69000,2026-08-30
SEO,Manager,Meath,45400,69100,2026-07-24
SEO,Executive,Mayo,38800,44400,2026-07-31
Marketing operations,Entry,Mayo,40900,56500,2026-09-18
Brand,Head,Donegal,57700,79300,2026-06-30
Product marketing,Head,Kerry,59100,86200,2026-06-19
Content and social,Head,Kerry,38400,125300,2026-08-10
Marketing operations,Manager,Clare,40400,61400,2026-06-18
Content and social,Executive,Donegal,54700,57000,2026-09-19
Ecommerce,Executive,Clare,47000,79100,2026-05-30
Ecommerce,Head,Donegal,35000,53400,2026-08-22
Content and social,Executive,Meath,43600,54300,2026-06-13
Content and social,Head,Sligo,67700,79700,2026-06-06
Content and social,Manager,Cork,64200,97000,2026-08-03
Ecommerce,Head,Kerry,35100,128500,2026-07-17
Ecommerce,Manager,Mayo,45800,78200,2026-08-09
Product marketing,Head,Meath,43600,77000,2026-08-25
Marketing operations,Entry,Sligo,42700,54800,2026-06-02
Content and social,Manager,Kerry,43600,59200,2026-07-14
Head of marketing,Manager,Kerry,32600,76900,2026-07-03
Marketing operations,Head,Cork,69200,56700,2026-07-30
Ecommerce,Head,Cork,57300,93300,2026-08-12
SEO,Entry,Cork,40000,106000,2026-06-30
Ecommerce,Executive,Meath,43900,84200,2026-07-27
Content and social,Manager,Sligo,47900,56400,2026-06-24
SEO,Entry,Kerry,53300,59000,2026-07-19
Marketing operations,Entry,Donegal,48200,53600,2026-06-29
Brand,Entry,Cork,37000,81100,2026-07-06
SEO,Manager,Meath,68200,78600,2026-05-29
SEO,Executive,Donegal,59000,82900,2026-06-21
Head of marketing,Manager,Sligo,39200,134700,2026-07-22
SEO,Head,Clare,49700,68400,2026-08-01
Brand,Manager,Cork,44900,61500,2026-07-11
Ecommerce,Manager,Clare,51600,65300,2026-06-30
SEO,Head,Clare,35100,48200,2026-07-01
SEO,Manager,Cork,31400,51000,2026-08-09
SEO,Executive,Sligo,64200,84100,2026-08-17
Ecommerce,Head,Donegal,55400,97100,2026-08-19
SEO,Head,Clare,31800,134800,2026-06-29
SEO,Entry,Clare,41800,81500,2026-05-24
Product marketing,Manager,Kerry,55700,53000,2026-06-23
Ecommerce,Entry,Donegal,50200,53300,2026-07-30
Content and social,Executive,Meath,42600,52100,2026-08-05
Ecommerce,Head,Meath,37700,63500,2026-05-25
Content and social,Manager,Clare,65000,58200,2026-07-11
Content and social,Head,Donegal,57700,86500,2026-06-22
SEO,Head,Clare,40900,135300,2026-06-08
SEO,Entry,Meath,37800,79900,2026-09-08
Ecommerce,Head,Meath,49300,63900,2026-06-11
SEO,Manager,Sligo,46800,61400,2026-05-31
SEO,Head,Kerry,38400,72600,2026-07-02
Content and social,Head,Clare,32700,75000,2026-08-24
SEO,Manager,Cork,59300,58300,2026-06-09
Brand,Head,Sligo,55200,83800,2026-09-06
Head of marketing,Manager,Sligo,38000,113600,2026-08-31
Head of marketing,Head,Clare,38400,75500,2026-06-13
SEO,Head,Sligo,48700,59200,2026-07-19
Ecommerce,Manager,Sligo,56400,72200,2026-05-27
Brand,Manager,Kerry,47700,61500,2026-05-26
Head of marketing,Executive,Donegal,44400,50600,2026-09-06
SEO,Manager,Clare,66900,83900,2026-08-23
Content and social,Executive,Cork,63400,99700,2026-06-20
Content and social,Manager,Sligo,32900,126900,2026-07-23
Content and social,Executive,Sligo,38400,71200,2026-06-08
Head of marketing,Head,Cork,55500,49900,2026-08-10
Ecommerce,Head,Meath,54300,53900,2026-06-05
SEO,Head,Cork,45200,74100,2026-07-29
Product marketing,Manager,Kerry,36400,56300,2026-07-08
Ecommerce,Manager,Clare,57200,73000,2026-07-31
Content and social,Manager,Clare,50800,85400,2026-08-22
Marketing operations,Head,Donegal,43300,131800,2026-08-24
SEO,Head,Kerry,36600,66100,2026-08-07
SEO,Entry,Donegal,44800,61500,2026-08-02
Marketing operations,Head,Clare,51700,63600,2026-08-09
Ecommerce,Manager,Cork,37800,72900,2026-08-04
Head of marketing,Manager,Mayo,42700,80600,2026-08-25
Content and social,Head,Kerry,68300,61700,2026-09-13
Marketing operations,Manager,Kerry,57000,98500,2026-06-11
Brand,Head,Cork,42500,126600,2026-06-21
Head of marketing,Entry,Donegal,45200,66500,2026-07-29
Content and social,Head,Clare,44700,71400,2026-06-22
SEO,Head,Kerry,51300,50600,2026-07-30
Brand,Head,Kerry,36600,72500,2026-05-29
Marketing operations,Head,Clare,37500,50700,2026-08-19
Content and social,Head,Meath,62700,57100,2026-06-05
Brand,Head,Kerry,53500,98100,2026-07-11
Product marketing,Manager,Donegal,32500,120700,2026-08-12
Ecommerce,Entry,Cork,45800,68400,2026-08-16
Marketing operations,Head,Meath,55600,72100,2026-07-26
Ecommerce,Head,Mayo,44600,62000,2026-06-04
SEO,Executive,Kerry,46600,52800,2026-07-15
Brand,Executive,Kerry,33500,83700,2026-05-26
Product marketing,Manager,Donegal,56400,84500,2026-07-20
Ecommerce,Head,Cork,62700,88600,2026-08-01
SEO,Head,Kerry,42000,114100,2026-06-30
Content and social,Head,Clare,44400,63100,2026-06-12
SEO,Head,Sligo,47800,72400,2026-09-10
Content and social,Manager,Clare,56200,56600,2026-09-07
Content and social,Manager,Mayo,37500,74000,2026-06-09
Ecommerce,Entry,Meath,31700,73700,2026-07-10
Product marketing,Head,Sligo,58200,72400,2026-09-11
Head of marketing,Entry,Kerry,62000,113100,2026-08-01
SEO,Head,Kerry,33600,128000,2026-08-18
Product marketing,Entry,Mayo,39100,62800,2026-09-19
Brand,Manager,Clare,54700,67500,2026-06-18
Brand,Head,Clare,54000,69000,2026-07-12
Content and social,Manager,Sligo,33800,58600,2026-08-12
Ecommerce,Executive,Cork,30300,63700,2026-08-23
Brand,Entry,Kerry,63400,61500,2026-07-13
SEO,Head,Kerry,63500,105800,2026-08-03
Product marketing,Head,Donegal,38400,134000,2026-08-30
Product marketing,Head,Sligo,41100,56300,2026-07-27
Marketing operations,Head,Sligo,41500,66400,2026-07-10
Ecommerce,Manager,Donegal,51900,57900,2026-09-07
Product marketing,Manager,Sligo,43100,44600,2026-06-05
SEO,Manager,Clare,36700,80600,2026-07-27
SEO,Executive,Meath,57700,77400,2026-07-12
Head of marketing,Head,Mayo,52000,112500,2026-09-08
Head of marketing,Head,Kerry,41600,127200,2026-06-18
Product marketing,Executive,Clare,50500,68200,2026-06-15
Marketing operations,Entry,Mayo,49500,71100,2026-06-18
Brand,Head,Cork,46600,51200,2026-08-04
Product marketing,Head,Sligo,45400,65600,2026-07-01
SEO,Executive,Meath,31900,63400,2026-06-30
SEO,Head,Donegal,68800,82100,2026-05-26
SEO,Manager,Meath,58300,102300,2026-06-30
Content and social,Executive,Clare,44100,116800,2026-06-19
SEO,Head,Clare,47800,67800,2026-07-28
Product marketing,Manager,Meath,49600,48500,2026-08-21
Content and social,Entry,Sligo,46900,45300,2026-07-23
Brand,Executive,Cork,37700,66800,2026-08-03
Marketing operations,Manager,Meath,32900,68900,2026-06-27
Content and social,Head,Cork,57800,59700,2026-05-25
SEO,Entry,Cork,52200,83700,2026-09-09
Head of marketing,Manager,Meath,41200,107800,2026-08-19
Content and social,Head,Meath,37800,56600,2026-07-05
Content and social,Manager,Clare,46900,75000,2026-08-02
Product marketing,Head,Meath,55000,63200,2026-06-22
Product marketing,Manager,Mayo,34200,70000,2026-05-31
Head of marketing,Head,Mayo,43100,58200,2026-09-07
SEO,Head,Clare,63300,65800,2026-06-27
SEO,Head,Sligo,62500,102300,2026-07-19
Product marketing,Manager,Clare,36100,102500,2026-09-04
SEO,Manager,Clare,41700,63700,2026-08-30
Product marketing,Manager,Meath,41700,66000,2026-06-09
Product marketing,Manager,Mayo,55100,45200,2026-07-08
Head of marketing,Manager,Donegal,48100,75100,2026-07-05
Product marketing,Head,Mayo,33100,66600,2026-06-28
Brand,Executive,Meath,57600,67400,2026-05-27
SEO,Head,Clare,58400,96900,2026-06-21
Product marketing,Head,Kerry,38900,103500,2026-08-18
SEO,Head,Sligo,47500,60000,2026-09-12
Product marketing,Manager,Meath,46500,63800,2026-06-13
Ecommerce,Manager,Clare,55800,66100,2026-07-11
Product marketing,Head,Mayo,46000,61500,2026-08-11
SEO,Entry,Clare,35600,76100,2026-08-26
Product marketing,Manager,Sligo,63900,80200,2026-09-19
Product marketing,Manager,Kerry,54000,102500,2026-07-30
Marketing operations,Entry,Kerry,32000,108500,2026-08-21
Marketing operations,Manager,Mayo,46500,78300,2026-07-25
Head of marketing,Manager,Sligo,45900,61500,2026-09-09
SEO,Manager,Mayo,50300,75800,2026-06-04
Ecommerce,Manager,Mayo,37600,55900,2026-06-21
Content and social,Head,Cork,44100,51300,2026-06-16
Marketing operations,Manager,Cork,68200,65700,2026-06-13
Brand,Head,Mayo,62800,100500,2026-06-30
Content and social,Manager,Sligo,44000,117100,2026-07-03
SEO,Manager,Cork,39400,83600,2026-05-24
Product marketing,Head,Clare,49800,48700,2026-06-09
SEO,Entry,Sligo,53900,50000,2026-08-11
Head of marketing,Head,Sligo,47600,54200,2026-08-07
SEO,Manager,Donegal,38600,66200,2026-06-24
SEO,Head,Clare,56000,72400,2026-09-04
Head of marketing,Executive,Mayo,60100,94600,2026-06-15
Ecommerce,Head,Cork,39100,108700,2026-09-05
Brand,Manager,Kerry,37300,80900,2026-06-05
Marketing operations,Head,Cork,48100,75100,2026-08-01
Product marketing,Entry,Kerry,46000,65800,2026-09-02
Ecommerce,Executive,Clare,47400,71400,2026-07-16
Product marketing,Entry,Mayo,33400,57200,2026-08-11
Product marketing,Head,Meath,64600,72800,2026-06-22
Marketing operations,Manager,Meath,52700,89300,2026-09-03
Head of marketing,Manager,Cork,36900,117300,2026-09-15
Content and social,Executive,Cork,45300,57000,2026-07-06
Head of marketing,Manager,Mayo,46100,64300,2026-07-13
Product marketing,Head,Clare,48500,55800,2026-06-25
Head of marketing,Head,Clare,37300,57500,2026-06-21
Ecommerce,Head,Meath,37800,79600,2026-08-01
Ecommerce,Executive,Clare,66100,69000,2026-08-23
Content and social,Executive,Clare,62500,85400,2026-06-09
SEO,Head,Meath,37100,105200,2026-08-04
Marketing operations,Head,Mayo,38800,87800,2026-08-29
Content and social,Head,Clare,53900,71000,2026-08-24
Head of marketing,Entry,Meath,54400,69300,2026-07-11
Brand,Executive,Donegal,39100,49200,2026-08-17
Content and social,Head,Clare,40200,69000,2026-06-19
SEO,Head,Sligo,57200,56400,2026-07-09
Content and social,Entry,Kerry,56800,95900,2026-08-21
Marketing operations,Manager,Cork,39600,133600,2026-06-17
Content and social,Entry,Donegal,38500,84400,2026-05-25
Product marketing,Manager,Clare,46900,60600,2026-07-28
SEO,Entry,Clare,55700,73300,2026-06-27
Head of marketing,Entry,Clare,43200,74100,2026-07-30
Marketing operations,Executive,Clare,38500,69900,2026-09-17
Ecommerce,Manager,Clare,67800,70800,2026-09-05
Content and social,Head,Meath,60500,90400,2026-08-29
SEO,Executive,Cork,33200,122900,2026-09-18
SEO,Head,Meath,37800,63100,2026-09-10
SEO,Manager,Mayo,55200,59400,2026-08-27
Brand,Manager,Clare,45100,49500,2026-08-24
Ecommerce,Manager,Clare,47800,70400,2026-09-20
Product marketing,Manager,Kerry,36000,64600,2026-06-06
Marketing operations,Head,Sligo,55600,62300,2026-06-07
Head of marketing,Head,Clare,60800,114300,2026-05-26
Ecommerce,Manager,Clare,36300,119300,2026-06-11
Marketing operations,Manager,Cork,40800,64300,2026-09-15
SEO,Head,Donegal,42100,54700,2026-05-25
Ecommerce,Entry,Donegal,42800,45600,2026-06-19
SEO,Manager,Meath,33700,63100,2026-07-21
Product marketing,Head,Clare,34600,71700,2026-08-25
Head of marketing,Executive,Clare,61600,74000,2026-07-15
SEO,Executive,Meath,59800,109300,2026-09-06
SEO,Manager,Cork,34300,117800,2026-06-04
Content and social,Head,Cork,46500,63400,2026-06-21
Head of marketing,Manager,Clare,48000,46900,2026-06-02
Content and social,Entry,Donegal,54800,52800,2026-06-18
Head of marketing,Head,Kerry,40700,76800,2026-06-08
Brand,Manager,Cork,44500,77700,2026-08-04
Content and social,Manager,Mayo,66800,87700,2026-08-15
Product marketing,Executive,Sligo,55800,100100,2026-08-09
Content and social,Entry,Meath,36200,115300,2026-07-18
Brand,Head,Mayo,43800,83200,2026-06-10
Brand,Manager,Clare,53000,54900,2026-06-27
SEO,Manager,Clare,55700,78100,2026-08-07
Ecommerce,Head,Mayo,45000,62300,2026-09-14
Marketing operations,Manager,Sligo,36600,65200,2026-06-14
SEO,Head,Sligo,63400,63200,2026-07-25
Head of marketing,Manager,Clare,56300,109000,2026-07-22
Content and social,Head,Donegal,33600,102300,2026-06-14
SEO,Head,Donegal,46200,89100,2026-06-26
Marketing operations,Manager,Meath,46400,51300,2026-09-14
Product marketing,Head,Sligo,42700,53300,2026-09-04
Ecommerce,Head,Sligo,47900,63800,2026-06-13
Content and social,Head,Donegal,42600,57200,2026-07-16
Ecommerce,Executive,Kerry,68100,71100,2026-08-17
Product marketing,Executive,Cork,64000,81400,2026-06-21
Ecommerce,Head,Kerry,32400,133100,2026-07-23
SEO,Executive,Kerry,49800,60400,2026-06-28
SEO,Executive,Donegal,46200,60600,2026-08-12
Brand,Head,Sligo,55700,65800,2026-07-06
Brand,Manager,Kerry,41800,62700,2026-06-05
Head of marketing,Manager,Clare,34000,84100,2026-08-16
SEO,Manager,Kerry,62000,66100,2026-06-23
Ecommerce,Manager,Clare,65100,108800,2026-07-19
Content and social,Manager,Meath,41800,123400,2026-07-02
Product marketing,Head,Donegal,47900,86500,2026-07-27
SEO,Head,Sligo,46100,69300,2026-09-14
Marketing operations,Manager,Mayo,48200,64700,2026-08-29
Product marketing,Manager,Cork,38800,45500,2026-06-18
SEO,Manager,Donegal,31800,75100,2026-08-05
Head of marketing,Head,Mayo,65000,65400,2026-08-21
Brand,Head,Cork,57300,102400,2026-09-11
SEO,Manager,Sligo,32900,135400,2026-08-16
Content and social,Manager,Cork,44100,64500,2026-08-13
Product marketing,Head,Sligo,42600,55600,2026-07-13
SEO,Manager,Meath,53500,78400,2026-07-01
SEO,Manager,Mayo,34100,64600,2026-07-15
Brand,Manager,Cork,44300,71800,2026-08-23
Marketing operations,Head,Meath,61800,81700,2026-06-09
Marketing operations,Manager,Donegal,57000,104500,2026-08-31
SEO,Head,Kerry,30400,113100,2026-07-28
Marketing operations,Manager,Donegal,43000,59700,2026-08-17
Ecommerce,Head,Clare,55300,61700,2026-05-25
Product marketing,Manager,Clare,45800,64900,2026-08-30
SEO,Head,Clare,43100,57800,2026-06-01
Marketing operations,Manager,Kerry,37500,80900,2026-09-08
Marketing operations,Head,Clare,61100,74800,2026-09-08
Marketing operations,Manager,Donegal,63800,84000,2026-09-18
Marketing operations,Executive,Clare,44200,105600,2026-06-24
Marketing operations,Manager,Kerry,41500,69600,2026-09-13
Ecommerce,Manager,Sligo,46100,47000,2026-06-16
SEO,Manager,Clare,52100,48400,2026-08-23
Content and social,Head,Clare,43000,74400,2026-06-11
Brand,Head,Cork,37400,83200,2026-07-31
SEO,Entry,Clare,62500,68100,2026-07-01
SEO,Head,Meath,52900,86000,2026-07-13
Brand,Head,Meath,38600,106300,2026-09-02
Marketing operations,Entry,Mayo,50100,66500,2026-09-11
Brand,Manager,Clare,42300,74800,2026-09-18
Head of marketing,Manager,Mayo,44400,74600,2026-05-28
Ecommerce,Manager,Mayo,43100,69900,2026-07-04
Marketing operations,Executive,Donegal,40500,82800,2026-08-12
Ecommerce,Entry,Cork,62500,66100,2026-08-24
SEO,Manager,Sligo,55600,87000,2026-08-08
Product marketing,Manager,Mayo,32800,106000,2026-08-11
Product marketing,Executive,Clare,37700,67100,2026-08-19
SEO,Head,Clare,43000,62200,2026-07-06
Marketing operations,Head,Donegal,54900,47800,2026-06-06
Ecommerce,Head,Mayo,34200,50300,2026-07-05
SEO,Manager,Clare,42100,68000,2026-08-08
Brand,Entry,Clare,60000,60100,2026-05-29
Product marketing,Head,Donegal,56800,103600,2026-07-09
SEO,Head,Cork,44800,105400,2026-06-19
Content and social,Executive,Mayo,45600,81100,2026-08-31
Head of marketing,Manager,Donegal,43000,46900,2026-06-01
Marketing operations,Entry,Mayo,45700,51100,2026-05-28
SEO,Executive,Mayo,35000,69100,2026-07-29
Head of marketing,Manager,Sligo,41300,75900,2026-05-28
Ecommerce,Head,Sligo,58800,73900,2026-09-06
SEO,Head,Meath,57500,100400,2026-07-20
Product marketing,Manager,Sligo,37400,133500,2026-08-24
Head of marketing,Head,Cork,49500,67300,2026-07-05
SEO,Manager,Meath,49100,67000,2026-07-22
Brand,Manager,Kerry,55300,68000,2026-06-12
Product marketing,Executive,Mayo,48100,50200,2026-05-29
Ecommerce,Manager,Cork,33000,71100,2026-06-05
Brand,Entry,Clare,60100,55000,2026-05-24
Brand,Executive,Sligo,64600,91600,2026-07-26
Ecommerce,Manager,Clare,44700,132300,2026-08-06
Content and social,Head,Sligo,37900,84600,2026-07-05
Brand,Head,Sligo,49100,75800,2026-08-04
SEO,Manager,Meath,53100,45500,2026-08-21
Ecommerce,Manager,Sligo,45900,67500,2026-09-18
Product marketing,Manager,Mayo,30300,78000,2026-07-29
Head of marketing,Entry,Sligo,56400,60500,2026-07-08
Ecommerce,Manager,Kerry,57500,100800,2026-06-14
Product marketing,Entry,Sligo,34200,117100,2026-08-31
Brand,Manager,Meath,43200,56900,2026-08-21
Content and social,Manager,Donegal,41700,47500,2026-08-22
Brand,Entry,Kerry,57300,56300,2026-09-03
Marketing operations,Entry,Donegal,39300,58100,2026-08-21
Ecommerce,Head,Meath,38900,63400,2026-07-03
Product marketing,Manager,Kerry,59700,65200,2026-08-22
SEO,Head,Clare,59900,86900,2026-09-09
Marketing operations,Manager,Sligo,41800,128000,2026-09-05
SEO,Head,Donegal,42400,65700,2026-09-04
Content and social,Entry,Cork,45300,68400,2026-07-25
Content and social,Executive,Clare,46900,45900,2026-09-13
SEO,Head,Cork,39100,73900,2026-07-27
Marketing operations,Executive,Cork,34700,70500,2026-07-13
SEO,Manager,Mayo,61600,56300,2026-09-15
Marketing operations,Entry,Clare,62500,105000,2026-07-25
SEO,Head,Cork,38600,126400,2026-06-04
Content and social,Executive,Donegal,38600,56000,2026-09-15
SEO,Manager,Clare,42500,77200,2026-07-14
SEO,Executive,Donegal,44000,57100,2026-09-15
SEO,Head,Mayo,39000,59000,2026-07-05
SEO,Head,Sligo,34800,81400,2026-08-19
Marketing operations,Manager,Clare,68800,58600,2026-07-30
Ecommerce,Manager,Cork,57200,85600,2026-06-18
Marketing operations,Executive,Cork,33600,102900,2026-08-27
SEO,Entry,Cork,39100,67500,2026-09-01
Content and social,Head,Meath,45600,55700,2026-09-15
Marketing operations,Head,Donegal,52800,78600,2026-08-21
Content and social,Manager,Clare,35400,63500,2026-07-27
Head of marketing,Head,Meath,38200,81000,2026-07-01
Marketing operations,Manager,Meath,63000,62800,2026-07-31
Product marketing,Entry,Donegal,55400,112800,2026-06-13
SEO,Entry,Clare,35900,126700,2026-05-24
Ecommerce,Entry,Mayo,50000,88400,2026-08-18
SEO,Head,Mayo,54400,75300,2026-07-21
Brand,Entry,Clare,52600,54500,2026-07-15
Ecommerce,Executive,Mayo,34100,51200,2026-06-04
Content and social,Executive,Mayo,40400,74700,2026-06-18
Ecommerce,Manager,Meath,68900,73900,2026-06-11
SEO,Manager,Cork,58600,108400,2026-07-20
Brand,Manager,Clare,35800,108500,2026-06-18
Content and social,Head,Mayo,48700,65800,2026-07-12
Head of marketing,Manager,Mayo,51500,66100,2026-07-25
Head of marketing,Head,Clare,44900,45800,2026-07-13
SEO,Head,Mayo,35800,71000,2026-09-19
Brand,Executive,Donegal,37300,80500,2026-09-03
Marketing operations,Entry,Clare,61400,57000,2026-08-11
Brand,Executive,Mayo,52500,92100,2026-09-07
Marketing operations,Manager,Mayo,41500,131200,2026-09-09
Brand,Manager,Meath,41300,67600,2026-06-13
Product marketing,Manager,Sligo,41300,54900,2026-07-26
Product marketing,Manager,Donegal,53100,53400,2026-05-28
Head of marketing,Head,Clare,45400,45600,2026-06-05
Ecommerce,Executive,Clare,30400,76300,2026-09-08
SEO,Head,Clare,66300,54000,2026-06-10
Product marketing,Manager,Clare,54500,93700,2026-06-22
Product marketing,Head,Kerry,32400,130700,2026-09-18
SEO,Executive,Clare,48600,72300,2026-08-15
Brand,Head,Mayo,47100,71800,2026-09-09
SEO,Entry,Sligo,47100,51500,2026-07-03
Content and social,Head,Kerry,38400,74000,2026-08-15
SEO,Manager,Meath,44100,56800,2026-09-08
SEO,Manager,Clare,66400,78500,2026-05-26
SEO,Manager,Cork,59500,109600,2026-08-10
Head of marketing,Head,Cork,40800,109300,2026-09-12
Head of marketing,Head,Kerry,39000,58700,2026-06-23
Head of marketing,Head,Meath,52500,56500,2026-05-28
Ecommerce,Head,Clare,44900,46500,2026-09-17
Brand,Manager,Clare,34300,49100,2026-07-24
Head of marketing,Head,Donegal,31700,65400,2026-07-27
Head of marketing,Manager,Kerry,66200,66700,2026-07-11
SEO,Head,Donegal,58900,91100,2026-08-20
Product marketing,Executive,Clare,38900,121800,2026-06-16
SEO,Executive,Clare,44200,71000,2026-06-17
Brand,Head,Donegal,54900,50700,2026-06-09
SEO,Entry,Kerry,49200,65200,2026-08-05
Content and social,Head,Meath,38300,56800,2026-06-05
SEO,Manager,Kerry,30900,66400,2026-09-19
SEO,Entry,Donegal,56200,57600,2026-09-18
Brand,Head,Clare,51300,98600,2026-07-15
Brand,Manager,Clare,36000,110300,2026-09-06
Head of marketing,Head,Donegal,36900,86200,2026-06-14
Ecommerce,Executive,Mayo,54400,63300,2026-07-24
SEO,Manager,Mayo,49000,74900,2026-06-20
Brand,Head,Donegal,43600,70300,2026-08-30
Marketing operations,Manager,Cork,41800,71100,2026-09-06
Ecommerce,Head,Sligo,65500,57800,2026-05-31
SEO,Entry,Mayo,56700,103600,2026-08-09
Head of marketing,Head,Clare,39400,115400,2026-07-15
Brand,Entry,Cork,42000,60700,2026-06-28
Ecommerce,Executive,Mayo,54900,68500,2026-07-21
Ecommerce,Manager,Meath,54200,54600,2026-06-05
Brand,Head,Kerry,35100,52900,2026-06-15
Product marketing,Manager,Mayo,35600,58200,2026-05-27
Product marketing,Entry,Clare,62400,67800,2026-08-07
Brand,Manager,Cork,65100,106400,2026-08-26
Marketing operations,Entry,Donegal,42500,106300,2026-07-07
Head of marketing,Head,Clare,41400,80900,2026-07-27
Marketing operations,Manager,Clare,53600,76300,2026-06-20
Marketing operations,Head,Kerry,53600,78100,2026-08-26
SEO,Manager,Donegal,43000,55700,2026-06-13
Ecommerce,Entry,Cork,42600,80100,2026-06-07
Head of marketing,Executive,Mayo,62800,73400,2026-07-18
Ecommerce,Entry,Meath,54400,86200,2026-07-27
SEO,Head,Clare,39500,134600,2026-07-01
Head of marketing,Head,Clare,50400,82400,2026-06-03
Marketing operations,Executive,Sligo,51400,77800,2026-09-08
Content and social,Manager,Meath,54000,49200,2026-08-08
Marketing operations,Manager,Clare,43600,70900,2026-09-09
Brand,Executive,Kerry,39900,60300,2026-08-03
Product marketing,Manager,Mayo,61300,87600,2026-09-08
Product marketing,Head,Sligo,63500,105200,2026-08-24
Product marketing,Manager,Clare,31200,120400,2026-09-13
SEO,Head,Clare,42900,61700,2026-08-26
SEO,Executive,Donegal,55700,70800,2026-05-26
Content and social,Entry,Kerry,55800,77200,2026-05-25
SEO,Head,Clare,40600,50700,2026-09-01
SEO,Manager,Sligo,38200,78500,2026-06-21
SEO,Entry,Cork,63000,78500,2026-08-11
Head of marketing,Manager,Mayo,55100,103000,2026-07-11
Brand,Head,Kerry,36400,129400,2026-05-27
Ecommerce,Executive,Donegal,38200,67000,2026-07-15
Head of marketing,Head,Clare,44100,72700,2026-09-01
Product marketing,Manager,Cork,42800,71400,2026-06-27
SEO,Manager,Mayo,44700,73300,2026-09-12
SEO,Head,Kerry,39800,72500,2026-08-25
Marketing operations,Executive,Sligo,68100,57700,2026-07-31
Content and social,Head,Meath,63300,88900,2026-06-15
Brand,Head,Mayo,33200,116600,2026-05-26
Ecommerce,Executive,Clare,45900,65900,2026-07-07
SEO,Manager,Donegal,55300,65400,2026-06-17
Content and social,Executive,Donegal,47200,51100,2026-07-29
Head of marketing,Entry,Kerry,41100,57000,2026-09-09
Product marketing,Entry,Clare,36100,79000,2026-05-29
Product marketing,Head,Donegal,57200,56500,2026-07-13
SEO,Head,Mayo,64000,105300,2026-08-13
Marketing operations,Manager,Clare,30600,134500,2026-08-03
SEO,Head,Mayo,39000,88900,2026-08-27
SEO,Manager,Donegal,47300,51100,2026-07-29
Marketing operations,Head,Kerry,57000,70500,2026-08-22
Brand,Head,Sligo,34200,46200,2026-08-25
Head of marketing,Head,Clare,43900,64600,2026-06-04
Brand,Head,Sligo,62500,75600,2026-07-14
Content and social,Manager,Clare,63100,109400,2026-08-22
Marketing operations,Entry,Cork,44400,128100,2026-08-12
Brand,Executive,Cork,47500,69700,2026-05-25
SEO,Head,Kerry,46300,64000,2026-09-19
Product marketing,Executive,Mayo,47700,51200,2026-08-15
Head of marketing,Entry,Mayo,37600,69100,2026-08-06
Head of marketing,Head,Kerry,30700,50900,2026-06-13
SEO,Manager,Donegal,67000,71600,2026-08-20
Brand,Manager,Mayo,64800,86800,2026-07-09
Marketing operations,Manager,Clare,32500,110100,2026-09-09
Brand,Head,Kerry,49000,82400,2026-09-20
Ecommerce,Manager,Sligo,44000,55400,2026-07-18
SEO,Manager,Mayo,53200,58000,2026-08-20
Brand,Entry,Clare,42800,55400,2026-08-30
Product marketing,Executive,Clare,41400,79900,2026-08-13
SEO,Head,Sligo,66000,64700,2026-08-17
Marketing operations,Manager,Donegal,55800,108300,2026-05-27
Marketing operations,Executive,Donegal,33600,112200,2026-06-01
Content and social,Manager,Meath,42500,67400,2026-08-16
Content and social,Manager,Meath,45700,63900,2026-09-09
Ecommerce,Manager,Clare,56500,51000,2026-08-13
SEO,Manager,Donegal,42800,74900,2026-06-11
SEO,Manager,Clare,40000,55200,2026-06-14
Content and social,Head,Kerry,64500,64300,2026-07-22
Brand,Head,Mayo,51900,105500,2026-06-11
SEO,Head,Kerry,43000,105900,2026-08-20
Product marketing,Manager,Cork,45900,71700,2026-08-31
SEO,Manager,Kerry,52100,72900,2026-07-12
Content and social,Head,Clare,48100,46000,2026-06-22
SEO,Head,Mayo,38500,64200,2026-06-04
SEO,Head,Clare,40900,75900,2026-08-05
Brand,Manager,Kerry,64700,81600,2026-06-11
Marketing operations,Head,Cork,61800,114600,2026-08-02
SEO,Entry,Sligo,41400,130700,2026-06-17
SEO,Head,Clare,46300,68300,2026-08-12
Marketing operations,Manager,Clare,48500,68800,2026-08-08
Marketing operations,Executive,Donegal,43500,66900,2026-05-29
Brand,Manager,Mayo,48200,53100,2026-06-01
Content and social,Manager,Cork,33100,67600,2026-06-09
Marketing operations,Executive,Donegal,67600,57400,2026-08-06
Ecommerce,Head,Donegal,58200,114200,2026-09-19
SEO,Manager,Mayo,34400,118100,2026-07-05
Brand,Manager,Meath,37300,70700,2026-07-26
Brand,Manager,Meath,49000,51000,2026-08-13
Ecommerce,Head,Donegal,56700,73700,2026-07-06
Ecommerce,Head,Donegal,35700,70400,2026-08-05
Marketing operations,Manager,Clare,31600,59100,2026-07-23
Product marketing,Executive,Sligo,56600,80600,2026-08-28
Brand,Head,Clare,64800,89500,2026-09-06
SEO,Head,Cork,31300,125500,2026-06-14
Ecommerce,Head,Meath,44800,65500,2026-08-30
SEO,Manager,Kerry,48600,60200,2026-06-30
Ecommerce,Head,Mayo,44000,64700,2026-06-07
Head of marketing,Entry,Mayo,44300,53800,2026-05-25
Ecommerce,Head,Sligo,37800,56600,2026-08-19
Ecommerce,Head,Clare,62900,62300,2026-07-26
SEO,Manager,Clare,64500,97000,2026-08-25
Marketing operations,Manager,Donegal,34000,107900,2026-09-09
Content and social,Head,Clare,50800,59200,2026-08-09
Ecommerce,Head,Donegal,52100,56300,2026-09-04
Brand,Manager,Meath,48700,62600,2026-09-08
Brand,Executive,Clare,36900,59500,2026-08-15
Product marketing,Head,Kerry,35900,61600,2026-08-14
Marketing operations,Manager,Clare,59500,62300,2026-06-13
Product marketing,Executive,Mayo,60600,108500,2026-07-28
Content and social,Head,Sligo,38800,111700,2026-07-12
Product marketing,Entry,Clare,45700,70300,2026-06-27
Product marketing,Executive,Mayo,55500,49000,2026-08-07
Ecommerce,Manager,Sligo,47500,45800,2026-05-26
Head of marketing,Manager,Cork,34700,62300,2026-05-29
Content and social,Executive,Cork,30800,57300,2026-08-30
Head of marketing,Manager,Meath,57300,84600,2026-08-18
Product marketing,Manager,Sligo,59900,100000,2026-07-04
Ecommerce,Head,Clare,32800,119100,2026-08-11
Marketing operations,Manager,Donegal,50400,65100,2026-09-01
Brand,Entry,Mayo,51800,70900,2026-08-09
Brand,Manager,Kerry,54300,51000,2026-06-07
Content and social,Manager,Cork,42200,70200,2026-08-25
Brand,Head,Cork,33900,80200,2026-06-15
Content and social,Head,Donegal,65800,73300,2026-05-26
Content and social,Executive,Mayo,56300,104700,2026-09-15
SEO,Manager,Clare,35000,108300,2026-06-01
Content and social,Head,Clare,37800,66200,2026-06-03
Brand,Manager,Clare,42700,69800,2026-08-09
Brand,Manager,Mayo,50500,64900,2026-08-12
Head of marketing,Manager,Clare,47200,65000,2026-08-16
SEO,Head,Donegal,31800,53500,2026-06-26
SEO,Entry,Cork,64800,78300,2026-09-09
Head of marketing,Head,Kerry,61400,86300,2026-06-28
Ecommerce,Manager,Donegal,35800,111700,2026-06-14
Content and social,Head,Meath,40200,73800,2026-07-06
Head of marketing,Executive,Clare,43800,47400,2026-08-17
Marketing operations,Head,Kerry,50500,75900,2026-05-25
Ecommerce,Manager,Cork,37700,64400,2026-07-27
Ecommerce,Executive,Donegal,32700,53000,2026-06-16
Ecommerce,Executive,Donegal,63600,85400,2026-09-18
Head of marketing,Head,Sligo,62800,84900,2026-06-28
Ecommerce,Entry,Clare,39000,104000,2026-07-12
SEO,Executive,Kerry,44500,82500,2026-06-07
SEO,Head,Donegal,47500,55300,2026-07-10
SEO,Manager,Donegal,44700,76300,2026-06-14
Head of marketing,Head,Clare,41200,60400,2026-08-29
SEO,Head,Sligo,31700,58400,2026-08-27
Head of marketing,Head,Clare,66600,87400,2026-09-19
SEO,Manager,Donegal,64000,92600,2026-08-06
Marketing operations,Manager,Clare,43400,111800,2026-06-03
Head of marketing,Head,Mayo,49000,59000,2026-09-19
Content and social,Head,Clare,46300,46700,2026-07-21
Content and social,Head,Kerry,49600,62200,2026-08-22
Content and social,Manager,Mayo,46300,47100,2026-06-23
SEO,Manager,Clare,43000,56800,2026-07-02
SEO,Head,Sligo,59000,79900,2026-08-28
Ecommerce,Head,Cork,58400,114200,2026-09-05
Ecommerce,Executive,Sligo,41400,108100,2026-07-26
Product marketing,Head,Kerry,40100,58900,2026-08-26
SEO,Manager,Cork,53700,62300,2026-06-14
Head of marketing,Entry,Clare,44300,58400,2026-06-30
Head of marketing,Head,Cork,43400,47600,2026-09-06
Brand,Head,Meath,38800,71500,2026-07-11
Product marketing,Head,Meath,62100,83300,2026-07-13
Product marketing,Manager,Donegal,64400,103300,2026-07-20
SEO,Head,Cork,41800,115400,2026-06-26
SEO,Head,Clare,46200,80300,2026-08-15
Product marketing,Head,Sligo,55800,47900,2026-05-24
Marketing operations,Entry,Sligo,54600,68400,2026-09-06
Marketing operations,Manager,Sligo,41900,50700,2026-08-27
SEO,Manager,Meath,44100,71900,2026-06-25
Content and social,Executive,Cork,62800,74900,2026-06-27
SEO,Head,Clare,51000,99500,2026-08-20
Product marketing,Manager,Meath,40100,103100,2026-05-29
Content and social,Entry,Sligo,43600,75800,2026-07-19
Marketing operations,Head,Clare,41200,45600,2026-07-16
Marketing operations,Head,Meath,47100,52900,2026-07-21
Ecommerce,Head,Cork,43700,50700,2026-06-11
Marketing operations,Head,Cork,44100,78600,2026-09-04
Content and social,Head,Mayo,58300,61000,2026-07-08
Ecommerce,Manager,Sligo,62900,98100,2026-05-28
Content and social,Head,Clare,42300,121800,2026-08-28
Marketing operations,Manager,Meath,39700,74800,2026-08-23
Ecommerce,Manager,Donegal,50500,71300,2026-09-02
Head of marketing,Entry,Meath,50800,62800,2026-07-05
Brand,Head,Mayo,42300,74200,2026-09-20
Product marketing,Executive,Clare,37700,62500,2026-08-27
Marketing operations,Head,Donegal,67800,56300,2026-05-24
Brand,Entry,Donegal,59600,107000,2026-08-09
Marketing operations,Entry,Clare,42000,111900,2026-09-14
Product marketing,Head,Clare,46600,89100,2026-07-19
Brand,Head,Clare,52800,48400,2026-09-08
Brand,Manager,Kerry,55400,52300,2026-05-26
Head of marketing,Manager,Meath,45100,73200,2026-08-27
SEO,Head,Sligo,34500,83000,2026-08-11
Ecommerce,Manager,Donegal,66100,68400,2026-06-04
Marketing operations,Head,Cork,65000,101900,2026-07-14
SEO,Executive,Clare,30700,116000,2026-06-16
Brand,Head,Cork,38500,73000,2026-06-01
Content and social,Manager,Cork,44400,47900,2026-07-08
Ecommerce,Manager,Kerry,43400,49600,2026-08-22
Brand,Executive,Kerry,40100,66600,2026-06-05
Content and social,Executive,Cork,30700,73300,2026-09-09
SEO,Manager,Meath,57100,78300,2026-08-22
SEO,Head,Clare,54000,95000,2026-06-13
Ecommerce,Manager,Sligo,44200,121000,2026-08-26
Ecommerce,Manager,Cork,50500,83300,2026-06-22
Ecommerce,Head,Clare,49600,57300,2026-07-10
Product marketing,Head,Clare,48100,70300,2026-09-15
SEO,Head,Meath,42300,47400,2026-06-28
Marketing operations,Head,Clare,39900,75100,2026-08-31
Ecommerce,Manager,Kerry,65200,70000,2026-06-08
Content and social,Head,Sligo,53300,90400,2026-07-29
SEO,Manager,Kerry,33600,131200,2026-09-20
Product marketing,Manager,Meath,42700,70700,2026-06-16
Ecommerce,Manager,Sligo,50500,54000,2026-06-16
Product marketing,Manager,Sligo,52400,44900,2026-08-09
Content and social,Executive,Meath,35200,64900,2026-09-02
SEO,Entry,Mayo,39000,58400,2026-08-04
Marketing operations,Head,Clare,63100,67000,2026-06-03
Product marketing,Head,Cork,51300,101900,2026-06-10
Marketing operations,Executive,Donegal,37000,124900,2026-07-29
Product marketing,Manager,Cork,38000,76700,2026-06-07
Marketing operations,Head,Kerry,43300,52000,2026-07-02
Ecommerce,Head,Kerry,47700,51500,2026-09-16
Brand,Manager,Mayo,45700,54000,2026-06-01
SEO,Head,Mayo,39700,71100,2026-08-08
Content and social,Manager,Mayo,67700,66600,2026-09-10
Ecommerce,Head,Donegal,63700,86300,2026-06-24
SEO,Manager,Sligo,37300,104500,2026-07-15
Head of marketing,Executive,Cork,46100,59100,2026-07-06
Marketing operations,Head,Donegal,49900,62500,2026-08-31
SEO,Executive,Mayo,50800,72200,2026-08-02
Product marketing,Manager,Donegal,47800,44600,2026-07-16
Content and social,Entry,Kerry,40900,80400,2026-05-29
Product marketing,Entry,Kerry,56800,63900,2026-05-30
Ecommerce,Manager,Mayo,52600,101800,2026-07-13
Head of marketing,Manager,Meath,34700,121300,2026-05-31
Content and social,Head,Clare,42000,86800,2026-06-02
Content and social,Head,Mayo,48400,50300,2026-07-19
Brand,Head,Meath,43200,65500,2026-08-01
Marketing operations,Manager,Clare,37500,49100,2026-06-21
Brand,Executive,Donegal,40100,51900,2026-07-09
Ecommerce,Executive,Sligo,59600,55200,2026-08-28
Product marketing,Executive,Mayo,51200,114000,2026-06-20
Head of marketing,Head,Mayo,35400,122100,2026-08-18
SEO,Executive,Cork,46100,71000,2026-07-10
Product marketing,Entry,Donegal,43400,75500,2026-07-30
SEO,Manager,Kerry,43300,64800,2026-07-07
Brand,Head,Clare,33700,64300,2026-06-14
Content and social,Head,Mayo,37700,76800,2026-08-23
Head of marketing,Head,Sligo,61500,75600,2026-09-01
SEO,Head,Clare,54200,84400,2026-06-18
Product marketing,Manager,Sligo,36200,128900,2026-07-12
Ecommerce,Manager,Kerry,41100,84100,2026-06-29
Marketing operations,Manager,Meath,47900,62300,2026-06-25
Content and social,Head,Meath,45500,56100,2026-08-12
SEO,Head,Sligo,35300,48700,2026-09-02
Ecommerce,Manager,Cork,33800,59800,2026-09-14
SEO,Head,Kerry,58500,65600,2026-09-14
Head of marketing,Manager,Cork,52000,94300,2026-06-28
Brand,Head,Cork,42800,113600,2026-07-16
Brand,Head,Donegal,50300,67100,2026-06-20
Head of marketing,Manager,Clare,45200,78700,2026-08-03
Product marketing,Head,Clare,50200,62300,2026-06-19
Content and social,Manager,Clare,48300,53000,2026-08-12
SEO,Head,Cork,32300,83500,2026-09-11
Marketing operations,Manager,Donegal,66500,82700,2026-08-02
Ecommerce,Entry,Donegal,51200,102400,2026-07-31
Ecommerce,Head,Sligo,31400,122000,2026-07-28
Content and social,Manager,Donegal,47900,62600,2026-06-17
Content and social,Manager,Mayo,41700,76700,2026-08-24
SEO,Head,Clare,49600,65100,2026-08-18
SEO,Head,Clare,43500,64900,2026-08-28
Marketing operations,Entry,Clare,31300,57800,2026-07-18
Content and social,Manager,Clare,64400,67200,2026-07-07
Content and social,Entry,Mayo,62700,105300,2026-09-14
SEO,Head,Kerry,34600,104200,2026-08-04
Brand,Head,Meath,49600,72300,2026-06-11
Ecommerce,Manager,Clare,43900,53100,2026-06-21
SEO,Head,Donegal,49000,48500,2026-07-06
Head of marketing,Manager,Clare,40300,58400,2026-05-26
Head of marketing,Manager,Clare,37700,60200,2026-08-31
Head of marketing,Manager,Mayo,67000,60400,2026-08-03
Ecommerce,Manager,Mayo,59400,82600,2026-07-10
Content and social,Executive,Clare,32700,105800,2026-09-14
SEO,Manager,Cork,48800,63100,2026-08-26
Brand,Head,Clare,46100,49900,2026-07-12
SEO,Manager,Donegal,50400,67400,2026-06-13
Head of marketing,Head,Clare,46700,54700,2026-09-15
Product marketing,Manager,Meath,40600,69300,2026-05-28
SEO,Head,Clare,62000,79200,2026-06-17
SEO,Head,Mayo,57500,111400,2026-08-08
Head of marketing,Manager,Meath,39200,110600,2026-08-26
Marketing operations,Entry,Clare,42600,66000,2026-08-08
Brand,Head,Sligo,50000,52700,2026-09-01
Content and social,Manager,Cork,46100,68400,2026-09-20
Head of marketing,Head,Kerry,44700,51600,2026-08-11
Marketing operations,Head,Clare,30400,74500,2026-07-09
SEO,Manager,Clare,63800,72400,2026-06-27
SEO,Manager,Sligo,64200,106000,2026-08-19
Head of marketing,Head,Kerry,38700,105200,2026-09-17
Brand,Manager,Donegal,41000,71700,2026-09-18
Ecommerce,Head,Mayo,54800,75900,2026-08-21
SEO,Manager,Donegal,52300,61200,2026-08-31
Brand,Entry,Clare,45900,64600,2026-07-17
Content and social,Entry,Kerry,38200,58200,2026-07-11
Brand,Manager,Mayo,59100,74500,2026-07-08
SEO,Head,Meath,55100,95900,2026-08-14
Content and social,Entry,Clare,30400,117500,2026-09-11
Product marketing,Head,Clare,44400,85300,2026-06-17
SEO,Executive,Clare,45600,64100,2026-07-06
Ecommerce,Head,Mayo,51100,78400,2026-07-07
SEO,Head,Mayo,42500,69200,2026-07-15
Marketing operations,Manager,Clare,40200,55100,2026-06-25
Content and social,Head,Kerry,59800,83400,2026-06-17
Brand,Head,Mayo,54000,90300,2026-05-28
Content and social,Head,Sligo,31400,114400,2026-08-04
SEO,Entry,Meath,37900,87300,2026-06-30
SEO,Entry,Meath,50000,74100,2026-07-29
SEO,Head,Clare,48600,63300,2026-06-10
Content and social,Head,Kerry,37200,70900,2026-08-21
Marketing operations,Manager,Meath,30300,69300,2026-07-12
SEO,Entry,Sligo,66300,77700,2026-09-20
Marketing operations,Head,Mayo,57100,109600,2026-09-20
Head of marketing,Head,Sligo,43600,121000,2026-08-02
SEO,Manager,Donegal,39300,87800,2026-05-25
SEO,Executive,Clare,43700,57400,2026-07-18
Head of marketing,Manager,Cork,46100,63900,2026-08-06
Head of marketing,Manager,Cork,42900,65000,2026-07-24
Brand,Head,Clare,40700,62000,2026-08-02
Product marketing,Manager,Sligo,65500,66500,2026-05-24
SEO,Head,Cork,54700,95200,2026-06-14
Product marketing,Entry,Meath,35800,110600,2026-07-22
Marketing operations,Head,Sligo,48700,64700,2026-09-16
Marketing operations,Executive,Kerry,54600,47000,2026-07-25
SEO,Manager,Cork,43200,50200,2026-09-15
SEO,Manager,Kerry,36000,77000,2026-07-10
Marketing operations,Head,Cork,31500,78000,2026-07-09
Content and social,Head,Donegal,69200,85900,2026-08-30
Head of marketing,Entry,Clare,55700,97100,2026-05-25
SEO,Head,Donegal,34500,118800,2026-06-03
Ecommerce,Head,Cork,43700,69100,2026-06-09
Ecommerce,Manager,Mayo,53400,73700,2026-07-30
Marketing operations,Manager,Kerry,54800,63600,2026-06-17
SEO,Head,Sligo,46600,70600,2026-05-26
Content and social,Head,Mayo,42300,74300,2026-09-03
SEO,Manager,Clare,59100,66500,2026-07-26
Brand,Manager,Meath,64600,106600,2026-08-31
Marketing operations,Manager,Sligo,39200,125300,2026-05-27
Ecommerce,Head,Mayo,43200,85800,2026-06-12
Ecommerce,Manager,Clare,43700,59900,2026-09-18
SEO,Head,Sligo,50600,61300,2026-07-07
Head of marketing,Manager,Mayo,44800,66800,2026-06-28
Marketing operations,Head,Sligo,34400,57400,2026-07-31
Head of marketing,Manager,Clare,55800,76200,2026-09-13
SEO,Manager,Meath,62800,90700,2026-08-30
SEO,Manager,Meath,42700,123800,2026-08-14
SEO,Head,Clare,41700,73300,2026-06-24
Head of marketing,Head,Mayo,46000,50800,2026-06-23
Head of marketing,Executive,Clare,44400,52800,2026-07-26
Product marketing,Executive,Kerry,45100,72900,2026-09-16
Brand,Manager,Cork,37300,67000,2026-08-04
SEO,Head,Donegal,55300,81900,2026-06-20
Marketing operations,Executive,Mayo,54500,98000,2026-06-26
Brand,Manager,Donegal,38300,106700,2026-06-16
Brand,Entry,Mayo,39000,66600,2026-09-11
SEO,Manager,Meath,48100,54600,2026-07-22
Marketing operations,Executive,Sligo,53000,74000,2026-05-30
SEO,Manager,Donegal,34600,53400,2026-09-10
Ecommerce,Manager,Mayo,43200,82000,2026-08-03
Ecommerce,Head,Meath,66800,68400,2026-09-14
Head of marketing,Manager,Donegal,56100,89000,2026-07-23
Ecommerce,Head,Kerry,38800,107400,2026-08-20
Ecommerce,Manager,Clare,38700,88500,2026-09-17
Product marketing,Executive,Donegal,47200,79000,2026-06-18
Head of marketing,Manager,Meath,50200,48400,2026-09-17
Marketing operations,Head,Kerry,43600,73300,2026-07-06
Marketing operations,Executive,Donegal,37200,74800,2026-07-26
Product marketing,Head,Clare,56800,78700,2026-08-05
Brand,Manager,Clare,56500,112000,2026-06-24
SEO,Head,Kerry,31100,123900,2026-09-06
Content and social,Executive,Meath,39100,82900,2026-06-26
Product marketing,Head,Cork,46100,71800,2026-07-18
Content and social,Head,Cork,54600,49200,2026-08-24
SEO,Manager,Sligo,37000,44900,2026-07-15
SEO,Manager,Meath,37700,68100,2026-08-20
Product marketing,Manager,Clare,54800,69400,2026-08-25
Content and social,Head,Sligo,59600,98900,2026-08-24
SEO,Manager,Kerry,32500,132800,2026-07-08
SEO,Manager,Sligo,40800,61800,2026-06-21
Ecommerce,Executive,Clare,49100,57000,2026-06-11
Product marketing,Head,Meath,56900,45500,2026-07-30
Marketing operations,Manager,Clare,38100,53400,2026-09-03
Ecommerce,Entry,Sligo,38500,53700,2026-08-12
Marketing operations,Head,Clare,57900,78700,2026-07-01
SEO,Head,Clare,53300,89400,2026-05-31
Content and social,Manager,Meath,37300,135500,2026-05-29
Product marketing,Manager,Clare,48200,60200,2026-08-20
Product marketing,Head,Clare,52600,70200,2026-08-07
Content and social,Manager,Cork,51600,77700,2026-09-03
Content and social,Entry,Sligo,46700,45700,2026-09-16
Head of marketing,Manager,Donegal,33300,79400,2026-06-01
Product marketing,Head,Clare,65200,62400,2026-09-13
SEO,Manager,Cork,56100,94200,2026-06-05
SEO,Manager,Sligo,40600,117700,2026-07-21
Brand,Manager,Kerry,42800,60600,2026-08-07
Ecommerce,Head,Sligo,45000,53800,2026-07-09
Head of marketing,Head,Sligo,51800,55500,2026-08-14
Marketing operations,Head,Clare,34200,63000,2026-06-06
Marketing operations,Manager,Cork,38900,78300,2026-07-27
Product marketing,Entry,Mayo,65900,58500,2026-07-27
SEO,Head,Clare,52000,91700,2026-06-16
Product marketing,Head,Sligo,43800,101600,2026-06-06
Product marketing,Manager,Mayo,38400,65300,2026-08-06
SEO,Head,Kerry,54600,60000,2026-08-05
Ecommerce,Manager,Donegal,47500,67700,2026-07-19
Marketing operations,Entry,Meath,48100,65500,2026-07-07
SEO,Head,Cork,44200,74200,2026-07-27
SEO,Manager,Sligo,60400,72800,2026-07-19
SEO,Head,Kerry,64600,109500,2026-08-22
Ecommerce,Head,Donegal,34900,129100,2026-06-08
Ecommerce,Head,Clare,41900,60800,2026-09-15
Head of marketing,Manager,Clare,42000,70000,2026-08-24
Ecommerce,Head,Mayo,46800,53600,2026-09-08
Content and social,Manager,Sligo,37000,44800,2026-07-30
Product marketing,Executive,Cork,35800,70700,2026-05-26
SEO,Manager,Meath,55700,70700,2026-06-26
SEO,Manager,Donegal,51800,114200,2026-09-02
Ecommerce,Entry,Mayo,30500,131100,2026-08-12
SEO,Head,Donegal,48500,79500,2026-08-09
Product marketing,Manager,Clare,46100,64000,2026-08-24
SEO,Executive,Donegal,47300,64800,2026-08-17
SEO,Manager,Clare,34700,57800,2026-08-10
SEO,Head,Clare,39300,54700,2026-07-31
Product marketing,Head,Clare,59900,61000,2026-08-02
SEO,Head,Clare,55900,111900,2026-09-11
Brand,Manager,Donegal,32700,113300,2026-05-28
SEO,Head,Meath,45300,75500,2026-07-11
Marketing operations,Manager,Cork,50500,55900,2026-05-30
Ecommerce,Manager,Donegal,51900,73300,2026-06-24
SEO,Head,Cork,34500,53900,2026-07-16
SEO,Entry,Cork,40600,66900,2026-08-20
SEO,Manager,Clare,62400,77900,2026-06-14
Marketing operations,Manager,Kerry,63500,106100,2026-07-27
SEO,Head,Sligo,40900,124200,2026-08-19
SEO,Head,Clare,40000,69900,2026-05-30
Head of marketing,Head,Sligo,50600,62900,2026-06-28
Marketing operations,Executive,Kerry,47600,48700,2026-08-16
Brand,Manager,Donegal,41000,52100,2026-08-15
Head of marketing,Executive,Cork,36400,65800,2026-06-24
Ecommerce,Manager,Mayo,68800,72700,2026-09-01
Product marketing,Entry,Kerry,56000,95600,2026-09-09
Head of marketing,Manager,Sligo,39600,118700,2026-08-29
SEO,Executive,Meath,44200,65900,2026-07-16
Ecommerce,Entry,Donegal,44200,53800,2026-08-29
Ecommerce,Head,Clare,52300,51300,2026-09-15
SEO,Head,Clare,46400,69200,2026-09-06
SEO,Manager,Meath,35900,55900,2026-07-20
Head of marketing,Head,Kerry,61100,75600,2026-06-24
Marketing operations,Head,Kerry,50700,103300,2026-06-16
SEO,Head,Cork,42000,124500,2026-08-09
SEO,Executive,Clare,50700,63000,2026-08-20
Brand,Head,Mayo,53300,56900,2026-07-11
Brand,Executive,Meath,45400,50100,2026-06-30
Marketing operations,Head,Kerry,46400,61200,2026-07-07
SEO,Entry,Meath,36200,59500,2026-07-21
Brand,Head,Mayo,67700,78700,2026-08-18
SEO,Head,Cork,55200,107100,2026-06-02
SEO,Entry,Donegal,35700,104900,2026-06-19
Brand,Manager,Mayo,37300,85100,2026-06-15
Ecommerce,Executive,Sligo,43400,56000,2026-06-15
Ecommerce,Head,Mayo,49700,77700,2026-06-16
Brand,Entry,Donegal,48300,51200,2026-08-15
SEO,Head,Sligo,37200,59100,2026-09-20
Ecommerce,Entry,Meath,62100,80400,2026-06-17
Brand,Executive,Donegal,64900,113600,2026-06-21
Head of marketing,Manager,Mayo,43300,102200,2026-08-07
Brand,Head,Clare,44500,70600,2026-07-10
Brand,Manager,Sligo,51900,76200,2026-06-10
Marketing operations,Head,Clare,49600,50400,2026-08-03
Product marketing,Manager,Clare,46600,51700,2026-05-30
Brand,Manager,Kerry,30600,54300,2026-05-25
Product marketing,Head,Cork,58400,85400,2026-07-04
Product marketing,Head,Cork,61400,84600,2026-07-24
Marketing operations,Entry,Mayo,39600,115700,2026-08-02
Head of marketing,Manager,Clare,41300,89300,2026-06-18
Head of marketing,Entry,Meath,49500,68400,2026-07-16
Head of marketing,Executive,Clare,47300,53300,2026-08-26
Content and social,Head,Clare,44100,54300,2026-08-12
Head of marketing,Head,Clare,43300,68600,2026-08-17
Product marketing,Head,Clare,55400,76200,2026-06-10
Product marketing,Manager,Meath,57300,107100,2026-08-19
SEO,Manager,Clare,43700,106300,2026-06-13
Marketing operations,Manager,Donegal,40700,61400,2026-08-07
SEO,Head,Kerry,50800,58300,2026-08-22
SEO,Manager,Clare,56500,45500,2026-09-16
Content and social,Executive,Mayo,43900,50000,2026-06-26
SEO,Manager,Mayo,35900,81300,2026-08-30
SEO,Head,Mayo,57000,64300,2026-09-14
Brand,Executive,Mayo,61800,85700,2026-06-06
Brand,Executive,Clare,42200,126600,2026-05-30
Ecommerce,Manager,Sligo,36300,65600,2026-06-03
SEO,Executive,Clare,51900,78500,2026-07-27
Head of marketing,Head,Clare,44200,74500,2026-08-09
Marketing operations,Manager,Mayo,44700,56200,2026-08-29
SEO,Manager,Clare,35100,70700,2026-07-10
SEO,Head,Cork,63200,57500,2026-07-14
Ecommerce,Executive,Meath,59700,83100,2026-06-20
SEO,Entry,Clare,38700,128900,2026-07-24
SEO,Manager,Clare,48600,55700,2026-07-30
Ecommerce,Head,Clare,46900,68400,2026-07-15
Marketing operations,Manager,Meath,47700,62300,2026-07-08
Content and social,Head,Cork,37500,75200,2026-06-06
Brand,Executive,Meath,31000,76100,2026-05-28
SEO,Head,Mayo,65000,86500,2026-08-02
SEO,Head,Kerry,54400,83000,2026-07-11
Head of marketing,Manager,Clare,33300,104300,2026-08-16
Head of marketing,Manager,Meath,36900,60200,2026-06-12
SEO,Head,Cork,44300,74400,2026-07-03
Ecommerce,Manager,Mayo,54100,58600,2026-07-15
Ecommerce,Head,Clare,47700,69200,2026-09-16
Brand,Manager,Meath,42400,58400,2026-07-15
Ecommerce,Head,Cork,61100,57000,2026-07-27
SEO,Head,Sligo,62900,87600,2026-08-15
Head of marketing,Executive,Cork,36100,114700,2026-06-30
Ecommerce,Manager,Mayo,37900,61200,2026-05-25
Content and social,Manager,Cork,48600,71200,2026-07-31
Brand,Head,Clare,56800,79100,2026-06-07
SEO,Head,Donegal,41000,62700,2026-09-13
Head of marketing,Manager,Sligo,33900,51300,2026-06-28
Product marketing,Head,Sligo,67900,83800,2026-08-23
Ecommerce,Head,Kerry,63100,98800,2026-07-24
Brand,Executive,Sligo,35700,120700,2026-06-03
Content and social,Entry,Cork,39800,86100,2026-05-26
Product marketing,Head,Clare,44000,53700,2026-08-20
SEO,Head,Cork,44400,72800,2026-07-07
Brand,Executive,Sligo,35000,67200,2026-07-13
Product marketing,Manager,Clare,32100,64000,2026-07-17
Marketing operations,Manager,Donegal,62800,85300,2026-07-06
Head of marketing,Executive,Clare,52500,100300,2026-09-08
Ecommerce,Manager,Sligo,44000,109500,2026-07-23
Marketing operations,Manager,Meath,38800,84300,2026-08-31
Brand,Head,Clare,48600,70900,2026-07-28
Head of marketing,Manager,Mayo,49100,55000,2026-07-27
SEO,Executive,Mayo,46800,60400,2026-09-11
Content and social,Head,Meath,34600,70100,2026-06-19
Head of marketing,Entry,Meath,64300,76500,2026-07-31
Product marketing,Manager,Clare,62800,101700,2026-08-24
Marketing operations,Entry,Meath,41000,111600,2026-07-07
Head of marketing,Entry,Meath,41700,86900,2026-09-10
Head of marketing,Manager,Sligo,41800,78000,2026-08-07
Product marketing,Manager,Clare,47600,54500,2026-08-24
SEO,Executive,Meath,38000,51600,2026-08-03
Content and social,Head,Clare,40500,79000,2026-09-12
Marketing operations,Head,Clare,68300,85400,2026-06-12
Product marketing,Manager,Meath,51800,87200,2026-08-15
Marketing operations,Head,Mayo,32500,115800,2026-09-10
Ecommerce,Executive,Meath,38800,86500,2026-06-12
SEO,Head,Donegal,53200,68500,2026-07-03
SEO,Head,Sligo,49400,73400,2026-06-24
Head of marketing,Head,Clare,46100,53700,2026-08-15
Ecommerce,Head,Cork,31900,80900,2026-06-09
SEO,Entry,Cork,58500,60200,2026-08-21
Head of marketing,Entry,Kerry,53900,114400,2026-06-15
Ecommerce,Manager,Kerry,39200,131000,2026-08-24
Content and social,Head,Donegal,42700,77800,2026-08-13
SEO,Head,Donegal,41300,76700,2026-08-09
Brand,Manager,Kerry,52300,57200,2026-08-31
Head of marketing,Entry,Kerry,37400,67200,2026-08-25
SEO,Manager,Donegal,40200,66800,2026-07-05
Brand,Manager,Donegal,63500,58200,2026-06-24
SEO,Manager,Meath,65000,93100,2026-06-21
SEO,Manager,Clare,31100,134000,2026-06-24
Content and social,Executive,Kerry,39600,87700,2026-08-18
Head of marketing,Head,Sligo,47600,67100,2026-08-28
Brand,Executive,Cork,46100,58000,2026-06-01
SEO,Head,Meath,40300,68500,2026-08-05
Content and social,Executive,Clare,43600,65200,2026-07-31
SEO,Executive,Clare,64000,74200,2026-06-09
Head of marketing,Manager,Cork,55100,97800,2026-06-17
SEO,Manager,Sligo,44200,123100,2026-07-07
SEO,Head,Sligo,36300,69600,2026-06-26
SEO,Entry,Cork,50100,52400,2026-07-02
Head of marketing,Head,Sligo,50500,60100,2026-09-01
Ecommerce,Head,Clare,41900,65100,2026-06-22
Brand,Head,Donegal,39300,76100,2026-08-22
Ecommerce,Head,Sligo,64600,73900,2026-07-08
Product marketing,Executive,Clare,61000,106000,2026-07-03
Content and social,Head,Kerry,32400,123300,2026-07-08
Head of marketing,Manager,Cork,46000,72000,2026-09-20
Content and social,Manager,Clare,53300,69200,2026-08-17
Product marketing,Head,Meath,48200,77000,2026-06-29
Brand,Head,Meath,37000,73200,2026-06-11
Ecommerce,Manager,Donegal,41300,66400,2026-06-17
Product marketing,Executive,Sligo,56200,68700,2026-09-10
Marketing operations,Manager,Donegal,60800,86600,2026-08-04
Content and social,Head,Clare,33700,123900,2026-06-24
Product marketing,Manager,Mayo,42300,60800,2026-08-09
Head of marketing,Entry,Mayo,48100,68200,2026-06-22
Brand,Head,Kerry,43200,54800,2026-07-06
Content and social,Manager,Clare,47200,73700,2026-08-27
Brand,Head,Cork,33700,55700,2026-08-21
Brand,Manager,Clare,66100,85900,2026-09-13
Content and social,Manager,Cork,57000,97500,2026-08-11
SEO,Manager,Sligo,41500,102800,2026-08-10
Head of marketing,Manager,Cork,41500,72300,2026-06-13
Ecommerce,Manager,Clare,49000,47600,2026-09-20
Marketing operations,Manager,Clare,43000,73300,2026-06-13
Marketing operations,Head,Mayo,43100,73500,2026-08-17
SEO,Head,Meath,32000,70100,2026-07-22
Marketing operations,Executive,Clare,55500,78700,2026-06-10
Head of marketing,Head,Mayo,63200,82300,2026-08-13
Head of marketing,Executive,Meath,38400,115000,2026-07-23
SEO,Manager,Clare,49200,72400,2026-09-01
Head of marketing,Executive,Cork,43600,61200,2026-07-08
Product marketing,Head,Kerry,52000,62400,2026-07-08
SEO,Head,Sligo,37600,54800,2026-08-17
Product marketing,Entry,Clare,41900,57400,2026-06-13
Marketing operations,Head,Kerry,60300,77300,2026-08-26
SEO,Head,Clare,53200,104500,2026-09-06
SEO,Manager,Mayo,30200,135300,2026-09-19
SEO,Manager,Cork,43000,75000,2026-06-30
SEO,Manager,Mayo,54100,72100,2026-08-17
Marketing operations,Executive,Mayo,44700,68300,2026-07-14
SEO,Head,Clare,43600,50700,2026-06-01
Ecommerce,Executive,Donegal,38200,51800,2026-06-01
Brand,Manager,Sligo,59400,61700,2026-07-04
Ecommerce,Head,Cork,60600,84200,2026-06-26
Product marketing,Executive,Kerry,35200,134000,2026-07-13
SEO,Manager,Donegal,48200,85800,2026-06-10
SEO,Head,Clare,50600,78500,2026-07-02
Ecommerce,Head,Clare,54000,77100,2026-08-13
Head of marketing,Head,Clare,34700,76200,2026-08-12
Ecommerce,Head,Clare,40500,60900,2026-07-17
Head of marketing,Head,Mayo,64600,85300,2026-08-13
Product marketing,Manager,Clare,63200,96000,2026-08-24
Brand,Manager,Kerry,42200,107300,2026-06-10
Brand,Manager,Donegal,48600,84100,2026-08-22
Head of marketing,Head,Clare,45500,45900,2026-07-08
Content and social,Head,Cork,50700,53300,2026-06-02
Content and social,Head,Kerry,40700,66900,2026-07-30
Content and social,Manager,Sligo,30700,81700,2026-08-10
Head of marketing,Manager,Clare,56600,64000,2026-06-12
SEO,Manager,Donegal,65100,98800,2026-06-17
SEO,Manager,Clare,40700,125700,2026-07-12
Product marketing,Manager,Clare,48700,86100,2026-05-30
Brand,Head,Cork,53600,69600,2026-08-09
Marketing operations,Entry,Sligo,51300,54300,2026-06-07
Product marketing,Head,Kerry,46000,52400,2026-09-19
SEO,Head,Kerry,42900,68100,2026-09-11
Head of marketing,Manager,Sligo,60800,67500,2026-06-16
Head of marketing,Head,Meath,51000,81000,2026-06-23
Product marketing,Entry,Clare,36900,117000,2026-06-27
Head of marketing,Head,Mayo,41800,65200,2026-06-17
Marketing operations,Head,Cork,51300,56200,2026-07-20
Ecommerce,Manager,Mayo,45700,51200,2026-05-24
Content and social,Manager,Donegal,37100,55200,2026-08-30
Head of marketing,Manager,Mayo,43800,76900,2026-09-09
Head of marketing,Manager,Donegal,63900,54700,2026-09-11
Marketing operations,Head,Sligo,56800,88600,2026-07-26
Product marketing,Entry,Sligo,43500,118300,2026-06-03
Marketing operations,Manager,Kerry,43200,84100,2026-06-23
Head of marketing,Entry,Kerry,44500,78700,2026-06-30
Content and social,Entry,Clare,50100,50400,2026-08-11
SEO,Head,Mayo,39500,74100,2026-05-27
Brand,Executive,Mayo,43700,68500,2026-07-17
Content and social,Head,Donegal,65100,73400,2026-06-24
Product marketing,Manager,Donegal,55500,85500,2026-06-05
Product marketing,Executive,Cork,37200,129100,2026-07-26
SEO,Head,Clare,42500,83500,2026-08-16
Product marketing,Head,Donegal,49700,69600,2026-08-27
Ecommerce,Head,Cork,45100,69200,2026-08-23
Marketing operations,Manager,Mayo,46000,60700,2026-07-29
SEO,Head,Donegal,40500,71700,2026-08-22
Marketing operations,Head,Cork,61100,70400,2026-07-09
Product marketing,Entry,Mayo,56900,94500,2026-07-30
SEO,Head,Cork,33600,132200,2026-06-30
Head of marketing,Head,Meath,40700,84000,2026-09-14
Marketing operations,Head,Kerry,42800,50800,2026-07-15
Ecommerce,Entry,Clare,54100,63800,2026-09-12
SEO,Executive,Mayo,47500,58400,2026-08-10
Ecommerce,Head,Kerry,30800,75500,2026-07-02
Brand,Manager,Meath,66500,83300,2026-09-08
Marketing operations,Manager,Clare,51600,93400,2026-08-23
SEO,Head,Meath,37700,103000,2026-08-28
Head of marketing,Head,Cork,37200,80300,2026-08-09
Brand,Manager,Clare,47900,72700,2026-06-29
Product marketing,Manager,Mayo,56000,76900,2026-08-04
Marketing operations,Manager,Cork,41800,72700,2026-08-13
SEO,Head,Clare,42400,73300,2026-08-18
SEO,Head,Donegal,63500,86200,2026-07-20
Ecommerce,Head,Clare,63300,90500,2026-08-10
SEO,Manager,Cork,37000,123100,2026-08-03
SEO,Head,Clare,49300,73300,2026-08-09
Ecommerce,Manager,Mayo,52800,78000,2026-06-20
SEO,Executive,Donegal,45300,66200,2026-08-13
SEO,Manager,Sligo,44000,55800,2026-08-03
Marketing operations,Manager,Mayo,43200,72400,2026-07-20
Content and social,Entry,Clare,61700,61200,2026-06-06
Ecommerce,Manager,Meath,60700,110100,2026-07-23
Ecommerce,Head,Clare,36000,112100,2026-06-30
Content and social,Head,Sligo,36700,68000,2026-06-28
Ecommerce,Manager,Clare,52600,59300,2026-09-19
Marketing operations,Head,Clare,51600,52900,2026-07-08
Marketing operations,Manager,Clare,42900,46400,2026-06-08
SEO,Manager,Clare,34100,63600,2026-07-25
Head of marketing,Head,Sligo,66900,76900,2026-07-09
SEO,Executive,Sligo,56000,114200,2026-08-04
Content and social,Head,Clare,41100,104700,2026-07-26
Head of marketing,Entry,Meath,44400,70500,2026-08-04
Ecommerce,Entry,Sligo,45300,74700,2026-08-01
SEO,Executive,Meath,52500,54200,2026-06-14
Marketing operations,Head,Donegal,46300,46500,2026-06-04
Marketing operations,Manager,Donegal,33900,62400,2026-09-12
Marketing operations,Manager,Meath,54700,71500,2026-07-30
Brand,Head,Clare,53800,101400,2026-08-23
Product marketing,Manager,Sligo,41300,123500,2026-06-08
SEO,Manager,Sligo,37600,65600,2026-09-08
SEO,Manager,Clare,55500,74700,2026-08-13
Marketing operations,Manager,Cork,53000,52100,2026-07-27
Head of marketing,Head,Clare,45000,58500,2026-09-19
Product marketing,Head,Donegal,34100,77000,2026-07-16
Marketing operations,Entry,Clare,66500,58600,2026-09-12
Brand,Entry,Mayo,61700,83400,2026-07-14
Marketing operations,Head,Kerry,44800,131600,2026-06-17
Marketing operations,Executive,Mayo,46300,65900,2026-07-06
SEO,Manager,Kerry,41500,50100,2026-07-31
Head of marketing,Head,Clare,56300,74100,2026-08-14
Marketing operations,Executive,Clare,45700,48100,2026-07-25
Content and social,Executive,Clare,44600,55200,2026-07-26
Head of marketing,Entry,Donegal,65200,81600,2026-06-03
Product marketing,Entry,Cork,56800,81300,2026-09-10
Content and social,Head,Clare,36900,131300,2026-07-28
SEO,Head,Mayo,39700,70200,2026-06-21
Ecommerce,Head,Clare,47800,58800,2026-06-26
Marketing operations,Manager,Donegal,55300,50000,2026-08-18
Product marketing,Head,Donegal,37700,56500,2026-07-24
Head of marketing,Head,Clare,32000,70000,2026-08-16
Content and social,Head,Clare,64800,68500,2026-06-02
Content and social,Head,Meath,53600,99400,2026-08-27
Head of marketing,Manager,Clare,42200,127800,2026-07-25
SEO,Head,Mayo,48900,81700,2026-09-05
Head of marketing,Head,Meath,49900,73600,2026-09-14
Content and social,Executive,Mayo,50400,59400,2026-06-03
Product marketing,Manager,Kerry,39600,58200,2026-07-22
Product marketing,Manager,Donegal,42100,63200,2026-07-13
Head of marketing,Manager,Clare,56100,68100,2026-06-14
SEO,Head,Clare,51900,91300,2026-06-15
Brand,Manager,Donegal,36300,120900,2026-08-09
Content and social,Manager,Donegal,45700,72500,2026-07-25
SEO,Manager,Donegal,50900,76600,2026-06-23
Content and social,Head,Clare,48900,77200,2026-05-27
Ecommerce,Head,Mayo,45600,47400,2026-06-01
SEO,Head,Mayo,32200,61500,2026-05-29
SEO,Manager,Mayo,56600,68100,2026-06-05
Product marketing,Head,Cork,51000,101500,2026-07-05
Marketing operations,Head,Cork,30400,123200,2026-07-12
Product marketing,Head,Clare,47000,68600,2026-08-20
Head of marketing,Manager,Sligo,41900,62900,2026-09-06
Ecommerce,Executive,Kerry,56600,47400,2026-07-20
Ecommerce,Manager,Clare,38900,68200,2026-07-16
Brand,Executive,Sligo,31400,55400,2026-06-21
SEO,Manager,Clare,59800,84600,2026-09-09
Head of marketing,Manager,Meath,57900,103300,2026-06-19
Brand,Head,Kerry,38100,130100,2026-08-17
Content and social,Manager,Clare,43300,79500,2026-09-19
Marketing operations,Head,Cork,43500,66800,2026-06-05
Content and social,Manager,Cork,51600,71700,2026-06-29
SEO,Head,Sligo,38600,73100,2026-06-11
Marketing operations,Executive,Clare,39300,60800,2026-07-30
Product marketing,Manager,Donegal,65000,81800,2026-05-31
SEO,Head,Donegal,58500,98700,2026-07-15
Marketing operations,Manager,Meath,40800,127800,2026-07-12
Brand,Head,Clare,50700,67700,2026-07-29
Content and social,Manager,Mayo,47000,69600,2026-09-07
Marketing operations,Manager,Clare,53400,61600,2026-09-16
SEO,Head,Donegal,42700,77600,2026-06-02
SEO,Entry,Sligo,35500,82300,2026-09-18
SEO,Head,Donegal,61100,64800,2026-08-23
Brand,Manager,Sligo,53700,106200,2026-08-10
Brand,Manager,Sligo,38800,105000,2026-07-20
Brand,Entry,Cork,49300,68700,2026-09-17
SEO,Manager,Meath,46100,49400,2026-06-27
Brand,Manager,Mayo,52600,61400,2026-07-19
SEO,Entry,Mayo,38900,71800,2026-06-10
Product marketing,Head,Sligo,34200,57400,2026-07-02
Head of marketing,Manager,Sligo,68000,64000,2026-06-18
SEO,Head,Meath,54700,101100,2026-07-17
SEO,Manager,Donegal,39900,104600,2026-09-15
Product marketing,Manager,Clare,41600,58800,2026-07-14
Marketing operations,Head,Kerry,41500,76700,2026-05-30
Ecommerce,Executive,Clare,43500,71800,2026-07-15
Brand,Executive,Clare,46500,55700,2026-09-18
SEO,Manager,Donegal,30300,60600,2026-09-04
Content and social,Executive,Cork,65200,59900,2026-08-07
Ecommerce,Head,Meath,53700,90000,2026-06-22
SEO,Executive,Donegal,36800,104900,2026-09-05
Marketing operations,Entry,Cork,43700,63000,2026-05-26
Head of marketing,Head,Meath,45800,49700,2026-09-15
Content and social,Manager,Meath,54100,54800,2026-06-25
Product marketing,Head,Donegal,42800,49400,2026-06-29
Product marketing,Head,Meath,33600,76600,2026-09-10
SEO,Head,Cork,65600,85400,2026-08-21
Product marketing,Head,Cork,62000,96200,2026-07-21
Ecommerce,Manager,Mayo,36900,110400,2026-07-19
Content and social,Head,Cork,48900,60600,2026-08-23
SEO,Manager,Sligo,41800,50500,2026-08-29
SEO,Head,Clare,43200,56300,2026-07-23
Ecommerce,Head,Cork,42400,54300,2026-07-11
SEO,Entry,Donegal,44800,59900,2026-05-31
Ecommerce,Manager,Clare,62200,66800,2026-07-27
SEO,Manager,Clare,60200,103000,2026-09-16
Product marketing,Manager,Kerry,42200,121800,2026-06-10
Marketing operations,Head,Donegal,50000,75700,2026-08-03
Ecommerce,Executive,Cork,51600,52400,2026-08-08
Brand,Head,Kerry,48100,66000,2026-07-23
Head of marketing,Manager,Cork,47300,46900,2026-06-20
Content and social,Executive,Mayo,43200,51100,2026-08-06
Marketing operations,Manager,Sligo,57800,63800,2026-05-26
SEO,Head,Clare,54300,88400,2026-06-01
SEO,Head,Donegal,37200,131600,2026-09-09
SEO,Head,Mayo,41000,64100,2026-06-07
Product marketing,Manager,Sligo,49800,71700,2026-09-15
Head of marketing,Entry,Clare,46100,62800,2026-06-08
Brand,Entry,Sligo,39800,71500,2026-08-27
Product marketing,Manager,Sligo,38300,54700,2026-05-24
Product marketing,Head,Meath,55500,67000,2026-08-04
SEO,Manager,Clare,62500,96200,2026-06-02
Content and social,Manager,Cork,40700,117800,2026-09-05
Product marketing,Head,Kerry,47300,64300,2026-06-02
Content and social,Manager,Clare,50000,51400,2026-07-24
Head of marketing,Manager,Clare,43700,54000,2026-08-26
Ecommerce,Manager,Mayo,38300,59000,2026-08-19
Marketing operations,Head,Meath,31600,66800,2026-09-10
SEO,Executive,Cork,58300,62700,2026-07-26
Marketing operations,Manager,Cork,57300,109200,2026-06-07
Content and social,Executive,Cork,31300,111000,2026-06-18
SEO,Entry,Cork,44300,60200,2026-05-25
SEO,Manager,Kerry,41900,48400,2026-09-09
Content and social,Head,Kerry,56800,53800,2026-08-01
SEO,Manager,Clare,43500,76400,2026-08-04
SEO,Manager,Clare,38000,61900,2026-07-18
Product marketing,Head,Clare,57400,69100,2026-09-02
SEO,Entry,Clare,63800,83300,2026-08-14
Marketing operations,Head,Donegal,33900,118500,2026-07-25
Content and social,Head,Mayo,39400,83100,2026-08-28
Product marketing,Head,Donegal,47600,72200,2026-09-17
Head of marketing,Head,Meath,55200,75200,2026-06-08
Head of marketing,Entry,Meath,36800,60900,2026-06-02
Brand,Manager,Cork,30700,80800,2026-08-23
SEO,Manager,Donegal,66200,78100,2026-07-11
SEO,Manager,Kerry,56000,108900,2026-09-08
SEO,Executive,Mayo,31900,133800,2026-06-23
SEO,Head,Clare,44100,60500,2026-07-17
Content and social,Head,Clare,46500,69200,2026-07-10
Content and social,Head,Sligo,45700,77200,2026-09-19
Content and social,Head,Donegal,40200,67100,2026-07-15
Head of marketing,Head,Donegal,31400,73900,2026-07-03
Product marketing,Executive,Donegal,61900,56300,2026-08-24
SEO,Head,Clare,52500,84000,2026-07-27
SEO,Executive,Meath,44500,118000,2026-06-16
SEO,Manager,Clare,46900,69900,2026-05-29
SEO,Manager,Clare,46500,71000,2026-06-24
SEO,Manager,Clare,52200,48900,2026-09-12
SEO,Head,Donegal,39500,64200,2026-06-24
Head of marketing,Head,Cork,42000,51100,2026-05-26
Product marketing,Head,Donegal,69200,76300,2026-08-15
Ecommerce,Manager,Clare,62400,84300,2026-08-02
Content and social,Manager,Meath,33400,126900,2026-06-07
Content and social,Manager,Clare,47600,69400,2026-09-16
Content and social,Head,Cork,51800,61600,2026-07-22
Content and social,Manager,Clare,54300,74400,2026-07-03
Brand,Manager,Clare,35300,44600,2026-06-19
SEO,Manager,Sligo,42800,61500,2026-07-01
SEO,Manager,Cork,65900,78000,2026-08-31
Product marketing,Head,Kerry,50700,80800,2026-08-05
SEO,Manager,Meath,42600,119900,2026-06-12
Brand,Head,Kerry,48900,62700,2026-07-16
SEO,Manager,Kerry,50900,45400,2026-06-20
SEO,Head,Clare,52800,52400,2026-09-15
Ecommerce,Entry,Kerry,39200,49800,2026-07-21
Marketing operations,Manager,Kerry,37700,63100,2026-06-29
Marketing operations,Head,Kerry,57000,71800,2026-08-26
Ecommerce,Head,Donegal,61100,105200,2026-07-19
Head of marketing,Entry,Meath,43500,128900,2026-09-16
Content and social,Entry,Mayo,47200,83200,2026-08-23
Head of marketing,Manager,Cork,46900,78600,2026-09-02
Product marketing,Head,Donegal,45200,48200,2026-08-26
Ecommerce,Entry,Kerry,41100,72600,2026-08-19
Content and social,Manager,Meath,41200,69800,2026-08-07
Ecommerce,Head,Mayo,59600,70400,2026-09-14
SEO,Executive,Clare,63300,109500,2026-08-18
Brand,Manager,Sligo,31800,110400,2026-07-05
Ecommerce,Executive,Mayo,36400,83700,2026-05-28
Brand,Manager,Kerry,52600,50900,2026-05-30
SEO,Head,Clare,54600,78000,2026-08-07
SEO,Manager,Cork,41700,69800,2026-09-13
SEO,Entry,Sligo,44800,71800,2026-08-20
Marketing operations,Manager,Clare,64000,54500,2026-08-18
SEO,Entry,Sligo,55600,98800,2026-07-02
Content and social,Head,Meath,42600,126800,2026-09-06
Brand,Entry,Clare,47600,59200,2026-08-02
Head of marketing,Manager,Sligo,47500,67200,2026-08-04
Ecommerce,Manager,Kerry,54400,47400,2026-07-02
Marketing operations,Head,Clare,39100,70400,2026-07-09
Product marketing,Head,Donegal,32200,81000,2026-09-03
Brand,Manager,Donegal,64700,80100,2026-08-05
Product marketing,Manager,Donegal,59700,99600,2026-07-12
Marketing operations,Head,Cork,32700,110500,2026-06-20
SEO,Head,Donegal,44500,64100,2026-08-02
Content and social,Head,Sligo,49000,68400,2026-08-22
SEO,Manager,Meath,50500,51800,2026-07-24
Brand,Head,Sligo,34600,45900,2026-06-05
Product marketing,Manager,Kerry,32200,81700,2026-08-17
Content and social,Head,Kerry,55800,65000,2026-09-02
SEO,Head,Meath,61500,91600,2026-06-15
Product marketing,Executive,Kerry,37200,105400,2026-05-29
Ecommerce,Manager,Donegal,40200,69300,2026-06-26
Ecommerce,Manager,Cork,45800,60700,2026-09-10
Marketing operations,Head,Clare,53200,63700,2026-05-28
SEO,Entry,Clare,38400,53700,2026-06-21
SEO,Manager,Clare,39800,67500,2026-08-24
SEO,Executive,Clare,57100,62300,2026-08-02
Product marketing,Head,Clare,63700,88800,2026-08-05
SEO,Executive,Cork,44400,105700,2026-09-10
Marketing operations,Executive,Mayo,42700,80000,2026-08-17
Product marketing,Entry,Meath,43500,53400,2026-08-12
SEO,Manager,Mayo,49900,53600,2026-07-20
SEO,Head,Meath,38600,68900,2026-08-16
Head of marketing,Head,Sligo,37200,84400,2026-08-11
Brand,Manager,Donegal,59000,81400,2026-08-27
SEO,Head,Sligo,56300,101900,2026-08-29
Head of marketing,Manager,Kerry,42600,110700,2026-08-01
Brand,Head,Meath,49700,67200,2026-07-20
Content and social,Executive,Mayo,51300,63200,2026-08-08
Head of marketing,Head,Clare,49100,54500,2026-09-12
Brand,Manager,Cork,47800,55700,2026-09-15
Brand,Manager,Cork,41100,50600,2026-08-04
SEO,Head,Cork,57000,81000,2026-08-18
SEO,Entry,Donegal,61400,112500,2026-07-04
SEO,Manager,Donegal,32500,106700,2026-08-14
Product marketing,Manager,Cork,43400,67700,2026-07-27
Product marketing,Manager,Donegal,49200,63100,2026-08-09
Head of marketing,Head,Meath,49600,75400,2026-07-09
SEO,Manager,Donegal,46800,72400,2026-05-24
Ecommerce,Head,Kerry,38700,61700,2026-07-12
Ecommerce,Head,Clare,68900,75800,2026-07-27
Ecommerce,Manager,Clare,57900,96700,2026-07-04
Marketing operations,Manager,Donegal,44600,120800,2026-06-04
Product marketing,Manager,Clare,36900,71800,2026-08-23
Brand,Entry,Cork,50900,59200,2026-08-28
Brand,Head,Donegal,56700,46500,2026-08-07
Product marketing,Manager,Clare,38900,65500,2026-09-17
Head of marketing,Entry,Kerry,35700,59500,2026-07-25
SEO,Head,Cork,57200,54100,2026-05-27
Marketing operations,Head,Donegal,64300,110700,2026-09-06
Ecommerce,Head,Sligo,32400,107500,2026-06-06
Product marketing,Manager,Sligo,48000,82800,2026-07-21
Marketing operations,Manager,Clare,52800,51000,2026-06-27
Product marketing,Head,Clare,51900,60000,2026-09-04
Ecommerce,Head,Donegal,36500,54900,2026-05-26
SEO,Manager,Mayo,36600,54100,2026-08-02
SEO,Head,Clare,62200,73700,2026-08-15
SEO,Head,Sligo,54400,83800,2026-07-29
Ecommerce,Head,Clare,40800,117100,2026-07-31
SEO,Manager,Mayo,38300,62600,2026-06-27
Head of marketing,Head,Cork,49700,57600,2026-09-16
SEO,Manager,Meath,48300,64500,2026-06-01
Brand,Head,Mayo,38700,59900,2026-06-11
SEO,Manager,Sligo,42100,82800,2026-07-15
Head of marketing,Manager,Meath,65400,58800,2026-06-01
Marketing operations,Head,Sligo,63300,87600,2026-07-27
Marketing operations,Manager,Clare,42600,112400,2026-08-02
Content and social,Head,Clare,45700,63900,2026-08-08
SEO,Manager,Clare,55800,49000,2026-09-08
Brand,Manager,Donegal,44900,59700,2026-09-06
SEO,Head,Meath,37800,66200,2026-07-08
SEO,Head,Mayo,36500,79800,2026-07-08
Ecommerce,Executive,Donegal,62900,69300,2026-08-24
Head of marketing,Manager,Kerry,61600,83800,2026-09-08
SEO,Entry,Sligo,36500,118700,2026-06-01
Brand,Manager,Mayo,50300,73500,2026-08-17
Marketing operations,Manager,Sligo,54400,78700,2026-07-08
SEO,Manager,Kerry,53200,45600,2026-07-05
SEO,Head,Clare,40000,76100,2026-06-15
Content and social,Manager,Sligo,39000,63700,2026-09-14
Marketing operations,Manager,Cork,57100,80200,2026-05-25
Marketing operations,Executive,Sligo,60000,96900,2026-06-16
Product marketing,Manager,Meath,32100,104300,2026-07-04
Marketing operations,Manager,Mayo,49100,68700,2026-08-20
Marketing operations,Entry,Clare,49900,45600,2026-06-20
Head of marketing,Manager,Donegal,44400,48900,2026-07-19
Head of marketing,Executive,Mayo,47900,59600,2026-08-27
Head of marketing,Manager,Clare,40000,58600,2026-06-27
Marketing operations,Head,Meath,62700,74500,2026-05-26
Marketing operations,Entry,Kerry,60200,113300,2026-07-12
Marketing operations,Entry,Mayo,37300,107300,2026-06-05
SEO,Head,Clare,39100,80900,2026-07-13
SEO,Head,Clare,42100,69000,2026-07-27
SEO,Manager,Kerry,55300,49600,2026-06-12
Content and social,Entry,Mayo,41400,46300,2026-06-17
Brand,Head,Sligo,33300,59600,2026-08-10
Content and social,Head,Kerry,67500,81900,2026-08-29
Ecommerce,Manager,Cork,52600,100600,2026-06-15
Ecommerce,Entry,Kerry,33000,129100,2026-08-10
Head of marketing,Head,Clare,41500,81500,2026-09-18
Brand,Manager,Clare,42300,45900,2026-05-24
Product marketing,Executive,Kerry,45600,64300,2026-08-15
SEO,Manager,Kerry,39600,78600,2026-08-22
Head of marketing,Head,Cork,42500,51100,2026-06-26
Brand,Head,Cork,69200,55500,2026-07-08
Brand,Executive,Sligo,54400,88300,2026-07-28
Marketing operations,Head,Clare,41300,121500,2026-07-29
SEO,Head,Clare,50300,77200,2026-09-01
Ecommerce,Head,Meath,48000,63200,2026-08-15
SEO,Manager,Clare,46300,77300,2026-05-28
Content and social,Head,Mayo,35200,73900,2026-08-14
Product marketing,Head,Mayo,40000,74700,2026-07-25
SEO,Head,Kerry,66800,55300,2026-05-27
Brand,Head,Clare,52500,92200,2026-08-23
Product marketing,Manager,Clare,41100,110600,2026-05-31
Content and social,Manager,Meath,47200,77800,2026-06-05
Marketing operations,Head,Meath,41300,79600,2026-06-05
SEO,Head,Mayo,54500,67100,2026-09-16
Product marketing,Executive,Cork,45700,69200,2026-07-10
SEO,Head,Mayo,43700,53600,2026-06-05
Marketing operations,Head,Clare,64100,72000,2026-09-06
Marketing operations,Manager,Meath,55400,96600,2026-06-14
SEO,Manager,Donegal,38600,130800,2026-05-29
Brand,Manager,Kerry,41000,67300,2026-09-19
Head of marketing,Manager,Cork,51600,65700,2026-09-01
Content and social,Head,Cork,52400,51000,2026-06-01
Head of marketing,Head,Sligo,40900,50500,2026-06-06
SEO,Manager,Meath,37500,57100,2026-07-18
Brand,Manager,Meath,68700,65200,2026-06-08
Brand,Manager,Cork,63600,87100,2026-07-02
Ecommerce,Head,Mayo,41100,106500,2026-07-17
SEO,Head,Donegal,46400,55700,2026-08-17
Product marketing,Manager,Sligo,51200,76000,2026-08-14
SEO,Head,Meath,55300,47300,2026-07-16
Marketing operations,Manager,Meath,44000,60000,2026-06-03
Brand,Manager,Mayo,38300,67200,2026-06-25
Head of marketing,Manager,Mayo,55300,71500,2026-06-20
Content and social,Manager,Meath,58300,91100,2026-07-15
Product marketing,Manager,Donegal,37900,102500,2026-07-03
SEO,Entry,Clare,41400,56000,2026-08-19
SEO,Entry,Clare,52300,58300,2026-06-01
Brand,Head,Kerry,46900,47700,2026-09-03
Marketing operations,Manager,Clare,40800,70700,2026-07-24
Marketing operations,Head,Clare,30700,64900,2026-06-23
Content and social,Entry,Kerry,55200,71200,2026-09-08
SEO,Manager,Clare,59400,95900,2026-09-06
Head of marketing,Manager,Mayo,44500,103500,2026-07-06
Brand,Manager,Clare,45900,81400,2026-09-13
Marketing operations,Head,Clare,48000,75800,2026-09-01
Product marketing,Executive,Donegal,52400,45800,2026-09-09
Brand,Manager,Sligo,46900,48800,2026-08-20
SEO,Manager,Donegal,40300,83200,2026-06-09
SEO,Manager,Mayo,60900,64000,2026-08-21
Head of marketing,Manager,Clare,59200,82300,2026-07-21
Head of marketing,Head,Clare,37100,123900,2026-09-14
Marketing operations,Head,Meath,39200,65500,2026-05-28
Brand,Manager,Kerry,53400,59500,2026-06-22
Head of marketing,Entry,Clare,51300,56400,2026-08-27
SEO,Manager,Cork,42400,63900,2026-07-23
Ecommerce,Manager,Kerry,33200,50600,2026-07-06
SEO,Manager,Clare,65800,55300,2026-06-27
Product marketing,Manager,Meath,59300,109000,2026-09-16
Product marketing,Executive,Clare,35000,135100,2026-07-07
SEO,Manager,Mayo,48700,80900,2026-08-18
Brand,Manager,Sligo,51800,47100,2026-08-06
SEO,Manager,Clare,43100,59900,2026-05-31
Head of marketing,Executive,Clare,36300,77500,2026-08-24
Product marketing,Executive,Clare,32200,58300,2026-06-25
Ecommerce,Executive,Sligo,59600,59700,2026-07-24
Content and social,Head,Clare,52100,87100,2026-05-25
Ecommerce,Entry,Clare,40100,119900,2026-09-17
Ecommerce,Executive,Cork,45700,70000,2026-07-29
Content and social,Head,Kerry,43200,71300,2026-08-28
Head of marketing,Head,Meath,45200,57300,2026-08-23
SEO,Head,Cork,45200,56600,2026-07-12
Ecommerce,Head,Sligo,35800,64800,2026-08-03
Content and social,Head,Mayo,55500,77700,2026-07-09
SEO,Manager,Cork,59200,97400,2026-06-11
Head of marketing,Manager,Sligo,35500,131500,2026-09-06
SEO,Entry,Clare,44000,59200,2026-06-05
Head of marketing,Manager,Mayo,48000,59900,2026-06-15
SEO,Head,Kerry,56700,49800,2026-09-17
Ecommerce,Entry,Cork,44900,66700,2026-09-14
Content and social,Head,Mayo,43600,50900,2026-07-11
SEO,Head,Cork,65300,66200,2026-06-16
Product marketing,Head,Mayo,62700,112700,2026-09-07
Head of marketing,Executive,Kerry,33700,116600,2026-09-18
SEO,Manager,Kerry,36300,74900,2026-07-22
Content and social,Manager,Kerry,43300,64200,2026-07-02
Content and social,Executive,Kerry,43800,74900,2026-08-11
Product marketing,Manager,Kerry,42900,64800,2026-09-19
Brand,Head,Donegal,37300,80100,2026-08-16
SEO,Manager,Clare,56500,59400,2026-09-09
Marketing operations,Executive,Meath,54100,80700,2026-09-06
Content and social,Head,Mayo,32100,108600,2026-09-08
Marketing operations,Manager,Meath,46900,77800,2026-08-01
Head of marketing,Head,Mayo,41500,47300,2026-07-30
Content and social,Entry,Clare,54900,48200,2026-09-20
Brand,Manager,Clare,40300,45600,2026-09-17
Brand,Manager,Clare,37900,65900,2026-08-05
Head of marketing,Manager,Mayo,61500,87700,2026-06-28
SEO,Entry,Mayo,63600,82200,2026-06-03
Ecommerce,Manager,Kerry,44700,116300,2026-07-21
Product marketing,Executive,Meath,50100,64700,2026-06-14
Head of marketing,Manager,Clare,43000,75100,2026-09-16
Content and social,Head,Sligo,47800,65200,2026-08-01
SEO,Manager,Clare,40300,53700,2026-06-20
Content and social,Head,Mayo,41700,60900,2026-07-25
Head of marketing,Head,Kerry,61100,74500,2026-07-21
SEO,Executive,Cork,53700,89000,2026-08-14
Content and social,Entry,Clare,34400,111500,2026-06-08
SEO,Manager,Sligo,42400,86600,2026-09-15
Head of marketing,Manager,Kerry,50700,65800,2026-07-02
Ecommerce,Executive,Mayo,55300,52200,2026-06-23
Product marketing,Head,Clare,40300,67800,2026-08-03
Brand,Head,Kerry,37400,71200,2026-07-24
Marketing operations,Head,Kerry,56400,87600,2026-07-29
SEO,Executive,Sligo,57300,108000,2026-09-20
Content and social,Manager,Cork,43500,129300,2026-07-16
Ecommerce,Entry,Clare,48800,58500,2026-07-08
Product marketing,Entry,Donegal,54400,62700,2026-06-21
Brand,Entry,Clare,51600,47900,2026-08-10
Brand,Manager,Donegal,41500,73700,2026-09-05
Content and social,Executive,Clare,32200,84200,2026-06-07
Head of marketing,Head,Clare,59500,74900,2026-05-24
Ecommerce,Manager,Sligo,63300,93600,2026-06-02
Product marketing,Head,Clare,39900,127900,2026-07-13
Marketing operations,Manager,Meath,43100,81900,2026-06-03
Product marketing,Head,Kerry,42900,47400,2026-07-20
SEO,Head,Sligo,50000,57000,2026-09-15
SEO,Head,Clare,35400,74400,2026-07-02
Ecommerce,Head,Donegal,30600,54000,2026-07-31
Content and social,Head,Meath,55000,76900,2026-05-27
SEO,Head,Cork,54200,89500,2026-08-14
Content and social,Head,Meath,37800,125800,2026-07-10
SEO,Manager,Mayo,47500,63300,2026-09-18
Head of marketing,Entry,Mayo,54900,45400,2026-05-26
Product marketing,Manager,Clare,43000,73300,2026-09-15
Product marketing,Manager,Meath,45600,52800,2026-07-19
SEO,Manager,Cork,34500,62000,2026-07-17
SEO,Head,Donegal,56300,81900,2026-09-18
Product marketing,Head,Donegal,59500,89600,2026-06-25
Ecommerce,Manager,Clare,31800,105300,2026-06-05
Content and social,Head,Donegal,40700,71200,2026-09-10
Content and social,Head,Cork,48600,65800,2026-06-14
SEO,Head,Clare,43800,60200,2026-05-30
Ecommerce,Entry,Meath,39300,69700,2026-07-03
Product marketing,Executive,Sligo,44100,51900,2026-05-27
Ecommerce,Manager,Clare,63600,71500,2026-09-13
Marketing operations,Manager,Cork,62900,113400,2026-08-20
Marketing operations,Entry,Cork,42800,129000,2026-08-21
SEO,Manager,Clare,48600,56000,2026-08-19
Marketing operations,Entry,Sligo,42800,52400,2026-06-10
Content and social,Head,Sligo,48900,78800,2026-08-20
Brand,Manager,Sligo,36200,66000,2026-08-10
SEO,Manager,Sligo,44300,82500,2026-07-06
SEO,Head,Clare,56400,54500,2026-08-21
Head of marketing,Entry,Cork,51800,94800,2026-07-13
SEO,Head,Mayo,37200,101700,2026-07-28
Marketing operations,Head,Clare,43700,55600,2026-06-09
Product marketing,Manager,Meath,45300,67600,2026-09-10
Product marketing,Entry,Clare,53200,69500,2026-07-19
Content and social,Manager,Kerry,36200,60200,2026-07-13
Product marketing,Manager,Mayo,43200,65000,2026-08-29
Ecommerce,Head,Clare,60300,63000,2026-08-28
SEO,Manager,Donegal,51600,100300,2026-07-12
Product marketing,Manager,Donegal,41400,133800,2026-06-12
Content and social,Entry,Sligo,43900,69000,2026-05-29
Marketing operations,Manager,Donegal,47300,49600,2026-06-10
Marketing operations,Manager,Sligo,51100,70700,2026-08-27
Marketing operations,Head,Meath,37500,72400,2026-09-13
Product marketing,Manager,Mayo,41600,79100,2026-07-17
SEO,Head,Meath,68900,64500,2026-08-29
Product marketing,Executive,Clare,63400,109000,2026-09-16
Marketing operations,Head,Donegal,33800,116000,2026-09-10
Content and social,Manager,Sligo,43400,77700,2026-08-19
Brand,Entry,Cork,47500,70000,2026-05-25
Content and social,Manager,Meath,53300,73200,2026-07-05
Marketing operations,Head,Meath,40400,52400,2026-06-28
Product marketing,Head,Clare,35000,81200,2026-05-28
Head of marketing,Manager,Sligo,57400,83800,2026-09-05
Content and social,Entry,Mayo,57900,83100,2026-06-14
Marketing operations,Head,Meath,36700,128600,2026-08-30
SEO,Entry,Cork,47500,89100,2026-09-15
SEO,Manager,Clare,48800,54500,2026-07-11
Product marketing,Executive,Kerry,51900,58600,2026-07-20
Ecommerce,Head,Clare,45700,69100,2026-09-01
SEO,Head,Clare,39700,64200,2026-07-23
Ecommerce,Entry,Clare,68400,64000,2026-08-03
Brand,Entry,Donegal,64500,110600,2026-06-25
SEO,Head,Cork,33300,122100,2026-08-13
Product marketing,Executive,Clare,42100,67900,2026-07-29
Ecommerce,Manager,Kerry,54100,66600,2026-06-07
Brand,Head,Meath,43900,72700,2026-05-25
SEO,Entry,Clare,41900,59500,2026-08-25
Brand,Manager,Kerry,33400,63300,2026-06-22
Ecommerce,Head,Clare,62000,65100,2026-06-10
SEO,Manager,Mayo,53700,88300,2026-08-01
Content and social,Entry,Meath,39900,112600,2026-07-17
Ecommerce,Manager,Sligo,44200,88900,2026-07-18
Head of marketing,Entry,Mayo,52600,46300,2026-07-31
Head of marketing,Manager,Sligo,43200,50900,2026-08-26
Ecommerce,Head,Mayo,46200,53900,2026-07-10
SEO,Manager,Sligo,31200,70300,2026-06-02
Ecommerce,Manager,Cork,60600,86800,2026-09-13
Brand,Head,Clare,59300,113700,2026-07-05
Marketing operations,Head,Mayo,33800,125900,2026-06-08
Product marketing,Head,Mayo,44500,83100,2026-06-11
Brand,Manager,Clare,50500,61600,2026-06-14
SEO,Manager,Clare,54900,56200,2026-06-29
Brand,Entry,Cork,36900,66800,2026-07-08
Content and social,Head,Cork,31300,52300,2026-09-08
Head of marketing,Head,Kerry,65700,78500,2026-08-22
Ecommerce,Head,Cork,51600,86700,2026-07-21
Marketing operations,Head,Donegal,37400,121700,2026-08-08
Content and social,Manager,Kerry,38300,76300,2026-09-06
Marketing operations,Manager,Mayo,55600,76400,2026-06-30
Marketing operations,Head,Clare,49500,50400,2026-07-13
SEO,Executive,Clare,35100,53300,2026-06-05
Brand,Manager,Clare,39700,64400,2026-09-12
SEO,Entry,Meath,66300,61800,2026-08-11
Head of marketing,Entry,Meath,61600,107000,2026-06-05
SEO,Manager,Cork,44700,124500,2026-07-31
Content and social,Manager,Donegal,40900,70000,2026-06-11
Brand,Manager,Cork,45800,68100,2026-07-18
Head of marketing,Manager,Donegal,51300,51100,2026-08-13
Ecommerce,Head,Cork,41300,68200,2026-07-05
SEO,Manager,Donegal,36500,78000,2026-06-04
Ecommerce,Manager,Clare,59700,83000,2026-06-29
Content and social,Entry,Clare,56500,110100,2026-08-14
Head of marketing,Manager,Donegal,39400,128600,2026-07-27
SEO,Head,Clare,38500,64000,2026-08-16
Ecommerce,Head,Cork,46100,71900,2026-07-01
Head of marketing,Executive,Meath,45900,54000,2026-07-17
Content and social,Head,Sligo,33700,49500,2026-08-16
Ecommerce,Head,Clare,32000,63200,2026-07-25
Marketing operations,Head,Clare,60400,72900,2026-09-11
Content and social,Executive,Sligo,58100,99500,2026-08-20
SEO,Manager,Donegal,39800,122900,2026-08-28
SEO,Entry,Clare,50400,68900,2026-08-12
Brand,Head,Sligo,46000,64800,2026-07-29
Marketing operations,Manager,Clare,57200,51000,2026-08-09
Ecommerce,Manager,Donegal,46000,72300,2026-06-09
Content and social,Executive,Sligo,30400,83800,2026-05-31
Head of marketing,Manager,Kerry,57600,68700,2026-07-12
Brand,Manager,Cork,61100,105700,2026-08-19
Content and social,Manager,Cork,30900,132800,2026-07-06
Content and social,Head,Clare,44700,62500,2026-06-11
SEO,Manager,Mayo,51000,72400,2026-07-20
Product marketing,Manager,Clare,51900,51800,2026-08-30
Brand,Entry,Mayo,45900,44700,2026-08-12
SEO,Executive,Kerry,31900,62700,2026-06-24
SEO,Head,Donegal,68900,63400,2026-08-03
Product marketing,Manager,Mayo,62400,95700,2026-07-10
SEO,Manager,Mayo,32400,112200,2026-07-24
Content and social,Head,Clare,37300,83500,2026-08-14
Content and social,Manager,Mayo,52600,70600,2026-06-03
SEO,Head,Meath,47700,78700,2026-05-28
Ecommerce,Head,Meath,38000,53500,2026-08-26
Brand,Manager,Clare,39300,69100,2026-06-20
SEO,Entry,Mayo,62700,84800,2026-07-27
SEO,Head,Mayo,63900,106200,2026-06-08
Marketing operations,Executive,Mayo,41900,120200,2026-07-01
Brand,Manager,Clare,44700,77400,2026-09-20
SEO,Manager,Sligo,49600,62200,2026-07-21
Brand,Head,Cork,44500,75800,2026-08-30
Head of marketing,Executive,Clare,41600,68700,2026-08-24
Marketing operations,Head,Cork,34400,80700,2026-06-20
SEO,Executive,Clare,62200,70300,2026-09-03
Head of marketing,Entry,Cork,64700,95800,2026-08-24
Product marketing,Manager,Kerry,38300,113500,2026-07-24
Content and social,Entry,Clare,50400,88700,2026-08-25
Product marketing,Entry,Mayo,54200,62400,2026-08-17
Brand,Manager,Clare,55200,55000,2026-07-23
SEO,Head,Meath,38500,76700,2026-07-01
Content and social,Manager,Donegal,31900,61300,2026-09-05
SEO,Manager,Clare,58100,67200,2026-09-08
SEO,Manager,Sligo,58600,81500,2026-09-17
Head of marketing,Manager,Sligo,43900,128100,2026-06-10
Content and social,Manager,Clare,44600,77900,2026-06-27
Content and social,Executive,Kerry,43900,74700,2026-08-28
Content and social,Manager,Cork,52500,58000,2026-07-08
SEO,Head,Cork,37000,63600,2026-09-10
SEO,Head,Clare,37200,57700,2026-09-11
Product marketing,Manager,Meath,55300,68200,2026-09-03
Brand,Head,Kerry,62300,86700,2026-08-16
SEO,Entry,Donegal,40100,124000,2026-07-16
SEO,Entry,Cork,38700,60600,2026-07-30
Brand,Entry,Mayo,55100,67100,2026-05-29
Content and social,Executive,Cork,55600,52600,2026-06-28
Content and social,Head,Mayo,39200,64400,2026-06-26
Marketing operations,Manager,Meath,32800,67600,2026-08-30
SEO,Manager,Kerry,59400,71600,2026-08-01
Content and social,Executive,Cork,53400,101900,2026-07-01
Content and social,Head,Cork,40300,104100,2026-08-19
Brand,Manager,Mayo,46000,76000,2026-09-19
Brand,Head,Clare,41400,70600,2026-07-09
Brand,Manager,Clare,52200,62500,2026-07-17
Marketing operations,Head,Mayo,48100,66700,2026-08-25
Content and social,Head,Clare,44300,84200,2026-05-29
Content and social,Manager,Donegal,66400,84300,2026-06-10
SEO,Manager,Sligo,65100,97600,2026-06-28
Product marketing,Manager,Sligo,33800,118500,2026-09-02
Content and social,Head,Kerry,45400,72700,2026-07-22
Product marketing,Head,Meath,45000,67900,2026-06-09
Marketing operations,Manager,Mayo,42800,61900,2026-08-13
Ecommerce,Manager,Clare,48100,54500,2026-07-09
Brand,Head,Donegal,31300,67500,2026-06-22
SEO,Head,Cork,68300,65000,2026-07-06
Ecommerce,Entry,Meath,58400,85200,2026-05-26
Head of marketing,Manager,Mayo,35600,106800,2026-07-25
Head of marketing,Head,Sligo,36600,83700,2026-09-18
Marketing operations,Executive,Mayo,46600,54000,2026-09-20
Content and social,Entry,Kerry,55000,51000,2026-08-08
Ecommerce,Manager,Donegal,36800,71600,2026-09-01
SEO,Manager,Mayo,30900,73700,2026-09-16
Product marketing,Manager,Clare,62100,80800,2026-07-18
SEO,Executive,Sligo,57600,98300,2026-06-25
Head of marketing,Head,Kerry,35200,102700,2026-08-16
Head of marketing,Manager,Donegal,45100,72900,2026-06-03
SEO,Entry,Donegal,43600,56800,2026-08-10
Head of marketing,Entry,Cork,42700,63100,2026-09-15
Marketing operations,Manager,Meath,36000,47200,2026-05-30
Marketing operations,Manager,Sligo,41600,54900,2026-07-04
SEO,Executive,Clare,55600,55500,2026-07-22
Marketing operations,Manager,Donegal,56800,99100,2026-06-23
Product marketing,Executive,Mayo,37300,121200,2026-08-23
Ecommerce,Manager,Donegal,36400,78400,2026-07-31
Brand,Manager,Clare,51300,75700,2026-06-09
Head of marketing,Manager,Meath,45500,54800,2026-08-01
Ecommerce,Entry,Cork,46200,47200,2026-09-20
Content and social,Head,Mayo,31300,69900,2026-05-24
SEO,Manager,Cork,64900,79000,2026-08-06
Content and social,Manager,Sligo,57500,88200,2026-07-14
Product marketing,Entry,Cork,31600,111400,2026-06-07
SEO,Manager,Meath,43100,65200,2026-07-06
Content and social,Head,Cork,53100,60100,2026-06-15
Brand,Head,Clare,52400,77000,2026-07-16
SEO,Head,Sligo,35400,52600,2026-09-13
Content and social,Executive,Sligo,32400,69800,2026-06-15
Marketing operations,Manager,Kerry,56900,77800,2026-08-08
Content and social,Executive,Mayo,62200,82900,2026-05-25
Product marketing,Head,Cork,30600,101800,2026-08-20
SEO,Manager,Sligo,45900,70700,2026-09-13
Head of marketing,Manager,Sligo,47200,47600,2026-07-05
Head of marketing,Manager,Sligo,53200,51500,2026-07-24
Marketing operations,Manager,Clare,38100,61900,2026-09-01
Content and social,Manager,Mayo,37500,57700,2026-05-28
Brand,Manager,Kerry,66300,55900,2026-09-05
Brand,Head,Sligo,57400,103800,2026-07-11
SEO,Manager,Donegal,32200,134200,2026-06-26
Product marketing,Entry,Clare,45000,78900,2026-07-07
Product marketing,Head,Meath,53600,56400,2026-09-11
Marketing operations,Manager,Clare,52700,57200,2026-08-02
SEO,Head,Cork,40100,76400,2026-08-19
Ecommerce,Manager,Meath,34000,57700,2026-09-03
Marketing operations,Executive,Meath,59300,64200,2026-06-08
SEO,Head,Mayo,63600,114200,2026-07-19
Marketing operations,Head,Sligo,31500,126600,2026-07-12
SEO,Manager,Mayo,45600,74100,2026-07-11
Product marketing,Manager,Clare,55800,51500,2026-07-27
Product marketing,Head,Clare,56800,76000,2026-07-26
Content and social,Head,Kerry,44300,57800,2026-07-13
Marketing operations,Head,Cork,37100,50500,2026-08-07
SEO,Manager,Kerry,59500,75600,2026-08-22
Content and social,Entry,Mayo,51900,109600,2026-09-12
Ecommerce,Manager,Donegal,34000,113900,2026-08-04
SEO,Entry,Clare,39100,71600,2026-06-16
Product marketing,Head,Meath,51100,51400,2026-07-12
Head of marketing,Manager,Donegal,48800,48100,2026-06-24
SEO,Head,Sligo,44400,50300,2026-07-05
Brand,Manager,Clare,40500,59900,2026-09-06
SEO,Entry,Sligo,66500,70500,2026-08-07
Marketing operations,Head,Mayo,53600,101600,2026-07-27
Marketing operations,Head,Kerry,41700,125100,2026-07-16
Head of marketing,Head,Donegal,41900,60100,2026-06-06
SEO,Manager,Donegal,54600,55200,2026-07-04
SEO,Manager,Meath,47000,70500,2026-07-17
Brand,Manager,Donegal,45700,51800,2026-06-06
Product marketing,Manager,Donegal,41000,51700,2026-08-20
Brand,Manager,Clare,55600,71300,2026-05-30
Content and social,Manager,Clare,61400,103400,2026-06-30
SEO,Manager,Clare,43100,112800,2026-06-14
Ecommerce,Manager,Cork,49000,83800,2026-07-28
Product marketing,Head,Cork,55000,66600,2026-06-15
Content and social,Head,Mayo,53400,54900,2026-07-15
Brand,Executive,Donegal,37200,50600,2026-06-28
Marketing operations,Head,Clare,39300,53900,2026-07-15
SEO,Head,Clare,59200,57300,2026-07-16
Brand,Head,Sligo,63600,92700,2026-06-25
Marketing operations,Entry,Meath,38900,102000,2026-09-05
Content and social,Entry,Clare,42600,70100,2026-07-08
Content and social,Manager,Donegal,44000,60300,2026-07-20
SEO,Manager,Clare,52100,76600,2026-07-09
Brand,Head,Sligo,45500,78300,2026-05-27
Product marketing,Head,Clare,42700,65500,2026-09-14
Marketing operations,Manager,Cork,68700,63500,2026-09-07
Content and social,Manager,Clare,64300,102100,2026-07-22
Content and social,Entry,Cork,41400,130000,2026-07-23
Content and social,Manager,Cork,41600,84900,2026-06-05
Brand,Manager,Clare,43600,60900,2026-07-10
Marketing operations,Manager,Kerry,53900,73100,2026-09-18
Ecommerce,Manager,Mayo,41700,44900,2026-06-09
SEO,Head,Clare,34100,70900,2026-06-09
Marketing operations,Executive,Clare,62000,66400,2026-07-06
SEO,Manager,Sligo,53800,107000,2026-08-14
Head of marketing,Manager,Kerry,36100,128900,2026-06-30
Marketing operations,Head,Mayo,40800,58900,2026-07-11
Head of marketing,Entry,Cork,43200,46600,2026-07-02
Ecommerce,Manager,Sligo,43800,73600,2026-08-24
Ecommerce,Manager,Clare,42000,75300,2026-06-04
SEO,Head,Donegal,42900,71800,2026-09-07
SEO,Entry,Mayo,54800,66600,2026-08-01
Head of marketing,Head,Donegal,56300,93800,2026-08-25
Head of marketing,Entry,Kerry,38500,120500,2026-08-03
Brand,Manager,Donegal,36600,64900,2026-06-05
SEO,Head,Donegal,49300,62600,2026-08-23
Content and social,Manager,Cork,57000,75000,2026-06-07
SEO,Manager,Kerry,44700,58000,2026-08-20
Product marketing,Manager,Sligo,35700,56700,2026-08-31
Head of marketing,Executive,Clare,59300,63000,2026-08-10
Content and social,Head,Meath,55900,113400,2026-06-02
Content and social,Head,Mayo,30200,102400,2026-08-27
Product marketing,Head,Donegal,39700,86100,2026-06-14
Marketing operations,Manager,Clare,52300,62000,2026-09-01
Brand,Head,Cork,43300,53300,2026-06-19
SEO,Manager,Sligo,47600,58800,2026-08-31
SEO,Head,Mayo,32900,61000,2026-08-13
Marketing operations,Executive,Sligo,55300,64700,2026-09-02
SEO,Executive,Sligo,54500,93800,2026-07-22
SEO,Manager,Clare,36300,105900,2026-08-24
Brand,Manager,Meath,47100,81700,2026-08-07
Content and social,Head,Kerry,42100,46200,2026-08-20
SEO,Executive,Kerry,49700,75400,2026-05-26
Marketing operations,Entry,Kerry,34800,59400,2026-06-27
Brand,Manager,Mayo,32700,54100,2026-07-02
Brand,Head,Mayo,67700,72000,2026-08-27
Brand,Head,Meath,53400,111900,2026-08-21
Content and social,Executive,Kerry,40600,107600,2026-08-27
Marketing operations,Manager,Donegal,50400,81000,2026-08-19
Product marketing,Manager,Cork,47700,57600,2026-07-20
Product marketing,Executive,Meath,45400,63200,2026-08-25
Product marketing,Manager,Sligo,48000,66300,2026-06-15
SEO,Head,Meath,30600,81200,2026-07-13
Content and social,Executive,Donegal,64200,81700,2026-07-14
Ecommerce,Manager,Cork,50800,111100,2026-06-18
SEO,Head,Clare,30600,103000,2026-09-02
Brand,Manager,Sligo,41800,72700,2026-08-28
Product marketing,Executive,Cork,49900,47900,2026-06-29
Head of marketing,Manager,Clare,48400,68400,2026-07-26
SEO,Executive,Clare,36900,61000,2026-07-22
Head of marketing,Manager,Clare,37700,51900,2026-07-15
Marketing operations,Head,Mayo,58500,82000,2026-08-31
Head of marketing,Manager,Sligo,55000,90000,2026-06-03
SEO,Manager,Clare,35200,110000,2026-09-16
SEO,Manager,Kerry,46500,69100,2026-06-16
Marketing operations,Head,Donegal,42100,53800,2026-08-24
Brand,Entry,Donegal,50100,63500,2026-06-23
Product marketing,Entry,Mayo,33800,52000,2026-06-13
Content and social,Head,Cork,32400,81200,2026-06-21
Product marketing,Head,Sligo,64800,60200,2026-06-04
Brand,Manager,Clare,52000,109800,2026-08-07
Brand,Manager,Meath,33200,125500,2026-08-17
Content and social,Manager,Cork,41300,56600,2026-06-05
Brand,Executive,Mayo,47200,72100,2026-09-07
Content and social,Head,Cork,47600,69100,2026-09-09
Head of marketing,Manager,Kerry,37300,74700,2026-08-09
SEO,Head,Cork,42700,59900,2026-06-05
SEO,Executive,Cork,54700,67000,2026-08-22
SEO,Manager,Kerry,61300,103500,2026-06-27
SEO,Manager,Kerry,38200,132000,2026-08-17
Head of marketing,Head,Meath,46700,74300,2026-08-18
Brand,Head,Mayo,47700,61800,2026-08-15
Brand,Manager,Clare,43100,70300,2026-06-13
Ecommerce,Head,Clare,39600,77100,2026-06-22
Content and social,Manager,Sligo,33600,69300,2026-08-23
Head of marketing,Head,Donegal,65400,58300,2026-07-19
Ecommerce,Entry,Mayo,59100,109100,2026-06-12
Marketing operations,Head,Clare,42300,106900,2026-06-18
Ecommerce,Head,Kerry,47000,63200,2026-09-03
Product marketing,Manager,Mayo,55100,67000,2026-09-06
Product marketing,Head,Kerry,43200,56100,2026-06-09
Product marketing,Manager,Clare,34100,60700,2026-09-20
SEO,Executive,Cork,32000,54300,2026-07-05
SEO,Executive,Donegal,58000,73200,2026-08-23
SEO,Manager,Kerry,52400,85700,2026-06-08
Content and social,Head,Clare,34900,103500,2026-06-21
Head of marketing,Manager,Donegal,42600,63200,2026-08-08
Product marketing,Manager,Mayo,54500,56200,2026-06-22
Ecommerce,Head,Meath,54700,48800,2026-07-03
SEO,Manager,Mayo,43700,66100,2026-07-26
Marketing operations,Head,Meath,35800,58500,2026-07-23
SEO,Head,Donegal,67700,80700,2026-06-30
Content and social,Manager,Kerry,62200,95100,2026-07-15
Content and social,Manager,Clare,38700,112300,2026-09-13
Head of marketing,Head,Clare,41000,78700,2026-08-16
Content and social,Entry,Clare,53400,47700,2026-07-08
Product marketing,Head,Kerry,49300,54800,2026-05-26
Brand,Executive,Kerry,41000,55600,2026-08-30
Content and social,Head,Clare,35700,57300,2026-08-18
Product marketing,Head,Mayo,66400,59400,2026-07-23
Ecommerce,Manager,Kerry,65100,111900,2026-09-16
Head of marketing,Head,Mayo,35400,114400,2026-08-22
SEO,Manager,Donegal,36600,58000,2026-06-17
SEO,Head,Clare,49000,57700,2026-06-18
SEO,Head,Clare,50800,51200,2026-07-09
Product marketing,Head,Mayo,42800,68400,2026-08-13
Marketing operations,Executive,Clare,41100,80900,2026-07-16
Product marketing,Manager,Kerry,59200,85800,2026-07-29
Ecommerce,Head,Donegal,60300,114500,2026-07-28
SEO,Head,Meath,41100,116200,2026-09-16
Marketing operations,Executive,Clare,44500,66900,2026-09-06
SEO,Head,Kerry,41700,49800,2026-05-30
Content and social,Head,Meath,51900,56300,2026-06-04
Marketing operations,Manager,Donegal,39900,61000,2026-08-01
Product marketing,Manager,Sligo,37200,63800,2026-09-01
Marketing operations,Entry,Cork,58600,67900,2026-07-05
Product marketing,Executive,Clare,53500,104300,2026-05-24
Head of marketing,Entry,Cork,30800,130400,2026-06-22
Content and social,Head,Clare,44200,63500,2026-06-18
Marketing operations,Head,Meath,50200,66900,2026-06-24
Content and social,Head,Clare,43500,73900,2026-08-30
SEO,Manager,Mayo,44400,62400,2026-07-09
Content and social,Manager,Kerry,30500,72300,2026-09-10
Product marketing,Head,Cork,55800,57300,2026-07-30
Head of marketing,Head,Meath,54000,93700,2026-07-30
SEO,Head,Clare,33700,102700,2026-07-14
Head of marketing,Head,Clare,38400,66800,2026-08-08
Content and social,Head,Donegal,43400,71600,2026-07-10
Marketing operations,Executive,Clare,55600,69200,2026-09-04
SEO,Head,Donegal,33700,48100,2026-06-29
Content and social,Head,Clare,33800,55900,2026-07-07
Product marketing,Head,Kerry,55200,65800,2026-09-20
SEO,Executive,Sligo,55700,85700,2026-06-11
Content and social,Entry,Meath,40700,106200,2026-06-15
Ecommerce,Entry,Donegal,46800,84400,2026-06-04
Content and social,Head,Clare,41900,73700,2026-06-14
Content and social,Manager,Kerry,45200,64800,2026-07-09
Ecommerce,Head,Cork,47100,47000,2026-05-30
Content and social,Manager,Donegal,30900,65000,2026-06-03
Product marketing,Executive,Mayo,63000,78100,2026-05-26
Product marketing,Head,Clare,51800,80800,2026-08-16
SEO,Manager,Donegal,42200,127000,2026-05-25
Product marketing,Head,Sligo,46900,59200,2026-06-14
Product marketing,Manager,Mayo,44600,45800,2026-06-18
Brand,Head,Kerry,55700,71400,2026-08-15
Brand,Executive,Cork,40600,45700,2026-08-05
Ecommerce,Manager,Meath,33400,76800,2026-07-15
Product marketing,Head,Sligo,67800,63400,2026-07-19
Ecommerce,Manager,Sligo,54400,102000,2026-08-25
SEO,Head,Clare,37600,120400,2026-06-03
Content and social,Manager,Cork,40700,55900,2026-06-08
Brand,Head,Sligo,53000,76000,2026-06-28
SEO,Manager,Mayo,53400,67200,2026-06-29
Product marketing,Head,Cork,45400,56400,2026-05-30
Brand,Manager,Meath,33500,79700,2026-06-07
Ecommerce,Head,Clare,61700,80200,2026-06-22
SEO,Manager,Kerry,55300,83900,2026-09-04
Brand,Head,Kerry,44600,108500,2026-09-17
Product marketing,Manager,Mayo,49700,88600,2026-06-14
SEO,Head,Cork,46000,76300,2026-08-28
SEO,Entry,Clare,46700,75300,2026-07-29
Content and social,Executive,Clare,46100,70300,2026-06-08
Marketing operations,Head,Donegal,33600,81200,2026-09-10
Brand,Manager,Meath,56600,69600,2026-06-01
Brand,Executive,Sligo,60400,83800,2026-07-07
SEO,Manager,Cork,40300,134200,2026-06-28
Brand,Manager,Clare,48900,65400,2026-08-29
Marketing operations,Manager,Meath,53000,72400,2026-07-14
SEO,Executive,Clare,57000,64800,2026-08-22
Content and social,Manager,Mayo,41300,63200,2026-07-25
Brand,Head,Mayo,44800,66700,2026-07-21
SEO,Head,Mayo,55500,56900,2026-05-25
Brand,Entry,Clare,64500,105000,2026-06-19
Product marketing,Manager,Mayo,32500,130200,2026-07-27
Content and social,Manager,Clare,38900,77800,2026-09-13
Product marketing,Head,Clare,42700,76500,2026-08-20
SEO,Head,Meath,48900,74400,2026-09-15
Brand,Head,Sligo,44600,77200,2026-09-10
SEO,Manager,Meath,42200,56300,2026-07-27
Content and social,Manager,Mayo,68900,61000,2026-07-13
Ecommerce,Head,Clare,57000,96900,2026-05-26
SEO,Head,Meath,40500,125700,2026-06-18
Head of marketing,Head,Clare,39100,67500,2026-07-03
Product marketing,Entry,Sligo,54500,66400,2026-05-31
SEO,Executive,Kerry,47900,61500,2026-06-19
Marketing operations,Manager,Clare,47200,53000,2026-06-08
Ecommerce,Manager,Kerry,34700,72100,2026-07-10
Head of marketing,Head,Mayo,58700,76400,2026-08-16
SEO,Executive,Sligo,59900,104400,2026-09-18
Marketing operations,Head,Clare,39200,130900,2026-08-27
Head of marketing,Manager,Clare,43200,80100,2026-07-11
SEO,Head,Clare,50700,69500,2026-08-29
Brand,Entry,Kerry,46900,50800,2026-06-11
Product marketing,Head,Cork,42600,49400,2026-06-26
Head of marketing,Head,Sligo,31200,73600,2026-09-08
Brand,Executive,Clare,67300,83600,2026-06-08
SEO,Head,Meath,53900,97900,2026-07-27
Ecommerce,Manager,Clare,42100,114000,2026-08-25
Product marketing,Executive,Cork,47600,85700,2026-06-02
Brand,Manager,Mayo,42700,54900,2026-09-09
Ecommerce,Manager,Donegal,50900,69900,2026-09-15
Content and social,Manager,Mayo,47000,77500,2026-09-19
Marketing operations,Manager,Meath,42100,62600,2026-07-31
SEO,Executive,Cork,57200,64800,2026-06-23
Head of marketing,Head,Meath,56900,83200,2026-06-22
Ecommerce,Head,Clare,41200,104000,2026-08-29
Marketing operations,Head,Clare,48000,66500,2026-09-12
SEO,Head,Kerry,47600,57200,2026-09-14
Marketing operations,Executive,Cork,43300,45800,2026-07-03
Ecommerce,Head,Donegal,43800,65700,2026-09-18
Brand,Head,Meath,43200,74300,2026-09-17
SEO,Manager,Mayo,63800,70400,2026-06-13
SEO,Head,Donegal,54200,112000,2026-08-03
SEO,Manager,Kerry,36000,114000,2026-07-11
Content and social,Head,Donegal,42500,83200,2026-07-29
Brand,Head,Meath,50300,53300,2026-07-04
Product marketing,Manager,Donegal,46600,51800,2026-07-13
SEO,Head,Kerry,43000,73100,2026-08-04
Ecommerce,Entry,Clare,34000,75700,2026-07-01
Marketing operations,Manager,Mayo,61400,79500,2026-07-07
Marketing operations,Manager,Cork,62900,102100,2026-06-14
SEO,Entry,Mayo,34800,114500,2026-08-14
Product marketing,Manager,Sligo,45200,83800,2026-07-26
SEO,Entry,Clare,50400,48100,2026-09-09
Product marketing,Manager,Clare,47200,63400,2026-08-23
SEO,Manager,Sligo,36600,78000,2026-07-14
Ecommerce,Executive,Clare,36100,78600,2026-07-23
Ecommerce,Entry,Meath,66700,58200,2026-07-14
Product marketing,Entry,Sligo,54200,100800,2026-06-07
Content and social,Head,Meath,30400,122700,2026-08-01
Content and social,Head,Meath,46100,56200,2026-06-24
Ecommerce,Head,Meath,55200,64200,2026-09-03
Brand,Head,Mayo,55600,61300,2026-07-12
SEO,Manager,Sligo,46800,58500,2026-08-17
Ecommerce,Head,Clare,32900,62100,2026-06-16
SEO,Manager,Cork,69200,85200,2026-09-03
Content and social,Head,Meath,61800,83100,2026-09-01
Ecommerce,Executive,Cork,38600,115600,2026-06-04
SEO,Head,Donegal,41500,62300,2026-07-11
Brand,Head,Donegal,41800,72100,2026-06-28
Head of marketing,Head,Cork,46400,61200,2026-06-13
Brand,Executive,Clare,48100,62000,2026-06-27
Brand,Manager,Kerry,30600,58500,2026-06-02
Content and social,Executive,Sligo,68800,62200,2026-08-15
Content and social,Head,Clare,60600,90700,2026-08-13
SEO,Entry,Mayo,30600,124800,2026-08-12
Content and social,Manager,Mayo,50700,58200,2026-06-20
Ecommerce,Manager,Mayo,44600,78300,2026-08-18
Ecommerce,Head,Clare,50000,49500,2026-07-02
Content and social,Head,Mayo,45700,62500,2026-09-15
Head of marketing,Head,Donegal,36900,60700,2026-05-30
Head of marketing,Head,Mayo,63900,73700,2026-06-23
SEO,Head,Donegal,57800,110100,2026-06-18
SEO,Manager,Mayo,39700,127400,2026-06-27
SEO,Manager,Clare,46600,60700,2026-06-19
Product marketing,Manager,Clare,45600,54000,2026-07-11
Brand,Manager,Sligo,56900,58200,2026-07-13
Marketing operations,Head,Meath,40900,72000,2026-09-05
Ecommerce,Manager,Sligo,41500,77400,2026-06-16
SEO,Manager,Mayo,55400,71500,2026-08-08
Brand,Head,Donegal,51300,95900,2026-08-16
Product marketing,Manager,Mayo,37400,129600,2026-05-29
Marketing operations,Entry,Clare,50300,64400,2026-08-09
Head of marketing,Manager,Meath,55200,63700,2026-05-25
Brand,Manager,Cork,56200,59400,2026-07-15
SEO,Manager,Donegal,41000,46900,2026-06-09
Brand,Manager,Donegal,31500,58500,2026-09-05
Ecommerce,Manager,Mayo,60100,76500,2026-07-06
Head of marketing,Executive,Cork,56600,106100,2026-08-15
Brand,Entry,Cork,33300,112300,2026-07-15
Content and social,Head,Kerry,38300,59800,2026-08-15
Head of marketing,Manager,Clare,51500,57900,2026-07-18
Product marketing,Head,Kerry,51100,45400,2026-08-27
SEO,Head,Donegal,35700,45700,2026-09-15
SEO,Entry,Kerry,39900,65500,2026-06-20
Marketing operations,Manager,Sligo,64400,67300,2026-07-24
SEO,Head,Clare,63400,112200,2026-06-04
SEO,Manager,Donegal,41700,119300,2026-06-02
Ecommerce,Head,Sligo,47000,58500,2026-08-26
Brand,Manager,Sligo,55200,60300,2026-06-21
Product marketing,Executive,Clare,49400,65500,2026-07-05
SEO,Manager,Clare,35900,64800,2026-08-15
Head of marketing,Manager,Mayo,39600,63800,2026-08-31
Ecommerce,Manager,Meath,65300,76000,2026-07-07
SEO,Head,Clare,62000,82600,2026-08-23
Content and social,Executive,Cork,34300,121200,2026-07-04
Content and social,Manager,Kerry,49800,82300,2026-07-05
Head of marketing,Head,Clare,48800,60100,2026-09-17
Product marketing,Head,Mayo,49400,78600,2026-05-24
Ecommerce,Head,Donegal,39700,78300,2026-06-20
SEO,Entry,Mayo,32500,59200,2026-07-03
SEO,Head,Clare,66200,59300,2026-07-11
Content and social,Manager,Mayo,64500,100600,2026-05-28
Head of marketing,Manager,Mayo,30300,128000,2026-07-27
Head of marketing,Head,Meath,43900,75100,2026-06-05
SEO,Head,Donegal,48300,59100,2026-07-16
Brand,Manager,Cork,54600,67700,2026-07-26
Content and social,Head,Mayo,38300,53500,2026-05-26
SEO,Head,Kerry,41800,73300,2026-09-11
Head of marketing,Entry,Mayo,67400,64500,2026-06-12
Marketing operations,Executive,Donegal,54300,104600,2026-09-12
Marketing operations,Head,Mayo,32800,134600,2026-06-19
Content and social,Entry,Meath,41700,60000,2026-06-25
Product marketing,Manager,Donegal,46500,52000,2026-07-30
Head of marketing,Manager,Mayo,50300,63100,2026-09-08
Head of marketing,Manager,Kerry,43700,49100,2026-08-27
Head of marketing,Head,Sligo,43800,52900,2026-08-14
Head of marketing,Manager,Clare,59000,83700,2026-06-09
Content and social,Manager,Mayo,57600,100400,2026-08-20
SEO,Head,Clare,30700,102600,2026-06-26
Marketing operations,Entry,Kerry,40600,68900,2026-09-12
Product marketing,Executive,Clare,42200,48600,2026-06-29
Ecommerce,Head,Clare,47200,71500,2026-08-04
Ecommerce,Manager,Kerry,35400,59000,2026-05-25
Content and social,Manager,Sligo,38700,74100,2026-06-30
SEO,Manager,Mayo,65200,57200,2026-06-12
Marketing operations,Entry,Clare,60200,110500,2026-08-08
Brand,Head,Mayo,34100,129700,2026-07-09
Marketing operations,Manager,Kerry,39200,77600,2026-07-18
Marketing operations,Head,Clare,46700,71100,2026-07-31
Brand,Head,Donegal,48200,45700,2026-06-27
Marketing operations,Manager,Cork,45500,67900,2026-07-17
Marketing operations,Manager,Mayo,38000,71200,2026-06-03
Ecommerce,Head,Donegal,61000,80100,2026-06-30
Marketing operations,Head,Mayo,53900,97400,2026-06-09
Brand,Manager,Clare,33100,130000,2026-06-22
Head of marketing,Manager,Clare,45800,89600,2026-05-27
Product marketing,Manager,Mayo,52900,54800,2026-09-14
Brand,Executive,Kerry,56000,61000,2026-07-24
Product marketing,Manager,Meath,46200,59500,2026-06-15
Marketing operations,Executive,Clare,34300,68500,2026-08-10
Head of marketing,Head,Clare,57400,69400,2026-06-20
Head of marketing,Manager,Clare,58900,109200,2026-07-02
SEO,Executive,Cork,41300,115100,2026-09-19
Marketing operations,Head,Kerry,41400,66400,2026-09-13
SEO,Manager,Sligo,41800,65900,2026-07-19
Head of marketing,Executive,Mayo,47400,50400,2026-07-10
Content and social,Executive,Kerry,45500,46400,2026-06-13
Ecommerce,Head,Sligo,42600,68100,2026-06-14
Marketing operations,Manager,Sligo,56900,87700,2026-09-06
Brand,Manager,Donegal,64600,101000,2026-06-13
SEO,Head,Clare,42100,127600,2026-07-31
Ecommerce,Head,Mayo,38300,65700,2026-08-26
Marketing operations,Manager,Clare,50000,46300,2026-06-25
Head of marketing,Manager,Kerry,52500,52800,2026-07-05
Head of marketing,Manager,Sligo,45600,73400,2026-06-22
Product marketing,Manager,Clare,33100,53000,2026-06-22
Brand,Manager,Cork,57900,84700,2026-07-30
SEO,Manager,Sligo,62900,112800,2026-05-24
Head of marketing,Head,Clare,41800,128700,2026-08-30
Ecommerce,Manager,Clare,41300,85100,2026-06-10
Ecommerce,Entry,Clare,50800,70400,2026-06-19
SEO,Head,Meath,47300,59300,2026-06-21
Head of marketing,Manager,Kerry,46200,66500,2026-05-25
Brand,Manager,Cork,43000,68800,2026-07-05
SEO,Manager,Clare,64100,64300,2026-09-12
Content and social,Manager,Mayo,55800,100200,2026-07-22
Content and social,Entry,Mayo,43200,132000,2026-09-20
Marketing operations,Manager,Donegal,48800,72000,2026-07-19
Ecommerce,Manager,Clare,50400,75500,2026-07-29
Head of marketing,Head,Donegal,54700,61200,2026-06-15
Ecommerce,Head,Meath,35900,47600,2026-09-16
SEO,Executive,Cork,30500,75400,2026-07-22
Content and social,Head,Clare,55700,68800,2026-06-18
Head of marketing,Manager,Meath,55100,80800,2026-08-09
Ecommerce,Head,Donegal,31800,129200,2026-07-08
Product marketing,Head,Kerry,43000,72100,2026-08-04
SEO,Head,Donegal,54200,57300,2026-08-13
Content and social,Manager,Kerry,48500,59400,2026-06-09
Ecommerce,Executive,Mayo,35800,73700,2026-07-29
Head of marketing,Head,Clare,36500,64300,2026-05-24
SEO,Head,Cork,66500,73200,2026-08-06
Marketing operations,Executive,Kerry,51000,88600,2026-08-29
Product marketing,Head,Sligo,34100,126800,2026-06-21
SEO,Head,Kerry,37500,89400,2026-09-19
Brand,Executive,Cork,50200,55600,2026-08-17
Ecommerce,Head,Kerry,50400,59700,2026-09-09
SEO,Head,Meath,36300,53600,2026-05-29
SEO,Manager,Donegal,31300,79500,2026-07-30
Content and social,Manager,Clare,66300,88000,2026-07-05
Marketing operations,Entry,Meath,51600,107900,2026-06-21
SEO,Head,Mayo,34700,132600,2026-06-09
Ecommerce,Manager,Sligo,47000,81600,2026-05-28
Content and social,Manager,Donegal,49100,65700,2026-07-03
Brand,Head,Donegal,44700,67700,2026-07-07
Brand,Entry,Cork,35900,61000,2026-08-13
Brand,Manager,Donegal,34800,81200,2026-08-26
Content and social,Manager,Donegal,63800,83400,2026-06-09
Brand,Manager,Clare,62700,91700,2026-07-31
SEO,Head,Cork,33500,133300,2026-06-03
Marketing operations,Head,Meath,47200,70300,2026-07-22
Ecommerce,Executive,Mayo,52800,76300,2026-07-05
Brand,Manager,Clare,45800,71200,2026-06-16
SEO,Head,Clare,41900,47200,2026-06-12
Marketing operations,Head,Mayo,38200,52600,2026-08-13
Content and social,Manager,Clare,59900,54900,2026-06-15
Ecommerce,Manager,Clare,53100,99100,2026-08-09
Content and social,Manager,Sligo,32400,117200,2026-08-03
Ecommerce,Manager,Clare,43400,81900,2026-06-19
Head of marketing,Manager,Sligo,54600,66900,2026-09-19
Marketing operations,Head,Clare,49300,73800,2026-07-25
SEO,Head,Clare,44400,65900,2026-08-22
Brand,Executive,Donegal,32600,66400,2026-05-28
Head of marketing,Head,Clare,64500,83900,2026-06-11
Head of marketing,Manager,Clare,57900,90900,2026-07-27
Brand,Executive,Sligo,43600,121600,2026-07-30
SEO,Manager,Mayo,40900,78600,2026-06-02
Product marketing,Manager,Donegal,52700,60400,2026-07-25
Brand,Head,Kerry,45700,69500,2026-07-25
SEO,Executive,Donegal,44500,72300,2026-08-17
SEO,Manager,Cork,36500,67600,2026-06-25
Head of marketing,Executive,Mayo,60500,59100,2026-06-11
Ecommerce,Manager,Mayo,64600,93400,2026-08-25
Marketing operations,Entry,Donegal,39400,127900,2026-07-15
SEO,Head,Clare,37500,73500,2026-08-02
SEO,Head,Clare,54300,47400,2026-07-23
Product marketing,Manager,Meath,50600,50800,2026-07-08
Product marketing,Entry,Donegal,42200,53300,2026-08-31
Brand,Manager,Sligo,31800,57600,2026-07-19
Content and social,Executive,Meath,57500,85200,2026-07-10
Head of marketing,Manager,Cork,60000,87300,2026-06-12
SEO,Manager,Clare,36800,110700,2026-06-01
SEO,Executive,Meath,49900,79400,2026-08-22
SEO,Head,Meath,47300,48700,2026-05-26
SEO,Manager,Clare,47800,68600,2026-06-09
Brand,Entry,Cork,36300,64000,2026-08-16
SEO,Head,Donegal,35500,55800,2026-07-19
SEO,Head,Kerry,56600,86900,2026-08-22
Ecommerce,Executive,Sligo,50900,90300,2026-08-12
Content and social,Head,Sligo,33700,122900,2026-06-08
Head of marketing,Head,Cork,41600,62900,2026-06-01
Product marketing,Head,Kerry,51300,56500,2026-06-17
Product marketing,Manager,Kerry,56600,75800,2026-08-19
Product marketing,Manager,Donegal,45600,56000,2026-08-13
Marketing operations,Head,Kerry,33700,83000,2026-07-26
SEO,Head,Clare,56800,76500,2026-07-21
Product marketing,Entry,Clare,62500,94900,2026-08-11
Ecommerce,Head,Clare,36300,116400,2026-09-15
Product marketing,Head,Clare,38500,79100,2026-09-05
Head of marketing,Manager,Cork,43300,45800,2026-09-16
Head of marketing,Head,Clare,47300,71000,2026-06-04
Product marketing,Manager,Meath,46600,53900,2026-05-30
Marketing operations,Entry,Clare,42200,52400,2026-06-04
Brand,Manager,Cork,66000,64800,2026-05-31
SEO,Manager,Clare,63200,107100,2026-09-10
Marketing operations,Head,Meath,33900,113400,2026-07-22
Brand,Executive,Sligo,41600,87700,2026-07-08
SEO,Manager,Donegal,52700,78500,2026-08-29
Product marketing,Entry,Kerry,50400,53000,2026-06-24
Content and social,Entry,Clare,37400,72000,2026-07-23
Head of marketing,Executive,Clare,42300,55000,2026-08-01
SEO,Manager,Kerry,58000,66800,2026-07-03
SEO,Entry,Clare,51100,106100,2026-07-04
Marketing operations,Head,Clare,35400,128800,2026-07-22
Product marketing,Entry,Sligo,50300,87800,2026-05-28
Brand,Executive,Clare,47100,75200,2026-09-02
Product marketing,Head,Sligo,56400,60100,2026-09-08
Brand,Entry,Donegal,33900,62200,2026-08-15
Product marketing,Manager,Sligo,33200,52000,2026-06-13
Marketing operations,Head,Meath,64000,77200,2026-08-26
Product marketing,Manager,Clare,55100,90700,2026-07-16
Content and social,Entry,Clare,44300,135300,2026-06-28
SEO,Head,Clare,39400,58200,2026-05-26
Ecommerce,Manager,Donegal,41200,58800,2026-07-18
Brand,Executive,Cork,54800,56000,2026-08-17
Ecommerce,Manager,Kerry,39200,45200,2026-06-06
Product marketing,Head,Meath,32700,71700,2026-08-24
Ecommerce,Head,Meath,57200,73300,2026-06-21
Ecommerce,Manager,Mayo,55300,90400,2026-06-30
Brand,Head,Cork,40200,126400,2026-08-04
SEO,Head,Meath,42600,82200,2026-06-13
SEO,Manager,Sligo,51300,65900,2026-09-17
Brand,Manager,Clare,56100,75600,2026-09-15
Content and social,Manager,Clare,45600,64900,2026-06-03
SEO,Head,Clare,33700,57100,2026-07-25
Ecommerce,Manager,Kerry,62400,81400,2026-07-22
SEO,Head,Clare,58400,111400,2026-07-10
Brand,Head,Meath,44000,123400,2026-07-09
Brand,Head,Clare,43800,56900,2026-05-30
SEO,Executive,Clare,42300,63600,2026-08-11
Ecommerce,Manager,Meath,53300,73900,2026-09-18
Brand,Head,Sligo,42100,66100,2026-09-03
SEO,Manager,Meath,39700,71500,2026-08-22
Content and social,Head,Mayo,55700,76900,2026-09-19
Product marketing,Manager,Meath,55900,109800,2026-05-29
Content and social,Entry,Cork,36500,109700,2026-07-16
Marketing operations,Executive,Cork,40900,60600,2026-07-06
SEO,Manager,Clare,50600,74500,2026-07-31
SEO,Manager,Clare,52400,45800,2026-07-21
Marketing operations,Entry,Clare,47300,64000,2026-06-03
SEO,Executive,Sligo,31600,66600,2026-09-18
Content and social,Head,Cork,67000,71200,2026-08-18
Content and social,Head,Donegal,58800,91400,2026-07-16
Ecommerce,Executive,Clare,33200,129400,2026-08-19
Product marketing,Manager,Cork,39800,77400,2026-09-15
Content and social,Executive,Meath,52200,70300,2026-08-08
Marketing operations,Executive,Sligo,56500,60000,2026-09-09
Ecommerce,Head,Clare,42500,61600,2026-08-02
Ecommerce,Manager,Clare,37200,77800,2026-08-07
SEO,Head,Sligo,68200,72800,2026-09-09
Head of marketing,Head,Cork,58300,107300,2026-06-13
Head of marketing,Executive,Cork,35600,112500,2026-08-02
Brand,Head,Cork,41700,82800,2026-08-07
Ecommerce,Executive,Cork,54900,78600,2026-09-14
Marketing operations,Manager,Donegal,44800,50400,2026-08-04
Ecommerce,Manager,Kerry,36800,57100,2026-07-01
Head of marketing,Manager,Clare,40400,60400,2026-08-29
Marketing operations,Manager,Sligo,58600,73100,2026-08-26
SEO,Entry,Donegal,51200,87800,2026-07-26
Ecommerce,Head,Sligo,40900,122000,2026-06-08
Brand,Manager,Clare,49400,75800,2026-08-19
SEO,Manager,Cork,43000,47900,2026-06-02
Head of marketing,Manager,Kerry,54500,63200,2026-09-19
Content and social,Head,Clare,42400,62000,2026-08-09
Product marketing,Head,Meath,34300,74800,2026-07-24
Marketing operations,Manager,Donegal,67300,58000,2026-06-20
Content and social,Head,Mayo,60900,91600,2026-09-05
Content and social,Head,Meath,37400,117900,2026-08-28
Content and social,Head,Clare,46800,64200,2026-09-13
SEO,Manager,Clare,51800,69400,2026-06-28
Content and social,Executive,Kerry,53900,70800,2026-09-13
Product marketing,Head,Mayo,37500,60700,2026-06-15
Marketing operations,Head,Cork,38300,55200,2026-06-23
SEO,Head,Mayo,67500,82800,2026-05-27
Content and social,Head,Kerry,61800,84300,2026-07-25
Ecommerce,Head,Donegal,32500,123600,2026-08-03
Product marketing,Manager,Clare,50800,87800,2026-07-24
SEO,Manager,Sligo,41200,71400,2026-08-12
Head of marketing,Head,Cork,56800,55200,2026-06-12
Marketing operations,Head,Mayo,40300,58900,2026-08-18
SEO,Manager,Cork,33400,70600,2026-08-01
Brand,Manager,Cork,58600,82200,2026-07-07
Brand,Head,Donegal,54300,101700,2026-08-03
Head of marketing,Manager,Kerry,39600,111000,2026-05-24
Content and social,Executive,Kerry,36900,66600,2026-08-14
SEO,Head,Meath,44900,79300,2026-06-02
Content and social,Manager,Cork,50600,51000,2026-06-26
SEO,Manager,Meath,41800,57500,2026-07-07
SEO,Head,Clare,37900,61000,2026-07-27
SEO,Manager,Meath,67300,77500,2026-08-19
Content and social,Entry,Sligo,51000,110300,2026-05-31
Head of marketing,Head,Sligo,35600,115500,2026-06-23
SEO,Manager,Donegal,48700,84400,2026-07-14
Ecommerce,Head,Sligo,45000,69700,2026-06-09
Ecommerce,Executive,Donegal,47300,62600,2026-09-17
Marketing operations,Manager,Kerry,36400,53400,2026-08-07
Head of marketing,Head,Clare,37800,63700,2026-07-06
Ecommerce,Head,Clare,63000,71300,2026-08-26
Content and social,Manager,Mayo,51000,91500,2026-08-20
Content and social,Executive,Kerry,42500,116100,2026-06-09
Ecommerce,Head,Kerry,46200,67900,2026-08-07
Head of marketing,Head,Sligo,53300,58300,2026-07-06
Brand,Executive,Cork,49700,46400,2026-08-15
Marketing operations,Manager,Clare,47500,60600,2026-09-06
Head of marketing,Manager,Donegal,34100,81200,2026-07-10
Head of marketing,Head,Mayo,61200,59900,2026-09-04
Product marketing,Manager,Kerry,55700,107600,2026-06-28
Product marketing,Head,Cork,32600,122700,2026-06-06
Brand,Manager,Clare,43700,74000,2026-08-27
Brand,Executive,Donegal,43800,51800,2026-07-15
Product marketing,Head,Meath,56400,62500,2026-08-13
SEO,Manager,Clare,41500,46100,2026-06-10
Head of marketing,Executive,Kerry,32000,64600,2026-09-15
Product marketing,Head,Clare,65600,84200,2026-06-24
Head of marketing,Executive,Meath,61700,91500,2026-06-16
SEO,Manager,Sligo,30400,101900,2026-06-19
SEO,Manager,Kerry,38600,84300,2026-07-18
Head of marketing,Manager,Clare,44600,64900,2026-07-28
Content and social,Head,Donegal,51700,64300,2026-08-15
Head of marketing,Head,Clare,41000,51500,2026-09-01
Head of marketing,Head,Sligo,44400,66900,2026-07-28
Brand,Executive,Kerry,62800,85300,2026-06-16
SEO,Head,Mayo,52600,99000,2026-09-20
Ecommerce,Head,Mayo,40300,111800,2026-06-26
Product marketing,Executive,Mayo,40700,67100,2026-06-29
Content and social,Manager,Kerry,50000,60800,2026-07-07
Brand,Head,Donegal,43100,78500,2026-07-17
Ecommerce,Manager,Meath,34000,55900,2026-08-02
SEO,Manager,Donegal,39500,82100,2026-06-02
Head of marketing,Manager,Mayo,66300,68100,2026-07-29
SEO,Manager,Meath,52700,98000,2026-06-19
SEO,Executive,Kerry,38100,114400,2026-08-16
Product marketing,Manager,Sligo,44200,57700,2026-06-10
Content and social,Manager,Clare,55700,50600,2026-09-14
SEO,Head,Meath,54400,77700,2026-07-05
SEO,Head,Clare,35800,67200,2026-07-23
SEO,Manager,Meath,30200,54800,2026-07-09
SEO,Executive,Donegal,63900,58100,2026-07-31
SEO,Manager,Sligo,61200,83700,2026-06-22
Product marketing,Head,Kerry,37100,109700,2026-09-08
SEO,Head,Sligo,45600,69200,2026-08-08
Product marketing,Manager,Kerry,43000,52800,2026-07-05
Ecommerce,Entry,Sligo,55900,48000,2026-05-30
Marketing operations,Executive,Sligo,47200,55600,2026-08-27
SEO,Executive,Sligo,40800,68300,2026-08-28
Marketing operations,Executive,Sligo,67300,60300,2026-07-19
Head of marketing,Head,Meath,65000,114000,2026-08-17
Head of marketing,Manager,Sligo,40300,122000,2026-07-28
Marketing operations,Head,Sligo,39500,56600,2026-08-09
Head of marketing,Manager,Clare,47300,65700,2026-07-07
Product marketing,Executive,Kerry,56800,48300,2026-06-28
Content and social,Manager,Donegal,35700,48500,2026-09-16
Head of marketing,Head,Clare,33600,51100,2026-08-07
SEO,Head,Sligo,65000,78900,2026-05-31
SEO,Head,Meath,65000,112400,2026-05-30
SEO,Executive,Mayo,31400,134000,2026-07-28
SEO,Manager,Donegal,38900,55500,2026-07-05
SEO,Manager,Clare,50200,78500,2026-06-13
Head of marketing,Manager,Kerry,44200,49300,2026-06-15
SEO,Head,Mayo,36500,63100,2026-08-20
Product marketing,Head,Sligo,38300,77500,2026-07-15
SEO,Head,Kerry,67200,54600,2026-06-08
Product marketing,Head,Meath,57900,108000,2026-08-27
Head of marketing,Executive,Donegal,34300,126300,2026-07-17
SEO,Head,Kerry,36800,75600,2026-05-26
SEO,Head,Clare,49400,59000,2026-07-21
Brand,Head,Donegal,47100,61900,2026-09-02
Ecommerce,Manager,Donegal,38600,47400,2026-05-30
Product marketing,Entry,Meath,36000,77100,2026-05-27
SEO,Executive,Cork,64200,85000,2026-07-21
Content and social,Head,Sligo,64200,91700,2026-06-30
Product marketing,Executive,Clare,44500,103800,2026-09-13
Content and social,Head,Meath,40700,63600,2026-07-19
Head of marketing,Manager,Sligo,54900,71000,2026-08-25
Brand,Entry,Clare,56200,69500,2026-09-07
Brand,Manager,Mayo,46600,56000,2026-07-19
SEO,Head,Meath,38900,80700,2026-09-07
Head of marketing,Head,Sligo,69300,77400,2026-05-30
SEO,Entry,Clare,64200,85900,2026-07-21
Marketing operations,Entry,Kerry,36400,107000,2026-08-18
Head of marketing,Manager,Cork,45500,70100,2026-06-30
Ecommerce,Head,Donegal,45100,73700,2026-08-30
Marketing operations,Manager,Clare,56600,63800,2026-08-12
SEO,Manager,Mayo,39100,69600,2026-09-06
Brand,Executive,Clare,39300,68400,2026-08-29
Product marketing,Manager,Clare,67200,83100,2026-07-01
Marketing operations,Manager,Mayo,61400,110800,2026-07-27
Marketing operations,Head,Sligo,35600,113900,2026-06-16
Content and social,Head,Meath,49600,55800,2026-06-14
Ecommerce,Manager,Kerry,48600,48000,2026-07-05
Head of marketing,Head,Clare,43600,55200,2026-09-09
SEO,Head,Clare,44400,46400,2026-06-19
Head of marketing,Executive,Sligo,35300,70600,2026-07-30
Brand,Head,Cork,56600,82200,2026-09-20
Content and social,Entry,Kerry,55400,105400,2026-07-24
Ecommerce,Head,Donegal,40800,108200,2026-08-27
SEO,Head,Sligo,37300,80300,2026-06-28
SEO,Entry,Mayo,50500,49900,2026-07-04
Brand,Entry,Meath,48700,74000,2026-06-29
Brand,Manager,Mayo,35300,61000,2026-06-15
Ecommerce,Head,Clare,39200,70100,2026-06-20
SEO,Head,Donegal,68200,58600,2026-07-11
Content and social,Manager,Meath,60500,86600,2026-06-02
Marketing operations,Executive,Clare,37300,134800,2026-07-08
Marketing operations,Manager,Sligo,39900,81200,2026-09-02
Marketing operations,Head,Cork,50400,77500,2026-09-15
Head of marketing,Entry,Donegal,44100,68900,2026-09-10
SEO,Executive,Clare,48200,45900,2026-07-13
SEO,Manager,Sligo,35600,60500,2026-07-14
Content and social,Manager,Donegal,61200,85900,2026-09-18
SEO,Executive,Donegal,55900,85800,2026-08-14
Ecommerce,Head,Donegal,41300,108300,2026-06-07
Product marketing,Manager,Mayo,39300,76200,2026-07-11
Product marketing,Manager,Cork,51700,65600,2026-07-26
Marketing operations,Head,Cork,53400,52900,2026-08-07
Ecommerce,Head,Kerry,43400,53600,2026-07-20
Head of marketing,Head,Sligo,41300,66800,2026-06-11
Product marketing,Entry,Kerry,64200,61300,2026-07-19
Product marketing,Head,Clare,59400,110200,2026-06-30
Product marketing,Manager,Clare,31500,110000,2026-08-20
SEO,Head,Sligo,43400,60300,2026-08-20
Brand,Head,Clare,54900,50600,2026-08-30
Marketing operations,Head,Donegal,54900,64000,2026-07-11
Marketing operations,Manager,Kerry,33900,50600,2026-08-18
SEO,Head,Sligo,44800,56900,2026-06-09
SEO,Entry,Donegal,63800,80600,2026-06-03
Marketing operations,Manager,Mayo,51200,99900,2026-06-02
Product marketing,Executive,Sligo,43100,116200,2026-06-21
SEO,Manager,Sligo,46500,67600,2026-05-31
SEO,Entry,Sligo,47600,62900,2026-06-27
Product marketing,Head,Kerry,53900,56900,2026-08-18
SEO,Manager,Cork,43300,55100,2026-07-28
SEO,Executive,Clare,33400,83600,2026-08-24
Marketing operations,Head,Sligo,60200,72900,2026-07-24
Brand,Head,Meath,59700,108000,2026-06-12
Brand,Manager,Donegal,37300,104500,2026-06-14
SEO,Head,Kerry,44400,80800,2026-07-18
Content and social,Head,Sligo,53400,72000,2026-08-30
Head of marketing,Head,Clare,56600,75600,2026-06-28
Head of marketing,Manager,Donegal,38500,45800,2026-06-07
Content and social,Manager,Mayo,36800,82500,2026-06-17
Product marketing,Manager,Sligo,66000,86400,2026-07-27
Head of marketing,Manager,Meath,52300,114500,2026-08-21
Brand,Entry,Donegal,34300,103600,2026-09-07
Brand,Manager,Meath,40200,79700,2026-08-21
Head of marketing,Executive,Clare,42400,51200,2026-07-20
Brand,Executive,Mayo,46800,56500,2026-07-31
Product marketing,Manager,Kerry,43400,59600,2026-07-16
Product marketing,Manager,Meath,44000,74700,2026-09-04
SEO,Entry,Donegal,66300,59300,2026-06-18
Marketing operations,Manager,Sligo,52000,113600,2026-05-26
Ecommerce,Head,Clare,33000,130200,2026-06-10
Ecommerce,Manager,Clare,41500,79100,2026-09-08
Ecommerce,Manager,Cork,46000,58000,2026-07-07
Product marketing,Head,Clare,52100,69200,2026-09-20
Product marketing,Head,Donegal,35500,57700,2026-06-18
Ecommerce,Head,Cork,38000,59200,2026-09-10
SEO,Manager,Clare,69300,63300,2026-07-30
SEO,Head,Mayo,58400,86100,2026-09-03
SEO,Head,Clare,43200,112400,2026-06-23
Content and social,Head,Kerry,39400,87600,2026-06-22
Marketing operations,Manager,Cork,42400,49000,2026-07-28
Marketing operations,Head,Kerry,43800,77100,2026-07-17
Content and social,Head,Kerry,37300,45800,2026-08-26
Ecommerce,Manager,Cork,42000,63900,2026-06-16
SEO,Executive,Donegal,60500,83500,2026-08-03
Head of marketing,Manager,Kerry,53800,82200,2026-06-05
Content and social,Head,Kerry,35900,109400,2026-07-28
Head of marketing,Manager,Kerry,42200,70100,2026-06-13
SEO,Head,Clare,43300,71000,2026-06-15
SEO,Executive,Kerry,57300,51100,2026-06-23
SEO,Entry,Cork,36700,70400,2026-07-31
Brand,Executive,Sligo,39400,74300,2026-08-04
Content and social,Entry,Mayo,61500,67900,2026-07-12
Brand,Executive,Donegal,57800,85900,2026-09-20
Marketing operations,Manager,Cork,31300,101500,2026-06-01
SEO,Executive,Donegal,50100,71600,2026-07-08
SEO,Head,Clare,51500,77400,2026-05-28
Content and social,Head,Kerry,52400,62600,2026-09-08
SEO,Entry,Cork,34400,69400,2026-08-04
Product marketing,Executive,Sligo,40600,52100,2026-07-02
Head of marketing,Head,Cork,59900,79500,2026-08-05
Content and social,Manager,Kerry,65100,82900,2026-06-17
Product marketing,Manager,Cork,39100,118100,2026-09-01
Content and social,Manager,Sligo,41800,63800,2026-09-19
SEO,Head,Donegal,53800,59500,2026-06-11
Brand,Entry,Mayo,53000,60000,2026-06-27
SEO,Head,Mayo,38200,44600,2026-07-09
Content and social,Manager,Clare,43900,75900,2026-09-12
Content and social,Head,Meath,57600,84700,2026-08-11
SEO,Entry,Kerry,65200,109600,2026-09-12
Head of marketing,Manager,Clare,36700,117000,2026-06-02
Product marketing,Manager,Clare,38400,58600,2026-08-26
Head of marketing,Manager,Clare,54300,66100,2026-09-13
Brand,Manager,Mayo,55000,73100,2026-08-15
SEO,Manager,Cork,47400,48000,2026-06-24
Brand,Manager,Cork,33900,72500,2026-06-06
Head of marketing,Manager,Clare,64700,84100,2026-09-02
SEO,Manager,Sligo,52000,109900,2026-07-15
Head of marketing,Executive,Clare,42800,132000,2026-09-04
Ecommerce,Head,Sligo,45700,57400,2026-06-20
Content and social,Manager,Sligo,55400,63600,2026-09-20
Marketing operations,Executive,Kerry,50900,58100,2026-08-25
Brand,Head,Clare,43500,70800,2026-09-02
Marketing operations,Manager,Sligo,35500,73300,2026-08-12
Brand,Head,Clare,59000,60500,2026-09-16
Brand,Manager,Clare,55700,103500,2026-06-08
Head of marketing,Manager,Donegal,31400,107500,2026-07-29
Brand,Manager,Mayo,50000,58000,2026-07-06
Marketing operations,Manager,Clare,47000,73200,2026-06-20
Marketing operations,Head,Clare,51200,53400,2026-07-08
Marketing operations,Executive,Donegal,36800,55600,2026-06-09
Ecommerce,Head,Cork,38500,70300,2026-06-30
Ecommerce,Head,Clare,61700,59100,2026-08-31
Brand,Executive,Donegal,62900,106500,2026-08-27
Brand,Manager,Mayo,33700,130100,2026-08-20
Brand,Manager,Sligo,38400,83100,2026-08-09
SEO,Manager,Kerry,53600,47300,2026-08-21
Head of marketing,Head,Cork,47100,47600,2026-06-15
Ecommerce,Manager,Clare,33900,78200,2026-06-16
Head of marketing,Head,Sligo,31900,57400,2026-06-22
Ecommerce,Manager,Sligo,68700,78700,2026-08-09
Marketing operations,Head,Sligo,57600,87400,2026-05-30
Marketing operations,Head,Meath,32800,120100,2026-09-19
Content and social,Manager,Donegal,47200,57300,2026-07-11
SEO,Executive,Cork,53400,75500,2026-08-28
SEO,Head,Mayo,53100,67000,2026-05-26
SEO,Manager,Kerry,47900,70400,2026-06-03
Content and social,Entry,Cork,38400,57600,2026-05-24
Content and social,Executive,Meath,62000,84400,2026-07-17
Content and social,Manager,Cork,61900,95400,2026-09-14
Brand,Executive,Meath,30900,122500,2026-07-18
Brand,Head,Sligo,50600,68700,2026-05-24
Marketing operations,Head,Kerry,52300,48200,2026-08-12
Head of marketing,Manager,Cork,55500,66500,2026-09-19
Content and social,Manager,Kerry,42200,56600,2026-09-14
Content and social,Executive,Kerry,32300,52100,2026-08-05
SEO,Manager,Cork,65400,55600,2026-06-05
Marketing operations,Manager,Sligo,59200,84500,2026-07-24
SEO,Manager,Donegal,43600,135500,2026-08-11
SEO,Manager,Clare,48700,82600,2026-07-26
Product marketing,Manager,Sligo,54700,73600,2026-08-08
Head of marketing,Manager,Clare,50500,64500,2026-09-15
Brand,Head,Clare,47100,70200,2026-09-09
Head of marketing,Manager,Cork,38600,62000,2026-08-12
Brand,Manager,Meath,60300,86100,2026-09-05
Ecommerce,Head,Mayo,56800,85400,2026-06-15
Marketing operations,Head,Sligo,44000,116400,2026-08-08
Ecommerce,Manager,Clare,49400,87600,2026-09-10
Product marketing,Manager,Clare,42900,78100,2026-06-26
Marketing operations,Head,Donegal,56600,54300,2026-08-12
Marketing operations,Entry,Donegal,43500,56100,2026-08-31
Head of marketing,Manager,Mayo,32200,82500,2026-05-29
Ecommerce,Manager,Meath,66500,86900,2026-06-19
Marketing operations,Executive,Donegal,55700,101300,2026-08-29
Head of marketing,Head,Mayo,41500,133600,2026-06-20
Product marketing,Head,Mayo,41800,73200,2026-07-18
Product marketing,Head,Clare,50000,66000,2026-08-22
Brand,Head,Cork,53100,65800,2026-09-11
Head of marketing,Entry,Sligo,36200,55700,2026-08-17
Marketing operations,Head,Clare,31600,54800,2026-05-28
Ecommerce,Head,Clare,68300,68500,2026-08-17
Brand,Head,Sligo,58200,99100,2026-07-26
Content and social,Executive,Clare,35100,118200,2026-05-29
Content and social,Manager,Meath,41300,89400,2026-09-02
Product marketing,Executive,Mayo,47800,56600,2026-08-22
Marketing operations,Head,Sligo,43600,67900,2026-06-07
Brand,Head,Clare,42700,63100,2026-08-30
Brand,Executive,Meath,43900,70700,2026-07-28
SEO,Head,Sligo,61600,69500,2026-07-30
Marketing operations,Head,Meath,55200,109600,2026-07-10
Ecommerce,Executive,Clare,31700,132000,2026-08-31
Product marketing,Entry,Sligo,42700,68100,2026-06-16
Brand,Manager,Clare,45300,64600,2026-07-13
Brand,Entry,Sligo,47600,62800,2026-07-27
Head of marketing,Manager,Clare,47100,63100,2026-09-16
Marketing operations,Manager,Sligo,42700,59300,2026-09-03
Content and social,Manager,Mayo,65600,78100,2026-09-15
SEO,Head,Clare,59600,95200,2026-07-27
Ecommerce,Manager,Meath,33100,107300,2026-06-24
Brand,Manager,Sligo,43700,56300,2026-07-28
SEO,Manager,Clare,45100,71700,2026-08-24
Ecommerce,Manager,Cork,43100,58500,2026-06-24
SEO,Head,Clare,38700,59400,2026-09-19
SEO,Executive,Mayo,33700,52000,2026-06-11
Content and social,Entry,Donegal,58900,69400,2026-09-14
Marketing operations,Manager,Kerry,51900,113100,2026-07-19
Head of marketing,Head,Clare,39700,123300,2026-08-26
Product marketing,Manager,Cork,44600,55600,2026-08-02
Content and social,Manager,Sligo,44400,67100,2026-08-22
Content and social,Head,Donegal,53500,63000,2026-08-31
Product marketing,Executive,Meath,37200,76100,2026-07-29
Head of marketing,Manager,Meath,32200,64000,2026-06-22
Ecommerce,Executive,Clare,64400,55900,2026-08-30
Marketing operations,Executive,Mayo,57700,86700,2026-08-09
Brand,Head,Clare,41300,113900,2026-08-31
SEO,Manager,Meath,36700,69700,2026-07-18
Content and social,Head,Clare,46700,71800,2026-07-07
Ecommerce,Executive,Donegal,47300,57000,2026-07-01
Head of marketing,Head,Donegal,47000,69600,2026-06-04
Product marketing,Head,Cork,43800,63800,2026-08-03
Head of marketing,Executive,Clare,64700,85600,2026-09-11
Marketing operations,Entry,Clare,52200,91100,2026-07-15
SEO,Manager,Donegal,33100,105800,2026-09-06
Head of marketing,Manager,Meath,43100,63300,2026-08-29
Marketing operations,Manager,Clare,48400,56800,2026-08-12
SEO,Head,Clare,44200,48800,2026-08-30
SEO,Manager,Cork,37300,51600,2026-08-21
Product marketing,Entry,Cork,37100,57500,2026-08-16
SEO,Executive,Cork,66800,77200,2026-06-18
Ecommerce,Head,Sligo,59500,94200,2026-07-25
Marketing operations,Head,Cork,39600,123600,2026-09-12
Marketing operations,Head,Clare,45400,64600,2026-07-03
Content and social,Head,Clare,53800,73200,2026-06-26
Head of marketing,Manager,Cork,44600,63000,2026-07-17
Head of marketing,Manager,Kerry,34900,45900,2026-06-17
Head of marketing,Head,Meath,42500,69500,2026-07-21
SEO,Executive,Kerry,58400,64400,2026-06-01
Marketing operations,Head,Kerry,62100,107900,2026-07-16
Marketing operations,Head,Meath,39400,108800,2026-07-16
Ecommerce,Manager,Clare,50600,55600,2026-09-05
Marketing operations,Manager,Mayo,49800,63900,2026-09-16
Head of marketing,Entry,Sligo,50600,73600,2026-07-16
SEO,Manager,Clare,45400,45000,2026-08-25
Brand,Head,Meath,36900,50800,2026-08-31
SEO,Head,Sligo,64000,59300,2026-08-17
SEO,Head,Donegal,54300,99400,2026-08-23
Marketing operations,Head,Mayo,34300,105500,2026-06-04
SEO,Head,Clare,46700,72000,2026-06-22
SEO,Head,Clare,49500,66900,2026-09-04
SEO,Manager,Donegal,53100,76300,2026-06-10
SEO,Head,Clare,35900,53400,2026-07-22
SEO,Head,Mayo,33000,70000,2026-08-24
Marketing operations,Executive,Kerry,56600,60900,2026-06-28
SEO,Executive,Kerry,58200,97900,2026-07-18
Product marketing,Head,Cork,32000,123600,2026-07-05
Ecommerce,Head,Cork,50800,76800,2026-06-03
Brand,Manager,Meath,44800,57900,2026-06-14
SEO,Head,Meath,44200,74500,2026-05-31
Product marketing,Manager,Cork,33700,56500,2026-07-27
Brand,Manager,Donegal,41400,67200,2026-05-31
Content and social,Manager,Clare,54900,61400,2026-09-17
Ecommerce,Manager,Meath,62000,86700,2026-07-14
SEO,Head,Meath,31900,131600,2026-05-27
Marketing operations,Head,Meath,43500,80400,2026-08-11
SEO,Head,Clare,41900,68500,2026-09-11
SEO,Manager,Kerry,55900,61900,2026-06-29
Head of marketing,Entry,Clare,41000,50100,2026-05-24
SEO,Manager,Sligo,31500,66000,2026-07-10
Brand,Manager,Clare,59500,75100,2026-07-22
Brand,Head,Sligo,54100,103700,2026-07-30
Content and social,Entry,Mayo,36000,120300,2026-07-11
Marketing operations,Manager,Kerry,47300,58900,2026-07-31
Brand,Head,Clare,53600,74600,2026-07-01
Ecommerce,Executive,Mayo,49100,73100,2026-05-25
Marketing operations,Manager,Clare,46000,55500,2026-08-31
SEO,Head,Sligo,38400,51100,2026-08-04
Ecommerce,Executive,Clare,67700,77500,2026-09-06
Product marketing,Head,Donegal,61600,107400,2026-09-11
Product marketing,Head,Clare,30500,116000,2026-07-20
Content and social,Manager,Clare,39300,56200,2026-06-16
Marketing operations,Entry,Donegal,47500,45400,2026-06-12
Product marketing,Head,Sligo,43800,50500,2026-06-20
Content and social,Manager,Mayo,41500,64700,2026-07-05
Content and social,Head,Sligo,32800,66000,2026-07-01
Content and social,Manager,Cork,58700,87000,2026-06-13
Content and social,Manager,Sligo,58000,113700,2026-08-20
Head of marketing,Head,Sligo,34700,128100,2026-09-13
Product marketing,Manager,Clare,49700,78300,2026-08-25
Head of marketing,Head,Sligo,46600,72600,2026-06-24
Marketing operations,Manager,Cork,56300,52000,2026-08-19
Content and social,Head,Sligo,42200,62500,2026-08-18
Product marketing,Manager,Donegal,34900,52100,2026-05-28
Product marketing,Executive,Kerry,63700,58200,2026-08-01
SEO,Manager,Clare,61600,103000,2026-09-01
Product marketing,Manager,Clare,35800,107300,2026-07-18
Brand,Head,Cork,41200,80400,2026-06-24
Marketing operations,Head,Clare,45200,72500,2026-08-05
Ecommerce,Head,Kerry,46300,60600,2026-09-14
Ecommerce,Manager,Meath,44500,62200,2026-06-03
Content and social,Executive,Meath,30500,68000,2026-07-18
Head of marketing,Head,Kerry,68500,70200,2026-06-02
Marketing operations,Head,Donegal,59700,93800,2026-06-25
Content and social,Executive,Sligo,42900,103000,2026-08-21
Marketing operations,Manager,Meath,48400,75600,2026-07-01
Brand,Executive,Clare,45600,63300,2026-06-20
Product marketing,Manager,Sligo,57100,76500,2026-09-04
Brand,Manager,Donegal,45300,49600,2026-09-18
Content and social,Executive,Kerry,40100,58100,2026-09-05
Ecommerce,Head,Clare,64100,54500,2026-07-19
Ecommerce,Head,Clare,63000,95900,2026-05-26
SEO,Manager,Clare,33600,116500,2026-06-15
Content and social,Head,Donegal,37100,63100,2026-08-13
Content and social,Entry,Sligo,44000,66900,2026-06-12
SEO,Manager,Cork,56000,73200,2026-06-23
Brand,Head,Clare,39100,62000,2026-07-06
Head of marketing,Manager,Clare,30300,52900,2026-07-24
Content and social,Executive,Kerry,65000,74900,2026-08-22
Product marketing,Executive,Sligo,58600,101900,2026-05-25
Content and social,Manager,Kerry,37000,110200,2026-07-11
Content and social,Head,Sligo,43300,58500,2026-08-06
Marketing operations,Manager,Kerry,44700,49800,2026-09-04
Product marketing,Manager,Clare,44200,76700,2026-09-05
Marketing operations,Manager,Clare,48100,47300,2026-08-31
Ecommerce,Manager,Cork,44400,77900,2026-08-09
SEO,Head,Kerry,55200,83000,2026-09-18
Marketing operations,Entry,Mayo,57800,87700,2026-06-29
Product marketing,Entry,Meath,34100,130500,2026-08-13
Content and social,Manager,Clare,46900,59600,2026-07-06
Marketing operations,Head,Meath,51200,76800,2026-05-30
Product marketing,Entry,Kerry,53900,68700,2026-05-30
Marketing operations,Manager,Meath,38000,44700,2026-06-10
Marketing operations,Manager,Kerry,37500,67300,2026-08-04
SEO,Manager,Mayo,60400,62800,2026-08-24
Ecommerce,Manager,Clare,58900,103500,2026-06-23
SEO,Head,Cork,32100,132700,2026-07-16
Marketing operations,Entry,Donegal,49400,80600,2026-08-13
Product marketing,Manager,Clare,55400,71500,2026-09-08
Marketing operations,Executive,Sligo,46400,62600,2026-07-09
Product marketing,Manager,Clare,34700,60100,2026-07-21
Ecommerce,Executive,Clare,31700,62400,2026-07-03
SEO,Manager,Mayo,63100,57500,2026-09-05
SEO,Executive,Clare,65100,82200,2026-09-10
SEO,Manager,Cork,40200,114900,2026-08-27
SEO,Head,Sligo,45700,58100,2026-09-18
Brand,Manager,Mayo,43000,45800,2026-06-03
Product marketing,Manager,Kerry,48400,47300,2026-06-21
Head of marketing,Head,Kerry,44400,75200,2026-06-11
SEO,Manager,Donegal,39700,61800,2026-08-04
Head of marketing,Entry,Sligo,59100,82700,2026-07-11
Content and social,Head,Cork,56600,103400,2026-05-28
SEO,Head,Donegal,31400,130500,2026-06-18
Marketing operations,Executive,Sligo,42100,58200,2026-07-04
Ecommerce,Head,Clare,52200,63900,2026-07-09
Marketing operations,Head,Sligo,46900,59300,2026-06-25
Head of marketing,Manager,Kerry,45200,62100,2026-07-27
SEO,Manager,Cork,32600,79100,2026-06-23
Brand,Executive,Kerry,63500,66600,2026-07-25
Brand,Manager,Sligo,62500,95300,2026-07-02
SEO,Entry,Mayo,41800,123800,2026-09-19
Brand,Head,Mayo,40400,64200,2026-07-26
Brand,Manager,Sligo,45400,70200,2026-09-09
Ecommerce,Manager,Cork,55400,56800,2026-06-29
Product marketing,Manager,Clare,41900,64700,2026-08-16
SEO,Head,Donegal,43500,61200,2026-08-17
SEO,Manager,Cork,63000,60200,2026-06-19
Product marketing,Executive,Mayo,63200,103900,2026-06-19
Brand,Head,Meath,44600,104900,2026-07-14
Head of marketing,Executive,Donegal,42600,58500,2026-08-05
Marketing operations,Entry,Clare,55600,76300,2026-09-17
SEO,Head,Cork,55800,60100,2026-06-07
SEO,Head,Mayo,40600,66500,2026-08-04
Ecommerce,Head,Clare,36600,73200,2026-09-06
Brand,Executive,Sligo,57000,80400,2026-08-12
Head of marketing,Executive,Donegal,51100,86100,2026-07-09
SEO,Manager,Clare,43600,104000,2026-06-26
Marketing operations,Manager,Clare,43800,77900,2026-09-15
SEO,Manager,Clare,45600,73300,2026-09-02
Ecommerce,Head,Clare,54900,77900,2026-06-21
Marketing operations,Head,Mayo,46300,61900,2026-07-19
Brand,Executive,Kerry,41800,66200,2026-08-22
Content and social,Executive,Meath,59800,54300,2026-07-06
SEO,Head,Mayo,56700,81400,2026-06-08
SEO,Executive,Donegal,43100,112300,2026-08-24
Head of marketing,Executive,Sligo,42200,74100,2026-08-28
Content and social,Head,Sligo,46300,60700,2026-08-01
Ecommerce,Executive,Mayo,51700,51700,2026-08-04
SEO,Manager,Cork,46000,47700,2026-09-18
Ecommerce,Manager,Clare,40000,75800,2026-07-19
Ecommerce,Manager,Clare,61300,66200,2026-09-17
SEO,Executive,Sligo,61900,113900,2026-08-02
Marketing operations,Head,Clare,38200,122000,2026-06-16
Ecommerce,Head,Clare,46100,85000,2026-08-20
Brand,Entry,Kerry,55100,58700,2026-09-16
Product marketing,Executive,Kerry,43500,71400,2026-08-04
Head of marketing,Head,Donegal,37100,64200,2026-08-02
SEO,Manager,Donegal,39800,57900,2026-08-23
Product marketing,Head,Meath,65300,65000,2026-06-17
Head of marketing,Head,Meath,58100,98500,2026-09-01
SEO,Manager,Clare,41900,111400,2026-06-10
Content and social,Executive,Mayo,46000,85500,2026-08-30
Brand,Manager,Cork,50500,74600,2026-07-20
Ecommerce,Manager,Donegal,46300,54600,2026-06-18
SEO,Executive,Cork,45400,47200,2026-07-11
Marketing operations,Manager,Meath,44200,64900,2026-09-19
Product marketing,Executive,Kerry,61300,69400,2026-08-18
SEO,Head,Meath,56700,90200,2026-07-12
Brand,Executive,Cork,35800,135600,2026-09-08
SEO,Executive,Clare,37000,71800,2026-07-01
Brand,Head,Clare,46100,53300,2026-09-02
Brand,Entry,Donegal,48300,73300,2026-09-02
Brand,Entry,Mayo,40000,64600,2026-05-28
Marketing operations,Manager,Kerry,38000,51700,2026-08-11
Content and social,Head,Kerry,66300,64900,2026-08-09
Content and social,Manager,Cork,63100,95600,2026-08-28
Marketing operations,Head,Meath,38000,133200,2026-07-28
Ecommerce,Manager,Kerry,44300,58100,2026-06-07
Ecommerce,Manager,Sligo,46900,51000,2026-08-03
Head of marketing,Manager,Sligo,55400,59000,2026-06-17
Brand,Manager,Clare,35500,46600,2026-07-04
Product marketing,Entry,Clare,31000,57100,2026-06-06
Head of marketing,Head,Meath,63800,74400,2026-07-21
Brand,Manager,Donegal,64700,110100,2026-08-11
Content and social,Entry,Sligo,30300,119200,2026-06-13
Product marketing,Head,Clare,48200,58400,2026-08-02
SEO,Entry,Meath,55500,49200,2026-06-08
SEO,Manager,Mayo,46000,72500,2026-09-15
Product marketing,Executive,Clare,34400,54000,2026-09-20
SEO,Entry,Clare,35700,51600,2026-06-02
Content and social,Manager,Donegal,60600,80800,2026-08-04
SEO,Head,Meath,61900,91900,2026-08-25
Product marketing,Entry,Kerry,41500,103100,2026-06-08
Marketing operations,Entry,Meath,49000,74200,2026-05-26
Marketing operations,Head,Sligo,54800,74900,2026-09-06
Head of marketing,Head,Clare,57200,57200,2026-06-25
SEO,Head,Sligo,45900,64200,2026-09-06
Content and social,Head,Meath,42000,62900,2026-08-15
SEO,Head,Cork,57100,76000,2026-07-24
Product marketing,Head,Kerry,52900,97800,2026-07-22
Head of marketing,Head,Kerry,44400,108100,2026-08-17
SEO,Head,Cork,48500,86900,2026-06-21
Product marketing,Head,Kerry,48600,75300,2026-07-21
SEO,Manager,Sligo,49900,60400,2026-08-01
Ecommerce,Entry,Sligo,35400,68000,2026-06-11
Brand,Manager,Donegal,32400,81200,2026-08-02
Marketing operations,Executive,Cork,61500,85300,2026-06-26
SEO,Head,Donegal,54900,102900,2026-08-24
Product marketing,Entry,Clare,36000,127500,2026-07-19
Ecommerce,Entry,Donegal,42200,63900,2026-07-22
Content and social,Manager,Kerry,47100,59200,2026-09-04
Product marketing,Head,Cork,56300,78400,2026-08-31
SEO,Manager,Meath,45600,49100,2026-08-13
Product marketing,Head,Clare,30200,83700,2026-07-09
Ecommerce,Manager,Cork,55500,71800,2026-07-22
SEO,Manager,Sligo,51000,95400,2026-09-14
Product marketing,Manager,Kerry,34000,135100,2026-06-16
Ecommerce,Manager,Kerry,49500,56800,2026-07-25
Content and social,Head,Meath,49400,78700,2026-06-17
Content and social,Executive,Kerry,45200,60900,2026-07-29
Ecommerce,Head,Clare,42700,59800,2026-08-23
Brand,Head,Clare,39400,71700,2026-07-28
SEO,Manager,Sligo,58100,81200,2026-09-12
SEO,Manager,Clare,65000,109300,2026-08-24
Brand,Entry,Mayo,30500,135500,2026-06-09
Brand,Manager,Meath,47000,78600,2026-09-08
SEO,Manager,Clare,47100,62400,2026-09-16
Content and social,Head,Meath,52600,69400,2026-08-08
Ecommerce,Manager,Clare,46100,52400,2026-09-08
SEO,Head,Meath,37100,75700,2026-07-04
Head of marketing,Head,Cork,55500,62500,2026-08-16
Product marketing,Head,Kerry,51500,110600,2026-08-18
SEO,Manager,Meath,33300,108000,2026-08-06
Brand,Manager,Cork,36500,66300,2026-07-06
Marketing operations,Manager,Meath,53000,54100,2026-07-06
Brand,Manager,Clare,55200,52300,2026-07-10
SEO,Manager,Clare,46600,58200,2026-07-26
Brand,Executive,Clare,43600,59400,2026-06-04
Brand,Head,Meath,57600,69500,2026-07-01
Content and social,Executive,Cork,54300,80800,2026-09-07
Content and social,Head,Cork,34500,125200,2026-09-12
Content and social,Head,Clare,49200,80300,2026-08-12
Head of marketing,Head,Cork,45900,76800,2026-06-12
Ecommerce,Manager,Meath,43600,48600,2026-09-03
Ecommerce,Manager,Kerry,38900,75900,2026-09-14
Content and social,Head,Cork,33300,62800,2026-07-10
SEO,Entry,Donegal,56700,61700,2026-08-24
Product marketing,Head,Cork,56800,89700,2026-06-07
SEO,Manager,Cork,43300,111600,2026-07-28
SEO,Manager,Donegal,36900,77200,2026-05-29
Ecommerce,Manager,Kerry,53500,76800,2026-07-05
SEO,Executive,Kerry,55500,52400,2026-07-06
Product marketing,Manager,Sligo,44600,70500,2026-06-11
Brand,Head,Mayo,38500,53600,2026-07-15
Ecommerce,Manager,Donegal,60700,82200,2026-05-31
SEO,Manager,Clare,53600,94900,2026-08-30
Product marketing,Entry,Cork,44000,130500,2026-08-21
Marketing operations,Head,Clare,36700,81600,2026-08-05
Marketing operations,Head,Kerry,42400,65400,2026-08-10
Brand,Manager,Donegal,52700,65300,2026-06-12
Content and social,Head,Kerry,45200,63500,2026-06-12
Head of marketing,Head,Cork,33400,55400,2026-09-01
Ecommerce,Executive,Cork,58600,84200,2026-08-20
Product marketing,Entry,Clare,63000,84500,2026-08-13
Brand,Head,Sligo,42800,132500,2026-05-24
SEO,Manager,Clare,37600,61000,2026-09-11
Brand,Entry,Meath,48000,72300,2026-09-13
SEO,Head,Meath,53100,68000,2026-06-28
Product marketing,Head,Donegal,43900,76500,2026-07-09
Marketing operations,Head,Meath,31800,77600,2026-09-06
Brand,Manager,Cork,60500,83100,2026-05-25
SEO,Manager,Clare,52300,84400,2026-07-10
Brand,Head,Clare,35400,122200,2026-06-14
SEO,Manager,Kerry,38200,78000,2026-08-24
Marketing operations,Manager,Sligo,43300,64900,2026-08-02
Ecommerce,Entry,Donegal,47000,70400,2026-08-30
SEO,Manager,Clare,46100,57600,2026-07-15
SEO,Manager,Donegal,44200,50800,2026-07-12
SEO,Entry,Kerry,55400,54600,2026-07-31
Product marketing,Head,Mayo,63500,108500,2026-08-30
Brand,Entry,Mayo,35600,112000,2026-07-20
SEO,Head,Mayo,42900,72700,2026-06-27
Brand,Head,Donegal,43400,59600,2026-07-01
Marketing operations,Head,Sligo,54700,78500,2026-07-16
SEO,Manager,Sligo,34200,69500,2026-06-05
Marketing operations,Executive,Clare,33300,72500,2026-09-06
Content and social,Entry,Kerry,59400,54300,2026-07-19
Ecommerce,Manager,Donegal,57700,97600,2026-07-18
SEO,Head,Sligo,36500,127800,2026-08-18
Product marketing,Entry,Clare,46600,55700,2026-07-29
Head of marketing,Executive,Clare,54400,50000,2026-09-09
Marketing operations,Head,Mayo,49000,60300,2026-07-21
Marketing operations,Head,Meath,48300,52100,2026-07-31
Product marketing,Head,Kerry,38600,55500,2026-06-24
SEO,Manager,Clare,67700,56000,2026-06-11
Marketing operations,Executive,Sligo,54600,106200,2026-06-13
Head of marketing,Manager,Clare,31300,133500,2026-09-17
SEO,Head,Clare,46600,79300,2026-07-11
Brand,Head,Cork,50800,47800,2026-08-02
Marketing operations,Head,Kerry,56500,68400,2026-07-08
Brand,Manager,Clare,40300,66200,2026-06-27
Head of marketing,Head,Meath,40900,59400,2026-07-24
Marketing operations,Head,Cork,61700,67000,2026-06-08
Content and social,Head,Meath,63600,101300,2026-07-12
SEO,Manager,Kerry,44800,133500,2026-07-11
SEO,Head,Donegal,43400,59100,2026-06-17
Ecommerce,Manager,Donegal,42400,67100,2026-06-18
Head of marketing,Head,Clare,43000,63900,2026-09-15
Marketing operations,Head,Kerry,45700,71900,2026-09-19
SEO,Entry,Kerry,38300,83000,2026-08-15
Head of marketing,Head,Donegal,56300,55100,2026-08-10
Marketing operations,Executive,Meath,55300,90500,2026-07-27
Head of marketing,Head,Clare,33200,126700,2026-07-09
Marketing operations,Head,Cork,50800,75800,2026-09-13
Content and social,Head,Meath,43000,67600,2026-06-09
Head of marketing,Entry,Clare,46800,52700,2026-08-20
Ecommerce,Executive,Donegal,37700,62900,2026-06-08
Head of marketing,Head,Mayo,31400,70400,2026-09-06
Brand,Manager,Sligo,56400,59100,2026-09-05
Marketing operations,Entry,Donegal,60300,103300,2026-06-24
SEO,Manager,Meath,33500,106000,2026-09-10
SEO,Manager,Clare,43700,64900,2026-06-05
SEO,Manager,Meath,53700,62600,2026-09-09
SEO,Manager,Donegal,47700,66600,2026-06-16
Head of marketing,Head,Cork,37900,58700,2026-09-18
SEO,Manager,Sligo,39100,76200,2026-09-02
SEO,Entry,Cork,61300,86300,2026-09-10
Product marketing,Executive,Clare,64900,109500,2026-08-15
Product marketing,Head,Donegal,37700,122500,2026-09-19
Brand,Head,Mayo,36800,70400,2026-07-17
Brand,Manager,Sligo,53300,45800,2026-08-31
Product marketing,Manager,Clare,52600,58200,2026-08-28
Head of marketing,Executive,Clare,42300,55900,2026-06-23
Marketing operations,Head,Kerry,40700,79300,2026-06-26
Marketing operations,Manager,Donegal,64400,74300,2026-07-04
Marketing operations,Manager,Clare,52100,114400,2026-06-26
Marketing operations,Executive,Mayo,36400,119800,2026-07-08
SEO,Head,Meath,41400,83400,2026-08-05
Brand,Head,Clare,47800,77900,2026-08-28
Head of marketing,Manager,Meath,47000,77300,2026-08-02
Head of marketing,Head,Meath,42600,62600,2026-08-20
Brand,Head,Clare,32500,58900,2026-05-28
Brand,Head,Kerry,55600,72200,2026-07-03
Marketing operations,Manager,Mayo,51000,112800,2026-07-28
Marketing operations,Manager,Clare,35700,104900,2026-08-12
Brand,Executive,Clare,50800,79200,2026-09-01
Marketing operations,Head,Sligo,52600,59700,2026-07-10
Ecommerce,Entry,Kerry,53800,68100,2026-09-10
Head of marketing,Head,Sligo,40900,47200,2026-08-20
Content and social,Manager,Clare,39000,69600,2026-06-17
Ecommerce,Manager,Cork,59000,79900,2026-07-19
Head of marketing,Executive,Mayo,62200,109000,2026-07-14
Content and social,Head,Sligo,35500,120000,2026-06-02
Product marketing,Head,Clare,40000,87700,2026-09-06
Marketing operations,Manager,Mayo,43900,72600,2026-09-09
SEO,Manager,Clare,54700,64000,2026-06-21
Head of marketing,Head,Cork,46500,73800,2026-06-20
SEO,Head,Clare,34200,64300,2026-08-29
Product marketing,Head,Mayo,64500,80900,2026-06-24
Product marketing,Head,Mayo,55500,98200,2026-06-25
SEO,Entry,Cork,36800,105500,2026-08-26
Ecommerce,Head,Donegal,40700,77800,2026-07-04
Product marketing,Manager,Clare,42400,68400,2026-07-21
Ecommerce,Manager,Mayo,50300,50800,2026-07-07
SEO,Manager,Clare,41800,52000,2026-08-10
SEO,Head,Sligo,37500,58300,2026-07-14
Product marketing,Entry,Mayo,60000,73900,2026-07-23
Brand,Head,Clare,62700,81800,2026-07-22
Marketing operations,Head,Clare,44200,128900,2026-06-01
Marketing operations,Manager,Meath,46700,60400,2026-06-25
Ecommerce,Executive,Mayo,41500,66800,2026-07-31
Content and social,Executive,Clare,55600,69800,2026-06-13
SEO,Entry,Cork,42900,69400,2026-08-17
Brand,Manager,Kerry,34600,66100,2026-07-09
SEO,Head,Donegal,55000,67100,2026-07-08
Head of marketing,Head,Mayo,53700,85500,2026-06-07
Brand,Head,Clare,41100,117900,2026-06-23
SEO,Head,Sligo,41100,80200,2026-09-13
Ecommerce,Head,Sligo,42400,61000,2026-06-15
SEO,Manager,Mayo,49700,55200,2026-08-09
Marketing operations,Manager,Sligo,37100,73800,2026-09-09
Marketing operations,Head,Sligo,37100,79200,2026-06-28
Product marketing,Head,Clare,61000,86400,2026-08-20
Product marketing,Entry,Kerry,58500,89700,2026-08-22
Content and social,Head,Mayo,32200,114300,2026-08-02
Ecommerce,Manager,Clare,45500,78900,2026-06-17
SEO,Manager,Clare,53600,49800,2026-09-09
Head of marketing,Head,Kerry,47100,47800,2026-07-21
Ecommerce,Entry,Kerry,35600,47300,2026-06-28
SEO,Manager,Cork,42200,78800,2026-06-16
Content and social,Manager,Mayo,62000,80300,2026-08-12
SEO,Head,Kerry,55500,85200,2026-07-13
SEO,Manager,Clare,32700,114100,2026-07-05
Content and social,Manager,Clare,42400,79200,2026-05-24
Marketing operations,Entry,Clare,49200,53200,2026-07-05
Content and social,Head,Meath,51500,72200,2026-09-09
Product marketing,Manager,Mayo,41500,70300,2026-06-28
Brand,Executive,Clare,31000,83300,2026-05-30
SEO,Manager,Clare,65500,82900,2026-05-24
Marketing operations,Head,Meath,59400,82000,2026-09-11
SEO,Executive,Kerry,44700,115600,2026-07-09
Brand,Head,Clare,48600,58000,2026-08-23
SEO,Manager,Mayo,43600,59000,2026-08-17
Brand,Executive,Kerry,52600,74800,2026-05-24
SEO,Manager,Donegal,39300,67600,2026-09-19
SEO,Executive,Mayo,42100,77200,2026-08-21
SEO,Entry,Meath,65500,56100,2026-07-12
Ecommerce,Executive,Clare,60300,86100,2026-08-20
Product marketing,Head,Kerry,36200,118200,2026-07-15
Head of marketing,Manager,Meath,46600,86600,2026-08-14
Ecommerce,Executive,Clare,53100,56600,2026-07-04
Head of marketing,Manager,Sligo,53500,56600,2026-08-19
Brand,Manager,Clare,47900,52500,2026-07-05
Ecommerce,Head,Meath,34600,63900,2026-08-14
Product marketing,Manager,Donegal,68100,55200,2026-08-23
Brand,Head,Clare,57500,98300,2026-06-26
Ecommerce,Head,Sligo,38400,107400,2026-06-25
Brand,Entry,Kerry,50700,81300,2026-06-30
SEO,Manager,Meath,44700,55300,2026-08-06
Head of marketing,Executive,Mayo,46600,74600,2026-08-09
Head of marketing,Manager,Meath,37600,55200,2026-08-11
Content and social,Manager,Clare,31900,52500,2026-08-23
Head of marketing,Head,Cork,61500,66400,2026-08-10
SEO,Executive,Clare,63200,90500,2026-07-13
SEO,Manager,Clare,35400,131000,2026-06-13
Marketing operations,Head,Sligo,44000,85300,2026-09-08
Head of marketing,Manager,Clare,46900,75300,2026-09-10
SEO,Head,Sligo,50600,74200,2026-07-30
Brand,Manager,Kerry,41900,45700,2026-09-05
Ecommerce,Manager,Mayo,34800,72700,2026-09-12
Brand,Executive,Cork,66200,55100,2026-08-25
Content and social,Manager,Clare,60500,96200,2026-08-06
Content and social,Executive,Mayo,43800,115900,2026-09-13
SEO,Entry,Cork,48400,85100,2026-07-28
Ecommerce,Manager,Mayo,45000,52600,2026-07-31
Content and social,Head,Mayo,52100,61200,2026-06-24
Content and social,Executive,Clare,40600,63200,2026-09-08
Head of marketing,Manager,Clare,42500,71500,2026-08-02
SEO,Head,Clare,59500,60100,2026-07-27
Brand,Manager,Mayo,61900,85300,2026-06-19
Ecommerce,Head,Donegal,42000,120400,2026-06-01
Content and social,Executive,Kerry,36700,77500,2026-06-01
Content and social,Entry,Donegal,47000,59200,2026-09-02
Head of marketing,Entry,Cork,56600,67900,2026-08-31
Content and social,Manager,Cork,47500,60200,2026-06-24
SEO,Head,Mayo,41100,75700,2026-06-22
SEO,Manager,Cork,60900,71400,2026-08-14
Content and social,Entry,Clare,61500,99800,2026-06-30
SEO,Manager,Cork,40900,135300,2026-08-12
SEO,Manager,Meath,43400,62100,2026-06-28
SEO,Manager,Meath,42700,59000,2026-08-06
Head of marketing,Executive,Cork,46800,75900,2026-06-03
Product marketing,Head,Sligo,48100,62200,2026-06-18
Content and social,Head,Clare,41600,54600,2026-07-22
Ecommerce,Head,Clare,55000,73300,2026-08-23
SEO,Manager,Cork,54900,111500,2026-08-09
SEO,Head,Kerry,42600,106800,2026-05-31
Product marketing,Manager,Clare,42200,67500,2026-06-06
Ecommerce,Manager,Mayo,55800,66200,2026-07-13
Content and social,Manager,Sligo,56500,58800,2026-08-28
Brand,Head,Cork,39200,64000,2026-08-27
SEO,Manager,Clare,44000,65700,2026-07-22
SEO,Head,Mayo,64300,55100,2026-07-01
Content and social,Head,Clare,60700,84600,2026-08-21
Brand,Manager,Meath,30800,108700,2026-08-02
Head of marketing,Manager,Clare,38900,89400,2026-05-26
Head of marketing,Executive,Mayo,46100,48100,2026-07-06
Head of marketing,Entry,Mayo,54700,53600,2026-05-28
SEO,Manager,Meath,47800,66500,2026-07-27
SEO,Head,Clare,31100,83500,2026-07-23
Head of marketing,Manager,Clare,63900,69100,2026-08-15
Marketing operations,Head,Cork,64300,92800,2026-06-27
Content and social,Entry,Donegal,32200,116200,2026-08-22
Ecommerce,Head,Mayo,37600,61200,2026-08-02
SEO,Head,Meath,54600,70600,2026-07-21
Marketing operations,Head,Mayo,44100,53300,2026-07-05
Product marketing,Head,Meath,36300,75100,2026-05-27
Head of marketing,Manager,Mayo,39300,77000,2026-06-14
Brand,Head,Clare,60400,77400,2026-08-22
Head of marketing,Head,Meath,51800,113300,2026-07-09
Content and social,Head,Clare,31400,106000,2026-06-08
Ecommerce,Head,Sligo,40000,68400,2026-06-02
SEO,Manager,Meath,51800,73500,2026-09-04
Marketing operations,Head,Sligo,46700,69500,2026-09-01
SEO,Manager,Cork,47300,77300,2026-07-04
Ecommerce,Manager,Donegal,37700,78200,2026-07-11
SEO,Head,Clare,62400,77400,2026-09-03
Content and social,Manager,Kerry,58100,111800,2026-07-07
Marketing operations,Head,Sligo,30900,109900,2026-08-14
Marketing operations,Entry,Sligo,49800,83400,2026-06-14
SEO,Entry,Mayo,55300,64900,2026-05-24
SEO,Head,Sligo,54000,69000,2026-08-06
Brand,Manager,Sligo,45900,49600,2026-09-03
SEO,Head,Clare,36500,66400,2026-08-07
SEO,Manager,Cork,58200,78000,2026-06-12
SEO,Entry,Clare,63000,81200,2026-07-18
Head of marketing,Entry,Clare,42800,123600,2026-09-20
Ecommerce,Executive,Cork,45600,86500,2026-07-11
Content and social,Head,Clare,51100,67800,2026-08-30
Ecommerce,Entry,Donegal,48900,74700,2026-08-11
Content and social,Manager,Meath,45400,76700,2026-08-08
SEO,Manager,Mayo,35200,75800,2026-06-23
SEO,Executive,Sligo,66900,61800,2026-06-29
SEO,Manager,Kerry,54600,109700,2026-09-07
Brand,Entry,Clare,32200,128300,2026-06-21
Brand,Head,Sligo,37100,77400,2026-06-13
Product marketing,Head,Donegal,55800,73600,2026-07-14
SEO,Head,Sligo,53000,61200,2026-08-30
Head of marketing,Executive,Donegal,46800,54300,2026-05-27
Content and social,Head,Mayo,35000,73400,2026-09-15
Product marketing,Head,Clare,58800,75300,2026-09-03
SEO,Manager,Clare,64200,101800,2026-07-11
Product marketing,Manager,Clare,37200,104600,2026-08-26
Product marketing,Head,Donegal,40000,75300,2026-07-20
Content and social,Entry,Clare,44300,66300,2026-09-10
Ecommerce,Entry,Clare,43000,67700,2026-07-19
Product marketing,Manager,Meath,43100,70700,2026-06-27
Product marketing,Manager,Kerry,41600,74200,2026-07-09
Content and social,Manager,Clare,58500,63500,2026-05-26
Content and social,Entry,Mayo,55200,89700,2026-07-08
SEO,Head,Cork,33500,121800,2026-07-13
Content and social,Head,Clare,46200,64500,2026-09-09
Brand,Manager,Clare,49100,62200,2026-06-20
Marketing operations,Entry,Meath,55200,63600,2026-06-06
SEO,Manager,Clare,41100,77900,2026-08-13
Head of marketing,Manager,Clare,31500,60000,2026-06-06
Content and social,Manager,Sligo,58100,75400,2026-08-07
Marketing operations,Manager,Mayo,61400,110900,2026-08-15
Brand,Manager,Sligo,33000,120700,2026-08-18
Brand,Head,Clare,47900,70400,2026-08-06
Brand,Head,Kerry,45400,46200,2026-09-13
Ecommerce,Head,Mayo,53900,45400,2026-08-29
Ecommerce,Manager,Sligo,34300,46700,2026-08-12
Marketing operations,Head,Sligo,36200,63600,2026-06-10
SEO,Head,Donegal,69300,79800,2026-08-17
Product marketing,Head,Donegal,56600,81000,2026-09-05
Brand,Manager,Kerry,44400,127100,2026-07-08
Product marketing,Head,Meath,41700,70400,2026-07-28
Head of marketing,Manager,Kerry,46700,51500,2026-07-01
Brand,Head,Donegal,47100,71000,2026-05-29
Marketing operations,Manager,Mayo,41100,72200,2026-06-12
SEO,Head,Mayo,43100,66100,2026-06-29
Ecommerce,Head,Cork,65400,80100,2026-07-02
Brand,Manager,Meath,52800,98900,2026-09-05
Brand,Entry,Kerry,37900,106100,2026-06-19
Marketing operations,Manager,Clare,39300,83700,2026-07-28
Product marketing,Executive,Mayo,41500,66500,2026-08-05
Head of marketing,Head,Sligo,47400,74100,2026-08-07
Head of marketing,Entry,Kerry,41000,59100,2026-09-19
Head of marketing,Head,Kerry,43300,60600,2026-08-11
Marketing operations,Head,Sligo,65300,66600,2026-08-07
SEO,Head,Mayo,55800,84500,2026-08-12
SEO,Manager,Clare,30900,123400,2026-06-27
Marketing operations,Manager,Clare,41200,83400,2026-07-18
SEO,Executive,Kerry,52800,49200,2026-07-29
Product marketing,Executive,Meath,50900,77000,2026-07-20
Content and social,Entry,Mayo,43900,58400,2026-07-29
Head of marketing,Manager,Clare,44100,81400,2026-05-31
Brand,Manager,Mayo,60000,55800,2026-05-24
SEO,Head,Clare,56000,87400,2026-07-21
Head of marketing,Manager,Mayo,34700,125200,2026-08-29
SEO,Head,Meath,42800,80700,2026-08-31
Product marketing,Head,Clare,47500,52900,2026-09-17
Ecommerce,Manager,Sligo,47500,77800,2026-09-17
Product marketing,Head,Clare,33700,56500,2026-06-03
Ecommerce,Head,Mayo,34900,71600,2026-07-03
Head of marketing,Entry,Kerry,59400,79700,2026-07-10
Content and social,Head,Cork,64300,105600,2026-07-27
Ecommerce,Executive,Clare,32200,124600,2026-06-16
SEO,Head,Mayo,43000,75000,2026-09-05
SEO,Manager,Cork,47800,61700,2026-06-11
Content and social,Head,Mayo,52800,60200,2026-05-24
Ecommerce,Entry,Meath,47300,68500,2026-07-28
Brand,Executive,Meath,32100,68900,2026-06-15
Product marketing,Manager,Clare,64900,82000,2026-06-10
Marketing operations,Manager,Meath,63100,90100,2026-06-03
SEO,Head,Donegal,34600,131600,2026-09-14
Content and social,Manager,Sligo,50000,60600,2026-07-01
SEO,Manager,Donegal,52000,50300,2026-06-28
Marketing operations,Manager,Clare,48200,71900,2026-08-28
Brand,Manager,Clare,40000,68300,2026-08-09
Content and social,Head,Meath,36200,58900,2026-07-27
Ecommerce,Manager,Mayo,63200,83300,2026-06-23
Content and social,Head,Clare,59800,82800,2026-07-11
Ecommerce,Manager,Donegal,44000,108800,2026-07-01
SEO,Head,Donegal,41200,84100,2026-08-24
SEO,Manager,Cork,47700,47700,2026-09-10
SEO,Head,Kerry,55200,69700,2026-06-08
SEO,Entry,Cork,33800,64700,2026-05-28
Head of marketing,Manager,Sligo,42000,57400,2026-08-21
SEO,Head,Cork,61500,55000,2026-06-25
Marketing operations,Head,Meath,61200,104600,2026-09-08
Content and social,Manager,Cork,33800,117800,2026-06-08
SEO,Manager,Clare,37700,60500,2026-06-15
Head of marketing,Manager,Cork,51700,55900,2026-07-17
Head of marketing,Head,Meath,53000,78300,2026-06-10
Product marketing,Manager,Mayo,34300,74100,2026-07-03
Content and social,Head,Clare,32500,65700,2026-06-04
Content and social,Head,Clare,63700,72700,2026-07-03
Product marketing,Head,Donegal,52100,100800,2026-06-17
Head of marketing,Manager,Cork,34800,113200,2026-08-13
Head of marketing,Head,Kerry,43800,66600,2026-06-23
Product marketing,Manager,Mayo,49400,61900,2026-08-03
SEO,Manager,Meath,55400,69300,2026-08-27
Head of marketing,Manager,Kerry,38900,74800,2026-06-12
SEO,Manager,Donegal,36300,74600,2026-06-22
SEO,Manager,Mayo,63500,73100,2026-08-27
Brand,Manager,Sligo,60500,82300,2026-07-10
Marketing operations,Head,Clare,36300,134500,2026-09-06
Content and social,Entry,Mayo,46200,65100,2026-05-29
Head of marketing,Head,Meath,44000,52300,2026-07-20
Product marketing,Executive,Clare,57000,70800,2026-08-15
Head of marketing,Entry,Clare,44900,46300,2026-07-31
Head of marketing,Manager,Sligo,33900,80800,2026-06-29
Marketing operations,Head,Cork,60100,60200,2026-07-01
Head of marketing,Head,Kerry,63400,91300,2026-09-14
Ecommerce,Manager,Donegal,42100,128300,2026-07-05
SEO,Manager,Mayo,42700,71500,2026-08-25
Ecommerce,Head,Clare,48400,52400,2026-08-14
SEO,Entry,Kerry,48100,68600,2026-09-02
Head of marketing,Head,Clare,46900,55100,2026-06-01
Marketing operations,Head,Clare,41100,79500,2026-07-05
Product marketing,Manager,Kerry,66600,55900,2026-06-28
SEO,Manager,Kerry,62100,108900,2026-06-16
Marketing operations,Head,Cork,40700,132200,2026-08-07
Marketing operations,Manager,Cork,36800,77100,2026-08-21
Ecommerce,Entry,Sligo,42600,66300,2026-07-12
Marketing operations,Head,Meath,54200,46300,2026-08-20
Content and social,Head,Kerry,42900,73000,2026-08-30
Marketing operations,Executive,Cork,40900,68200,2026-06-06
Product marketing,Entry,Clare,58200,61100,2026-08-07
SEO,Head,Clare,52300,84600,2026-06-08
Marketing operations,Head,Sligo,44600,110700,2026-06-30
Brand,Manager,Mayo,46200,69700,2026-08-24
Ecommerce,Head,Cork,44200,69200,2026-07-28
Product marketing,Executive,Kerry,56000,46000,2026-06-18
Marketing operations,Manager,Mayo,43300,72900,2026-06-24
Ecommerce,Executive,Cork,44300,66300,2026-07-18
Ecommerce,Entry,Donegal,59600,72400,2026-08-09
Marketing operations,Manager,Meath,50700,106000,2026-06-01
Marketing operations,Head,Mayo,30600,109600,2026-05-27
Product marketing,Entry,Kerry,46300,75100,2026-06-07
Content and social,Manager,Meath,47000,62700,2026-06-29
Brand,Entry,Meath,43900,46200,2026-08-11
Content and social,Manager,Clare,47800,47100,2026-07-10
SEO,Head,Clare,32600,69100,2026-08-11
Content and social,Manager,Clare,62200,61200,2026-08-02
Marketing operations,Head,Clare,51500,90100,2026-09-07
SEO,Head,Cork,31100,121000,2026-07-05
Product marketing,Entry,Meath,49700,72800,2026-07-30
Head of marketing,Executive,Meath,42800,58200,2026-06-14
SEO,Head,Clare,53000,59200,2026-09-01
Ecommerce,Head,Sligo,41900,70400,2026-06-29
Content and social,Manager,Kerry,43600,68300,2026-07-27
Brand,Manager,Donegal,61100,75200,2026-09-08
Marketing operations,Entry,Kerry,56600,93000,2026-08-02
Ecommerce,Entry,Clare,44600,133300,2026-09-18
SEO,Manager,Clare,44100,87200,2026-06-12
SEO,Entry,Mayo,50300,67400,2026-07-08
Marketing operations,Head,Cork,52200,74700,2026-06-28
Content and social,Head,Donegal,40400,50900,2026-07-03
Content and social,Head,Mayo,41100,78900,2026-08-13
Brand,Manager,Cork,66800,61600,2026-07-28
Marketing operations,Executive,Clare,62600,109500,2026-06-02
SEO,Manager,Clare,38200,116500,2026-07-09
Head of marketing,Manager,Kerry,36800,75200,2026-07-22
Content and social,Head,Kerry,48900,50600,2026-05-31
Content and social,Manager,Clare,47500,60100,2026-07-16
Head of marketing,Executive,Meath,41700,49300,2026-07-30
SEO,Head,Sligo,36600,71100,2026-07-14
Brand,Head,Donegal,62800,81500,2026-08-06
Ecommerce,Head,Clare,57600,93400,2026-05-30
Ecommerce,Manager,Kerry,39800,113000,2026-06-05
Head of marketing,Executive,Meath,49000,66600,2026-07-03
SEO,Manager,Clare,55600,57900,2026-06-06
Ecommerce,Entry,Meath,43800,52400,2026-07-13
Product marketing,Head,Kerry,39400,76500,2026-09-20
Ecommerce,Head,Meath,36300,62300,2026-06-24
Head of marketing,Manager,Clare,56600,65900,2026-05-31
SEO,Manager,Mayo,54700,112300,2026-06-01
Product marketing,Head,Clare,33100,130600,2026-07-25
SEO,Manager,Donegal,42800,86200,2026-08-26
Head of marketing,Executive,Sligo,48300,55200,2026-08-20
SEO,Executive,Sligo,46100,57400,2026-08-10
Brand,Head,Clare,48300,72400,2026-06-04
Ecommerce,Manager,Donegal,36100,73400,2026-06-19
Head of marketing,Head,Donegal,63100,79800,2026-08-16
Head of marketing,Executive,Clare,52700,109400,2026-07-15
SEO,Manager,Clare,35500,108600,2026-08-03
Ecommerce,Manager,Clare,47500,68200,2026-08-26
Content and social,Head,Mayo,41400,51400,2026-08-17
SEO,Executive,Clare,44900,56100,2026-05-30
Brand,Manager,Clare,43900,51600,2026-08-27
Head of marketing,Manager,Mayo,43000,53800,2026-08-28
Ecommerce,Head,Clare,60600,81500,2026-07-13
Brand,Manager,Donegal,61500,102500,2026-08-01
SEO,Head,Donegal,33800,104700,2026-06-08
Head of marketing,Manager,Kerry,42300,86200,2026-06-17
SEO,Head,Sligo,53000,67600,2026-09-16
Brand,Manager,Clare,49000,64500,2026-09-15
Ecommerce,Manager,Clare,44800,60200,2026-06-26
Head of marketing,Head,Kerry,40700,84200,2026-09-18
Ecommerce,Head,Cork,63200,69500,2026-06-05
Head of marketing,Head,Meath,61900,98800,2026-08-20
Product marketing,Executive,Sligo,44400,131200,2026-09-02
Content and social,Executive,Donegal,47400,83900,2026-06-05
Product marketing,Manager,Donegal,50300,74900,2026-06-10
Marketing operations,Manager,Cork,50500,54400,2026-07-19
Head of marketing,Manager,Donegal,40600,47700,2026-05-25
Product marketing,Head,Mayo,38300,65900,2026-07-29
Brand,Head,Clare,55900,61300,2026-08-31
Marketing operations,Head,Clare,54000,94800,2026-06-14
Marketing operations,Head,Kerry,34000,123000,2026-09-09
Marketing operations,Head,Cork,49800,73200,2026-08-08
Marketing operations,Head,Cork,47600,45800,2026-06-03
SEO,Head,Cork,51700,48000,2026-07-07
Content and social,Manager,Clare,38300,61100,2026-09-17
Content and social,Entry,Donegal,41100,71000,2026-08-30
Content and social,Entry,Mayo,63300,83900,2026-06-03
Head of marketing,Executive,Cork,55900,85900,2026-08-14
Brand,Manager,Clare,35300,103100,2026-05-31
Content and social,Manager,Cork,44300,69000,2026-06-02
SEO,Entry,Meath,52400,53800,2026-08-19
Product marketing,Head,Sligo,51100,59400,2026-08-16
Content and social,Head,Clare,37600,77200,2026-08-15
Content and social,Head,Sligo,39600,76700,2026-09-01
Brand,Manager,Donegal,63800,85800,2026-08-16
Content and social,Head,Sligo,58300,112100,2026-06-04
Head of marketing,Head,Meath,35100,133300,2026-08-30
Head of marketing,Executive,Cork,49700,55600,2026-07-07
SEO,Head,Sligo,51500,48400,2026-08-17
Brand,Entry,Clare,54500,58300,2026-07-13
Marketing operations,Head,Sligo,43500,47200,2026-07-28
SEO,Manager,Kerry,34900,54900,2026-06-28
Brand,Entry,Cork,68600,74000,2026-06-16
Content and social,Head,Donegal,54100,104800,2026-06-30
Content and social,Manager,Mayo,30700,135400,2026-06-21
Ecommerce,Manager,Cork,44100,57700,2026-08-06
Product marketing,Manager,Sligo,47900,71500,2026-05-26
Content and social,Head,Meath,57300,62800,2026-09-04
SEO,Manager,Meath,33900,45900,2026-07-23
Brand,Head,Sligo,31100,80500,2026-06-03
Marketing operations,Manager,Donegal,61700,81000,2026-06-08
SEO,Manager,Clare,55100,90700,2026-06-27
Content and social,Manager,Cork,36900,117000,2026-06-14
Brand,Head,Meath,45800,66500,2026-08-17
Product marketing,Head,Kerry,47200,60100,2026-07-15
Product marketing,Manager,Donegal,47700,64300,2026-07-16
Content and social,Head,Kerry,47100,65700,2026-07-24
SEO,Executive,Cork,31000,58100,2026-08-31
Brand,Entry,Mayo,59200,77200,2026-06-07
Product marketing,Manager,Clare,61400,108100,2026-07-22
SEO,Head,Clare,32800,103200,2026-06-10
Marketing operations,Manager,Clare,42900,88100,2026-08-11
Head of marketing,Manager,Donegal,54800,62200,2026-07-16
Brand,Manager,Clare,46500,70500,2026-05-29
Marketing operations,Manager,Sligo,41400,71900,2026-06-03
Content and social,Manager,Mayo,40700,73000,2026-06-28
Content and social,Head,Kerry,58200,88000,2026-05-30
SEO,Manager,Clare,56200,95900,2026-05-29
Marketing operations,Manager,Sligo,32200,119500,2026-09-04
Product marketing,Manager,Cork,41300,71600,2026-06-22
Product marketing,Manager,Clare,54400,77200,2026-09-08
Marketing operations,Entry,Kerry,44100,57500,2026-07-24
Product marketing,Manager,Clare,43400,58600,2026-09-10
Ecommerce,Manager,Meath,34100,57300,2026-09-11
Content and social,Entry,Clare,62100,75100,2026-09-08
SEO,Head,Clare,53900,96800,2026-08-02
SEO,Head,Clare,34800,106900,2026-09-17
Product marketing,Executive,Clare,40700,73300,2026-07-13
Ecommerce,Manager,Sligo,43400,67200,2026-08-12
Content and social,Head,Meath,48600,48700,2026-06-23
SEO,Manager,Donegal,36800,76600,2026-07-20
SEO,Manager,Kerry,37800,64700,2026-06-25
Ecommerce,Manager,Mayo,65200,66200,2026-08-17
Ecommerce,Entry,Cork,62200,96400,2026-07-05
SEO,Manager,Clare,42600,111400,2026-06-15
SEO,Executive,Meath,45900,60200,2026-05-26
Head of marketing,Head,Donegal,51000,66200,2026-09-08
SEO,Manager,Kerry,48300,55800,2026-08-27
Brand,Manager,Mayo,45600,49000,2026-06-09
Head of marketing,Head,Mayo,44500,61400,2026-05-29
Product marketing,Head,Mayo,60500,82800,2026-08-08
Product marketing,Head,Sligo,54100,83600,2026-07-02
Brand,Head,Clare,33900,102700,2026-06-15
Product marketing,Executive,Sligo,39700,84100,2026-08-05
Marketing operations,Executive,Clare,55800,56300,2026-07-21
Head of marketing,Manager,Meath,42700,59400,2026-08-20
SEO,Entry,Mayo,46400,67500,2026-07-18
Brand,Head,Clare,40900,76100,2026-08-16
Head of marketing,Manager,Kerry,66100,61400,2026-08-11
SEO,Manager,Donegal,65300,113900,2026-08-12
Brand,Entry,Meath,39300,119700,2026-06-19
Brand,Manager,Cork,46800,60400,2026-06-02
Ecommerce,Manager,Kerry,50400,53600,2026-06-08
Ecommerce,Head,Clare,55900,50500,2026-06-30
SEO,Manager,Cork,34300,58900,2026-06-10
Ecommerce,Head,Meath,42000,65000,2026-09-04
Marketing operations,Executive,Cork,61100,78200,2026-07-20
Marketing operations,Head,Clare,61100,80500,2026-09-02
Brand,Manager,Mayo,44400,105000,2026-05-25
Brand,Manager,Kerry,46300,71900,2026-07-23
SEO,Manager,Donegal,53100,63100,2026-08-22
Product marketing,Manager,Clare,56000,64800,2026-09-18
Brand,Head,Donegal,42500,66900,2026-07-16
Brand,Head,Mayo,44100,73600,2026-07-12
Brand,Manager,Donegal,64400,65300,2026-08-26
SEO,Head,Sligo,53000,106200,2026-09-04
Product marketing,Head,Donegal,36100,124300,2026-09-08
Head of marketing,Entry,Donegal,37400,74500,2026-07-24
Product marketing,Manager,Sligo,43200,58000,2026-08-25
Content and social,Head,Mayo,50900,49700,2026-06-19
Product marketing,Entry,Meath,41000,65100,2026-07-30
Head of marketing,Head,Meath,39600,76100,2026-06-30
SEO,Manager,Clare,57000,76400,2026-07-03
Head of marketing,Head,Cork,58100,83500,2026-09-13
Brand,Entry,Meath,31900,111600,2026-07-05
Content and social,Executive,Mayo,47600,68700,2026-05-29
Ecommerce,Executive,Mayo,47800,74100,2026-08-12
Head of marketing,Executive,Meath,47400,65800,2026-05-26
Product marketing,Head,Sligo,38000,57500,2026-06-08
Marketing operations,Manager,Clare,36800,71000,2026-07-06
Content and social,Manager,Clare,61200,66900,2026-06-08
SEO,Manager,Sligo,62600,95500,2026-07-12
Ecommerce,Head,Clare,31600,107400,2026-06-15
Brand,Executive,Meath,42900,78700,2026-07-19
SEO,Manager,Mayo,48200,57800,2026-06-12
Product marketing,Head,Sligo,47000,49400,2026-05-29
SEO,Entry,Sligo,47100,71400,2026-06-27
Content and social,Head,Sligo,44300,53500,2026-09-01
Head of marketing,Manager,Meath,55400,86500,2026-07-05
Content and social,Entry,Sligo,50900,83900,2026-08-10
Content and social,Head,Donegal,31300,127700,2026-06-09
Product marketing,Entry,Meath,48900,71100,2026-07-06
SEO,Executive,Meath,41700,45800,2026-05-29
Marketing operations,Head,Mayo,50300,71200,2026-06-17
Ecommerce,Executive,Clare,37800,54200,2026-09-07
Head of marketing,Head,Cork,34400,63800,2026-06-25
Ecommerce,Manager,Donegal,66900,57000,2026-09-20
Head of marketing,Manager,Mayo,61600,91300,2026-07-24
Product marketing,Manager,Clare,42700,110600,2026-06-05
SEO,Head,Clare,38300,73200,2026-09-20
Ecommerce,Head,Clare,43600,54200,2026-06-19
Ecommerce,Executive,Cork,52500,66800,2026-08-05
SEO,Head,Cork,42400,53400,2026-09-05
SEO,Head,Meath,33100,76700,2026-07-07
Content and social,Manager,Donegal,58200,68300,2026-06-12
Product marketing,Manager,Kerry,57000,92500,2026-08-19
Head of marketing,Head,Kerry,35500,132500,2026-08-24
Head of marketing,Manager,Clare,37700,80000,2026-06-06
SEO,Head,Sligo,48800,70700,2026-06-20
SEO,Manager,Donegal,55900,44900,2026-06-19
Marketing operations,Head,Clare,39600,73800,2026-07-03
Ecommerce,Manager,Donegal,39600,62400,2026-08-26
SEO,Manager,Donegal,56700,77200,2026-08-24
Marketing operations,Manager,Meath,62800,99500,2026-07-01
SEO,Manager,Clare,42500,117800,2026-07-25
Head of marketing,Executive,Clare,40700,74100,2026-09-03
Product marketing,Executive,Sligo,43600,52400,2026-08-07
SEO,Manager,Meath,56200,77800,2026-08-13
Content and social,Head,Meath,47200,58200,2026-07-20
Marketing operations,Manager,Meath,38400,79300,2026-05-26
Product marketing,Entry,Clare,64400,67200,2026-06-01
Content and social,Executive,Cork,59300,84700,2026-07-27
Content and social,Head,Mayo,33600,130900,2026-08-05
Content and social,Manager,Clare,44600,67200,2026-07-02
Marketing operations,Head,Meath,41600,62100,2026-07-12
Content and social,Executive,Cork,48400,56400,2026-07-11
Ecommerce,Head,Clare,35800,78500,2026-09-11
Head of marketing,Head,Mayo,42000,56100,2026-06-18
Content and social,Executive,Cork,60800,78700,2026-07-30
Ecommerce,Manager,Clare,54700,91700,2026-06-22
Brand,Manager,Donegal,43800,121600,2026-07-23
SEO,Manager,Kerry,46700,77400,2026-08-03
Head of marketing,Executive,Donegal,53600,61500,2026-08-20
SEO,Head,Kerry,50500,62800,2026-08-05
SEO,Head,Clare,34000,44800,2026-07-01
Marketing operations,Manager,Kerry,33600,69500,2026-06-21
SEO,Head,Donegal,57200,57300,2026-09-02
SEO,Manager,Sligo,59700,113600,2026-07-25
Product marketing,Head,Clare,39900,105700,2026-09-15
Ecommerce,Executive,Donegal,39600,73300,2026-09-10
Marketing operations,Head,Cork,52000,78500,2026-05-29
Head of marketing,Head,Kerry,45000,72300,2026-06-28
Brand,Head,Meath,45800,75700,2026-08-07
Head of marketing,Manager,Clare,42800,55600,2026-09-19
Content and social,Head,Sligo,65300,74200,2026-08-20
Head of marketing,Head,Cork,54000,98900,2026-06-16
Content and social,Manager,Cork,34100,118300,2026-06-13
Head of marketing,Manager,Meath,50200,82200,2026-05-28
SEO,Head,Sligo,44200,78900,2026-06-05
Content and social,Head,Kerry,51400,46800,2026-09-10
Marketing operations,Head,Clare,47900,47200,2026-08-27
SEO,Manager,Kerry,42600,69100,2026-06-05
Product marketing,Head,Donegal,58000,55800,2026-06-29
Head of marketing,Entry,Mayo,61500,92900,2026-08-24
Head of marketing,Manager,Kerry,36800,103000,2026-08-31
SEO,Manager,Donegal,39800,87400,2026-09-09
Marketing operations,Manager,Clare,52800,48600,2026-08-09
Marketing operations,Entry,Clare,51000,78200,2026-09-12
Brand,Head,Cork,39400,63100,2026-05-28
SEO,Head,Meath,38300,80200,2026-08-23
Brand,Entry,Donegal,56000,86800,2026-08-12
Ecommerce,Manager,Sligo,64900,107700,2026-06-26
Product marketing,Manager,Meath,40100,112100,2026-08-15
Head of marketing,Head,Sligo,37300,87300,2026-06-26
Brand,Manager,Mayo,47000,46700,2026-06-17
Marketing operations,Manager,Sligo,57200,55200,2026-07-11
Ecommerce,Head,Clare,40800,47900,2026-05-25
Product marketing,Manager,Mayo,41000,57100,2026-09-05
Marketing operations,Head,Donegal,58500,84700,2026-08-14
SEO,Manager,Kerry,56300,88900,2026-07-13
SEO,Head,Cork,32900,119300,2026-09-01
Head of marketing,Head,Cork,41900,72900,2026-08-31
Head of marketing,Head,Sligo,47100,52200,2026-05-24
Ecommerce,Head,Meath,51800,77100,2026-07-22
SEO,Head,Clare,34400,71500,2026-08-18
Brand,Entry,Sligo,40000,74100,2026-09-14
Marketing operations,Executive,Sligo,59100,80900,2026-08-24
Content and social,Manager,Meath,52800,112000,2026-06-17
Brand,Executive,Donegal,31900,109500,2026-06-07
Ecommerce,Executive,Kerry,45400,88800,2026-07-21
Brand,Entry,Mayo,44800,62900,2026-08-28
Product marketing,Manager,Kerry,48000,50200,2026-06-21
Ecommerce,Head,Clare,38400,62100,2026-09-06
Brand,Manager,Clare,39300,81100,2026-06-12
SEO,Manager,Donegal,68000,63400,2026-08-11
Brand,Executive,Mayo,55200,108700,2026-07-24
Head of marketing,Manager,Clare,33700,133600,2026-07-12
Ecommerce,Manager,Kerry,47900,78900,2026-06-21
Ecommerce,Entry,Cork,46900,60300,2026-07-05
Head of marketing,Head,Clare,48700,50600,2026-05-28
SEO,Manager,Clare,34700,48900,2026-08-14
SEO,Manager,Meath,37800,78300,2026-08-05
SEO,Head,Kerry,63900,65600,2026-09-11
Ecommerce,Executive,Clare,57200,105800,2026-07-13
Ecommerce,Head,Meath,35500,111700,2026-07-14
SEO,Head,Clare,41100,64700,2026-07-11
SEO,Entry,Clare,45200,64300,2026-05-30
SEO,Manager,Kerry,49400,66700,2026-09-04
Product marketing,Head,Donegal,47400,54700,2026-06-18
Ecommerce,Manager,Meath,36400,74200,2026-06-02
Brand,Head,Sligo,62300,55400,2026-06-19
Product marketing,Executive,Mayo,61400,105300,2026-09-14
Product marketing,Manager,Kerry,43200,132900,2026-06-28
Head of marketing,Head,Sligo,37500,83400,2026-08-31
Brand,Manager,Mayo,49900,77100,2026-08-06
Marketing operations,Entry,Clare,45900,71100,2026-09-15
Marketing operations,Manager,Mayo,34700,69800,2026-07-06
Content and social,Head,Cork,42500,67600,2026-06-03
Product marketing,Manager,Sligo,56200,77100,2026-06-04
SEO,Executive,Clare,59400,80600,2026-06-08
Head of marketing,Head,Donegal,40000,125700,2026-07-08
SEO,Manager,Cork,40500,87700,2026-07-23
SEO,Manager,Clare,49000,49800,2026-08-20
Product marketing,Head,Mayo,48200,50800,2026-07-15
Marketing operations,Entry,Meath,39600,50200,2026-05-25
Marketing operations,Head,Kerry,31000,64000,2026-07-04
Ecommerce,Head,Donegal,59700,61600,2026-07-27
Ecommerce,Head,Cork,61600,91700,2026-06-04
Head of marketing,Entry,Donegal,38700,102300,2026-05-24
Brand,Manager,Clare,50800,86800,2026-07-27
SEO,Head,Meath,47300,61100,2026-08-30
SEO,Manager,Donegal,43900,63100,2026-07-17
Ecommerce,Manager,Meath,35500,60100,2026-06-06
Ecommerce,Manager,Cork,30500,65100,2026-06-09
Product marketing,Manager,Sligo,64300,58500,2026-05-26
SEO,Head,Clare,52900,100300,2026-08-21
Content and social,Manager,Sligo,30600,129300,2026-08-28
Head of marketing,Executive,Mayo,43100,58900,2026-06-09
SEO,Entry,Mayo,51100,62000,2026-06-30
Brand,Manager,Meath,50600,76500,2026-05-25
Brand,Head,Mayo,35100,52300,2026-08-11
Marketing operations,Head,Cork,42200,82800,2026-09-08
SEO,Head,Meath,60200,80300,2026-09-18
SEO,Manager,Clare,54200,99500,2026-05-24
Head of marketing,Head,Kerry,33800,133700,2026-07-14
Ecommerce,Executive,Cork,50400,67500,2026-06-12
Ecommerce,Executive,Meath,44100,56500,2026-08-31
Head of marketing,Head,Kerry,54700,76800,2026-06-16
SEO,Manager,Clare,39300,58900,2026-09-14
Marketing operations,Manager,Cork,41900,72900,2026-06-16
Product marketing,Manager,Sligo,63700,65500,2026-07-04
Content and social,Manager,Clare,64100,84800,2026-06-10
Head of marketing,Manager,Clare,44200,103600,2026-08-25
Content and social,Executive,Kerry,41000,72900,2026-06-04
Brand,Executive,Clare,53800,78100,2026-09-09
Ecommerce,Executive,Clare,53000,73200,2026-09-05
Content and social,Manager,Donegal,43200,48100,2026-06-28
SEO,Head,Kerry,35600,80600,2026-07-18
SEO,Manager,Sligo,66400,80000,2026-07-30
Product marketing,Manager,Kerry,54600,105300,2026-05-24
SEO,Manager,Meath,39800,115500,2026-09-12
Marketing operations,Executive,Clare,45600,88000,2026-08-13
Content and social,Manager,Cork,50100,71500,2026-08-27
Ecommerce,Head,Donegal,47700,57700,2026-08-11
Head of marketing,Entry,Sligo,38500,49100,2026-07-08
Product marketing,Executive,Kerry,30800,51900,2026-06-17
Head of marketing,Head,Sligo,66100,79700,2026-09-18
Brand,Executive,Donegal,58900,87500,2026-07-03
SEO,Manager,Donegal,37200,134600,2026-06-01
Content and social,Manager,Cork,43700,77100,2026-08-13
Product marketing,Head,Clare,47700,63800,2026-06-05
Brand,Entry,Kerry,53600,57500,2026-09-11
Content and social,Head,Clare,35100,69300,2026-08-02
Ecommerce,Head,Meath,35200,57300,2026-08-27
SEO,Entry,Cork,60700,85800,2026-08-11
SEO,Head,Meath,54000,104000,2026-06-13
Product marketing,Manager,Mayo,34900,126800,2026-07-16
Head of marketing,Head,Clare,44000,82800,2026-09-13
Head of marketing,Manager,Kerry,46600,50100,2026-06-11
Content and social,Entry,Meath,56600,63200,2026-06-08
Marketing operations,Executive,Mayo,43200,55000,2026-06-13
SEO,Manager,Mayo,32300,79000,2026-07-03
Product marketing,Executive,Clare,61000,58200,2026-07-03
Product marketing,Manager,Cork,53600,101000,2026-08-02
SEO,Manager,Clare,42900,111400,2026-05-24
SEO,Manager,Mayo,49200,84100,2026-08-29
Ecommerce,Head,Mayo,42900,63000,2026-06-26
Brand,Executive,Mayo,53300,45000,2026-07-31
Head of marketing,Manager,Cork,38400,58300,2026-07-20
Content and social,Head,Donegal,41000,78200,2026-08-21
Product marketing,Head,Kerry,55500,76900,2026-06-29
Content and social,Entry,Kerry,52500,104400,2026-09-11
Marketing operations,Head,Kerry,39300,127400,2026-08-08
SEO,Manager,Meath,49300,81500,2026-07-15
Content and social,Manager,Clare,51600,59500,2026-09-18
Product marketing,Manager,Mayo,49500,45200,2026-07-11
Head of marketing,Head,Mayo,42900,69700,2026-08-22
Brand,Manager,Sligo,34600,75800,2026-07-21
Marketing operations,Head,Kerry,59000,64000,2026-07-21
SEO,Head,Clare,59100,109800,2026-09-17
Content and social,Head,Clare,38300,130300,2026-09-15
Content and social,Head,Mayo,42100,88500,2026-08-18
Brand,Manager,Sligo,54600,45400,2026-07-18
Marketing operations,Manager,Donegal,44100,49200,2026-09-10
SEO,Entry,Clare,36300,49800,2026-07-10
Product marketing,Head,Kerry,41700,81100,2026-08-12
SEO,Entry,Mayo,59500,56400,2026-09-06
Content and social,Head,Mayo,64900,89500,2026-08-05
Product marketing,Head,Sligo,34600,102800,2026-06-26
Content and social,Head,Clare,44200,63600,2026-05-24
Brand,Manager,Clare,45000,47000,2026-07-12
Product marketing,Manager,Cork,48200,78400,2026-07-30
Marketing operations,Executive,Clare,44300,58200,2026-06-01
Brand,Manager,Clare,33200,75900,2026-06-04
SEO,Executive,Sligo,67600,70800,2026-06-10
Content and social,Entry,Kerry,64200,103300,2026-08-15
Product marketing,Manager,Meath,41100,127500,2026-07-09
Brand,Manager,Sligo,49900,80200,2026-08-02
Content and social,Head,Kerry,43700,63700,2026-07-06
Product marketing,Entry,Mayo,46300,53000,2026-08-14
Marketing operations,Head,Donegal,37600,55200,2026-07-02
Product marketing,Executive,Cork,36300,72900,2026-07-16
SEO,Manager,Meath,54700,75400,2026-09-10
Product marketing,Head,Kerry,60700,95300,2026-08-07
Marketing operations,Manager,Clare,40800,107700,2026-06-20
Head of marketing,Entry,Donegal,36900,73900,2026-09-04
Ecommerce,Entry,Donegal,49900,75200,2026-07-20
Head of marketing,Executive,Cork,42900,49800,2026-07-22
Brand,Head,Sligo,45600,46800,2026-07-30
Head of marketing,Head,Meath,39000,84300,2026-07-01
Product marketing,Head,Kerry,60000,63200,2026-06-11
Product marketing,Manager,Donegal,63900,108300,2026-07-07
Brand,Executive,Mayo,35800,103100,2026-07-20
Content and social,Entry,Kerry,41100,89000,2026-07-23
SEO,Manager,Clare,45500,56500,2026-08-21
SEO,Manager,Kerry,48100,76000,2026-09-17
SEO,Entry,Clare,47500,45500,2026-05-27
Marketing operations,Head,Kerry,33600,79500,2026-09-10
SEO,Manager,Kerry,59900,82800,2026-06-23
Brand,Manager,Meath,53200,98500,2026-08-26
Content and social,Manager,Kerry,32600,103000,2026-05-24
Marketing operations,Entry,Clare,43100,58200,2026-09-02
Brand,Manager,Clare,51300,71500,2026-05-26
Content and social,Head,Meath,49000,75300,2026-05-30
Product marketing,Executive,Cork,43700,65800,2026-06-08
Head of marketing,Manager,Sligo,39100,73600,2026-07-24
SEO,Executive,Sligo,55600,78400,2026-05-25
Product marketing,Head,Kerry,54200,113800,2026-06-14
Marketing operations,Manager,Clare,30900,126900,2026-09-08
Head of marketing,Manager,Donegal,40500,80200,2026-09-09
Brand,Head,Cork,49000,56800,2026-06-19
SEO,Executive,Sligo,48100,54200,2026-06-25
Content and social,Manager,Clare,36400,50200,2026-08-19
Content and social,Manager,Kerry,31700,74800,2026-09-13
Content and social,Entry,Clare,65300,71800,2026-06-04
Ecommerce,Head,Clare,57800,107100,2026-08-12
Content and social,Manager,Clare,37500,126200,2026-05-31
Marketing operations,Entry,Meath,49500,69400,2026-07-06
Brand,Executive,Clare,45800,65200,2026-08-29
Ecommerce,Entry,Meath,50000,47400,2026-08-04
Brand,Manager,Clare,34600,54500,2026-07-14
SEO,Manager,Mayo,33900,53200,2026-09-18
Product marketing,Manager,Clare,61100,73500,2026-07-31
Content and social,Manager,Kerry,57400,97800,2026-06-15
Head of marketing,Entry,Clare,33600,128000,2026-09-02
Marketing operations,Executive,Meath,42000,77800,2026-08-06
Head of marketing,Entry,Kerry,41400,46400,2026-07-21
Product marketing,Head,Donegal,49800,71400,2026-07-31
Marketing operations,Head,Clare,38200,69400,2026-05-28
Content and social,Entry,Clare,34000,79400,2026-06-16
SEO,Executive,Donegal,61800,73100,2026-08-12
SEO,Head,Sligo,60600,104100,2026-07-15
Marketing operations,Manager,Donegal,41800,105200,2026-08-26
SEO,Manager,Clare,50500,56400,2026-05-28
Head of marketing,Head,Cork,43900,68000,2026-09-08
Brand,Head,Meath,45200,66500,2026-07-23
Marketing operations,Manager,Clare,38700,62500,2026-05-30
Marketing operations,Manager,Clare,30400,61300,2026-06-04
Product marketing,Head,Cork,67300,56700,2026-06-16
Brand,Head,Clare,56500,103600,2026-06-19
Ecommerce,Head,Sligo,34300,121200,2026-07-19
SEO,Manager,Mayo,40500,78300,2026-06-06
Product marketing,Head,Clare,47600,77600,2026-09-02
Brand,Head,Clare,53900,58900,2026-09-10
Product marketing,Manager,Meath,42900,64800,2026-06-25
Content and social,Head,Clare,31400,64500,2026-08-22
Brand,Head,Cork,69300,72500,2026-08-23
Ecommerce,Manager,Kerry,51800,95600,2026-07-11
Content and social,Head,Sligo,37000,124600,2026-09-04
Product marketing,Head,Mayo,44700,64700,2026-09-19
Marketing operations,Manager,Mayo,52400,62300,2026-06-01
SEO,Entry,Clare,50400,60400,2026-07-12
SEO,Manager,Clare,48100,56500,2026-08-28
SEO,Manager,Mayo,42600,55800,2026-07-13
SEO,Manager,Cork,59500,63400,2026-07-22
Ecommerce,Head,Clare,55100,102300,2026-06-04
Brand,Head,Donegal,37200,107800,2026-08-06
Head of marketing,Head,Meath,38600,81800,2026-06-01
Ecommerce,Manager,Mayo,51400,67300,2026-09-01
SEO,Manager,Kerry,55300,75600,2026-06-17
Content and social,Manager,Mayo,42300,61400,2026-07-31
Brand,Manager,Sligo,33900,56600,2026-09-10
Content and social,Head,Donegal,58500,74600,2026-06-04
Content and social,Manager,Kerry,61200,97900,2026-09-03
SEO,Head,Cork,31300,108100,2026-06-09
SEO,Manager,Mayo,39300,82600,2026-09-01
Product marketing,Head,Clare,47200,69200,2026-06-01
Content and social,Head,Sligo,56300,68200,2026-07-24
SEO,Manager,Clare,37900,69400,2026-07-17
Content and social,Manager,Clare,40900,75200,2026-07-24
Brand,Manager,Meath,64700,76900,2026-09-05
Content and social,Manager,Clare,51300,81700,2026-07-31
Marketing operations,Entry,Meath,43900,135500,2026-08-07
Head of marketing,Head,Mayo,38400,67200,2026-07-18
SEO,Head,Clare,41900,62500,2026-09-02
Head of marketing,Manager,Sligo,45300,55400,2026-09-15
Head of marketing,Manager,Meath,48200,44600,2026-09-07
Product marketing,Manager,Kerry,38300,79600,2026-08-28
Content and social,Entry,Donegal,63000,69400,2026-07-24
Product marketing,Head,Clare,62100,106700,2026-06-15
SEO,Entry,Mayo,37600,103200,2026-06-29
SEO,Manager,Meath,36900,59500,2026-06-29
SEO,Manager,Sligo,51800,64100,2026-07-30
Marketing operations,Head,Cork,53700,64300,2026-06-03
Content and social,Head,Sligo,36900,50800,2026-06-23
Marketing operations,Head,Clare,30600,66800,2026-07-06
SEO,Head,Kerry,61000,61800,2026-06-18
Ecommerce,Manager,Meath,59000,83500,2026-09-11
Head of marketing,Manager,Kerry,41900,135400,2026-08-22
Brand,Manager,Clare,40800,82400,2026-08-07
Product marketing,Entry,Kerry,53400,61700,2026-08-17
Marketing operations,Manager,Meath,44700,74400,2026-08-29
Head of marketing,Entry,Cork,37800,57100,2026-06-10
Head of marketing,Manager,Mayo,38100,58100,2026-07-13
Head of marketing,Head,Clare,59300,62200,2026-06-29
Product marketing,Manager,Kerry,62900,89500,2026-06-06
Marketing operations,Entry,Sligo,39400,110300,2026-06-29
Head of marketing,Head,Clare,43100,77900,2026-05-30
Product marketing,Executive,Cork,55700,47500,2026-09-10
Ecommerce,Head,Mayo,44700,63300,2026-08-06
Marketing operations,Entry,Kerry,45100,66800,2026-08-12
Head of marketing,Head,Kerry,38700,56100,2026-07-05
Ecommerce,Manager,Clare,66700,75000,2026-08-12
Content and social,Entry,Sligo,52200,91000,2026-06-01
Product marketing,Head,Kerry,44600,128900,2026-06-25
Content and social,Entry,Meath,37300,57800,2026-06-22
Brand,Head,Clare,43700,72700,2026-07-19
SEO,Entry,Clare,43800,61800,2026-08-15
Content and social,Manager,Cork,37100,48900,2026-08-13
SEO,Executive,Kerry,38900,62900,2026-06-09
SEO,Manager,Donegal,57700,58100,2026-06-25
Brand,Head,Sligo,60500,85600,2026-08-23
SEO,Manager,Mayo,39900,112400,2026-06-16
Product marketing,Manager,Clare,46000,80900,2026-06-15
Brand,Manager,Cork,46500,60100,2026-07-29
SEO,Manager,Clare,44100,50600,2026-06-14
Content and social,Executive,Clare,40800,69500,2026-06-25
Marketing operations,Head,Mayo,36400,84300,2026-08-12
Head of marketing,Head,Sligo,64900,55300,2026-07-21
Content and social,Head,Cork,61200,97100,2026-07-14
Head of marketing,Manager,Sligo,32300,101900,2026-09-17
Content and social,Manager,Kerry,45200,81800,2026-07-08
Product marketing,Entry,Mayo,49900,65400,2026-06-24
Content and social,Manager,Sligo,54000,53800,2026-09-13
Head of marketing,Entry,Mayo,33900,67700,2026-06-17
Content and social,Executive,Donegal,42700,83500,2026-07-24
Head of marketing,Manager,Meath,67600,65500,2026-06-08
SEO,Manager,Cork,60800,98200,2026-08-16
Marketing operations,Entry,Sligo,39200,129700,2026-08-31
SEO,Head,Cork,44800,71300,2026-09-18
Content and social,Head,Mayo,52900,53100,2026-09-11
Head of marketing,Manager,Donegal,54700,76900,2026-08-04
SEO,Entry,Cork,46200,50500,2026-09-12
Brand,Head,Mayo,43100,66300,2026-07-13
Head of marketing,Head,Mayo,63500,58500,2026-07-19
Ecommerce,Entry,Clare,52700,112200,2026-07-02
Brand,Executive,Donegal,31000,113500,2026-08-14
SEO,Head,Meath,43500,74700,2026-06-20
Brand,Manager,Sligo,55500,69500,2026-06-25
Marketing operations,Executive,Kerry,43200,64800,2026-08-20
SEO,Manager,Meath,36800,55400,2026-06-22
SEO,Head,Donegal,44000,60700,2026-09-18
Product marketing,Manager,Clare,61700,65100,2026-07-19
Marketing operations,Entry,Cork,62000,110300,2026-08-25
Content and social,Head,Sligo,32100,125800,2026-08-21
Ecommerce,Manager,Clare,37600,88100,2026-09-15
Marketing operations,Executive,Mayo,46500,79400,2026-06-07
SEO,Manager,Clare,46000,70300,2026-06-06
Ecommerce,Head,Donegal,42900,69700,2026-06-08
Brand,Executive,Sligo,36600,71400,2026-06-13
SEO,Head,Sligo,62200,75500,2026-07-05
Ecommerce,Manager,Cork,58600,103300,2026-08-16
SEO,Manager,Meath,36000,105200,2026-06-16
Head of marketing,Manager,Clare,38200,57400,2026-08-20
SEO,Manager,Cork,55100,60800,2026-09-13
Head of marketing,Manager,Cork,57300,59000,2026-08-17
Head of marketing,Head,Meath,45000,50700,2026-08-03
SEO,Manager,Kerry,33000,83100,2026-09-10
Brand,Head,Cork,62800,82500,2026-06-16
Brand,Head,Sligo,57600,107700,2026-08-03
SEO,Manager,Sligo,43700,124500,2026-08-15
Marketing operations,Executive,Donegal,37100,84200,2026-06-10
Brand,Executive,Clare,44300,63600,2026-08-26
Brand,Entry,Donegal,46900,47900,2026-09-11
Marketing operations,Head,Sligo,34000,59300,2026-09-06
Product marketing,Manager,Cork,32400,53600,2026-06-09
SEO,Manager,Mayo,68000,80000,2026-06-09
Marketing operations,Head,Donegal,51900,100500,2026-05-24
SEO,Manager,Cork,35100,124000,2026-07-14
Content and social,Head,Mayo,39000,65800,2026-09-08
Head of marketing,Head,Mayo,49200,75200,2026-06-14
Product marketing,Manager,Mayo,46700,73600,2026-06-11
Content and social,Entry,Clare,43100,50300,2026-08-12
SEO,Executive,Meath,37200,57800,2026-08-29
Marketing operations,Head,Donegal,63200,86000,2026-05-25
Head of marketing,Head,Donegal,60200,98100,2026-08-12
Marketing operations,Head,Kerry,39900,128100,2026-06-26
Brand,Manager,Kerry,43600,62600,2026-05-24
Product marketing,Executive,Kerry,49100,50800,2026-07-27
Ecommerce,Executive,Sligo,54800,75500,2026-08-07
Head of marketing,Head,Sligo,41100,73100,2026-08-11
SEO,Head,Mayo,30900,53600,2026-06-13
SEO,Manager,Clare,57500,77700,2026-06-16
Product marketing,Entry,Kerry,51600,86200,2026-06-07
SEO,Manager,Clare,36200,119500,2026-09-01
Product marketing,Entry,Sligo,43800,86500,2026-08-12
SEO,Manager,Clare,42300,57400,2026-08-14
Ecommerce,Manager,Meath,50800,69500,2026-08-17
SEO,Entry,Meath,34200,67400,2026-09-05
Marketing operations,Head,Clare,33700,61900,2026-06-17
Brand,Head,Clare,61800,57600,2026-07-17
SEO,Head,Meath,56700,105400,2026-08-16
SEO,Executive,Kerry,31000,105300,2026-06-08
SEO,Head,Donegal,43900,59500,2026-07-31
Ecommerce,Manager,Kerry,47800,57000,2026-06-26
SEO,Manager,Cork,44100,54200,2026-06-05
SEO,Head,Sligo,35200,63400,2026-09-04
Brand,Head,Clare,34200,54600,2026-08-04
Brand,Head,Cork,66500,79100,2026-08-12
Content and social,Head,Mayo,63100,81900,2026-07-23
Head of marketing,Head,Kerry,33800,133900,2026-05-25
Head of marketing,Manager,Clare,50400,76800,2026-08-11
Brand,Executive,Clare,48800,50700,2026-07-05
Content and social,Manager,Clare,42700,51300,2026-05-31
Brand,Manager,Donegal,45300,63400,2026-09-01
Content and social,Entry,Clare,31900,80200,2026-05-25
Product marketing,Manager,Clare,66300,69100,2026-07-15
Content and social,Head,Mayo,60900,88600,2026-06-10
Brand,Manager,Mayo,31000,129800,2026-06-23
Marketing operations,Head,Meath,37800,63000,2026-08-29
Ecommerce,Manager,Sligo,51300,64900,2026-08-11
SEO,Entry,Clare,48200,63400,2026-05-28
Content and social,Head,Mayo,45700,55000,2026-09-07
Product marketing,Manager,Meath,33600,67600,2026-06-27
SEO,Manager,Cork,63800,84200,2026-08-19
Brand,Head,Clare,58200,90400,2026-07-13
SEO,Manager,Donegal,37200,115600,2026-06-25
Ecommerce,Head,Meath,47500,87000,2026-07-29
Ecommerce,Manager,Cork,43600,57000,2026-06-12
Content and social,Executive,Kerry,51000,74100,2026-09-19
Content and social,Executive,Donegal,36100,45400,2026-07-13
Product marketing,Manager,Clare,42200,53500,2026-07-09
SEO,Manager,Meath,59500,79300,2026-09-10
Product marketing,Executive,Meath,63200,83600,2026-08-09
Head of marketing,Head,Cork,34800,112600,2026-07-08
Content and social,Head,Mayo,37000,65400,2026-09-06
Head of marketing,Head,Clare,43600,78700,2026-06-08
Marketing operations,Head,Mayo,53000,62000,2026-09-16
Head of marketing,Manager,Kerry,48200,51000,2026-06-10
Product marketing,Manager,Meath,34600,81800,2026-06-11
Brand,Head,Mayo,60800,57700,2026-06-25
SEO,Executive,Clare,52500,94100,2026-08-08
Head of marketing,Head,Sligo,41200,109700,2026-07-10
Marketing operations,Manager,Donegal,43900,76700,2026-06-23
SEO,Head,Mayo,42100,50100,2026-06-02
Brand,Manager,Clare,56600,49900,2026-08-10
Ecommerce,Manager,Clare,33700,55000,2026-07-29
Product marketing,Head,Clare,32300,83600,2026-07-20
Marketing operations,Head,Meath,58700,86100,2026-06-20
Brand,Manager,Clare,52500,80600,2026-06-05
SEO,Head,Mayo,36400,122500,2026-07-22
Product marketing,Manager,Sligo,37200,82900,2026-07-05
SEO,Manager,Donegal,47400,51600,2026-06-25
SEO,Head,Donegal,53700,57000,2026-07-15
Brand,Executive,Sligo,38400,46000,2026-08-18
Ecommerce,Executive,Meath,40900,64800,2026-09-14
Brand,Head,Clare,61500,66500,2026-09-02
SEO,Executive,Meath,52500,87200,2026-08-28
SEO,Head,Clare,31100,130300,2026-09-03
Marketing operations,Manager,Clare,48400,57600,2026-09-10
Ecommerce,Entry,Kerry,42500,57400,2026-08-17
Content and social,Head,Donegal,42900,59300,2026-06-11
SEO,Head,Clare,34000,72400,2026-08-21
Marketing operations,Manager,Donegal,39900,81100,2026-07-29
Brand,Entry,Meath,54700,73800,2026-07-04
Marketing operations,Manager,Meath,62300,81000,2026-06-07
Ecommerce,Manager,Clare,32900,117700,2026-06-04
Content and social,Manager,Mayo,39400,82800,2026-08-01
Marketing operations,Head,Donegal,46100,77800,2026-06-13
Brand,Head,Kerry,56300,52200,2026-06-22
SEO,Manager,Mayo,45400,60100,2026-09-02
Content and social,Manager,Cork,30500,65600,2026-06-25
Product marketing,Manager,Mayo,68100,69200,2026-08-05
Ecommerce,Head,Mayo,52100,93000,2026-08-04
Content and social,Executive,Mayo,39900,104900,2026-06-29
Ecommerce,Manager,Clare,43000,85300,2026-09-09
SEO,Manager,Sligo,43900,77300,2026-07-09
Brand,Head,Clare,51200,61800,2026-09-12
SEO,Head,Sligo,40000,64000,2026-08-06
Head of marketing,Manager,Mayo,34300,56000,2026-08-22
SEO,Manager,Kerry,67500,81400,2026-09-08
SEO,Executive,Cork,53200,80500,2026-08-24
SEO,Head,Cork,44100,115700,2026-07-09
SEO,Manager,Mayo,44100,72200,2026-09-14
Brand,Manager,Clare,44900,59300,2026-08-26
SEO,Head,Mayo,55000,64200,2026-06-16
Ecommerce,Head,Cork,42100,59500,2026-07-18
Content and social,Head,Clare,38600,53600,2026-08-23
Ecommerce,Executive,Clare,69100,72800,2026-06-15
Ecommerce,Head,Sligo,57100,92100,2026-09-12
Ecommerce,Head,Clare,42600,128400,2026-06-01
Ecommerce,Head,Sligo,36200,83800,2026-06-27
Brand,Executive,Donegal,49400,74800,2026-09-12
SEO,Head,Mayo,45800,63600,2026-08-12
Product marketing,Head,Clare,38500,71200,2026-06-25
Content and social,Manager,Mayo,36100,55400,2026-09-01
Ecommerce,Manager,Kerry,62500,74600,2026-07-21
SEO,Manager,Cork,58500,84600,2026-09-13
Content and social,Head,Meath,42100,105500,2026-06-12
Content and social,Head,Clare,41300,69900,2026-06-23
Content and social,Head,Clare,53500,62700,2026-08-11
SEO,Head,Cork,49400,46300,2026-07-13
Brand,Head,Clare,43900,66200,2026-08-04
Head of marketing,Head,Sligo,30200,72100,2026-07-11
Content and social,Manager,Cork,68600,70200,2026-07-08
Ecommerce,Head,Cork,59400,110900,2026-09-16
Marketing operations,Manager,Clare,37200,127200,2026-06-28
Content and social,Head,Clare,49900,68000,2026-08-26
Marketing operations,Manager,Meath,53200,67300,2026-07-19
Ecommerce,Entry,Meath,56700,49300,2026-08-06
Product marketing,Executive,Donegal,46300,65100,2026-07-27
Product marketing,Manager,Meath,40100,52200,2026-07-28
Head of marketing,Manager,Meath,59900,83200,2026-06-09
Product marketing,Manager,Sligo,58800,98700,2026-06-28
Ecommerce,Manager,Donegal,31000,127300,2026-08-18
Ecommerce,Executive,Mayo,41500,58400,2026-07-25
Brand,Head,Clare,47000,55300,2026-05-29
Ecommerce,Manager,Kerry,46500,60800,2026-07-25
SEO,Head,Sligo,47800,66300,2026-06-17
Product marketing,Executive,Donegal,40100,54100,2026-08-26
Content and social,Head,Clare,61400,54700,2026-06-20
Product marketing,Head,Meath,50800,83800,2026-06-23
Content and social,Entry,Cork,44400,132600,2026-07-24
Marketing operations,Head,Mayo,49200,69000,2026-06-20
Content and social,Manager,Sligo,53800,56400,2026-08-23
Head of marketing,Head,Kerry,46000,45600,2026-09-04
Content and social,Head,Clare,40000,60800,2026-06-07
Head of marketing,Manager,Kerry,35800,69100,2026-09-15
Product marketing,Executive,Cork,65800,83900,2026-05-27
Ecommerce,Manager,Clare,59800,87600,2026-06-05
Product marketing,Head,Cork,41400,103500,2026-09-14
Head of marketing,Executive,Cork,49700,72200,2026-05-28
Ecommerce,Manager,Clare,46400,68600,2026-08-27
Head of marketing,Manager,Kerry,47300,63000,2026-07-23
Marketing operations,Head,Clare,42000,75900,2026-07-22
Head of marketing,Head,Donegal,41100,82500,2026-07-29
Ecommerce,Manager,Mayo,63900,62300,2026-08-16
Ecommerce,Entry,Clare,61400,95200,2026-08-16
Head of marketing,Manager,Cork,32400,122000,2026-07-09
Ecommerce,Head,Clare,44500,64500,2026-09-10
SEO,Head,Cork,55500,75100,2026-06-14
Content and social,Executive,Kerry,44000,59700,2026-08-29
SEO,Head,Mayo,34000,51800,2026-08-15
Product marketing,Head,Clare,35400,61000,2026-09-08
Head of marketing,Manager,Cork,60600,79700,2026-06-16
SEO,Entry,Meath,60600,111500,2026-08-26
Product marketing,Manager,Meath,33300,126800,2026-08-15
Ecommerce,Entry,Cork,37200,73800,2026-06-21
Head of marketing,Head,Donegal,50300,76600,2026-07-25
Product marketing,Manager,Kerry,48100,53100,2026-06-30
Product marketing,Head,Donegal,37900,62400,2026-08-04
Content and social,Entry,Cork,31000,50700,2026-07-02
Product marketing,Manager,Mayo,68300,84000,2026-09-18
Brand,Head,Clare,57400,96300,2026-07-29
Product marketing,Manager,Cork,39500,119000,2026-08-08
SEO,Manager,Kerry,36200,74400,2026-09-13
SEO,Head,Clare,50500,68100,2026-07-18
Marketing operations,Head,Mayo,46200,46200,2026-09-07
Product marketing,Manager,Clare,37800,49100,2026-07-06
SEO,Head,Clare,37600,80400,2026-07-11
SEO,Entry,Cork,67800,74600,2026-07-19
Head of marketing,Manager,Cork,59100,92700,2026-07-14
Head of marketing,Head,Mayo,36400,132600,2026-06-19
SEO,Executive,Kerry,41600,87900,2026-07-06
SEO,Entry,Meath,44300,76400,2026-06-19
Marketing operations,Manager,Meath,47800,46600,2026-08-31
Content and social,Head,Clare,39700,57300,2026-06-03
SEO,Head,Mayo,37700,54700,2026-05-30
Head of marketing,Entry,Cork,67200,83800,2026-06-12
Ecommerce,Head,Sligo,54800,97700,2026-09-13
Content and social,Executive,Cork,38500,131800,2026-09-20
Product marketing,Head,Mayo,43700,65400,2026-08-16
SEO,Head,Cork,44000,51100,2026-09-18
Product marketing,Manager,Donegal,49500,65400,2026-06-24
SEO,Head,Mayo,42900,53800,2026-09-06
Marketing operations,Manager,Clare,37200,66600,2026-08-05
SEO,Entry,Mayo,60400,70200,2026-08-27
Head of marketing,Manager,Kerry,59700,82600,2026-07-01
Ecommerce,Head,Clare,44300,116100,2026-08-31
SEO,Head,Clare,44100,87100,2026-07-19
Content and social,Manager,Cork,44900,53700,2026-08-01
Marketing operations,Manager,Donegal,51400,65600,2026-07-17
Head of marketing,Head,Mayo,35700,59100,2026-09-01
Content and social,Manager,Cork,33100,63500,2026-07-24
Marketing operations,Manager,Meath,69000,73500,2026-08-13
SEO,Head,Kerry,60600,91200,2026-07-10
Head of marketing,Head,Cork,37300,108400,2026-07-03
Ecommerce,Executive,Clare,38900,85600,2026-05-24
Content and social,Manager,Meath,49900,67800,2026-06-23
SEO,Entry,Donegal,53700,58100,2026-08-04
Product marketing,Entry,Clare,38000,68200,2026-09-15
Marketing operations,Head,Meath,43700,57300,2026-06-11
Product marketing,Head,Kerry,57600,56500,2026-09-06
Ecommerce,Head,Sligo,51900,90100,2026-09-17
Brand,Entry,Kerry,31600,122400,2026-07-18
Brand,Manager,Kerry,48100,69700,2026-09-12
SEO,Head,Sligo,43500,55100,2026-06-26
Content and social,Head,Cork,46700,45900,2026-08-10
Ecommerce,Head,Meath,46900,65100,2026-09-09
Brand,Manager,Clare,38300,69500,2026-07-10
Head of marketing,Manager,Donegal,55000,68600,2026-08-27
Head of marketing,Entry,Clare,61700,89300,2026-09-18
Brand,Head,Donegal,32200,122100,2026-07-06
Ecommerce,Head,Clare,44100,78300,2026-07-20
Brand,Head,Clare,48700,59700,2026-07-13
Product marketing,Executive,Cork,46300,54100,2026-07-30
SEO,Executive,Kerry,35100,70300,2026-06-25
Marketing operations,Manager,Clare,32000,64300,2026-07-16
Ecommerce,Manager,Kerry,65700,54100,2026-08-02
Product marketing,Executive,Cork,52100,84300,2026-05-30
SEO,Head,Donegal,42100,102200,2026-07-27
SEO,Manager,Donegal,49200,66000,2026-07-05
SEO,Executive,Mayo,45600,69400,2026-06-13
Head of marketing,Head,Cork,43000,66700,2026-09-08
Brand,Head,Mayo,47400,46400,2026-08-14
SEO,Head,Mayo,31800,71500,2026-07-09
Product marketing,Manager,Sligo,63100,62000,2026-07-22
Product marketing,Manager,Meath,54000,104000,2026-05-30
SEO,Head,Clare,42700,119300,2026-08-04
SEO,Manager,Clare,38300,72800,2026-08-17
Head of marketing,Entry,Mayo,52400,62500,2026-08-19
SEO,Manager,Meath,49600,73300,2026-09-10
SEO,Manager,Meath,44200,72700,2026-09-20
Brand,Head,Mayo,30500,60500,2026-06-22
Brand,Head,Meath,62000,66000,2026-06-18
SEO,Manager,Cork,58700,94300,2026-08-16
Product marketing,Manager,Sligo,31900,128700,2026-09-20
Brand,Head,Clare,36600,58600,2026-05-31
Product marketing,Head,Sligo,46900,78100,2026-06-20
Head of marketing,Entry,Mayo,44800,69800,2026-06-28
Ecommerce,Manager,Clare,36700,59800,2026-08-13
Brand,Head,Kerry,32000,83200,2026-06-15
Ecommerce,Head,Donegal,57700,87600,2026-06-05
SEO,Manager,Mayo,58000,92000,2026-07-28
Brand,Entry,Clare,43000,105800,2026-08-29
Head of marketing,Executive,Kerry,41700,72100,2026-07-12
Brand,Executive,Clare,53400,60000,2026-07-23
Brand,Entry,Meath,45200,67700,2026-08-20
Content and social,Head,Kerry,34600,59900,2026-09-11
Ecommerce,Head,Meath,31400,55700,2026-08-30
SEO,Head,Sligo,55800,70400,2026-08-25
Marketing operations,Executive,Sligo,62100,105200,2026-07-25
Head of marketing,Head,Kerry,39800,116400,2026-09-03
Content and social,Manager,Clare,48200,83300,2026-06-08
Head of marketing,Head,Clare,41700,56400,2026-08-15
Head of marketing,Executive,Mayo,50600,49100,2026-07-27
Ecommerce,Manager,Clare,37300,53800,2026-07-14
Head of marketing,Head,Mayo,36400,80700,2026-08-08
Product marketing,Manager,Clare,66400,74400,2026-07-12
Head of marketing,Head,Clare,60000,87100,2026-08-24
Product marketing,Manager,Clare,30400,113500,2026-08-03
Product marketing,Entry,Sligo,38100,85200,2026-08-07
Ecommerce,Executive,Mayo,41400,75400,2026-07-19
Marketing operations,Entry,Mayo,47700,53100,2026-06-01
SEO,Manager,Cork,44600,44800,2026-06-02
Head of marketing,Entry,Mayo,44100,67400,2026-06-25
Head of marketing,Entry,Sligo,63100,57400,2026-07-05
Ecommerce,Manager,Clare,59300,87300,2026-09-15
Marketing operations,Head,Meath,30800,116000,2026-08-29
SEO,Entry,Sligo,50600,74300,2026-07-16
Product marketing,Head,Mayo,42400,69800,2026-08-12
SEO,Manager,Donegal,48000,70300,2026-09-19
Content and social,Executive,Mayo,38800,71500,2026-07-21
SEO,Manager,Kerry,35000,57100,2026-08-21
Ecommerce,Manager,Kerry,54900,71000,2026-06-19
SEO,Executive,Clare,59700,114500,2026-09-11
Ecommerce,Head,Kerry,35800,127200,2026-07-18
SEO,Head,Sligo,37900,81800,2026-09-17
Content and social,Head,Sligo,50000,45500,2026-06-30
Head of marketing,Manager,Cork,55000,50700,2026-08-16
Product marketing,Executive,Donegal,35600,54200,2026-08-30
Product marketing,Manager,Cork,44000,66900,2026-07-31
Marketing operations,Manager,Sligo,67400,86000,2026-09-02
Product marketing,Executive,Meath,54100,101800,2026-06-27
Brand,Manager,Donegal,37600,134300,2026-07-19
Product marketing,Executive,Clare,43500,79900,2026-08-08
Brand,Head,Mayo,41500,69400,2026-08-06
Content and social,Head,Kerry,47300,64400,2026-08-05
Content and social,Head,Cork,48300,46100,2026-09-04
SEO,Head,Sligo,41700,67500,2026-06-15
Brand,Executive,Clare,64000,65500,2026-07-26
Content and social,Head,Cork,55200,95900,2026-09-03
Head of marketing,Manager,Mayo,39300,110600,2026-06-20
Head of marketing,Manager,Sligo,45200,88600,2026-07-07
Marketing operations,Manager,Donegal,51000,61000,2026-08-22
Head of marketing,Manager,Meath,53700,66400,2026-08-24
SEO,Head,Clare,35400,78400,2026-07-16
SEO,Executive,Clare,40900,55900,2026-07-25
SEO,Head,Kerry,67600,78700,2026-06-06
SEO,Executive,Donegal,63500,80400,2026-06-17
SEO,Executive,Cork,35600,103200,2026-06-06
Head of marketing,Entry,Clare,38900,70400,2026-09-18
SEO,Head,Meath,41400,74500,2026-06-07
Content and social,Manager,Sligo,54900,77000,2026-08-21
Content and social,Head,Clare,48200,76100,2026-07-15
Content and social,Head,Kerry,31500,83900,2026-06-03
Head of marketing,Executive,Sligo,59600,86600,2026-08-28
Product marketing,Entry,Donegal,58300,94100,2026-08-17
Product marketing,Executive,Cork,33900,132300,2026-07-04
Marketing operations,Head,Mayo,37100,72400,2026-07-01
Ecommerce,Head,Cork,48000,73500,2026-09-07
Content and social,Executive,Sligo,55100,63600,2026-06-28
SEO,Head,Clare,40400,78300,2026-09-12
Ecommerce,Head,Sligo,31200,67500,2026-09-14
SEO,Head,Kerry,59200,55100,2026-09-09
Ecommerce,Head,Kerry,56300,86200,2026-07-13
SEO,Head,Meath,37900,116800,2026-08-13
Head of marketing,Head,Clare,50100,74700,2026-09-06
Content and social,Entry,Clare,48600,53100,2026-09-08
Content and social,Manager,Clare,56100,46200,2026-07-12
Marketing operations,Manager,Mayo,47800,77000,2026-06-21
Product marketing,Head,Meath,35900,52700,2026-07-11
Content and social,Entry,Kerry,56300,55100,2026-09-07
SEO,Head,Kerry,59200,87900,2026-05-29
Ecommerce,Manager,Kerry,41900,118000,2026-07-15
Product marketing,Entry,Sligo,42600,88900,2026-07-09
Brand,Manager,Kerry,42600,79300,2026-07-12
Product marketing,Entry,Kerry,45200,78800,2026-06-08
SEO,Entry,Kerry,35100,54100,2026-07-07
Head of marketing,Manager,Cork,41200,57900,2026-06-27
Marketing operations,Entry,Clare,64100,71100,2026-08-05
Content and social,Manager,Mayo,63400,85500,2026-07-11
Product marketing,Manager,Meath,37100,102600,2026-08-29
SEO,Executive,Kerry,50100,61000,2026-08-17
Product marketing,Head,Clare,48300,62700,2026-06-24
Ecommerce,Executive,Clare,53900,73700,2026-07-21
SEO,Manager,Cork,34700,66400,2026-05-28
Head of marketing,Manager,Kerry,43100,66800,2026-07-06
Content and social,Entry,Cork,59400,70000,2026-08-13
Content and social,Head,Cork,51900,112100,2026-07-19
Content and social,Head,Clare,40900,104300,2026-07-18
Product marketing,Head,Donegal,47000,61800,2026-07-25
Ecommerce,Manager,Sligo,52300,52300,2026-07-13
Ecommerce,Manager,Kerry,42900,45600,2026-07-21
Ecommerce,Head,Donegal,46800,47800,2026-07-02
Product marketing,Entry,Clare,33300,57100,2026-08-29
SEO,Manager,Clare,66500,70900,2026-08-07
Product marketing,Executive,Clare,55400,97700,2026-06-30
Head of marketing,Manager,Meath,39100,111500,2026-05-31
SEO,Executive,Kerry,37900,64300,2026-06-19
SEO,Head,Sligo,51000,65600,2026-09-10
Product marketing,Manager,Donegal,55600,63400,2026-09-03
Content and social,Entry,Mayo,42700,64100,2026-09-10
SEO,Manager,Mayo,43200,66100,2026-09-05
Product marketing,Head,Meath,63300,57400,2026-05-25
SEO,Entry,Donegal,56600,83300,2026-07-03
SEO,Head,Sligo,39000,110500,2026-05-27
Product marketing,Entry,Cork,37100,70900,2026-06-25
SEO,Head,Meath,43700,64800,2026-07-17
Ecommerce,Head,Mayo,57100,62400,2026-07-31
Head of marketing,Entry,Mayo,39800,71600,2026-08-19
Marketing operations,Head,Kerry,43900,54700,2026-08-07
Brand,Executive,Mayo,60300,78800,2026-07-12
SEO,Head,Meath,55500,97300,2026-06-08
SEO,Head,Meath,30800,103400,2026-06-09
Brand,Manager,Clare,49200,74200,2026-06-06
Head of marketing,Head,Mayo,55600,56500,2026-07-11
SEO,Entry,Cork,45800,50900,2026-07-09
Product marketing,Entry,Cork,44200,64400,2026-07-09
Content and social,Head,Meath,42700,53300,2026-07-10
Content and social,Head,Clare,65600,82000,2026-07-05
SEO,Head,Donegal,59800,90700,2026-09-03
SEO,Entry,Clare,30200,129400,2026-07-12
Brand,Entry,Mayo,42600,83800,2026-07-26
Brand,Head,Sligo,55200,54700,2026-08-10
SEO,Executive,Donegal,51200,64000,2026-08-31
Content and social,Head,Meath,36500,56200,2026-08-04
Head of marketing,Manager,Meath,40700,61700,2026-08-13
SEO,Manager,Meath,56900,67300,2026-06-14
Product marketing,Head,Mayo,52800,109400,2026-06-06
Head of marketing,Manager,Donegal,36400,125300,2026-07-11
Ecommerce,Manager,Mayo,47700,85000,2026-06-18
Product marketing,Manager,Kerry,43900,68200,2026-08-17
Brand,Executive,Clare,50300,45600,2026-06-01
Ecommerce,Manager,Clare,45300,64100,2026-06-17
SEO,Head,Sligo,40000,63800,2026-06-20
Brand,Head,Mayo,64700,56100,2026-06-30
Product marketing,Entry,Clare,63800,84000,2026-07-13
Product marketing,Manager,Clare,32600,135100,2026-05-28
Marketing operations,Head,Donegal,42300,87600,2026-09-17
Brand,Head,Donegal,41800,56600,2026-08-31
SEO,Executive,Meath,54900,70000,2026-07-02
Ecommerce,Manager,Sligo,43500,71200,2026-09-19
Marketing operations,Head,Clare,38100,80300,2026-06-28
Content and social,Manager,Clare,69200,68700,2026-07-04
SEO,Head,Clare,58500,109200,2026-08-20
SEO,Head,Cork,30600,133200,2026-09-17
Product marketing,Manager,Kerry,40800,83000,2026-09-13
Head of marketing,Head,Cork,55300,48000,2026-08-12
Head of marketing,Executive,Kerry,53800,77700,2026-08-19
SEO,Head,Kerry,37100,70800,2026-09-07
Ecommerce,Executive,Clare,44100,51800,2026-06-25
Product marketing,Head,Kerry,65200,54100,2026-08-01
Brand,Head,Sligo,63900,88200,2026-08-24
SEO,Head,Mayo,36000,122400,2026-06-06
SEO,Head,Sligo,41400,56400,2026-09-08
Product marketing,Entry,Clare,49100,57900,2026-06-28
Product marketing,Manager,Clare,52200,55700,2026-06-04
Product marketing,Entry,Meath,34700,64700,2026-09-09
SEO,Manager,Kerry,37700,76200,2026-07-15
Marketing operations,Head,Kerry,69300,81000,2026-08-08
Product marketing,Head,Clare,55300,85000,2026-09-09
SEO,Manager,Mayo,33700,119400,2026-08-22
SEO,Manager,Sligo,37800,57200,2026-06-28
Ecommerce,Head,Meath,46400,58700,2026-07-21
Marketing operations,Head,Clare,52200,59000,2026-08-30
Head of marketing,Manager,Mayo,37200,61200,2026-07-13
Product marketing,Head,Meath,33100,73300,2026-08-12
Brand,Head,Cork,64300,58300,2026-09-04
Content and social,Manager,Meath,55100,90800,2026-09-14
Marketing operations,Head,Clare,34100,128900,2026-05-31
Ecommerce,Manager,Kerry,50400,69200,2026-05-27
Product marketing,Executive,Clare,45600,70900,2026-09-04
SEO,Entry,Meath,53300,53600,2026-06-04
Head of marketing,Manager,Cork,38500,69100,2026-09-03
Brand,Manager,Meath,30900,53200,2026-09-08
Content and social,Executive,Meath,57400,70800,2026-07-12
Brand,Manager,Meath,59600,84200,2026-08-29
Head of marketing,Head,Kerry,43000,132300,2026-08-21
Brand,Head,Mayo,50700,69600,2026-09-06
SEO,Head,Donegal,52100,58400,2026-07-10
Head of marketing,Executive,Meath,51400,50400,2026-09-02
SEO,Manager,Sligo,35600,49300,2026-06-19
Marketing operations,Manager,Meath,41600,64000,2026-09-04
Ecommerce,Head,Mayo,55100,69100,2026-08-05
SEO,Head,Sligo,54400,103100,2026-09-06
Head of marketing,Head,Clare,32600,102100,2026-07-19
Brand,Head,Donegal,40800,80000,2026-06-26
Marketing operations,Manager,Sligo,42300,51100,2026-07-03
SEO,Entry,Meath,48500,56000,2026-09-11
Brand,Entry,Kerry,45400,55900,2026-07-11
Brand,Head,Mayo,44800,73300,2026-08-14
Head of marketing,Entry,Kerry,63900,72100,2026-05-30
Product marketing,Manager,Clare,52300,93100,2026-07-09
Product marketing,Head,Clare,37500,128100,2026-08-29
Content and social,Manager,Cork,42600,66000,2026-06-27
Product marketing,Manager,Clare,44000,62100,2026-06-02
Content and social,Entry,Sligo,50200,75300,2026-05-30
Marketing operations,Entry,Cork,41300,60400,2026-09-13
SEO,Manager,Mayo,43900,73600,2026-06-24
Brand,Entry,Kerry,62000,73000,2026-07-06
Ecommerce,Manager,Donegal,51300,112200,2026-08-30
Product marketing,Executive,Kerry,38500,128700,2026-08-05
Head of marketing,Head,Sligo,43900,61500,2026-06-21
Head of marketing,Head,Clare,45600,56700,2026-05-25
Ecommerce,Head,Clare,52100,75900,2026-07-15
Brand,Executive,Sligo,40700,66200,2026-08-17
Product marketing,Executive,Clare,43200,73100,2026-07-23
Head of marketing,Head,Clare,61400,75100,2026-07-21
Marketing operations,Entry,Mayo,55800,92500,2026-07-20
Ecommerce,Head,Kerry,36700,120200,2026-05-24
Marketing operations,Manager,Clare,48800,72400,2026-07-09
Content and social,Entry,Donegal,47900,63600,2026-08-07
SEO,Entry,Kerry,51300,50000,2026-07-10
Product marketing,Manager,Sligo,40000,54800,2026-09-13
Brand,Manager,Clare,35800,74200,2026-09-05
Marketing operations,Manager,Kerry,57100,56100,2026-09-20
SEO,Manager,Clare,51800,113300,2026-06-25
Brand,Head,Meath,41300,117400,2026-06-04
Head of marketing,Head,Sligo,40000,81900,2026-07-15
Marketing operations,Manager,Clare,42800,51000,2026-09-07
Marketing operations,Head,Donegal,43200,66000,2026-07-22
SEO,Head,Clare,40900,52900,2026-09-05
Brand,Manager,Mayo,31100,58900,2026-06-26
SEO,Manager,Donegal,64700,60500,2026-06-23
