sector,sent,weekday,subject_words,has_offer
Tourism and hospitality,2026-08-25,Fri,29,no
Tax and accounting,2026-09-18,Fri,2,yes
Property,2026-07-26,Sun,13,no
Education,2026-08-06,Sun,1,no
Tourism and hospitality,2026-08-13,Tue,30,no
Tax and accounting,2026-07-29,Tue,25,yes
Tourism and hospitality,2026-09-09,Wed,17,no
Retail and ecommerce,2026-08-26,Fri,26,yes
Property,2026-05-25,Wed,22,no
Tax and accounting,2026-08-10,Fri,9,no
Property,2026-09-15,Tue,14,yes
Education,2026-06-11,Sun,-2,no
Tourism and hospitality,2026-07-17,Tue,37,yes
Education,2026-08-01,Sun,28,yes
Tax and accounting,2026-07-12,Fri,21,no
Retail and ecommerce,2026-06-18,Fri,26,yes
Tourism and hospitality,2026-07-29,Tue,28,no
Tourism and hospitality,2026-07-30,Fri,2,no
Tourism and hospitality,2026-08-06,Sun,16,yes
Tax and accounting,2026-08-08,Sun,3,no
Tourism and hospitality,2026-05-22,Fri,33,no
Tax and accounting,2026-06-18,Sun,29,no
Tourism and hospitality,2026-09-05,Tue,9,no
Property,2026-06-19,Sun,23,no
Tourism and hospitality,2026-07-05,Fri,24,no
Retail and ecommerce,2026-06-01,Wed,10,yes
Tax and accounting,2026-08-14,Fri,20,yes
Property,2026-09-07,Wed,4,yes
Tourism and hospitality,2026-08-16,Tue,28,no
Tourism and hospitality,2026-07-04,Fri,32,yes
Education,2026-08-27,Sun,24,yes
Tourism and hospitality,2026-08-07,Fri,18,yes
Property,2026-06-07,Wed,37,no
Retail and ecommerce,2026-06-30,Tue,0,no
Education,2026-09-01,Tue,7,yes
Education,2026-09-09,Fri,4,yes
Tourism and hospitality,2026-05-23,Fri,32,yes
Tourism and hospitality,2026-05-30,Fri,31,no
Tourism and hospitality,2026-06-21,Fri,22,yes
Tourism and hospitality,2026-08-24,Fri,18,no
Tourism and hospitality,2026-09-03,Fri,29,yes
Education,2026-09-04,Fri,10,no
Tourism and hospitality,2026-07-14,Wed,21,yes
Retail and ecommerce,2026-06-04,Tue,2,no
Education,2026-09-06,Wed,37,yes
Tourism and hospitality,2026-06-28,Tue,22,no
Tax and accounting,2026-07-26,Sun,11,yes
Tourism and hospitality,2026-06-14,Sun,28,yes
Education,2026-07-17,Tue,24,yes
Property,2026-07-09,Fri,8,yes
Tax and accounting,2026-08-31,Sun,14,no
Tourism and hospitality,2026-08-19,Tue,0,no
Tax and accounting,2026-07-24,Fri,26,yes
Retail and ecommerce,2026-08-04,Tue,24,no
Property,2026-08-25,Sun,14,no
Retail and ecommerce,2026-06-20,Fri,22,no
Tax and accounting,2026-06-02,Sun,29,yes
Property,2026-07-04,Wed,-5,yes
Tourism and hospitality,2026-06-06,Sun,5,no
Tourism and hospitality,2026-07-19,Fri,-3,yes
Tax and accounting,2026-06-30,Fri,22,yes
Tourism and hospitality,2026-08-07,Sun,27,yes
Tax and accounting,2026-06-16,Tue,19,yes
Tax and accounting,2026-07-07,Sun,23,yes
Tourism and hospitality,2026-06-17,Fri,24,no
Tourism and hospitality,2026-05-23,Fri,-5,no
Tourism and hospitality,2026-07-27,Fri,16,yes
Tax and accounting,2026-07-16,Tue,0,yes
Tourism and hospitality,2026-08-30,Fri,29,yes
Tourism and hospitality,2026-06-18,Sun,24,no
Tourism and hospitality,2026-07-19,Tue,21,yes
Tax and accounting,2026-06-06,Sun,17,yes
Tax and accounting,2026-07-17,Sun,25,yes
Tourism and hospitality,2026-06-29,Sun,3,no
Retail and ecommerce,2026-09-10,Sun,6,yes
Tourism and hospitality,2026-08-28,Tue,0,no
Property,2026-07-04,Sun,33,yes
Retail and ecommerce,2026-09-03,Tue,31,yes
Property,2026-07-26,Tue,18,no
Tax and accounting,2026-08-06,Sun,26,no
Retail and ecommerce,2026-05-29,Fri,35,yes
Retail and ecommerce,2026-06-22,Sun,4,yes
Education,2026-09-09,Fri,18,yes
Retail and ecommerce,2026-06-13,Tue,3,no
Property,2026-05-22,Wed,27,no
Tourism and hospitality,2026-08-09,Fri,21,no
Tourism and hospitality,2026-08-28,Fri,20,yes
Tax and accounting,2026-09-14,Sun,18,no
Education,2026-08-26,Fri,26,yes
Tax and accounting,2026-09-17,Fri,4,yes
Property,2026-08-18,Tue,6,yes
Tourism and hospitality,2026-05-27,Fri,-7,no
Tourism and hospitality,2026-09-11,Fri,39,no
Tax and accounting,2026-06-26,Tue,29,no
Tourism and hospitality,2026-06-17,Fri,17,yes
Tourism and hospitality,2026-05-30,Fri,31,yes
Education,2026-08-11,Tue,26,no
Property,2026-05-29,Tue,7,yes
Tax and accounting,2026-07-04,Fri,16,yes
Tax and accounting,2026-05-27,Sun,-3,no
Tourism and hospitality,2026-05-25,Fri,23,no
Education,2026-09-04,Fri,21,no
Property,2026-07-22,Tue,15,yes
Tourism and hospitality,2026-06-29,Fri,26,no
Tourism and hospitality,2026-06-26,Fri,31,no
Education,2026-08-10,Tue,9,yes
Tax and accounting,2026-07-13,Sun,6,no
Property,2026-07-29,Sun,-2,yes
Education,2026-08-19,Tue,28,no
Tourism and hospitality,2026-08-02,Fri,18,yes
Tourism and hospitality,2026-08-06,Tue,14,yes
Tourism and hospitality,2026-07-23,Sun,19,yes
Property,2026-06-15,Fri,26,no
Property,2026-07-25,Wed,1,no
Tax and accounting,2026-07-03,Sun,15,no
Retail and ecommerce,2026-08-27,Wed,9,no
Property,2026-09-18,Fri,25,yes
Tourism and hospitality,2026-07-06,Fri,31,yes
Retail and ecommerce,2026-07-11,Fri,20,yes
Tourism and hospitality,2026-08-15,Sun,30,yes
Tourism and hospitality,2026-06-30,Tue,29,no
Retail and ecommerce,2026-06-21,Wed,-6,yes
Education,2026-08-13,Tue,15,yes
Education,2026-05-31,Tue,-2,no
Tax and accounting,2026-06-24,Sun,36,no
Tax and accounting,2026-06-15,Fri,28,no
Education,2026-08-13,Wed,18,no
Tourism and hospitality,2026-08-06,Fri,20,yes
Retail and ecommerce,2026-07-01,Sun,22,no
Tourism and hospitality,2026-06-24,Fri,1,no
Education,2026-08-30,Sun,7,no
Retail and ecommerce,2026-06-24,Tue,0,yes
Retail and ecommerce,2026-06-26,Fri,26,yes
Education,2026-08-29,Tue,22,no
Tourism and hospitality,2026-06-23,Fri,19,yes
Education,2026-08-31,Tue,23,no
Tourism and hospitality,2026-07-24,Fri,25,no
Education,2026-07-29,Sun,-5,yes
Education,2026-07-16,Wed,18,no
Education,2026-06-13,Fri,-3,no
Tourism and hospitality,2026-09-01,Fri,26,no
Tourism and hospitality,2026-09-04,Sun,25,yes
Tourism and hospitality,2026-07-07,Sun,17,yes
Tourism and hospitality,2026-07-25,Tue,24,no
Retail and ecommerce,2026-06-29,Sun,36,no
Tourism and hospitality,2026-08-26,Fri,8,no
Retail and ecommerce,2026-07-05,Fri,16,yes
Retail and ecommerce,2026-09-01,Fri,-1,no
Tax and accounting,2026-08-12,Sun,34,no
Tourism and hospitality,2026-09-10,Wed,28,yes
Retail and ecommerce,2026-09-14,Sun,16,yes
Tourism and hospitality,2026-09-04,Fri,31,yes
Tourism and hospitality,2026-07-17,Fri,30,yes
Tourism and hospitality,2026-06-22,Tue,5,yes
Tourism and hospitality,2026-08-07,Sun,13,no
Education,2026-06-14,Tue,-5,yes
Property,2026-05-25,Fri,23,no
Tax and accounting,2026-06-03,Wed,20,no
Tax and accounting,2026-08-05,Fri,15,no
Property,2026-09-04,Sun,28,yes
Tourism and hospitality,2026-06-28,Tue,25,yes
Retail and ecommerce,2026-09-16,Sun,-6,no
Tourism and hospitality,2026-09-04,Sun,5,no
Tourism and hospitality,2026-07-21,Wed,-3,yes
Tourism and hospitality,2026-08-16,Fri,32,no
Tourism and hospitality,2026-08-15,Tue,27,no
Tax and accounting,2026-08-25,Sun,12,no
Tourism and hospitality,2026-09-11,Fri,35,yes
Retail and ecommerce,2026-07-08,Sun,35,yes
Retail and ecommerce,2026-06-04,Fri,-4,yes
Tourism and hospitality,2026-06-02,Sun,15,no
Tourism and hospitality,2026-09-14,Wed,5,yes
Tax and accounting,2026-07-29,Tue,24,yes
Retail and ecommerce,2026-08-16,Fri,17,no
Retail and ecommerce,2026-06-27,Sun,15,no
Tourism and hospitality,2026-06-29,Wed,33,yes
Tourism and hospitality,2026-09-03,Tue,23,no
Tourism and hospitality,2026-07-24,Sun,9,no
Retail and ecommerce,2026-09-15,Tue,20,no
Tourism and hospitality,2026-06-24,Tue,8,no
Tourism and hospitality,2026-08-14,Fri,38,no
Tourism and hospitality,2026-05-25,Tue,31,no
Property,2026-07-04,Sun,20,no
Property,2026-06-09,Fri,22,no
Tax and accounting,2026-07-15,Sun,21,yes
Tax and accounting,2026-09-02,Fri,9,yes
Tourism and hospitality,2026-07-27,Fri,14,no
Education,2026-06-25,Fri,1,yes
Tourism and hospitality,2026-09-13,Sun,35,yes
Education,2026-06-10,Sun,22,no
Tax and accounting,2026-08-19,Fri,22,no
Tourism and hospitality,2026-09-02,Fri,18,yes
Tax and accounting,2026-05-22,Fri,21,no
Education,2026-05-29,Sun,6,no
Tourism and hospitality,2026-07-17,Fri,13,no
Tax and accounting,2026-06-20,Fri,6,yes
Tax and accounting,2026-06-28,Sun,33,yes
Tax and accounting,2026-08-12,Sun,29,yes
Tourism and hospitality,2026-06-07,Tue,24,yes
Retail and ecommerce,2026-08-03,Wed,21,yes
Retail and ecommerce,2026-07-28,Wed,36,no
Education,2026-08-19,Fri,-6,no
Tourism and hospitality,2026-09-06,Fri,8,no
Tourism and hospitality,2026-09-17,Sun,-2,no
Tax and accounting,2026-09-15,Fri,35,no
Tourism and hospitality,2026-09-04,Tue,17,yes
Tax and accounting,2026-08-04,Wed,10,no
Property,2026-05-23,Tue,22,yes
Tourism and hospitality,2026-05-31,Wed,22,no
Retail and ecommerce,2026-09-01,Fri,8,no
Tax and accounting,2026-08-10,Fri,18,yes
Education,2026-08-30,Sun,-4,yes
Property,2026-08-29,Fri,30,yes
Education,2026-08-18,Wed,17,yes
Tourism and hospitality,2026-07-10,Fri,16,yes
Retail and ecommerce,2026-06-12,Fri,18,no
Tax and accounting,2026-08-13,Fri,26,yes
Tourism and hospitality,2026-09-10,Fri,0,yes
Retail and ecommerce,2026-09-05,Tue,12,yes
Tourism and hospitality,2026-07-03,Fri,7,yes
Tax and accounting,2026-07-15,Fri,23,no
Retail and ecommerce,2026-09-13,Wed,18,yes
Tourism and hospitality,2026-06-04,Tue,10,yes
Property,2026-05-24,Sun,26,yes
Tourism and hospitality,2026-06-26,Tue,36,yes
Tourism and hospitality,2026-08-30,Fri,-4,yes
Tourism and hospitality,2026-07-22,Tue,12,yes
Tax and accounting,2026-07-25,Fri,0,no
Tourism and hospitality,2026-07-25,Tue,27,yes
Education,2026-06-01,Wed,33,yes
Retail and ecommerce,2026-06-15,Fri,13,no
Tourism and hospitality,2026-08-03,Sun,30,yes
Education,2026-08-05,Fri,20,no
Tourism and hospitality,2026-05-29,Sun,-4,no
Tax and accounting,2026-06-28,Tue,5,yes
Tourism and hospitality,2026-05-31,Fri,0,no
Tourism and hospitality,2026-07-14,Sun,29,no
Education,2026-07-17,Tue,25,no
Tax and accounting,2026-09-03,Fri,25,no
Property,2026-08-01,Fri,26,yes
Tax and accounting,2026-08-21,Fri,31,no
Property,2026-06-16,Sun,-5,yes
Retail and ecommerce,2026-09-03,Fri,20,no
Tax and accounting,2026-05-28,Sun,5,yes
Education,2026-08-05,Sun,25,no
Tax and accounting,2026-07-02,Tue,26,no
Tourism and hospitality,2026-06-16,Tue,20,yes
Property,2026-08-10,Tue,28,no
Tourism and hospitality,2026-09-06,Tue,24,no
Tourism and hospitality,2026-09-09,Fri,4,no
Tourism and hospitality,2026-08-11,Tue,6,no
Tourism and hospitality,2026-05-29,Tue,8,no
Tax and accounting,2026-05-25,Sun,35,yes
Tax and accounting,2026-05-26,Fri,28,yes
Tourism and hospitality,2026-08-12,Tue,20,yes
Tax and accounting,2026-07-05,Fri,24,yes
Tax and accounting,2026-05-29,Fri,36,no
Tax and accounting,2026-06-06,Wed,-2,no
Tourism and hospitality,2026-07-18,Sun,6,yes
Tourism and hospitality,2026-07-07,Fri,-4,yes
Tourism and hospitality,2026-08-13,Fri,26,no
Tax and accounting,2026-05-30,Fri,33,yes
Tax and accounting,2026-07-10,Tue,21,yes
Property,2026-05-24,Fri,23,no
Education,2026-08-28,Sun,36,no
Property,2026-07-12,Fri,-4,yes
Tourism and hospitality,2026-06-17,Fri,16,yes
Property,2026-06-03,Wed,4,yes
Tax and accounting,2026-09-08,Sun,34,yes
Education,2026-06-07,Tue,31,no
Property,2026-08-26,Fri,21,no
Tax and accounting,2026-06-09,Wed,25,no
Property,2026-07-05,Fri,28,yes
Tax and accounting,2026-09-16,Sun,4,yes
Tax and accounting,2026-09-17,Fri,9,yes
Tax and accounting,2026-08-21,Fri,5,no
Tourism and hospitality,2026-08-07,Tue,38,no
Tourism and hospitality,2026-08-03,Sun,21,yes
Education,2026-08-18,Fri,18,yes
Retail and ecommerce,2026-08-31,Sun,19,yes
Property,2026-06-12,Tue,31,yes
Tourism and hospitality,2026-08-11,Wed,10,yes
Tourism and hospitality,2026-09-04,Tue,12,yes
Tax and accounting,2026-07-02,Fri,1,no
Tourism and hospitality,2026-06-13,Sun,35,no
Tax and accounting,2026-07-22,Tue,19,no
Tourism and hospitality,2026-07-08,Sun,13,yes
Education,2026-06-24,Wed,21,no
Property,2026-08-26,Sun,22,no
Tax and accounting,2026-05-30,Wed,10,no
Tourism and hospitality,2026-06-02,Fri,14,yes
Tourism and hospitality,2026-08-25,Wed,1,yes
Property,2026-07-29,Tue,35,no
Education,2026-06-30,Fri,24,no
Tourism and hospitality,2026-07-08,Fri,13,yes
Tourism and hospitality,2026-09-06,Fri,31,yes
Tax and accounting,2026-07-14,Fri,33,yes
Education,2026-07-04,Fri,-3,no
Tourism and hospitality,2026-05-23,Tue,14,no
Tourism and hospitality,2026-08-07,Fri,7,yes
Tax and accounting,2026-06-16,Fri,33,yes
Tax and accounting,2026-06-05,Wed,27,no
Tourism and hospitality,2026-06-05,Fri,24,yes
Tax and accounting,2026-07-12,Wed,24,yes
Tourism and hospitality,2026-06-23,Fri,21,no
Retail and ecommerce,2026-08-14,Wed,9,yes
Education,2026-06-29,Tue,18,yes
Property,2026-08-21,Tue,3,no
Tourism and hospitality,2026-06-06,Sun,27,no
Retail and ecommerce,2026-07-09,Fri,17,no
Tourism and hospitality,2026-06-20,Tue,23,no
Retail and ecommerce,2026-07-07,Tue,21,no
Retail and ecommerce,2026-08-07,Sun,35,yes
Tourism and hospitality,2026-07-19,Fri,10,no
Tourism and hospitality,2026-06-30,Sun,6,no
Tourism and hospitality,2026-08-06,Tue,-5,no
Education,2026-08-30,Fri,25,yes
Retail and ecommerce,2026-08-24,Sun,31,yes
Tourism and hospitality,2026-08-08,Tue,15,no
Tourism and hospitality,2026-05-28,Sun,33,no
Education,2026-08-11,Fri,23,no
Tax and accounting,2026-07-05,Fri,-6,yes
Tourism and hospitality,2026-07-17,Tue,7,yes
Education,2026-05-27,Tue,8,no
Education,2026-08-18,Fri,24,no
Property,2026-08-16,Fri,26,yes
Tourism and hospitality,2026-07-09,Tue,15,no
Tourism and hospitality,2026-07-24,Wed,26,yes
Tourism and hospitality,2026-09-05,Wed,37,yes
Retail and ecommerce,2026-08-01,Fri,7,yes
Tourism and hospitality,2026-09-18,Wed,6,yes
Retail and ecommerce,2026-07-23,Fri,-7,no
Education,2026-07-22,Wed,24,no
Tourism and hospitality,2026-07-10,Tue,22,no
Retail and ecommerce,2026-09-10,Sun,20,yes
Retail and ecommerce,2026-06-07,Tue,19,no
Tax and accounting,2026-07-18,Fri,27,no
Retail and ecommerce,2026-06-06,Tue,0,no
Tourism and hospitality,2026-06-04,Fri,13,no
Retail and ecommerce,2026-06-11,Sun,3,no
Tax and accounting,2026-06-29,Wed,38,yes
Tax and accounting,2026-09-03,Sun,25,no
Tourism and hospitality,2026-07-07,Fri,17,yes
Property,2026-05-22,Fri,32,yes
Tourism and hospitality,2026-07-17,Fri,24,yes
Property,2026-06-05,Sun,5,no
Tax and accounting,2026-06-01,Fri,5,no
Retail and ecommerce,2026-07-18,Sun,8,no
Education,2026-08-23,Fri,22,no
Retail and ecommerce,2026-06-03,Tue,33,no
Tourism and hospitality,2026-08-11,Tue,25,yes
Tourism and hospitality,2026-09-12,Fri,30,yes
Property,2026-09-01,Tue,33,yes
Tourism and hospitality,2026-06-02,Fri,0,no
Tourism and hospitality,2026-08-11,Fri,19,yes
Tax and accounting,2026-06-14,Sun,6,no
Tax and accounting,2026-07-29,Sun,24,yes
Retail and ecommerce,2026-08-08,Sun,29,no
Tourism and hospitality,2026-09-12,Sun,19,yes
Education,2026-06-07,Tue,34,yes
Property,2026-08-04,Tue,36,yes
Tax and accounting,2026-06-16,Tue,9,no
Tax and accounting,2026-09-10,Fri,21,no
Tourism and hospitality,2026-06-29,Fri,6,no
Tourism and hospitality,2026-09-08,Wed,27,yes
Tourism and hospitality,2026-07-20,Sun,27,yes
Tourism and hospitality,2026-08-16,Tue,13,yes
Retail and ecommerce,2026-09-02,Tue,18,no
Retail and ecommerce,2026-08-24,Fri,30,no
Tax and accounting,2026-07-22,Tue,5,yes
Retail and ecommerce,2026-07-06,Sun,11,no
Tourism and hospitality,2026-08-20,Tue,1,no
Tourism and hospitality,2026-06-29,Tue,30,yes
Property,2026-05-27,Fri,25,yes
Education,2026-07-09,Fri,15,no
Tax and accounting,2026-08-18,Wed,26,no
Tax and accounting,2026-07-28,Fri,32,yes
Tax and accounting,2026-09-04,Sun,-2,yes
Tourism and hospitality,2026-08-12,Fri,15,yes
Retail and ecommerce,2026-08-29,Tue,8,yes
Tourism and hospitality,2026-07-11,Wed,29,yes
Tax and accounting,2026-07-22,Fri,24,no
Tax and accounting,2026-07-10,Fri,18,yes
Tax and accounting,2026-07-04,Fri,34,yes
Education,2026-06-11,Fri,27,no
Property,2026-07-19,Tue,-5,yes
Tax and accounting,2026-09-07,Fri,17,no
Tourism and hospitality,2026-07-07,Fri,1,yes
Retail and ecommerce,2026-08-13,Fri,28,yes
Tourism and hospitality,2026-08-22,Tue,30,no
Tax and accounting,2026-05-28,Sun,12,yes
Retail and ecommerce,2026-08-06,Sun,34,no
Tourism and hospitality,2026-06-20,Fri,26,yes
Tourism and hospitality,2026-07-30,Sun,8,no
Education,2026-07-19,Fri,7,no
Education,2026-07-19,Tue,7,yes
Tourism and hospitality,2026-09-10,Tue,32,yes
Tax and accounting,2026-08-31,Tue,18,no
Tourism and hospitality,2026-06-05,Fri,9,no
Tax and accounting,2026-07-24,Sun,33,yes
Tourism and hospitality,2026-07-27,Tue,36,no
Retail and ecommerce,2026-05-22,Tue,2,no
Retail and ecommerce,2026-07-16,Wed,10,yes
Property,2026-07-23,Tue,-7,yes
Tourism and hospitality,2026-07-09,Sun,22,no
Retail and ecommerce,2026-07-23,Sun,25,no
Tourism and hospitality,2026-07-24,Fri,20,no
Tourism and hospitality,2026-06-14,Fri,23,no
Education,2026-05-25,Tue,26,yes
Tax and accounting,2026-08-28,Wed,3,no
Education,2026-06-16,Sun,6,yes
Tourism and hospitality,2026-06-22,Tue,1,no
Tourism and hospitality,2026-07-19,Fri,27,yes
Retail and ecommerce,2026-06-26,Tue,20,yes
Tax and accounting,2026-08-19,Fri,22,yes
Education,2026-07-07,Tue,19,yes
Tourism and hospitality,2026-05-22,Fri,28,no
Tax and accounting,2026-08-01,Wed,-5,yes
Property,2026-08-20,Sun,19,yes
Education,2026-09-18,Tue,4,yes
Retail and ecommerce,2026-05-31,Fri,39,no
Education,2026-06-13,Tue,22,yes
Tourism and hospitality,2026-07-13,Tue,20,yes
Tourism and hospitality,2026-07-27,Fri,22,no
Tax and accounting,2026-05-22,Fri,29,yes
Tax and accounting,2026-09-12,Tue,9,yes
Tax and accounting,2026-08-17,Fri,8,no
Retail and ecommerce,2026-08-16,Tue,6,no
Tourism and hospitality,2026-08-01,Fri,25,no
Tax and accounting,2026-08-30,Sun,27,no
Property,2026-07-08,Sun,22,yes
Tourism and hospitality,2026-06-26,Sun,34,no
Tax and accounting,2026-06-27,Sun,27,yes
Tourism and hospitality,2026-07-29,Sun,1,yes
Education,2026-06-13,Fri,11,no
Tourism and hospitality,2026-06-26,Fri,-4,yes
Retail and ecommerce,2026-07-29,Sun,28,no
Tourism and hospitality,2026-08-21,Fri,24,yes
Tourism and hospitality,2026-08-23,Wed,23,no
Education,2026-06-01,Tue,32,no
Tourism and hospitality,2026-08-16,Tue,37,no
Retail and ecommerce,2026-06-30,Sun,7,no
Tourism and hospitality,2026-06-07,Tue,19,no
Tax and accounting,2026-08-19,Fri,8,no
Education,2026-08-04,Fri,34,no
Tax and accounting,2026-08-27,Tue,18,yes
Property,2026-08-26,Tue,18,yes
Tax and accounting,2026-05-30,Sun,21,no
Property,2026-07-21,Fri,21,no
Education,2026-08-06,Sun,-3,yes
Tourism and hospitality,2026-06-18,Fri,14,no
Tax and accounting,2026-07-05,Wed,9,yes
Property,2026-06-04,Sun,27,yes
Tourism and hospitality,2026-08-29,Sun,26,no
Property,2026-05-22,Wed,13,yes
Tourism and hospitality,2026-07-02,Sun,24,yes
Education,2026-08-01,Fri,29,no
Property,2026-07-26,Tue,-1,yes
Tourism and hospitality,2026-08-29,Sun,17,yes
Tourism and hospitality,2026-08-08,Tue,-3,no
Tourism and hospitality,2026-09-12,Fri,35,yes
Tax and accounting,2026-08-20,Sun,31,yes
Tourism and hospitality,2026-05-25,Tue,13,yes
Tax and accounting,2026-07-23,Sun,26,yes
Tourism and hospitality,2026-06-06,Sun,34,no
Tourism and hospitality,2026-06-30,Tue,1,yes
Tourism and hospitality,2026-09-07,Sun,16,no
Property,2026-06-12,Fri,-6,no
Tourism and hospitality,2026-09-16,Sun,35,no
Retail and ecommerce,2026-09-14,Sun,19,no
Tourism and hospitality,2026-06-11,Wed,20,no
Tourism and hospitality,2026-09-05,Tue,32,no
Tourism and hospitality,2026-07-03,Fri,37,yes
Tourism and hospitality,2026-08-25,Tue,-3,yes
Retail and ecommerce,2026-07-23,Tue,12,yes
Education,2026-05-24,Tue,-5,no
Tax and accounting,2026-06-13,Fri,36,no
Education,2026-05-30,Sun,30,yes
Education,2026-08-23,Fri,9,no
Retail and ecommerce,2026-09-18,Sun,21,no
Property,2026-06-06,Sun,37,no
Tax and accounting,2026-06-03,Sun,-1,no
Tourism and hospitality,2026-06-04,Fri,6,yes
Education,2026-07-11,Tue,-3,no
Education,2026-06-15,Sun,33,no
Tax and accounting,2026-07-06,Tue,26,no
Retail and ecommerce,2026-07-12,Tue,16,yes
Education,2026-06-06,Fri,26,no
Tourism and hospitality,2026-07-28,Fri,29,no
Retail and ecommerce,2026-06-13,Sun,9,yes
Tourism and hospitality,2026-07-13,Fri,20,no
Retail and ecommerce,2026-08-29,Fri,2,yes
Tax and accounting,2026-09-05,Tue,37,no
Property,2026-07-14,Fri,26,yes
Retail and ecommerce,2026-05-31,Tue,14,no
Education,2026-08-13,Tue,25,no
Tax and accounting,2026-06-19,Tue,33,yes
Tourism and hospitality,2026-05-28,Fri,3,yes
Tourism and hospitality,2026-09-18,Fri,7,yes
Property,2026-07-18,Tue,7,yes
Tourism and hospitality,2026-08-31,Tue,33,yes
Tourism and hospitality,2026-07-08,Sun,19,no
Tax and accounting,2026-07-29,Tue,11,yes
Tax and accounting,2026-06-01,Fri,26,yes
Tourism and hospitality,2026-09-07,Tue,23,yes
Tourism and hospitality,2026-09-11,Sun,7,no
Education,2026-07-08,Tue,6,yes
Tax and accounting,2026-06-21,Fri,0,no
Tourism and hospitality,2026-09-04,Sun,23,no
Property,2026-07-07,Fri,33,no
Property,2026-08-18,Fri,13,no
Property,2026-07-05,Fri,34,yes
Tourism and hospitality,2026-08-09,Fri,21,no
Tax and accounting,2026-08-10,Fri,2,no
Tax and accounting,2026-06-27,Tue,5,no
Tourism and hospitality,2026-08-26,Sun,6,no
Tourism and hospitality,2026-07-10,Fri,23,no
Retail and ecommerce,2026-09-03,Fri,32,yes
Tourism and hospitality,2026-09-02,Fri,12,yes
Tourism and hospitality,2026-06-07,Tue,19,yes
Tax and accounting,2026-07-30,Fri,24,no
Tax and accounting,2026-08-13,Sun,1,yes
Education,2026-07-21,Sun,15,no
Tourism and hospitality,2026-05-27,Fri,-5,yes
Retail and ecommerce,2026-07-10,Sun,26,yes
Property,2026-09-16,Fri,33,yes
Education,2026-06-08,Fri,24,yes
Tax and accounting,2026-06-24,Sun,18,yes
Retail and ecommerce,2026-07-09,Fri,38,yes
Tourism and hospitality,2026-08-14,Sun,0,no
Education,2026-09-13,Wed,14,yes
Tax and accounting,2026-07-10,Wed,-5,yes
Property,2026-06-22,Tue,22,no
Property,2026-05-25,Sun,27,no
Education,2026-08-07,Sun,25,no
Retail and ecommerce,2026-07-27,Sun,18,yes
Tax and accounting,2026-08-29,Fri,23,yes
Education,2026-09-11,Sun,7,no
Tax and accounting,2026-06-06,Wed,18,no
Education,2026-08-09,Fri,-1,yes
Tax and accounting,2026-08-20,Sun,35,no
Tourism and hospitality,2026-07-09,Sun,19,yes
Education,2026-06-25,Fri,19,no
Retail and ecommerce,2026-07-19,Sun,29,yes
Education,2026-07-07,Tue,30,no
Property,2026-07-01,Fri,-1,no
Tourism and hospitality,2026-08-20,Fri,7,yes
Tourism and hospitality,2026-07-05,Tue,-6,no
Tourism and hospitality,2026-07-24,Fri,25,no
Tax and accounting,2026-08-02,Wed,32,no
Tourism and hospitality,2026-07-11,Sun,13,no
Retail and ecommerce,2026-06-23,Tue,21,no
Tax and accounting,2026-09-17,Fri,37,yes
Education,2026-08-04,Tue,5,yes
Tourism and hospitality,2026-08-08,Sun,18,no
Tourism and hospitality,2026-07-08,Fri,-8,no
Tax and accounting,2026-06-24,Wed,30,no
Tourism and hospitality,2026-09-11,Sun,19,no
Tourism and hospitality,2026-07-01,Fri,12,no
Education,2026-07-06,Fri,34,no
Retail and ecommerce,2026-08-08,Fri,37,yes
Tax and accounting,2026-09-01,Sun,-6,yes
Property,2026-07-28,Tue,7,no
Tourism and hospitality,2026-06-10,Sun,2,yes
Tourism and hospitality,2026-07-06,Fri,23,no
Tax and accounting,2026-08-19,Fri,24,no
Retail and ecommerce,2026-08-11,Tue,10,yes
Tourism and hospitality,2026-09-16,Tue,32,no
Retail and ecommerce,2026-08-03,Tue,33,no
Tax and accounting,2026-08-10,Wed,1,yes
Tax and accounting,2026-07-14,Sun,20,yes
Tourism and hospitality,2026-05-22,Wed,-6,no
Education,2026-08-17,Sun,24,no
Property,2026-08-28,Fri,20,yes
Tourism and hospitality,2026-06-17,Sun,9,yes
Retail and ecommerce,2026-07-26,Tue,22,yes
Retail and ecommerce,2026-07-06,Sun,21,yes
Tourism and hospitality,2026-06-27,Sun,-6,yes
Tax and accounting,2026-06-03,Tue,5,no
Education,2026-08-23,Sun,7,no
Tourism and hospitality,2026-07-27,Fri,25,no
Tax and accounting,2026-06-19,Wed,26,no
Education,2026-07-22,Fri,21,yes
Education,2026-08-19,Fri,33,no
Tax and accounting,2026-09-10,Tue,32,no
Tourism and hospitality,2026-07-13,Fri,2,no
Property,2026-08-13,Wed,21,yes
Tourism and hospitality,2026-07-21,Tue,5,no
Tourism and hospitality,2026-07-12,Sun,30,no
Tax and accounting,2026-06-15,Wed,25,yes
Tourism and hospitality,2026-07-08,Sun,9,no
Tourism and hospitality,2026-09-03,Fri,34,yes
Tourism and hospitality,2026-06-04,Fri,22,yes
Tourism and hospitality,2026-06-25,Sun,5,yes
Tourism and hospitality,2026-07-14,Fri,14,no
Tourism and hospitality,2026-07-30,Wed,6,no
Tax and accounting,2026-08-10,Tue,32,no
Property,2026-06-01,Wed,18,yes
Tourism and hospitality,2026-07-19,Wed,24,yes
Tax and accounting,2026-05-27,Sun,31,yes
Retail and ecommerce,2026-09-03,Fri,35,yes
Tax and accounting,2026-07-22,Sun,3,no
Tourism and hospitality,2026-09-13,Tue,15,no
Property,2026-09-12,Fri,-1,no
Tax and accounting,2026-09-08,Tue,38,no
Retail and ecommerce,2026-07-22,Wed,18,no
Tax and accounting,2026-09-04,Tue,17,yes
Tourism and hospitality,2026-08-02,Sun,29,no
Tax and accounting,2026-06-20,Tue,26,yes
Property,2026-08-01,Wed,-5,yes
Tax and accounting,2026-08-31,Sun,8,no
Tourism and hospitality,2026-08-18,Fri,-5,no
Tax and accounting,2026-06-02,Sun,26,no
Tourism and hospitality,2026-07-21,Fri,23,yes
Tourism and hospitality,2026-06-12,Sun,17,no
Tourism and hospitality,2026-06-30,Sun,21,no
Tax and accounting,2026-09-05,Sun,30,no
Retail and ecommerce,2026-05-26,Sun,8,yes
Education,2026-07-09,Tue,18,yes
Tourism and hospitality,2026-06-12,Fri,5,no
Tourism and hospitality,2026-07-21,Fri,38,no
Tourism and hospitality,2026-06-24,Fri,23,no
Tourism and hospitality,2026-06-05,Fri,17,no
Education,2026-08-08,Fri,32,no
Tax and accounting,2026-08-26,Sun,24,no
Retail and ecommerce,2026-06-28,Fri,-5,no
Tourism and hospitality,2026-07-22,Sun,13,yes
Property,2026-08-24,Sun,9,yes
Retail and ecommerce,2026-09-15,Fri,34,no
Tax and accounting,2026-09-11,Fri,31,yes
Education,2026-06-08,Tue,24,no
Retail and ecommerce,2026-06-05,Fri,25,no
Retail and ecommerce,2026-05-27,Tue,21,no
Tourism and hospitality,2026-08-28,Sun,-1,yes
Tax and accounting,2026-07-11,Wed,6,yes
Education,2026-05-30,Wed,6,yes
Education,2026-07-27,Sun,29,no
Tax and accounting,2026-08-22,Fri,29,yes
Property,2026-09-12,Fri,25,yes
Property,2026-07-22,Tue,17,no
Tax and accounting,2026-07-23,Fri,25,no
Property,2026-09-01,Tue,-6,yes
Tax and accounting,2026-09-16,Wed,21,yes
Tax and accounting,2026-06-01,Sun,1,no
Property,2026-07-24,Sun,28,no
Property,2026-09-09,Sun,19,no
Tax and accounting,2026-08-29,Fri,26,yes
Education,2026-06-29,Wed,33,yes
Tourism and hospitality,2026-05-29,Fri,36,yes
Education,2026-07-28,Fri,-1,yes
Tourism and hospitality,2026-05-31,Sun,5,no
Property,2026-06-11,Sun,4,no
Tax and accounting,2026-09-18,Fri,24,yes
Retail and ecommerce,2026-07-17,Fri,31,yes
Retail and ecommerce,2026-07-17,Tue,17,no
Property,2026-08-06,Tue,24,no
Retail and ecommerce,2026-09-13,Fri,23,no
Education,2026-07-22,Wed,2,no
Education,2026-06-09,Fri,20,no
Tourism and hospitality,2026-06-14,Sun,-8,no
Tax and accounting,2026-07-12,Wed,37,yes
Tax and accounting,2026-07-24,Sun,33,yes
Property,2026-09-11,Tue,10,no
Education,2026-09-11,Fri,21,no
Property,2026-06-10,Fri,22,yes
Education,2026-07-21,Fri,-5,no
Tourism and hospitality,2026-06-07,Tue,11,yes
Retail and ecommerce,2026-08-13,Sun,5,no
Property,2026-07-01,Fri,26,yes
Tourism and hospitality,2026-08-12,Sun,18,no
Property,2026-08-16,Fri,15,yes
Property,2026-06-30,Wed,34,yes
Property,2026-08-22,Tue,24,no
Retail and ecommerce,2026-08-16,Fri,0,no
Tourism and hospitality,2026-09-10,Sun,16,yes
Retail and ecommerce,2026-07-05,Fri,4,yes
Tourism and hospitality,2026-09-01,Tue,23,yes
Tax and accounting,2026-07-14,Fri,21,no
Tourism and hospitality,2026-07-04,Fri,13,no
Education,2026-05-28,Fri,33,no
Tourism and hospitality,2026-05-28,Fri,35,no
Retail and ecommerce,2026-08-26,Tue,-2,no
Tourism and hospitality,2026-08-21,Tue,19,yes
Tax and accounting,2026-06-17,Fri,-8,yes
Retail and ecommerce,2026-07-28,Fri,31,no
Tourism and hospitality,2026-06-24,Wed,20,yes
Tourism and hospitality,2026-05-22,Tue,13,yes
Property,2026-08-26,Sun,21,no
Property,2026-06-26,Fri,24,yes
Education,2026-08-26,Sun,-3,no
Property,2026-09-06,Wed,9,no
Tourism and hospitality,2026-07-12,Sun,-6,no
Tourism and hospitality,2026-07-01,Sun,25,yes
Tax and accounting,2026-07-15,Fri,25,no
Education,2026-06-15,Tue,24,yes
Tax and accounting,2026-06-07,Tue,25,no
Tax and accounting,2026-09-15,Tue,29,no
Retail and ecommerce,2026-08-05,Tue,-4,no
Tourism and hospitality,2026-07-23,Tue,15,yes
Property,2026-06-13,Fri,9,no
Tourism and hospitality,2026-08-05,Wed,36,no
Tourism and hospitality,2026-09-18,Fri,25,yes
Tourism and hospitality,2026-08-29,Wed,19,yes
Property,2026-07-30,Sun,24,yes
Retail and ecommerce,2026-06-03,Wed,26,yes
Education,2026-07-12,Fri,-6,yes
Retail and ecommerce,2026-08-31,Fri,12,no
Tax and accounting,2026-06-15,Fri,-5,yes
Tax and accounting,2026-06-13,Sun,35,yes
Tourism and hospitality,2026-07-23,Fri,27,no
Property,2026-07-13,Tue,17,yes
Property,2026-08-18,Tue,20,yes
Tourism and hospitality,2026-07-08,Fri,26,no
Property,2026-07-01,Tue,-2,no
Tourism and hospitality,2026-08-06,Tue,5,no
Tax and accounting,2026-07-04,Sun,-4,yes
Retail and ecommerce,2026-06-13,Fri,25,no
Tax and accounting,2026-08-14,Sun,23,no
Retail and ecommerce,2026-08-16,Sun,25,yes
Tourism and hospitality,2026-06-13,Fri,21,no
Tourism and hospitality,2026-07-23,Tue,22,yes
Education,2026-07-22,Sun,-1,no
Education,2026-07-18,Fri,21,no
Tourism and hospitality,2026-06-18,Fri,-3,yes
Tourism and hospitality,2026-07-20,Fri,38,yes
Tax and accounting,2026-09-02,Fri,32,no
Tourism and hospitality,2026-05-29,Tue,11,yes
Tourism and hospitality,2026-05-27,Wed,31,yes
Tax and accounting,2026-08-19,Sun,27,yes
Tourism and hospitality,2026-07-04,Wed,8,yes
Tourism and hospitality,2026-07-11,Sun,19,no
Tax and accounting,2026-06-28,Fri,-1,yes
Education,2026-05-30,Wed,23,yes
Retail and ecommerce,2026-07-26,Wed,20,no
Tourism and hospitality,2026-06-29,Fri,13,yes
Tourism and hospitality,2026-08-22,Tue,20,yes
Tourism and hospitality,2026-06-02,Fri,32,yes
Tourism and hospitality,2026-07-28,Sun,-6,yes
Tax and accounting,2026-09-12,Fri,20,yes
Retail and ecommerce,2026-07-23,Tue,4,no
Tourism and hospitality,2026-08-23,Tue,28,no
Property,2026-05-29,Tue,28,yes
Tax and accounting,2026-06-29,Tue,13,yes
Education,2026-07-25,Fri,23,yes
Tax and accounting,2026-08-10,Tue,32,yes
Education,2026-09-13,Tue,-4,yes
Education,2026-08-15,Fri,9,no
Property,2026-06-19,Fri,2,no
Tax and accounting,2026-08-02,Sun,26,no
Tourism and hospitality,2026-07-18,Fri,28,yes
Retail and ecommerce,2026-05-26,Tue,18,yes
Education,2026-05-27,Tue,26,no
Tourism and hospitality,2026-07-18,Sun,31,yes
Education,2026-06-08,Fri,0,yes
Tourism and hospitality,2026-09-12,Fri,22,yes
Tourism and hospitality,2026-05-23,Tue,1,yes
Tax and accounting,2026-08-01,Fri,23,no
Property,2026-07-03,Sun,25,yes
Tax and accounting,2026-09-11,Fri,19,yes
Tourism and hospitality,2026-07-08,Wed,29,yes
Tourism and hospitality,2026-06-07,Wed,31,yes
Tax and accounting,2026-07-23,Wed,-4,yes
Tax and accounting,2026-09-03,Tue,7,no
Property,2026-06-14,Sun,2,no
Tourism and hospitality,2026-08-24,Fri,28,yes
Property,2026-06-18,Tue,25,no
Retail and ecommerce,2026-05-25,Fri,25,no
Tax and accounting,2026-09-09,Sun,32,no
Property,2026-06-14,Sun,34,yes
Education,2026-08-24,Tue,5,no
Tourism and hospitality,2026-05-27,Sun,12,yes
Tourism and hospitality,2026-06-11,Fri,5,no
Education,2026-07-24,Wed,32,no
Tourism and hospitality,2026-09-09,Fri,16,no
Retail and ecommerce,2026-08-08,Fri,21,no
Property,2026-07-18,Fri,23,no
Retail and ecommerce,2026-06-22,Tue,24,yes
Tax and accounting,2026-07-30,Tue,7,no
Tourism and hospitality,2026-06-13,Sun,8,no
Property,2026-05-25,Fri,2,yes
Education,2026-08-17,Wed,23,yes
Tourism and hospitality,2026-08-11,Tue,17,no
Property,2026-09-12,Tue,10,yes
Tourism and hospitality,2026-07-21,Fri,23,no
Retail and ecommerce,2026-08-25,Sun,34,yes
Property,2026-07-18,Fri,2,no
Tourism and hospitality,2026-06-21,Sun,19,no
Tourism and hospitality,2026-07-04,Sun,-7,no
Tourism and hospitality,2026-09-15,Sun,28,no
Tourism and hospitality,2026-07-06,Tue,31,yes
Tourism and hospitality,2026-06-15,Fri,13,yes
Tourism and hospitality,2026-06-22,Tue,26,yes
Tourism and hospitality,2026-07-17,Fri,33,yes
Tourism and hospitality,2026-08-01,Fri,-3,no
Tourism and hospitality,2026-09-13,Fri,15,yes
Tourism and hospitality,2026-08-16,Fri,8,yes
Property,2026-09-13,Sun,37,no
Tax and accounting,2026-07-13,Tue,32,no
Tourism and hospitality,2026-07-02,Tue,15,yes
Education,2026-07-28,Sun,21,yes
Tourism and hospitality,2026-08-13,Fri,35,yes
Property,2026-07-27,Fri,3,yes
Tax and accounting,2026-08-23,Sun,17,yes
Tax and accounting,2026-05-26,Fri,-4,no
Tourism and hospitality,2026-07-09,Tue,22,yes
Tourism and hospitality,2026-08-22,Wed,21,yes
Tourism and hospitality,2026-05-28,Sun,19,yes
Education,2026-09-03,Tue,22,yes
Tax and accounting,2026-05-25,Fri,24,no
Tourism and hospitality,2026-07-13,Tue,8,no
Property,2026-08-18,Fri,13,yes
Education,2026-07-06,Sun,5,no
Tourism and hospitality,2026-08-12,Fri,25,yes
Tourism and hospitality,2026-09-11,Fri,19,yes
Tourism and hospitality,2026-06-06,Fri,10,no
Property,2026-08-30,Fri,23,no
Tax and accounting,2026-05-25,Fri,22,no
Tax and accounting,2026-07-31,Sun,-6,yes
Tax and accounting,2026-07-25,Fri,6,no
Tax and accounting,2026-09-10,Tue,7,yes
Tourism and hospitality,2026-06-12,Fri,27,yes
Tax and accounting,2026-08-26,Fri,19,yes
Education,2026-06-20,Tue,16,no
Tax and accounting,2026-08-31,Fri,21,no
Retail and ecommerce,2026-07-05,Fri,28,no
Retail and ecommerce,2026-06-17,Fri,4,no
Retail and ecommerce,2026-06-09,Wed,8,yes
Tax and accounting,2026-08-17,Wed,-5,no
Tourism and hospitality,2026-08-16,Sun,36,no
Tourism and hospitality,2026-08-18,Fri,25,yes
Tourism and hospitality,2026-06-25,Tue,14,no
Tourism and hospitality,2026-07-14,Sun,30,yes
Tax and accounting,2026-07-03,Sun,31,yes
Property,2026-06-27,Sun,9,yes
Property,2026-08-28,Sun,22,yes
Tourism and hospitality,2026-07-14,Fri,8,no
Tourism and hospitality,2026-08-18,Fri,34,no
Tax and accounting,2026-08-08,Sun,30,yes
Tax and accounting,2026-08-05,Wed,14,yes
Education,2026-08-10,Sun,22,no
Property,2026-06-07,Fri,36,yes
Tourism and hospitality,2026-07-27,Fri,6,yes
Tourism and hospitality,2026-07-24,Fri,9,no
Education,2026-07-18,Fri,-4,no
Property,2026-05-29,Wed,28,no
Tourism and hospitality,2026-07-06,Tue,21,yes
Education,2026-09-08,Sun,18,yes
Property,2026-06-24,Fri,27,no
Education,2026-08-10,Fri,25,no
Retail and ecommerce,2026-09-03,Fri,1,no
Retail and ecommerce,2026-05-28,Fri,13,no
Property,2026-08-24,Tue,6,no
Retail and ecommerce,2026-07-09,Tue,37,yes
Retail and ecommerce,2026-06-25,Fri,18,yes
Property,2026-05-31,Fri,13,no
Tourism and hospitality,2026-06-29,Wed,33,no
Retail and ecommerce,2026-08-17,Fri,32,yes
Tourism and hospitality,2026-05-24,Fri,-5,no
Property,2026-08-29,Fri,12,no
Retail and ecommerce,2026-09-01,Fri,7,no
Tax and accounting,2026-07-12,Fri,25,no
Retail and ecommerce,2026-07-21,Tue,33,yes
Tourism and hospitality,2026-09-01,Fri,20,no
Tourism and hospitality,2026-07-09,Tue,31,no
Tax and accounting,2026-07-23,Tue,29,no
Tax and accounting,2026-06-12,Fri,8,no
Tourism and hospitality,2026-08-09,Fri,20,yes
Tourism and hospitality,2026-08-10,Wed,3,no
Tourism and hospitality,2026-07-03,Sun,29,yes
Education,2026-08-05,Tue,24,no
Tax and accounting,2026-08-07,Sun,24,no
Retail and ecommerce,2026-09-08,Sun,20,no
Tax and accounting,2026-07-21,Fri,29,no
Tourism and hospitality,2026-07-31,Sun,-2,yes
Education,2026-09-16,Tue,20,no
Retail and ecommerce,2026-09-14,Sun,10,no
Education,2026-07-26,Fri,24,yes
Property,2026-06-14,Tue,18,yes
Tax and accounting,2026-08-22,Fri,21,no
Education,2026-08-02,Tue,27,yes
Retail and ecommerce,2026-05-24,Tue,31,yes
Education,2026-05-28,Tue,9,no
Tourism and hospitality,2026-06-08,Sun,7,no
Education,2026-09-11,Tue,-2,no
Property,2026-06-05,Fri,28,no
Property,2026-08-08,Fri,30,yes
Tourism and hospitality,2026-09-13,Wed,25,no
Retail and ecommerce,2026-06-08,Sun,23,no
Property,2026-07-18,Wed,32,no
Tourism and hospitality,2026-09-12,Wed,5,no
Tax and accounting,2026-08-01,Sun,7,yes
Tax and accounting,2026-08-02,Fri,-4,no
Tax and accounting,2026-07-08,Fri,35,no
Education,2026-08-06,Sun,19,no
Education,2026-07-07,Tue,11,no
Tourism and hospitality,2026-07-06,Wed,26,yes
Tourism and hospitality,2026-09-04,Fri,31,no
Tourism and hospitality,2026-08-09,Fri,2,yes
Property,2026-07-25,Sun,5,yes
Tourism and hospitality,2026-08-04,Sun,-1,no
Tax and accounting,2026-07-29,Sun,35,no
Property,2026-08-26,Fri,21,yes
Tourism and hospitality,2026-09-13,Fri,14,no
Property,2026-06-04,Sun,19,yes
Tourism and hospitality,2026-09-03,Tue,31,no
Tax and accounting,2026-05-26,Fri,9,yes
Retail and ecommerce,2026-09-06,Fri,6,no
Retail and ecommerce,2026-08-30,Fri,8,no
Tourism and hospitality,2026-08-23,Tue,34,no
Property,2026-06-17,Fri,17,yes
Tourism and hospitality,2026-09-17,Fri,16,no
Tax and accounting,2026-08-06,Fri,22,no
Tourism and hospitality,2026-07-08,Tue,36,yes
Tax and accounting,2026-05-29,Sun,5,no
Tax and accounting,2026-05-25,Tue,8,no
Tourism and hospitality,2026-08-25,Fri,-4,yes
Tax and accounting,2026-08-24,Sun,31,yes
Tourism and hospitality,2026-07-27,Sun,26,no
Tax and accounting,2026-06-25,Tue,22,yes
Tourism and hospitality,2026-07-25,Fri,26,yes
Education,2026-08-19,Tue,32,no
Retail and ecommerce,2026-06-04,Sun,-1,no
Tax and accounting,2026-09-18,Tue,14,yes
Tax and accounting,2026-09-15,Sun,3,no
Tourism and hospitality,2026-06-07,Wed,32,no
Tax and accounting,2026-08-10,Tue,27,no
Tourism and hospitality,2026-07-25,Fri,17,yes
Education,2026-07-18,Tue,22,no
Education,2026-08-02,Tue,29,no
Tax and accounting,2026-07-25,Wed,-6,no
Tax and accounting,2026-05-24,Wed,11,yes
Tourism and hospitality,2026-06-18,Tue,8,no
Retail and ecommerce,2026-08-07,Sun,36,yes
Property,2026-07-21,Sun,32,yes
Tax and accounting,2026-07-25,Wed,10,no
Property,2026-07-20,Sun,27,no
Tourism and hospitality,2026-06-16,Fri,26,no
Tourism and hospitality,2026-07-19,Tue,2,no
Tax and accounting,2026-06-15,Sun,15,no
Tourism and hospitality,2026-08-18,Fri,-5,no
Tax and accounting,2026-09-16,Tue,28,yes
Tax and accounting,2026-05-26,Fri,22,yes
Education,2026-07-31,Tue,13,yes
Tourism and hospitality,2026-06-03,Fri,22,no
Tourism and hospitality,2026-06-27,Tue,26,yes
Tax and accounting,2026-07-18,Tue,-6,yes
Tourism and hospitality,2026-06-18,Tue,20,no
Education,2026-08-12,Wed,3,no
Tax and accounting,2026-06-14,Wed,22,yes
Education,2026-09-16,Tue,33,yes
Tourism and hospitality,2026-07-14,Fri,18,no
Property,2026-06-21,Tue,22,no
Property,2026-06-18,Fri,32,no
Tourism and hospitality,2026-06-29,Sun,2,yes
Tax and accounting,2026-07-05,Fri,21,no
Tax and accounting,2026-07-30,Tue,1,no
Education,2026-06-17,Sun,29,yes
Tourism and hospitality,2026-08-10,Tue,29,no
Tax and accounting,2026-07-28,Wed,10,yes
Property,2026-07-18,Sun,26,no
Retail and ecommerce,2026-07-12,Wed,28,no
Education,2026-08-03,Tue,2,yes
Retail and ecommerce,2026-05-24,Fri,8,no
Property,2026-08-13,Fri,-5,yes
Property,2026-08-28,Tue,31,no
Tourism and hospitality,2026-06-28,Sun,31,no
Education,2026-07-25,Sun,18,yes
Tax and accounting,2026-06-22,Tue,20,no
Tourism and hospitality,2026-07-11,Tue,36,no
Tourism and hospitality,2026-07-12,Tue,-1,yes
Education,2026-07-16,Sun,15,yes
Education,2026-05-26,Fri,-2,no
Tourism and hospitality,2026-05-28,Fri,38,no
Tax and accounting,2026-07-28,Wed,32,yes
Tax and accounting,2026-07-03,Fri,9,yes
Tourism and hospitality,2026-08-14,Wed,32,yes
Education,2026-08-02,Fri,26,no
Retail and ecommerce,2026-07-31,Sun,1,no
Tourism and hospitality,2026-08-06,Fri,12,yes
Education,2026-08-06,Sun,3,yes
Property,2026-06-24,Sun,23,yes
Education,2026-07-05,Wed,32,no
Tourism and hospitality,2026-09-16,Sun,18,yes
Tourism and hospitality,2026-09-08,Tue,18,yes
Retail and ecommerce,2026-06-11,Tue,21,yes
Property,2026-07-29,Tue,-6,yes
Tourism and hospitality,2026-07-21,Fri,10,yes
Property,2026-09-09,Sun,7,yes
Tourism and hospitality,2026-05-23,Wed,27,no
Tourism and hospitality,2026-08-12,Fri,24,no
Tax and accounting,2026-07-12,Sun,19,yes
Tourism and hospitality,2026-09-02,Fri,25,yes
Tax and accounting,2026-08-25,Fri,29,yes
Property,2026-05-23,Tue,0,yes
Tax and accounting,2026-08-02,Sun,11,no
Education,2026-06-26,Sun,6,yes
Property,2026-08-11,Sun,37,no
Retail and ecommerce,2026-06-23,Fri,29,no
Education,2026-06-17,Fri,14,yes
Tax and accounting,2026-06-28,Sun,22,no
Retail and ecommerce,2026-08-25,Tue,23,yes
Retail and ecommerce,2026-07-01,Fri,3,yes
Tourism and hospitality,2026-06-02,Fri,12,yes
Tourism and hospitality,2026-08-07,Wed,-5,no
Tax and accounting,2026-06-18,Wed,36,yes
Education,2026-07-18,Tue,24,yes
Tax and accounting,2026-08-05,Sun,15,no
Property,2026-08-24,Tue,17,yes
Tourism and hospitality,2026-06-14,Sun,31,no
Tax and accounting,2026-08-12,Fri,-5,yes
Retail and ecommerce,2026-06-14,Fri,20,yes
Retail and ecommerce,2026-06-17,Wed,5,no
Property,2026-08-20,Fri,34,yes
Property,2026-09-11,Sun,29,yes
Tax and accounting,2026-08-08,Sun,9,no
Tax and accounting,2026-09-05,Fri,34,yes
Tax and accounting,2026-08-12,Fri,30,yes
Tax and accounting,2026-07-17,Fri,-1,no
Tax and accounting,2026-06-22,Tue,5,no
Tourism and hospitality,2026-07-18,Tue,0,yes
Retail and ecommerce,2026-06-21,Fri,31,yes
Tax and accounting,2026-07-29,Tue,27,yes
Retail and ecommerce,2026-05-28,Fri,12,no
Property,2026-08-20,Sun,34,no
Tax and accounting,2026-07-19,Fri,22,no
Tourism and hospitality,2026-09-16,Sun,1,no
Property,2026-05-24,Sun,14,no
Property,2026-08-24,Tue,6,no
Property,2026-05-29,Fri,33,yes
Retail and ecommerce,2026-06-26,Tue,19,no
Retail and ecommerce,2026-06-17,Fri,25,no
Tax and accounting,2026-08-06,Tue,30,yes
Retail and ecommerce,2026-07-07,Fri,31,yes
Tax and accounting,2026-07-28,Tue,9,yes
Property,2026-06-11,Fri,9,yes
Retail and ecommerce,2026-09-18,Fri,-8,no
Tourism and hospitality,2026-05-31,Sun,34,no
Tourism and hospitality,2026-06-03,Fri,33,yes
Education,2026-06-17,Wed,25,no
Tourism and hospitality,2026-07-27,Fri,30,no
Tourism and hospitality,2026-06-27,Fri,36,yes
Tourism and hospitality,2026-08-01,Wed,-2,yes
Property,2026-07-06,Tue,8,no
Tourism and hospitality,2026-06-08,Wed,3,no
Tax and accounting,2026-06-08,Fri,30,yes
Property,2026-08-04,Fri,28,no
Tax and accounting,2026-09-09,Sun,22,no
Tax and accounting,2026-09-13,Sun,27,yes
Tourism and hospitality,2026-09-02,Tue,31,yes
Tourism and hospitality,2026-06-05,Tue,-5,yes
Tourism and hospitality,2026-06-10,Wed,17,yes
Retail and ecommerce,2026-09-01,Sun,-7,no
Retail and ecommerce,2026-08-13,Fri,33,no
Tourism and hospitality,2026-07-29,Tue,31,yes
Tax and accounting,2026-06-06,Wed,15,yes
Tax and accounting,2026-08-26,Tue,25,no
Tax and accounting,2026-05-23,Tue,32,no
Retail and ecommerce,2026-05-26,Fri,2,no
Tourism and hospitality,2026-07-11,Tue,6,yes
Retail and ecommerce,2026-09-12,Sun,-5,yes
Tourism and hospitality,2026-06-19,Sun,25,yes
Education,2026-06-15,Fri,26,yes
Education,2026-08-13,Wed,13,yes
Tourism and hospitality,2026-09-13,Sun,34,yes
Tourism and hospitality,2026-09-02,Tue,30,yes
Property,2026-06-13,Sun,1,yes
Tax and accounting,2026-09-01,Sun,14,no
Tax and accounting,2026-09-07,Sun,-4,yes
Tourism and hospitality,2026-09-05,Wed,26,yes
Tourism and hospitality,2026-08-02,Wed,28,yes
Tourism and hospitality,2026-07-29,Wed,22,no
Tax and accounting,2026-08-17,Fri,31,no
Tourism and hospitality,2026-08-20,Fri,25,no
Tax and accounting,2026-07-08,Fri,4,no
Tax and accounting,2026-08-16,Sun,5,no
Tourism and hospitality,2026-08-24,Sun,-1,yes
Property,2026-06-20,Sun,36,yes
Retail and ecommerce,2026-07-13,Tue,23,yes
Tax and accounting,2026-06-29,Fri,21,no
Property,2026-09-11,Fri,31,yes
Tourism and hospitality,2026-07-15,Tue,30,yes
Property,2026-08-19,Fri,0,yes
Tourism and hospitality,2026-05-29,Tue,4,yes
Tourism and hospitality,2026-08-17,Fri,-7,yes
Tourism and hospitality,2026-08-11,Tue,24,no
Property,2026-09-03,Fri,26,yes
Education,2026-06-05,Tue,12,yes
Tax and accounting,2026-08-30,Sun,19,yes
Tourism and hospitality,2026-08-04,Fri,34,yes
Retail and ecommerce,2026-05-25,Sun,7,no
Tax and accounting,2026-05-23,Tue,22,no
Retail and ecommerce,2026-06-26,Tue,-5,yes
Education,2026-06-10,Wed,33,no
Tourism and hospitality,2026-07-26,Fri,17,no
Education,2026-09-18,Wed,12,no
Tourism and hospitality,2026-07-25,Tue,24,no
Tax and accounting,2026-08-27,Tue,27,no
Tax and accounting,2026-09-08,Wed,10,no
Property,2026-07-06,Fri,16,no
Education,2026-05-27,Tue,8,no
Tourism and hospitality,2026-05-31,Tue,27,yes
Tax and accounting,2026-08-30,Wed,25,yes
Tax and accounting,2026-09-05,Wed,24,yes
Tourism and hospitality,2026-09-18,Sun,23,yes
Education,2026-05-24,Sun,22,yes
Tourism and hospitality,2026-09-17,Tue,-6,yes
Tourism and hospitality,2026-07-22,Fri,21,no
Retail and ecommerce,2026-07-15,Sun,-7,yes
Tax and accounting,2026-06-30,Sun,24,yes
Education,2026-09-12,Fri,17,no
Tourism and hospitality,2026-07-21,Sun,19,yes
Property,2026-05-22,Sun,30,yes
Tax and accounting,2026-06-22,Wed,34,no
Retail and ecommerce,2026-06-15,Sun,6,no
Tourism and hospitality,2026-08-15,Sun,14,no
Tourism and hospitality,2026-08-27,Wed,-5,no
Tax and accounting,2026-08-25,Fri,34,yes
Education,2026-09-14,Fri,28,yes
Tourism and hospitality,2026-07-06,Fri,20,no
Education,2026-08-28,Fri,34,no
Education,2026-06-14,Tue,21,no
Tourism and hospitality,2026-07-08,Fri,-2,no
Retail and ecommerce,2026-06-05,Fri,11,no
Education,2026-05-24,Fri,6,no
Tourism and hospitality,2026-08-03,Tue,36,yes
Tourism and hospitality,2026-07-20,Tue,23,yes
Property,2026-08-26,Fri,16,no
Property,2026-05-25,Fri,18,no
Tax and accounting,2026-08-07,Wed,25,no
Retail and ecommerce,2026-06-30,Tue,-1,no
Retail and ecommerce,2026-06-14,Tue,6,yes
Tourism and hospitality,2026-07-12,Sun,-4,yes
Tourism and hospitality,2026-06-21,Wed,37,no
Tax and accounting,2026-07-01,Tue,24,no
Tourism and hospitality,2026-07-20,Fri,17,no
Education,2026-08-19,Fri,29,no
Property,2026-08-26,Fri,26,yes
Tourism and hospitality,2026-06-15,Fri,7,no
Tourism and hospitality,2026-06-28,Fri,6,yes
Tax and accounting,2026-06-25,Fri,-1,yes
Tourism and hospitality,2026-07-31,Sun,36,no
Tourism and hospitality,2026-06-14,Fri,31,yes
Tourism and hospitality,2026-07-18,Tue,17,yes
Tourism and hospitality,2026-05-28,Fri,20,yes
Property,2026-07-09,Tue,22,no
Retail and ecommerce,2026-05-30,Sun,1,yes
Tax and accounting,2026-06-15,Fri,8,yes
Education,2026-07-29,Fri,-7,yes
Tax and accounting,2026-07-13,Tue,31,no
Tax and accounting,2026-08-13,Fri,25,yes
Tourism and hospitality,2026-06-16,Wed,9,no
Education,2026-08-26,Sun,28,yes
Tourism and hospitality,2026-07-12,Fri,29,no
Tourism and hospitality,2026-08-02,Sun,8,no
Property,2026-09-12,Fri,14,yes
Property,2026-08-03,Sun,9,no
Retail and ecommerce,2026-06-09,Tue,29,yes
Tax and accounting,2026-05-26,Tue,24,no
Tax and accounting,2026-06-29,Fri,18,no
Tourism and hospitality,2026-08-15,Fri,25,yes
Tourism and hospitality,2026-07-17,Tue,26,yes
Property,2026-09-10,Tue,-6,yes
Retail and ecommerce,2026-07-12,Fri,5,yes
Property,2026-07-26,Tue,-5,no
Education,2026-05-31,Sun,33,yes
Tourism and hospitality,2026-05-26,Tue,23,yes
Tourism and hospitality,2026-06-17,Tue,18,yes
Tourism and hospitality,2026-08-07,Fri,26,no
Property,2026-08-13,Wed,34,no
Retail and ecommerce,2026-06-18,Sun,6,yes
Property,2026-06-09,Tue,10,no
Retail and ecommerce,2026-08-26,Fri,-7,no
Tourism and hospitality,2026-09-07,Fri,38,no
Tourism and hospitality,2026-06-27,Fri,22,yes
Retail and ecommerce,2026-07-08,Tue,22,yes
Retail and ecommerce,2026-06-20,Tue,20,no
Property,2026-08-20,Fri,24,yes
Retail and ecommerce,2026-05-30,Tue,6,yes
Tax and accounting,2026-08-08,Tue,13,yes
Retail and ecommerce,2026-07-17,Tue,1,yes
Property,2026-08-19,Tue,30,yes
Education,2026-06-27,Sun,29,yes
Tourism and hospitality,2026-06-04,Wed,9,yes
Tourism and hospitality,2026-06-06,Tue,23,yes
Education,2026-05-24,Sun,24,no
Tourism and hospitality,2026-06-18,Sun,7,no
Tourism and hospitality,2026-09-02,Fri,5,yes
Tourism and hospitality,2026-09-06,Sun,-7,no
Retail and ecommerce,2026-05-25,Fri,28,no
Tax and accounting,2026-06-09,Sun,19,yes
Tax and accounting,2026-07-04,Sun,19,yes
Tax and accounting,2026-08-31,Fri,25,no
Education,2026-07-16,Fri,25,yes
Tourism and hospitality,2026-05-31,Fri,2,no
Property,2026-06-19,Tue,14,no
Tourism and hospitality,2026-09-01,Sun,-6,no
Tourism and hospitality,2026-09-09,Sun,22,no
Retail and ecommerce,2026-07-06,Fri,32,yes
Tourism and hospitality,2026-07-14,Wed,21,yes
Property,2026-06-04,Wed,28,yes
Tax and accounting,2026-08-03,Fri,25,yes
Education,2026-09-12,Fri,9,yes
Property,2026-06-09,Sun,5,yes
Property,2026-08-17,Tue,7,no
Tourism and hospitality,2026-08-11,Fri,37,yes
Tax and accounting,2026-05-25,Fri,25,yes
Tourism and hospitality,2026-05-24,Wed,24,yes
Tourism and hospitality,2026-07-05,Sun,29,no
Tourism and hospitality,2026-07-06,Fri,36,yes
Tourism and hospitality,2026-07-10,Sun,3,no
Tourism and hospitality,2026-06-19,Sun,6,no
Education,2026-08-18,Wed,4,yes
Tourism and hospitality,2026-06-05,Wed,25,yes
Retail and ecommerce,2026-08-25,Sun,28,no
Tax and accounting,2026-08-19,Tue,12,yes
Tourism and hospitality,2026-08-24,Tue,25,no
Tax and accounting,2026-09-13,Wed,37,yes
Tourism and hospitality,2026-06-26,Sun,-4,yes
Tourism and hospitality,2026-09-15,Fri,9,yes
Tourism and hospitality,2026-06-09,Tue,-6,no
Tourism and hospitality,2026-07-24,Fri,24,yes
Property,2026-08-30,Wed,26,no
Retail and ecommerce,2026-06-18,Sun,11,yes
Tourism and hospitality,2026-08-14,Wed,30,no
Tax and accounting,2026-07-10,Fri,20,yes
Tax and accounting,2026-05-31,Sun,-6,yes
Tax and accounting,2026-08-24,Sun,20,yes
Property,2026-07-29,Fri,-8,yes
Tourism and hospitality,2026-07-05,Wed,26,no
Tourism and hospitality,2026-08-04,Tue,24,yes
Tourism and hospitality,2026-08-20,Sun,22,no
Education,2026-08-18,Sun,23,no
Education,2026-07-08,Fri,24,yes
Tourism and hospitality,2026-07-13,Sun,-6,no
Tax and accounting,2026-08-23,Sun,16,no
Tax and accounting,2026-07-30,Tue,-3,no
Tourism and hospitality,2026-05-23,Sun,36,no
Tourism and hospitality,2026-08-06,Wed,30,no
Tax and accounting,2026-07-21,Wed,11,no
Education,2026-06-18,Fri,18,no
Education,2026-06-21,Sun,34,yes
Retail and ecommerce,2026-08-04,Wed,0,no
Tax and accounting,2026-06-14,Sun,14,yes
Tourism and hospitality,2026-08-18,Tue,-4,yes
Retail and ecommerce,2026-07-01,Fri,22,no
Tax and accounting,2026-08-24,Fri,32,yes
Tourism and hospitality,2026-09-07,Sun,20,yes
Tourism and hospitality,2026-06-16,Fri,19,no
Education,2026-06-05,Fri,28,no
Tax and accounting,2026-09-13,Fri,10,no
Education,2026-07-17,Wed,21,no
Tax and accounting,2026-07-10,Wed,0,no
Tourism and hospitality,2026-06-27,Wed,36,yes
Tourism and hospitality,2026-05-27,Sun,22,yes
Tax and accounting,2026-06-26,Fri,22,no
Tax and accounting,2026-06-21,Sun,31,yes
Education,2026-09-09,Wed,37,no
Retail and ecommerce,2026-08-26,Wed,1,no
Tourism and hospitality,2026-07-10,Sun,14,no
Education,2026-06-17,Sun,-2,yes
Tourism and hospitality,2026-08-10,Tue,26,yes
Tourism and hospitality,2026-08-10,Sun,27,no
Tourism and hospitality,2026-07-27,Sun,20,yes
Tax and accounting,2026-08-20,Tue,21,yes
Tourism and hospitality,2026-08-22,Wed,36,no
Tax and accounting,2026-09-12,Fri,9,yes
Tax and accounting,2026-09-17,Fri,19,no
Property,2026-08-22,Fri,-8,no
Tourism and hospitality,2026-06-14,Sun,33,yes
Property,2026-06-03,Fri,18,no
Tourism and hospitality,2026-08-16,Tue,14,yes
Tourism and hospitality,2026-06-15,Sun,29,no
Tax and accounting,2026-08-16,Wed,29,no
Tourism and hospitality,2026-06-13,Wed,-2,yes
Tourism and hospitality,2026-07-04,Tue,19,no
Tourism and hospitality,2026-06-08,Fri,-6,yes
Tax and accounting,2026-08-11,Fri,23,no
Education,2026-08-06,Tue,32,no
Tax and accounting,2026-05-29,Sun,14,no
Education,2026-06-20,Fri,17,no
Tax and accounting,2026-07-30,Sun,34,yes
Tax and accounting,2026-07-25,Tue,-4,yes
Retail and ecommerce,2026-05-28,Wed,18,yes
Education,2026-09-06,Fri,10,no
Property,2026-06-02,Wed,30,no
Tourism and hospitality,2026-08-04,Wed,21,yes
Retail and ecommerce,2026-08-14,Sun,15,no
Tax and accounting,2026-08-13,Tue,30,yes
Tourism and hospitality,2026-09-12,Wed,23,no
Tourism and hospitality,2026-08-25,Tue,3,no
Tourism and hospitality,2026-07-15,Tue,15,no
Tourism and hospitality,2026-05-27,Fri,0,no
Tourism and hospitality,2026-09-02,Sun,25,no
Tourism and hospitality,2026-07-01,Sun,25,yes
Tax and accounting,2026-06-08,Sun,8,no
Tax and accounting,2026-08-01,Tue,31,no
Tourism and hospitality,2026-06-06,Fri,28,yes
Tourism and hospitality,2026-06-15,Wed,8,yes
Tourism and hospitality,2026-07-04,Fri,18,no
Tax and accounting,2026-09-08,Fri,7,yes
Tourism and hospitality,2026-07-06,Sun,32,no
Retail and ecommerce,2026-05-25,Fri,30,no
Tourism and hospitality,2026-06-25,Wed,9,no
Tax and accounting,2026-08-05,Tue,28,no
Education,2026-08-15,Wed,37,yes
Property,2026-05-26,Fri,1,yes
Tourism and hospitality,2026-06-22,Sun,19,no
Tax and accounting,2026-08-08,Fri,1,yes
Property,2026-07-23,Fri,33,no
Tourism and hospitality,2026-07-07,Tue,25,yes
Tax and accounting,2026-08-10,Tue,14,yes
Retail and ecommerce,2026-09-08,Fri,22,yes
Education,2026-08-17,Sun,26,no
Tourism and hospitality,2026-08-15,Sun,-4,yes
Tax and accounting,2026-06-30,Fri,9,no
Tax and accounting,2026-06-28,Fri,-4,no
Tax and accounting,2026-06-25,Tue,32,no
Tax and accounting,2026-08-08,Fri,16,no
Tax and accounting,2026-06-10,Sun,10,yes
Tourism and hospitality,2026-07-19,Wed,25,yes
Tax and accounting,2026-06-07,Tue,37,yes
Tax and accounting,2026-08-17,Wed,7,yes
Retail and ecommerce,2026-09-18,Wed,9,no
Tax and accounting,2026-06-13,Fri,1,no
Tourism and hospitality,2026-06-19,Fri,32,yes
Tourism and hospitality,2026-07-24,Sun,19,no
Retail and ecommerce,2026-06-13,Fri,10,no
Tourism and hospitality,2026-08-21,Fri,34,yes
Tax and accounting,2026-07-09,Fri,33,no
Tax and accounting,2026-05-31,Wed,-3,no
Tax and accounting,2026-09-08,Tue,5,yes
Retail and ecommerce,2026-07-17,Tue,5,yes
Tourism and hospitality,2026-06-17,Tue,35,no
Tourism and hospitality,2026-07-28,Tue,25,no
Tax and accounting,2026-09-12,Tue,13,no
Tourism and hospitality,2026-09-17,Wed,33,yes
Tourism and hospitality,2026-08-24,Sun,27,no
Retail and ecommerce,2026-06-19,Fri,-2,yes
Tourism and hospitality,2026-06-20,Fri,6,no
Tourism and hospitality,2026-08-31,Sun,-5,no
Education,2026-08-05,Tue,22,no
Tourism and hospitality,2026-08-25,Sun,28,yes
Property,2026-07-10,Tue,8,yes
Education,2026-08-07,Sun,22,no
Retail and ecommerce,2026-06-13,Fri,22,no
Property,2026-07-16,Fri,7,yes
Tax and accounting,2026-09-14,Sun,21,yes
Tax and accounting,2026-08-13,Sun,6,no
Tourism and hospitality,2026-07-07,Fri,29,no
Property,2026-07-20,Sun,32,yes
Tourism and hospitality,2026-07-11,Fri,12,no
Tax and accounting,2026-09-07,Fri,19,yes
Tourism and hospitality,2026-06-20,Wed,31,no
Tax and accounting,2026-06-10,Tue,6,yes
Tourism and hospitality,2026-07-25,Tue,15,no
Tax and accounting,2026-07-25,Sun,9,yes
Tourism and hospitality,2026-09-01,Tue,30,yes
Property,2026-06-29,Sun,24,no
Tourism and hospitality,2026-09-06,Tue,18,no
Retail and ecommerce,2026-08-06,Fri,29,no
Property,2026-07-25,Sun,35,yes
Tax and accounting,2026-06-07,Sun,-7,no
Tourism and hospitality,2026-08-09,Fri,9,yes
Tourism and hospitality,2026-08-17,Sun,2,yes
Retail and ecommerce,2026-06-06,Wed,32,yes
Tourism and hospitality,2026-08-30,Wed,24,yes
Tourism and hospitality,2026-07-03,Sun,23,no
Retail and ecommerce,2026-08-19,Fri,26,yes
Retail and ecommerce,2026-09-18,Fri,28,yes
Tourism and hospitality,2026-07-13,Fri,-1,yes
Education,2026-08-22,Tue,20,yes
Property,2026-06-30,Fri,-3,no
Tax and accounting,2026-08-22,Fri,25,no
Tax and accounting,2026-07-22,Fri,28,yes
Tourism and hospitality,2026-06-01,Fri,20,yes
Education,2026-06-12,Fri,29,no
Tax and accounting,2026-09-11,Tue,34,no
Retail and ecommerce,2026-05-31,Fri,-4,yes
Tourism and hospitality,2026-06-23,Sun,16,yes
Tax and accounting,2026-08-03,Fri,1,yes
Tourism and hospitality,2026-08-24,Fri,27,yes
Tax and accounting,2026-07-28,Fri,29,yes
Tourism and hospitality,2026-09-03,Fri,13,yes
Tax and accounting,2026-06-20,Sun,31,no
Retail and ecommerce,2026-08-05,Tue,32,yes
Retail and ecommerce,2026-09-15,Fri,4,no
Education,2026-08-28,Fri,16,yes
Tax and accounting,2026-07-02,Tue,6,no
Tax and accounting,2026-07-30,Tue,35,no
Tax and accounting,2026-07-18,Fri,29,yes
Tourism and hospitality,2026-07-01,Tue,25,yes
Tax and accounting,2026-06-07,Sun,25,yes
Retail and ecommerce,2026-07-24,Sun,27,yes
Retail and ecommerce,2026-06-16,Tue,-6,yes
Tourism and hospitality,2026-07-25,Tue,7,yes
Education,2026-07-27,Sun,1,no
Tourism and hospitality,2026-09-14,Fri,34,no
Retail and ecommerce,2026-08-25,Fri,20,yes
Tourism and hospitality,2026-05-30,Tue,21,no
Education,2026-07-03,Sun,34,no
Tourism and hospitality,2026-07-15,Tue,32,no
Tourism and hospitality,2026-08-15,Fri,4,yes
Tourism and hospitality,2026-05-22,Sun,7,no
Tourism and hospitality,2026-09-05,Sun,7,yes
Tourism and hospitality,2026-08-27,Tue,31,yes
Tourism and hospitality,2026-09-18,Tue,23,no
Tax and accounting,2026-06-28,Wed,19,yes
Tourism and hospitality,2026-08-15,Fri,28,no
Tax and accounting,2026-09-17,Fri,23,no
Tourism and hospitality,2026-08-02,Fri,3,no
Tourism and hospitality,2026-07-18,Tue,12,no
Tax and accounting,2026-08-14,Tue,2,yes
Tourism and hospitality,2026-08-18,Sun,25,yes
Tourism and hospitality,2026-07-08,Fri,30,yes
Tax and accounting,2026-07-14,Sun,15,yes
Property,2026-05-22,Fri,27,yes
Tax and accounting,2026-07-18,Fri,34,yes
Tax and accounting,2026-08-17,Fri,9,yes
Tourism and hospitality,2026-08-02,Wed,15,yes
Retail and ecommerce,2026-07-20,Tue,-6,no
Tourism and hospitality,2026-08-28,Fri,23,yes
Tax and accounting,2026-06-27,Sun,19,yes
Tax and accounting,2026-05-25,Fri,16,yes
Tourism and hospitality,2026-05-24,Tue,25,yes
Property,2026-08-02,Sun,34,no
Retail and ecommerce,2026-06-24,Fri,8,no
Tax and accounting,2026-09-05,Fri,20,no
Tourism and hospitality,2026-07-25,Fri,2,no
Tax and accounting,2026-09-10,Sun,31,yes
Tourism and hospitality,2026-06-16,Sun,24,yes
Tourism and hospitality,2026-09-17,Tue,18,no
Tax and accounting,2026-09-17,Fri,31,no
Tax and accounting,2026-08-12,Fri,34,no
Tax and accounting,2026-07-23,Fri,4,no
Education,2026-07-08,Tue,9,yes
Education,2026-08-22,Wed,2,no
Education,2026-08-23,Fri,23,yes
Tax and accounting,2026-07-06,Fri,24,yes
Retail and ecommerce,2026-08-03,Fri,25,yes
Tax and accounting,2026-08-03,Tue,33,no
Tax and accounting,2026-07-03,Wed,34,no
Property,2026-08-04,Sun,-3,no
Tourism and hospitality,2026-09-18,Tue,12,no
Tourism and hospitality,2026-05-31,Fri,5,yes
Tourism and hospitality,2026-08-29,Wed,26,no
Tax and accounting,2026-06-07,Tue,21,no
Tourism and hospitality,2026-08-06,Sun,20,yes
Tax and accounting,2026-09-03,Sun,20,no
Retail and ecommerce,2026-07-11,Fri,25,no
Tourism and hospitality,2026-07-09,Tue,8,no
Tax and accounting,2026-07-17,Sun,17,yes
Tax and accounting,2026-07-26,Sun,4,no
Tourism and hospitality,2026-07-04,Tue,22,yes
Tax and accounting,2026-08-04,Fri,31,yes
Tax and accounting,2026-09-17,Tue,16,yes
Tax and accounting,2026-06-08,Sun,24,yes
Education,2026-07-02,Sun,32,yes
Tourism and hospitality,2026-09-18,Tue,-3,no
Tourism and hospitality,2026-06-06,Sun,17,yes
Retail and ecommerce,2026-07-30,Wed,2,no
Tourism and hospitality,2026-08-17,Sun,38,yes
Tax and accounting,2026-08-31,Sun,22,yes
Property,2026-08-26,Fri,16,no
Tourism and hospitality,2026-07-07,Sun,18,no
Property,2026-06-06,Tue,33,no
Education,2026-08-13,Sun,-3,no
Retail and ecommerce,2026-06-08,Sun,7,yes
Tourism and hospitality,2026-09-14,Sun,-4,yes
Retail and ecommerce,2026-07-28,Tue,32,no
Tourism and hospitality,2026-06-11,Tue,22,no
Tourism and hospitality,2026-06-08,Fri,19,no
Tourism and hospitality,2026-09-01,Fri,21,yes
Retail and ecommerce,2026-09-18,Fri,32,yes
Tourism and hospitality,2026-07-24,Tue,0,yes
Tourism and hospitality,2026-08-08,Sun,20,yes
Tourism and hospitality,2026-08-14,Tue,-5,no
Education,2026-08-11,Tue,38,no
Tax and accounting,2026-06-21,Sun,22,yes
Education,2026-09-09,Tue,15,no
Retail and ecommerce,2026-08-16,Fri,23,yes
Education,2026-05-28,Sun,27,yes
Tourism and hospitality,2026-09-13,Fri,8,yes
Education,2026-08-11,Sun,13,no
Tourism and hospitality,2026-07-03,Tue,-1,yes
Tax and accounting,2026-09-04,Sun,25,yes
Tourism and hospitality,2026-08-28,Fri,33,yes
Property,2026-09-12,Sun,13,no
Tax and accounting,2026-09-09,Tue,26,no
Tax and accounting,2026-07-06,Fri,36,no
Tourism and hospitality,2026-09-09,Tue,-4,no
Tourism and hospitality,2026-09-12,Sun,14,yes
Tourism and hospitality,2026-09-17,Sun,4,no
Tax and accounting,2026-08-04,Wed,34,no
Tax and accounting,2026-08-24,Sun,19,no
Property,2026-08-01,Fri,9,no
Tax and accounting,2026-08-18,Fri,29,yes
Property,2026-08-03,Fri,31,no
Tax and accounting,2026-06-07,Sun,-7,no
Property,2026-07-22,Sun,7,yes
Education,2026-08-04,Fri,8,yes
Retail and ecommerce,2026-07-04,Sun,34,no
Tourism and hospitality,2026-07-12,Wed,22,yes
Education,2026-09-18,Fri,16,yes
Tourism and hospitality,2026-05-25,Tue,32,yes
Tourism and hospitality,2026-07-24,Fri,37,yes
Tax and accounting,2026-06-05,Sun,1,no
Tourism and hospitality,2026-09-08,Sun,17,no
Tourism and hospitality,2026-08-23,Fri,7,yes
Education,2026-07-29,Sun,37,no
Tourism and hospitality,2026-07-14,Tue,20,yes
Retail and ecommerce,2026-07-04,Sun,11,yes
Education,2026-08-09,Fri,30,no
Property,2026-05-25,Tue,28,no
Tourism and hospitality,2026-07-02,Sun,0,no
Tax and accounting,2026-06-07,Fri,11,yes
Tourism and hospitality,2026-08-31,Fri,0,yes
Education,2026-09-01,Sun,37,yes
Tourism and hospitality,2026-06-17,Sun,29,yes
Education,2026-05-28,Tue,9,no
Retail and ecommerce,2026-09-17,Tue,22,yes
Education,2026-09-10,Fri,29,no
Education,2026-09-16,Fri,4,yes
Tourism and hospitality,2026-06-04,Wed,9,no
Tax and accounting,2026-06-04,Sun,-4,yes
Tourism and hospitality,2026-08-14,Sun,33,no
Tourism and hospitality,2026-09-18,Tue,21,yes
Tourism and hospitality,2026-08-30,Fri,13,no
Tax and accounting,2026-07-25,Fri,26,no
Tax and accounting,2026-06-08,Wed,26,yes
Tourism and hospitality,2026-06-08,Sun,7,yes
Tax and accounting,2026-07-06,Fri,11,yes
Property,2026-06-10,Fri,-6,yes
Tourism and hospitality,2026-05-25,Wed,32,yes
Tourism and hospitality,2026-09-05,Tue,30,no
Tourism and hospitality,2026-07-28,Wed,25,no
Education,2026-07-19,Fri,18,no
Property,2026-06-08,Fri,29,no
Tourism and hospitality,2026-09-09,Sun,4,yes
Tourism and hospitality,2026-07-16,Sun,21,no
Tourism and hospitality,2026-07-10,Fri,1,no
Education,2026-06-09,Fri,35,yes
Retail and ecommerce,2026-07-19,Fri,28,yes
Retail and ecommerce,2026-06-18,Wed,24,yes
Tourism and hospitality,2026-05-29,Fri,23,no
Tax and accounting,2026-09-11,Fri,33,yes
Education,2026-07-17,Sun,9,no
Tourism and hospitality,2026-07-28,Fri,9,yes
Tax and accounting,2026-08-28,Fri,-7,no
Tourism and hospitality,2026-08-15,Fri,22,yes
Tax and accounting,2026-08-16,Sun,27,no
Tourism and hospitality,2026-07-17,Wed,17,no
Tax and accounting,2026-09-12,Sun,33,yes
Tourism and hospitality,2026-05-26,Sun,30,yes
Property,2026-08-13,Tue,0,no
Retail and ecommerce,2026-08-19,Fri,16,yes
Tax and accounting,2026-05-29,Fri,4,no
Education,2026-08-29,Sun,33,yes
Tourism and hospitality,2026-07-17,Fri,21,no
Retail and ecommerce,2026-07-12,Tue,21,no
Education,2026-09-12,Fri,28,no
Tourism and hospitality,2026-09-06,Tue,23,yes
Retail and ecommerce,2026-07-02,Sun,3,yes
Tourism and hospitality,2026-06-11,Wed,19,no
Retail and ecommerce,2026-08-20,Sun,6,no
Tourism and hospitality,2026-08-10,Fri,23,no
Property,2026-06-02,Tue,30,yes
Retail and ecommerce,2026-06-04,Wed,10,yes
Tax and accounting,2026-05-27,Fri,30,yes
Tourism and hospitality,2026-06-18,Fri,36,yes
Tourism and hospitality,2026-08-02,Tue,-6,no
Property,2026-08-07,Tue,9,no
Tourism and hospitality,2026-07-27,Sun,4,no
Property,2026-06-27,Sun,23,no
Tourism and hospitality,2026-09-16,Fri,17,no
Tourism and hospitality,2026-09-16,Fri,22,yes
Tax and accounting,2026-06-25,Fri,21,yes
Tax and accounting,2026-08-04,Wed,33,no
Education,2026-07-15,Wed,1,yes
Tourism and hospitality,2026-08-23,Sun,19,no
Retail and ecommerce,2026-07-15,Tue,9,no
Education,2026-06-17,Fri,27,yes
Tourism and hospitality,2026-05-23,Wed,31,yes
Tourism and hospitality,2026-09-08,Sun,16,yes
Tourism and hospitality,2026-06-11,Sun,34,yes
Tourism and hospitality,2026-07-05,Sun,25,no
Tax and accounting,2026-06-19,Sun,3,no
Property,2026-05-26,Sun,7,yes
Education,2026-09-14,Wed,-7,no
Tourism and hospitality,2026-08-12,Fri,29,yes
Tax and accounting,2026-05-25,Sun,17,no
Tax and accounting,2026-08-22,Wed,9,yes
Retail and ecommerce,2026-06-27,Fri,32,no
Tax and accounting,2026-09-12,Wed,23,no
Education,2026-09-15,Sun,4,no
Property,2026-07-18,Tue,17,yes
Tourism and hospitality,2026-08-17,Fri,8,yes
Tourism and hospitality,2026-07-26,Tue,34,yes
Tourism and hospitality,2026-07-30,Fri,21,no
Property,2026-09-06,Wed,9,yes
Tourism and hospitality,2026-08-12,Fri,28,yes
Tourism and hospitality,2026-06-08,Tue,25,yes
Property,2026-06-26,Sun,-2,no
Tax and accounting,2026-07-22,Tue,15,no
Retail and ecommerce,2026-09-15,Fri,-4,yes
Tourism and hospitality,2026-09-12,Wed,34,yes
Tourism and hospitality,2026-09-02,Tue,30,no
Tourism and hospitality,2026-08-10,Sun,22,yes
Retail and ecommerce,2026-08-24,Fri,31,yes
Retail and ecommerce,2026-06-04,Sun,23,no
Tax and accounting,2026-09-10,Fri,0,yes
Retail and ecommerce,2026-07-15,Tue,14,no
Tourism and hospitality,2026-07-04,Sun,-5,yes
Tourism and hospitality,2026-07-09,Wed,31,no
Property,2026-05-29,Sun,26,no
Education,2026-06-16,Wed,18,no
Tourism and hospitality,2026-08-14,Sun,18,no
Tourism and hospitality,2026-07-09,Fri,25,yes
Tourism and hospitality,2026-08-01,Fri,-4,no
Retail and ecommerce,2026-07-01,Wed,11,no
Tourism and hospitality,2026-09-14,Wed,-3,yes
Education,2026-07-15,Tue,26,yes
Tax and accounting,2026-08-12,Fri,25,yes
Property,2026-08-20,Sun,17,no
Tourism and hospitality,2026-06-05,Fri,19,yes
Tourism and hospitality,2026-09-14,Sun,37,yes
Property,2026-06-27,Sun,4,yes
Tax and accounting,2026-06-22,Tue,21,no
Retail and ecommerce,2026-09-18,Wed,7,yes
Tourism and hospitality,2026-07-19,Wed,38,yes
Tourism and hospitality,2026-09-05,Tue,33,yes
Tourism and hospitality,2026-08-05,Tue,23,no
Tax and accounting,2026-06-25,Wed,23,no
Property,2026-09-10,Tue,37,yes
Property,2026-07-12,Sun,4,yes
Tourism and hospitality,2026-08-11,Tue,11,yes
Tourism and hospitality,2026-05-30,Fri,-4,yes
Tax and accounting,2026-05-25,Sun,37,no
Retail and ecommerce,2026-08-25,Fri,29,yes
Property,2026-08-28,Sun,17,no
Property,2026-05-29,Fri,29,yes
Tourism and hospitality,2026-07-06,Sun,25,no
Education,2026-09-07,Fri,0,no
Tourism and hospitality,2026-06-05,Tue,19,no
Retail and ecommerce,2026-08-04,Fri,8,no
Tourism and hospitality,2026-06-13,Wed,32,yes
Education,2026-06-08,Fri,21,yes
Tourism and hospitality,2026-08-14,Tue,19,no
Tourism and hospitality,2026-07-01,Sun,18,yes
Tax and accounting,2026-08-25,Tue,27,yes
Retail and ecommerce,2026-08-15,Sun,0,no
Tax and accounting,2026-08-18,Fri,19,yes
Retail and ecommerce,2026-06-11,Tue,3,no
Tourism and hospitality,2026-08-16,Tue,31,yes
Property,2026-09-13,Tue,17,no
Tourism and hospitality,2026-07-23,Tue,13,no
Tax and accounting,2026-07-29,Sun,22,no
Education,2026-06-07,Wed,21,no
Tourism and hospitality,2026-08-24,Fri,6,no
Retail and ecommerce,2026-08-16,Tue,14,yes
Retail and ecommerce,2026-09-18,Fri,9,yes
Tourism and hospitality,2026-06-27,Fri,26,yes
Tourism and hospitality,2026-09-09,Wed,20,no
Property,2026-07-24,Fri,22,yes
Tax and accounting,2026-08-10,Fri,34,no
Tourism and hospitality,2026-08-08,Fri,33,no
Retail and ecommerce,2026-07-23,Fri,5,yes
Tourism and hospitality,2026-07-05,Fri,18,no
Tax and accounting,2026-08-25,Sun,5,no
Tax and accounting,2026-08-21,Tue,26,no
Education,2026-08-20,Sun,30,yes
Tourism and hospitality,2026-05-31,Fri,23,no
Tourism and hospitality,2026-08-27,Fri,25,no
Education,2026-06-10,Sun,26,yes
Retail and ecommerce,2026-07-01,Sun,1,yes
Tourism and hospitality,2026-07-01,Fri,9,no
Tourism and hospitality,2026-07-28,Sun,2,no
Tourism and hospitality,2026-06-09,Fri,29,no
Property,2026-07-12,Tue,28,no
Tax and accounting,2026-09-16,Wed,20,no
Property,2026-09-03,Sun,28,yes
Property,2026-08-31,Sun,28,no
Tax and accounting,2026-07-09,Tue,5,no
Tourism and hospitality,2026-07-04,Fri,19,yes
Tax and accounting,2026-06-20,Fri,2,no
Retail and ecommerce,2026-07-31,Fri,31,yes
Education,2026-07-01,Tue,21,yes
Tax and accounting,2026-07-01,Tue,15,yes
Education,2026-07-09,Wed,27,no
Tourism and hospitality,2026-08-16,Fri,35,no
Tax and accounting,2026-09-05,Wed,9,yes
Tax and accounting,2026-06-08,Fri,4,no
Tourism and hospitality,2026-08-14,Fri,-6,yes
Tourism and hospitality,2026-06-03,Fri,37,yes
Tourism and hospitality,2026-07-20,Tue,32,yes
Tourism and hospitality,2026-06-23,Tue,13,no
Education,2026-05-27,Sun,22,no
Tourism and hospitality,2026-07-28,Sun,21,yes
Tax and accounting,2026-08-18,Wed,2,no
Property,2026-07-12,Wed,12,no
Tourism and hospitality,2026-05-29,Tue,0,yes
Tax and accounting,2026-08-23,Wed,25,yes
Education,2026-07-29,Sun,19,yes
Property,2026-06-24,Tue,19,yes
Tax and accounting,2026-07-07,Fri,32,yes
Tourism and hospitality,2026-05-27,Fri,21,no
Education,2026-09-15,Fri,-3,yes
Tourism and hospitality,2026-07-13,Wed,11,yes
Tourism and hospitality,2026-09-03,Tue,7,yes
Education,2026-08-28,Sun,34,no
Tourism and hospitality,2026-07-21,Tue,34,yes
Property,2026-09-18,Sun,24,no
Tourism and hospitality,2026-08-03,Fri,32,no
Education,2026-07-18,Sun,38,yes
Tourism and hospitality,2026-07-09,Fri,1,yes
Property,2026-07-16,Tue,5,no
Tourism and hospitality,2026-08-07,Wed,-1,yes
Tax and accounting,2026-07-05,Wed,24,no
Tax and accounting,2026-07-07,Fri,33,no
Education,2026-08-29,Fri,15,no
Tax and accounting,2026-06-01,Sun,27,no
Education,2026-05-30,Wed,29,no
Tourism and hospitality,2026-06-25,Fri,-5,yes
Tax and accounting,2026-09-08,Tue,8,yes
Retail and ecommerce,2026-08-08,Fri,-2,no
Retail and ecommerce,2026-05-28,Sun,29,yes
Tourism and hospitality,2026-08-07,Sun,31,yes
Tourism and hospitality,2026-08-22,Tue,24,no
Retail and ecommerce,2026-09-09,Fri,28,yes
Tax and accounting,2026-06-25,Fri,21,yes
Education,2026-08-22,Wed,2,yes
Tax and accounting,2026-05-29,Fri,17,yes
Tourism and hospitality,2026-06-19,Tue,-1,no
Education,2026-07-12,Tue,32,yes
Tourism and hospitality,2026-09-08,Tue,26,no
Tourism and hospitality,2026-06-17,Fri,24,no
Tax and accounting,2026-07-15,Fri,30,no
Retail and ecommerce,2026-08-21,Fri,37,yes
Tourism and hospitality,2026-06-15,Wed,10,no
Tax and accounting,2026-07-19,Fri,10,no
Tax and accounting,2026-09-18,Fri,-6,no
Tax and accounting,2026-07-10,Fri,27,yes
Tax and accounting,2026-05-22,Wed,31,no
Tax and accounting,2026-07-12,Wed,24,no
Education,2026-08-09,Tue,34,yes
Tax and accounting,2026-07-05,Tue,31,yes
Tourism and hospitality,2026-06-01,Wed,4,no
Tourism and hospitality,2026-06-28,Wed,18,no
Tax and accounting,2026-08-21,Tue,-3,no
Tourism and hospitality,2026-06-24,Fri,34,yes
Tax and accounting,2026-07-29,Sun,31,yes
Retail and ecommerce,2026-07-10,Fri,11,no
Tax and accounting,2026-06-13,Wed,34,yes
Education,2026-06-01,Tue,29,no
Tax and accounting,2026-07-30,Tue,-6,no
Education,2026-06-01,Tue,8,yes
Tax and accounting,2026-08-17,Sun,-5,yes
Tax and accounting,2026-08-03,Sun,27,no
Tourism and hospitality,2026-06-06,Fri,20,no
Tourism and hospitality,2026-09-12,Sun,15,yes
Tourism and hospitality,2026-05-27,Tue,29,no
Property,2026-07-10,Sun,22,yes
Tourism and hospitality,2026-05-30,Sun,-5,yes
Tourism and hospitality,2026-09-13,Tue,16,yes
Education,2026-09-06,Tue,-7,yes
Tourism and hospitality,2026-08-18,Wed,35,no
Tourism and hospitality,2026-05-23,Wed,20,yes
Tourism and hospitality,2026-06-27,Fri,15,yes
Tax and accounting,2026-07-07,Tue,26,yes
Retail and ecommerce,2026-09-11,Wed,26,yes
Tax and accounting,2026-09-04,Wed,-4,yes
Tourism and hospitality,2026-07-30,Fri,4,yes
Education,2026-09-02,Tue,-5,no
Property,2026-08-24,Fri,22,no
Property,2026-09-01,Tue,22,yes
Property,2026-08-26,Wed,12,yes
Property,2026-09-13,Fri,23,no
Tourism and hospitality,2026-06-01,Tue,37,no
Tourism and hospitality,2026-06-05,Fri,10,yes
Tourism and hospitality,2026-05-22,Sun,21,yes
Tourism and hospitality,2026-05-30,Sun,7,yes
Education,2026-07-28,Tue,36,no
Tourism and hospitality,2026-09-12,Sun,31,yes
Tourism and hospitality,2026-05-24,Wed,14,no
Tax and accounting,2026-09-02,Tue,22,yes
Retail and ecommerce,2026-07-27,Fri,29,yes
Tourism and hospitality,2026-06-01,Sun,5,yes
Tourism and hospitality,2026-07-27,Fri,15,no
Tourism and hospitality,2026-08-11,Fri,-3,no
Tax and accounting,2026-09-08,Sun,35,yes
Property,2026-08-18,Sun,20,no
Tourism and hospitality,2026-06-30,Sun,25,no
Retail and ecommerce,2026-08-18,Sun,21,yes
Tourism and hospitality,2026-08-24,Sun,31,no
Tax and accounting,2026-05-22,Sun,-5,yes
Tourism and hospitality,2026-07-28,Fri,18,yes
Property,2026-06-05,Wed,9,yes
Tourism and hospitality,2026-06-23,Tue,31,yes
Education,2026-05-27,Wed,23,yes
Tourism and hospitality,2026-08-01,Sun,22,yes
Tourism and hospitality,2026-05-28,Fri,23,yes
Tax and accounting,2026-06-29,Wed,22,yes
Tax and accounting,2026-07-08,Wed,6,yes
Retail and ecommerce,2026-05-26,Fri,17,no
Tourism and hospitality,2026-09-07,Tue,-7,yes
Tourism and hospitality,2026-09-15,Fri,37,yes
Education,2026-09-11,Sun,28,yes
Tax and accounting,2026-08-12,Sun,18,no
Retail and ecommerce,2026-07-30,Tue,30,yes
Tourism and hospitality,2026-09-01,Tue,31,no
Tourism and hospitality,2026-06-23,Tue,10,yes
Tourism and hospitality,2026-08-16,Sun,19,yes
Education,2026-06-12,Fri,1,no
Retail and ecommerce,2026-09-03,Sun,22,yes
Tourism and hospitality,2026-09-11,Tue,33,no
Property,2026-08-12,Tue,25,no
Tourism and hospitality,2026-06-04,Fri,19,yes
Retail and ecommerce,2026-06-23,Tue,28,no
Education,2026-07-14,Tue,10,no
Tourism and hospitality,2026-07-08,Sun,15,yes
Property,2026-09-07,Fri,-6,yes
Tourism and hospitality,2026-05-26,Fri,33,no
Tourism and hospitality,2026-08-14,Fri,17,no
Tax and accounting,2026-06-04,Fri,21,yes
Tax and accounting,2026-05-31,Fri,27,no
Tourism and hospitality,2026-05-27,Wed,23,no
Property,2026-08-19,Sun,-4,yes
Tourism and hospitality,2026-07-29,Fri,5,no
Property,2026-08-02,Sun,2,yes
Tourism and hospitality,2026-09-11,Fri,37,no
Property,2026-07-06,Sun,25,no
Tax and accounting,2026-08-23,Sun,10,no
Tax and accounting,2026-07-26,Wed,30,yes
Tax and accounting,2026-07-26,Sun,22,no
Tourism and hospitality,2026-06-24,Tue,11,no
Tax and accounting,2026-08-08,Fri,12,yes
Tourism and hospitality,2026-07-24,Fri,5,yes
Retail and ecommerce,2026-08-13,Fri,24,yes
Retail and ecommerce,2026-07-10,Tue,23,no
Tax and accounting,2026-09-01,Sun,22,yes
Property,2026-07-17,Fri,34,no
Tourism and hospitality,2026-07-29,Tue,22,yes
Tourism and hospitality,2026-09-17,Wed,10,yes
Tourism and hospitality,2026-05-24,Tue,12,yes
Property,2026-06-02,Tue,-6,yes
Retail and ecommerce,2026-08-17,Fri,26,no
Retail and ecommerce,2026-07-05,Fri,21,no
Tourism and hospitality,2026-06-27,Fri,16,yes
Tourism and hospitality,2026-06-18,Tue,27,no
Tax and accounting,2026-09-09,Tue,30,yes
Tax and accounting,2026-07-29,Tue,4,no
Tax and accounting,2026-06-14,Sun,12,no
Tax and accounting,2026-06-18,Tue,-4,no
Tax and accounting,2026-08-22,Sun,29,yes
Tax and accounting,2026-05-26,Fri,22,yes
Education,2026-08-19,Fri,24,yes
Tourism and hospitality,2026-08-13,Wed,29,yes
Tax and accounting,2026-06-16,Fri,36,yes
Education,2026-06-12,Tue,2,no
Retail and ecommerce,2026-06-12,Fri,16,no
Property,2026-06-17,Sun,0,no
Tax and accounting,2026-08-27,Sun,33,no
Tourism and hospitality,2026-07-13,Tue,18,yes
Tourism and hospitality,2026-06-26,Wed,25,no
Education,2026-07-25,Sun,27,yes
Tourism and hospitality,2026-08-19,Tue,35,no
Tourism and hospitality,2026-08-21,Fri,4,yes
Tax and accounting,2026-08-02,Fri,19,no
Tourism and hospitality,2026-06-25,Wed,7,no
Tourism and hospitality,2026-09-08,Sun,22,yes
Tourism and hospitality,2026-07-04,Sun,19,yes
Tax and accounting,2026-06-08,Fri,12,yes
Tax and accounting,2026-09-01,Fri,20,no
Tax and accounting,2026-09-08,Sun,23,yes
Property,2026-09-13,Fri,-1,no
Property,2026-07-19,Sun,15,no
Property,2026-09-07,Fri,9,no
Retail and ecommerce,2026-08-04,Tue,34,no
Property,2026-08-05,Fri,19,yes
Tourism and hospitality,2026-07-14,Wed,19,yes
Tax and accounting,2026-09-16,Sun,29,no
Retail and ecommerce,2026-07-28,Tue,26,yes
Tax and accounting,2026-08-27,Fri,9,no
Tax and accounting,2026-09-05,Wed,7,yes
Education,2026-07-08,Wed,6,yes
Retail and ecommerce,2026-06-14,Fri,29,no
Education,2026-07-05,Fri,31,yes
Tax and accounting,2026-07-01,Tue,22,yes
Tax and accounting,2026-09-10,Fri,27,no
Tourism and hospitality,2026-08-20,Tue,30,yes
Education,2026-05-31,Tue,7,yes
Tax and accounting,2026-07-01,Tue,19,no
Retail and ecommerce,2026-08-31,Fri,9,no
Retail and ecommerce,2026-06-18,Fri,31,no
Tourism and hospitality,2026-06-21,Fri,26,yes
Education,2026-05-25,Tue,18,yes
Property,2026-06-25,Tue,25,yes
Retail and ecommerce,2026-06-03,Sun,27,yes
Tax and accounting,2026-05-22,Fri,10,no
Tourism and hospitality,2026-09-05,Wed,16,no
Education,2026-08-03,Tue,7,no
Tourism and hospitality,2026-08-10,Tue,29,yes
Tourism and hospitality,2026-07-01,Wed,24,no
Retail and ecommerce,2026-07-28,Fri,10,yes
Retail and ecommerce,2026-05-27,Wed,34,yes
Tax and accounting,2026-06-17,Fri,37,yes
Tourism and hospitality,2026-08-02,Fri,-6,yes
Retail and ecommerce,2026-05-26,Tue,15,yes
Tax and accounting,2026-09-17,Tue,-4,no
Tax and accounting,2026-08-13,Sun,34,no
Retail and ecommerce,2026-08-03,Fri,26,yes
Retail and ecommerce,2026-06-23,Fri,17,yes
Education,2026-06-10,Fri,32,no
Education,2026-07-17,Sun,36,yes
Property,2026-09-02,Fri,-3,yes
Property,2026-08-28,Sun,17,no
Tourism and hospitality,2026-06-28,Tue,0,no
Tourism and hospitality,2026-07-22,Tue,35,yes
Tax and accounting,2026-09-09,Tue,23,yes
Tourism and hospitality,2026-09-15,Sun,16,no
Tourism and hospitality,2026-06-23,Fri,18,no
Retail and ecommerce,2026-08-16,Fri,37,yes
Tourism and hospitality,2026-07-08,Sun,9,no
Tax and accounting,2026-06-27,Fri,19,no
Education,2026-05-23,Wed,-5,yes
Tourism and hospitality,2026-07-07,Tue,28,no
Tax and accounting,2026-05-23,Sun,30,no
Tourism and hospitality,2026-06-14,Sun,14,yes
Tourism and hospitality,2026-06-10,Sun,33,no
Tax and accounting,2026-07-11,Sun,27,no
Education,2026-08-24,Sun,-5,yes
Tax and accounting,2026-06-16,Tue,14,no
Education,2026-07-19,Fri,5,no
Tax and accounting,2026-06-03,Tue,24,no
Property,2026-06-30,Fri,30,yes
Tax and accounting,2026-07-05,Wed,13,yes
Tax and accounting,2026-08-05,Tue,28,no
Retail and ecommerce,2026-08-26,Wed,37,no
Tax and accounting,2026-08-17,Wed,6,yes
Property,2026-05-23,Fri,21,no
Education,2026-06-18,Fri,0,no
Education,2026-09-08,Fri,31,no
Tourism and hospitality,2026-06-26,Sun,19,no
Tax and accounting,2026-09-14,Wed,19,yes
Tourism and hospitality,2026-09-12,Fri,32,yes
Tourism and hospitality,2026-09-03,Tue,33,no
Tourism and hospitality,2026-07-08,Sun,-6,yes
Tax and accounting,2026-07-12,Fri,14,yes
Property,2026-06-17,Sun,6,yes
Property,2026-07-31,Fri,37,yes
Tourism and hospitality,2026-07-12,Tue,21,yes
Education,2026-06-05,Fri,22,yes
Property,2026-06-24,Sun,18,no
Education,2026-05-31,Sun,31,no
Education,2026-08-19,Fri,-6,no
Tourism and hospitality,2026-06-27,Tue,15,yes
Tourism and hospitality,2026-09-11,Sun,6,yes
Tax and accounting,2026-06-22,Fri,29,yes
Retail and ecommerce,2026-05-26,Fri,31,yes
Tax and accounting,2026-06-18,Wed,9,yes
Education,2026-07-23,Fri,28,no
Retail and ecommerce,2026-06-18,Wed,23,no
Tax and accounting,2026-06-28,Tue,-3,no
Tourism and hospitality,2026-09-11,Wed,11,yes
Property,2026-06-03,Fri,2,no
Retail and ecommerce,2026-07-27,Wed,35,no
Retail and ecommerce,2026-08-11,Tue,24,yes
Tourism and hospitality,2026-05-23,Wed,17,no
Tourism and hospitality,2026-06-25,Fri,25,yes
Property,2026-07-14,Tue,35,no
Tourism and hospitality,2026-06-15,Fri,3,yes
Tourism and hospitality,2026-07-27,Fri,20,no
Retail and ecommerce,2026-07-20,Fri,8,no
Tax and accounting,2026-08-18,Tue,23,no
Tourism and hospitality,2026-09-01,Sun,30,no
Tourism and hospitality,2026-07-12,Sun,25,yes
Tourism and hospitality,2026-09-15,Sun,23,no
Property,2026-05-25,Sun,24,yes
Tourism and hospitality,2026-07-08,Wed,-3,no
Property,2026-07-12,Sun,5,yes
Property,2026-08-17,Wed,2,yes
Retail and ecommerce,2026-07-14,Tue,30,no
Tourism and hospitality,2026-06-12,Fri,32,yes
Tourism and hospitality,2026-07-28,Sun,14,no
Tourism and hospitality,2026-07-18,Fri,23,yes
Tourism and hospitality,2026-06-24,Sun,34,no
Tax and accounting,2026-07-06,Tue,-2,no
Tax and accounting,2026-08-21,Wed,6,yes
Tourism and hospitality,2026-08-15,Fri,-2,yes
Property,2026-08-29,Tue,29,yes
Retail and ecommerce,2026-09-12,Wed,19,no
Tax and accounting,2026-05-25,Fri,9,yes
Retail and ecommerce,2026-07-23,Fri,22,no
Property,2026-06-05,Fri,33,no
Tourism and hospitality,2026-05-30,Sun,-4,no
Retail and ecommerce,2026-06-29,Tue,21,yes
Property,2026-09-10,Sun,-5,yes
Retail and ecommerce,2026-08-17,Sun,35,no
Tourism and hospitality,2026-08-14,Sun,20,yes
Property,2026-07-03,Tue,24,yes
Tourism and hospitality,2026-09-08,Tue,32,no
Education,2026-06-03,Fri,22,no
Education,2026-09-17,Sun,-4,no
Retail and ecommerce,2026-09-06,Wed,13,yes
Property,2026-08-20,Tue,-4,yes
Tourism and hospitality,2026-09-12,Tue,36,no
Education,2026-06-30,Tue,26,no
Tourism and hospitality,2026-07-12,Sun,15,no
Retail and ecommerce,2026-07-19,Tue,23,no
Education,2026-09-12,Fri,29,yes
Tourism and hospitality,2026-06-09,Fri,3,yes
Tourism and hospitality,2026-07-18,Wed,12,yes
Property,2026-09-12,Wed,8,no
Tourism and hospitality,2026-09-17,Fri,24,no
Tourism and hospitality,2026-07-05,Tue,32,no
Tourism and hospitality,2026-07-11,Tue,23,yes
Property,2026-07-05,Sun,30,no
Education,2026-08-04,Sun,27,yes
Property,2026-05-26,Tue,-2,yes
Education,2026-07-24,Tue,6,no
Tourism and hospitality,2026-08-04,Tue,9,no
Tourism and hospitality,2026-05-25,Wed,22,no
Property,2026-06-19,Fri,17,yes
Property,2026-08-20,Sun,16,no
Tourism and hospitality,2026-07-06,Wed,19,yes
Retail and ecommerce,2026-09-10,Sun,30,no
Retail and ecommerce,2026-06-11,Fri,-5,yes
Retail and ecommerce,2026-07-26,Tue,17,yes
Property,2026-09-05,Sun,-6,no
Tourism and hospitality,2026-06-06,Sun,27,yes
Tax and accounting,2026-07-11,Sun,21,yes
Property,2026-08-08,Sun,21,yes
Tourism and hospitality,2026-08-22,Fri,34,yes
Property,2026-07-23,Tue,29,no
Education,2026-09-15,Fri,-6,no
Property,2026-07-29,Wed,5,yes
Tourism and hospitality,2026-08-09,Fri,-5,yes
Tourism and hospitality,2026-07-30,Tue,28,no
Education,2026-06-26,Wed,18,no
Tax and accounting,2026-06-07,Fri,17,no
Education,2026-07-07,Fri,25,no
Tax and accounting,2026-08-22,Tue,23,yes
Retail and ecommerce,2026-07-08,Fri,-5,yes
Tax and accounting,2026-05-22,Sun,5,yes
Education,2026-08-30,Wed,-8,no
Tourism and hospitality,2026-07-17,Fri,36,yes
Property,2026-09-03,Fri,32,yes
Tourism and hospitality,2026-06-22,Fri,14,yes
Tourism and hospitality,2026-08-08,Tue,23,no
Retail and ecommerce,2026-09-18,Fri,23,no
Education,2026-06-28,Fri,-5,no
Tourism and hospitality,2026-09-16,Fri,20,yes
Tax and accounting,2026-08-02,Tue,4,yes
Education,2026-07-04,Sun,26,yes
Property,2026-08-07,Sun,19,yes
Tax and accounting,2026-08-04,Fri,13,no
Retail and ecommerce,2026-09-08,Sun,19,yes
Retail and ecommerce,2026-08-18,Fri,33,yes
Tax and accounting,2026-05-29,Wed,-3,yes
Retail and ecommerce,2026-07-28,Fri,12,no
Tourism and hospitality,2026-07-09,Tue,2,yes
Tax and accounting,2026-06-09,Tue,23,no
Tourism and hospitality,2026-08-13,Sun,30,yes
Property,2026-07-14,Sun,18,yes
Tourism and hospitality,2026-06-26,Tue,21,yes
Education,2026-06-19,Fri,35,no
Education,2026-08-28,Fri,4,no
Education,2026-06-19,Tue,15,yes
Property,2026-06-17,Tue,9,yes
Retail and ecommerce,2026-08-29,Tue,22,yes
Tourism and hospitality,2026-06-02,Fri,32,yes
Tourism and hospitality,2026-09-02,Tue,18,yes
Tax and accounting,2026-09-05,Fri,24,no
Tourism and hospitality,2026-06-11,Wed,23,yes
Tourism and hospitality,2026-06-21,Fri,-2,yes
Tax and accounting,2026-06-22,Sun,7,no
Tourism and hospitality,2026-08-08,Sun,3,no
Tourism and hospitality,2026-08-27,Fri,25,no
Education,2026-08-07,Fri,31,yes
Tourism and hospitality,2026-09-06,Wed,10,no
Tourism and hospitality,2026-06-01,Tue,31,yes
Tourism and hospitality,2026-08-24,Sun,33,yes
Tourism and hospitality,2026-06-28,Sun,1,yes
Tourism and hospitality,2026-08-15,Wed,11,no
Tourism and hospitality,2026-06-25,Sun,-4,no
Tax and accounting,2026-07-07,Sun,31,yes
Tourism and hospitality,2026-08-31,Tue,19,no
Education,2026-08-08,Sun,13,no
Tourism and hospitality,2026-08-31,Fri,25,yes
Property,2026-09-04,Fri,25,yes
Tax and accounting,2026-08-16,Wed,1,yes
Property,2026-07-30,Tue,13,yes
Tourism and hospitality,2026-07-28,Fri,9,yes
Tourism and hospitality,2026-09-02,Sun,26,yes
Tourism and hospitality,2026-06-11,Tue,28,no
Property,2026-08-08,Tue,24,yes
Tourism and hospitality,2026-08-08,Tue,31,no
Tourism and hospitality,2026-08-22,Tue,29,yes
Property,2026-07-06,Tue,-7,yes
Tax and accounting,2026-07-18,Sun,9,yes
Tourism and hospitality,2026-07-12,Fri,9,yes
Retail and ecommerce,2026-07-16,Fri,23,yes
Tourism and hospitality,2026-07-10,Tue,24,yes
Tax and accounting,2026-08-20,Sun,14,no
Tourism and hospitality,2026-07-28,Tue,18,no
Property,2026-07-17,Fri,21,no
Property,2026-07-19,Sun,9,no
Retail and ecommerce,2026-07-09,Fri,5,no
Tourism and hospitality,2026-08-13,Sun,5,yes
Tax and accounting,2026-07-31,Fri,31,no
Tourism and hospitality,2026-07-06,Tue,22,no
Tourism and hospitality,2026-05-29,Fri,23,yes
Retail and ecommerce,2026-05-27,Sun,17,no
Tourism and hospitality,2026-08-06,Tue,24,no
Education,2026-06-01,Fri,-6,yes
Tourism and hospitality,2026-08-21,Tue,16,no
Tax and accounting,2026-09-12,Wed,-5,no
Tourism and hospitality,2026-06-01,Tue,36,yes
Tourism and hospitality,2026-08-19,Sun,31,no
Tax and accounting,2026-05-23,Tue,11,yes
Tax and accounting,2026-07-30,Sun,32,yes
Education,2026-08-16,Sun,32,yes
Tax and accounting,2026-05-25,Sun,-1,no
Tax and accounting,2026-07-12,Fri,13,no
Tourism and hospitality,2026-05-25,Sun,1,yes
Tax and accounting,2026-08-01,Sun,31,yes
Property,2026-07-06,Fri,30,no
Tourism and hospitality,2026-06-28,Fri,24,yes
Education,2026-06-10,Fri,18,no
Tourism and hospitality,2026-07-05,Fri,29,no
Tourism and hospitality,2026-06-04,Wed,4,yes
Retail and ecommerce,2026-05-28,Fri,9,yes
Tax and accounting,2026-08-31,Tue,5,yes
Retail and ecommerce,2026-07-07,Sun,34,no
Tourism and hospitality,2026-07-19,Fri,31,yes
Education,2026-07-04,Fri,9,yes
Tax and accounting,2026-07-01,Fri,25,yes
Tax and accounting,2026-06-05,Tue,33,no
Tax and accounting,2026-09-05,Fri,9,no
Retail and ecommerce,2026-06-03,Fri,11,no
Education,2026-08-24,Fri,9,no
Retail and ecommerce,2026-09-12,Sun,23,yes
Property,2026-08-11,Fri,16,no
Tax and accounting,2026-09-18,Sun,22,no
Tourism and hospitality,2026-08-25,Sun,26,yes
Education,2026-05-29,Sun,31,no
Tourism and hospitality,2026-08-30,Sun,6,yes
Education,2026-09-15,Sun,15,no
Tourism and hospitality,2026-08-13,Fri,-8,no
Tourism and hospitality,2026-08-27,Tue,32,yes
Education,2026-08-25,Fri,32,yes
Retail and ecommerce,2026-06-01,Tue,14,yes
Tax and accounting,2026-05-22,Sun,27,no
Property,2026-09-05,Fri,33,yes
Property,2026-07-14,Fri,-5,yes
Tourism and hospitality,2026-05-30,Tue,9,no
Tourism and hospitality,2026-07-13,Sun,6,no
Tax and accounting,2026-07-09,Wed,30,no
Property,2026-07-17,Fri,23,no
Tax and accounting,2026-05-26,Tue,25,no
Property,2026-06-07,Tue,19,yes
Tourism and hospitality,2026-08-16,Tue,36,no
Retail and ecommerce,2026-07-10,Fri,4,no
Education,2026-05-23,Fri,11,yes
Tax and accounting,2026-09-06,Fri,-6,yes
Retail and ecommerce,2026-08-01,Fri,36,yes
Tourism and hospitality,2026-05-30,Sun,29,yes
Property,2026-05-24,Sun,11,yes
Tax and accounting,2026-08-20,Sun,22,no
Retail and ecommerce,2026-08-05,Fri,36,no
Tax and accounting,2026-08-17,Tue,-6,no
Tourism and hospitality,2026-08-24,Fri,12,yes
Tourism and hospitality,2026-05-23,Tue,8,no
Tourism and hospitality,2026-06-30,Tue,29,no
Retail and ecommerce,2026-07-24,Fri,28,yes
Property,2026-07-16,Tue,10,yes
Property,2026-05-28,Wed,23,yes
Property,2026-09-08,Fri,30,yes
Tourism and hospitality,2026-07-19,Fri,-1,yes
Tax and accounting,2026-06-15,Tue,16,no
Education,2026-07-22,Fri,1,yes
Property,2026-08-07,Fri,28,yes
Tourism and hospitality,2026-09-13,Sun,26,yes
Tax and accounting,2026-09-10,Sun,14,yes
Tax and accounting,2026-09-06,Fri,27,no
Property,2026-07-23,Sun,22,yes
Tourism and hospitality,2026-09-12,Sun,6,no
Tourism and hospitality,2026-06-07,Fri,21,no
Tourism and hospitality,2026-07-20,Fri,5,yes
Tax and accounting,2026-07-29,Tue,37,no
Tourism and hospitality,2026-08-06,Wed,26,yes
Property,2026-09-13,Fri,20,yes
Property,2026-05-28,Fri,19,yes
Education,2026-08-01,Wed,22,no
Tax and accounting,2026-09-14,Wed,4,no
Tax and accounting,2026-07-20,Fri,12,yes
Tax and accounting,2026-07-22,Wed,1,no
Property,2026-05-27,Wed,29,yes
Tourism and hospitality,2026-06-05,Fri,23,no
Education,2026-09-11,Fri,22,no
Property,2026-08-13,Fri,17,no
Tax and accounting,2026-08-08,Fri,29,yes
Tourism and hospitality,2026-06-07,Fri,5,yes
Retail and ecommerce,2026-08-27,Sun,20,yes
Retail and ecommerce,2026-08-16,Sun,-7,no
Tax and accounting,2026-08-09,Tue,26,no
Tourism and hospitality,2026-08-26,Fri,23,yes
Education,2026-08-14,Fri,20,yes
Property,2026-06-15,Fri,24,yes
Property,2026-07-25,Fri,35,no
Education,2026-07-07,Fri,8,no
Tourism and hospitality,2026-08-26,Wed,14,yes
Tax and accounting,2026-07-21,Sun,-5,yes
Property,2026-08-12,Fri,39,yes
Retail and ecommerce,2026-06-24,Wed,26,yes
Education,2026-06-15,Wed,15,yes
Property,2026-06-06,Fri,21,yes
Education,2026-08-20,Sun,21,no
Tourism and hospitality,2026-08-27,Fri,1,no
Tourism and hospitality,2026-06-02,Sun,21,yes
Tourism and hospitality,2026-07-27,Wed,3,yes
Property,2026-08-02,Fri,28,no
Tourism and hospitality,2026-06-09,Sun,22,no
Property,2026-07-28,Fri,21,yes
Tax and accounting,2026-07-26,Sun,26,yes
Tax and accounting,2026-07-12,Tue,22,no
Tax and accounting,2026-07-08,Tue,-5,no
Tourism and hospitality,2026-08-06,Sun,19,yes
Tourism and hospitality,2026-08-22,Tue,-3,yes
Property,2026-09-11,Tue,25,yes
Tourism and hospitality,2026-09-16,Fri,24,yes
Tourism and hospitality,2026-06-09,Fri,15,yes
Retail and ecommerce,2026-09-10,Fri,26,no
Tax and accounting,2026-08-19,Fri,23,yes
Education,2026-07-29,Wed,-1,yes
Tourism and hospitality,2026-06-23,Fri,12,yes
Tax and accounting,2026-07-13,Sun,-7,yes
Tax and accounting,2026-06-27,Sun,28,yes
Tourism and hospitality,2026-05-29,Tue,26,yes
Retail and ecommerce,2026-08-12,Fri,26,no
Tourism and hospitality,2026-08-31,Fri,28,yes
Tourism and hospitality,2026-07-07,Tue,36,no
Property,2026-07-13,Sun,10,no
Tax and accounting,2026-07-04,Sun,8,no
Tourism and hospitality,2026-09-13,Fri,4,yes
Tax and accounting,2026-06-21,Fri,25,yes
Tax and accounting,2026-07-27,Fri,17,yes
Tourism and hospitality,2026-06-26,Wed,22,yes
Tax and accounting,2026-05-23,Tue,21,no
Property,2026-07-14,Tue,25,no
Property,2026-07-15,Wed,9,yes
Tourism and hospitality,2026-06-05,Sun,17,yes
Tourism and hospitality,2026-09-02,Wed,5,yes
Tax and accounting,2026-08-28,Fri,37,yes
Property,2026-07-20,Fri,31,yes
Retail and ecommerce,2026-06-04,Sun,9,yes
Tourism and hospitality,2026-06-26,Sun,34,no
Tourism and hospitality,2026-09-14,Wed,24,yes
Tourism and hospitality,2026-05-31,Sun,7,yes
Tourism and hospitality,2026-08-13,Wed,14,no
Tax and accounting,2026-08-25,Fri,9,yes
Tourism and hospitality,2026-07-20,Tue,22,no
Tax and accounting,2026-07-28,Wed,26,no
Tax and accounting,2026-08-17,Fri,11,yes
Tax and accounting,2026-07-17,Sun,18,no
Retail and ecommerce,2026-08-28,Sun,28,no
Property,2026-08-24,Fri,-4,yes
Retail and ecommerce,2026-08-09,Tue,14,yes
Education,2026-09-12,Fri,-1,no
Tourism and hospitality,2026-06-24,Tue,27,yes
Tourism and hospitality,2026-07-25,Wed,21,no
Property,2026-08-27,Wed,9,no
Tourism and hospitality,2026-06-14,Sun,23,no
Tourism and hospitality,2026-07-24,Fri,32,yes
Tourism and hospitality,2026-08-31,Tue,6,no
Retail and ecommerce,2026-09-14,Fri,16,no
Tourism and hospitality,2026-08-30,Tue,2,no
Education,2026-05-26,Tue,36,no
Tourism and hospitality,2026-08-22,Fri,28,yes
Property,2026-07-17,Sun,10,yes
Tax and accounting,2026-05-29,Fri,20,yes
Tourism and hospitality,2026-06-29,Fri,37,no
Tax and accounting,2026-09-06,Fri,9,no
Education,2026-07-19,Wed,12,yes
Education,2026-08-22,Sun,6,no
Tourism and hospitality,2026-08-11,Tue,29,yes
Property,2026-08-24,Fri,23,yes
Retail and ecommerce,2026-09-17,Fri,19,yes
Education,2026-07-24,Fri,19,no
Tax and accounting,2026-09-07,Sun,33,yes
Tourism and hospitality,2026-06-20,Tue,9,no
Tourism and hospitality,2026-08-10,Fri,11,yes
Education,2026-06-01,Sun,-4,yes
Tourism and hospitality,2026-07-30,Fri,35,yes
Tourism and hospitality,2026-08-05,Tue,33,yes
Tourism and hospitality,2026-09-06,Fri,15,no
Property,2026-09-03,Sun,21,no
Retail and ecommerce,2026-05-24,Fri,23,no
Tourism and hospitality,2026-06-15,Fri,-3,no
Education,2026-08-03,Wed,14,no
Tax and accounting,2026-06-23,Sun,8,yes
Tourism and hospitality,2026-07-16,Tue,36,yes
Tax and accounting,2026-06-10,Fri,24,no
Tax and accounting,2026-07-01,Fri,25,no
Education,2026-08-11,Fri,22,yes
Property,2026-07-26,Fri,27,yes
Tourism and hospitality,2026-08-14,Fri,10,yes
Tax and accounting,2026-07-08,Sun,13,yes
Tourism and hospitality,2026-08-14,Sun,-7,no
Property,2026-09-17,Fri,22,yes
Education,2026-08-25,Fri,29,yes
Tax and accounting,2026-08-09,Fri,11,yes
Tax and accounting,2026-06-05,Sun,22,no
Tax and accounting,2026-08-12,Wed,21,no
Tax and accounting,2026-06-26,Tue,2,yes
Tax and accounting,2026-07-29,Fri,16,no
Property,2026-07-20,Wed,-3,no
Tax and accounting,2026-09-18,Wed,38,yes
Tourism and hospitality,2026-09-03,Fri,23,yes
Tourism and hospitality,2026-09-04,Tue,17,no
Retail and ecommerce,2026-09-09,Fri,32,yes
Property,2026-08-15,Sun,33,yes
Property,2026-05-27,Tue,-3,no
Tax and accounting,2026-08-27,Fri,8,yes
Retail and ecommerce,2026-07-18,Wed,-7,yes
Tourism and hospitality,2026-06-10,Tue,27,no
Tax and accounting,2026-06-20,Wed,26,no
Property,2026-08-25,Fri,10,yes
Tourism and hospitality,2026-08-28,Wed,27,yes
Property,2026-05-23,Wed,30,yes
Education,2026-06-07,Fri,-1,yes
Property,2026-08-22,Fri,17,yes
Retail and ecommerce,2026-08-11,Sun,6,yes
Retail and ecommerce,2026-09-06,Fri,26,no
Education,2026-07-28,Fri,31,no
Tourism and hospitality,2026-08-25,Fri,17,no
Property,2026-06-11,Wed,28,no
Tourism and hospitality,2026-07-13,Fri,28,yes
Tourism and hospitality,2026-07-27,Wed,-5,yes
Tourism and hospitality,2026-05-31,Wed,20,no
Property,2026-09-08,Fri,1,no
Tourism and hospitality,2026-08-19,Fri,31,no
Tax and accounting,2026-07-10,Fri,22,yes
Tourism and hospitality,2026-09-16,Sun,17,yes
Tax and accounting,2026-06-16,Fri,23,no
Tourism and hospitality,2026-06-10,Sun,25,yes
Tourism and hospitality,2026-06-22,Tue,4,no
Education,2026-08-21,Fri,19,no
Property,2026-08-09,Tue,6,no
Tax and accounting,2026-06-08,Wed,33,no
Retail and ecommerce,2026-09-06,Fri,26,yes
Property,2026-07-19,Tue,10,yes
Tourism and hospitality,2026-08-24,Tue,28,no
Tourism and hospitality,2026-08-29,Tue,38,no
Property,2026-06-12,Fri,9,no
Education,2026-08-25,Sun,9,yes
Tax and accounting,2026-09-06,Tue,4,yes
Retail and ecommerce,2026-08-17,Fri,23,yes
Tourism and hospitality,2026-06-25,Fri,25,no
Tourism and hospitality,2026-07-07,Sun,19,no
Tax and accounting,2026-07-20,Wed,30,no
Education,2026-09-10,Fri,26,no
Retail and ecommerce,2026-06-07,Fri,6,no
Property,2026-07-29,Sun,8,yes
Tax and accounting,2026-07-24,Fri,-5,yes
Retail and ecommerce,2026-07-07,Tue,30,yes
Tax and accounting,2026-07-30,Fri,30,no
Tourism and hospitality,2026-09-02,Tue,19,no
Tourism and hospitality,2026-07-02,Sun,19,no
Tourism and hospitality,2026-08-02,Fri,33,no
Retail and ecommerce,2026-08-18,Tue,-2,yes
Education,2026-07-06,Fri,14,no
Tourism and hospitality,2026-05-24,Wed,-7,no
Tax and accounting,2026-08-20,Fri,32,yes
Property,2026-08-20,Fri,29,no
Tax and accounting,2026-05-23,Tue,16,no
Education,2026-07-27,Wed,25,yes
Tourism and hospitality,2026-07-15,Fri,31,yes
Tourism and hospitality,2026-07-12,Fri,7,yes
Tourism and hospitality,2026-08-23,Sun,12,no
Education,2026-08-05,Sun,5,yes
Tax and accounting,2026-06-09,Sun,32,yes
Tourism and hospitality,2026-09-12,Fri,20,no
Retail and ecommerce,2026-08-14,Fri,14,no
Retail and ecommerce,2026-05-30,Fri,22,no
Education,2026-06-26,Sun,32,yes
Tourism and hospitality,2026-06-12,Fri,6,no
Tourism and hospitality,2026-09-05,Wed,21,yes
Retail and ecommerce,2026-08-01,Fri,6,no
Tax and accounting,2026-06-26,Fri,33,no
Tourism and hospitality,2026-07-07,Fri,17,yes
Tourism and hospitality,2026-08-08,Wed,10,yes
Retail and ecommerce,2026-06-10,Tue,31,no
Tourism and hospitality,2026-08-01,Wed,34,no
Tax and accounting,2026-07-22,Fri,9,no
Retail and ecommerce,2026-08-02,Wed,12,no
Property,2026-07-29,Wed,2,yes
Education,2026-08-06,Sun,31,yes
Tourism and hospitality,2026-07-08,Sun,25,yes
Retail and ecommerce,2026-07-29,Tue,17,yes
Retail and ecommerce,2026-08-29,Sun,24,yes
Property,2026-08-20,Fri,34,no
Tax and accounting,2026-09-08,Sun,9,no
Tax and accounting,2026-08-09,Tue,9,no
Tourism and hospitality,2026-08-19,Fri,-5,yes
Tax and accounting,2026-05-29,Sun,29,yes
Tourism and hospitality,2026-08-13,Tue,20,yes
Retail and ecommerce,2026-09-05,Fri,13,yes
Tax and accounting,2026-07-19,Fri,22,yes
Tourism and hospitality,2026-06-16,Sun,36,yes
Retail and ecommerce,2026-06-07,Sun,-2,yes
Tourism and hospitality,2026-07-22,Fri,9,no
Tourism and hospitality,2026-07-14,Fri,7,yes
Education,2026-07-23,Wed,23,no
Tax and accounting,2026-08-11,Sun,16,no
Tax and accounting,2026-08-27,Tue,24,yes
Property,2026-07-15,Tue,19,yes
Tax and accounting,2026-07-24,Tue,31,yes
Education,2026-07-25,Fri,7,no
Tourism and hospitality,2026-09-07,Wed,19,yes
Tax and accounting,2026-08-31,Sun,-6,no
Tourism and hospitality,2026-05-22,Tue,38,yes
Tax and accounting,2026-07-10,Fri,28,no
Retail and ecommerce,2026-07-28,Fri,15,yes
Tourism and hospitality,2026-08-01,Sun,29,yes
Tourism and hospitality,2026-06-10,Fri,32,no
Tourism and hospitality,2026-05-22,Tue,7,no
Tax and accounting,2026-06-09,Sun,19,no
Education,2026-07-25,Fri,4,no
Tax and accounting,2026-06-14,Sun,28,no
Retail and ecommerce,2026-08-09,Fri,21,no
Tourism and hospitality,2026-06-17,Fri,24,no
Retail and ecommerce,2026-07-02,Tue,18,yes
Tourism and hospitality,2026-08-10,Tue,31,no
Tax and accounting,2026-06-23,Fri,-1,no
Property,2026-07-02,Fri,10,no
Tourism and hospitality,2026-08-17,Fri,3,no
Tax and accounting,2026-08-29,Wed,29,no
Property,2026-07-03,Sun,32,no
Education,2026-06-16,Tue,19,no
Retail and ecommerce,2026-07-01,Fri,30,yes
Tax and accounting,2026-09-11,Fri,30,no
Retail and ecommerce,2026-08-11,Sun,-4,yes
Tourism and hospitality,2026-07-04,Tue,7,no
Property,2026-07-08,Sun,-3,yes
Tourism and hospitality,2026-06-01,Fri,30,no
Retail and ecommerce,2026-09-02,Sun,30,no
Retail and ecommerce,2026-07-28,Sun,14,yes
Tax and accounting,2026-06-29,Fri,18,yes
Retail and ecommerce,2026-06-18,Tue,37,no
Tourism and hospitality,2026-08-31,Tue,6,no
Tourism and hospitality,2026-07-08,Sun,15,no
Property,2026-08-28,Wed,9,yes
Tax and accounting,2026-06-29,Sun,25,no
Tourism and hospitality,2026-08-12,Fri,32,no
Tax and accounting,2026-05-27,Sun,12,yes
Tax and accounting,2026-07-28,Tue,32,no
Education,2026-06-27,Tue,33,no
Tourism and hospitality,2026-09-04,Fri,5,no
Tourism and hospitality,2026-09-14,Tue,21,yes
Tax and accounting,2026-06-30,Fri,-4,yes
Retail and ecommerce,2026-08-23,Fri,25,no
Property,2026-07-29,Fri,22,yes
Tourism and hospitality,2026-06-10,Fri,21,no
Tax and accounting,2026-06-22,Sun,31,no
Property,2026-08-14,Tue,25,no
Retail and ecommerce,2026-06-02,Fri,0,no
Tourism and hospitality,2026-09-04,Fri,9,no
Tourism and hospitality,2026-06-29,Fri,-4,yes
Tax and accounting,2026-05-25,Sun,38,yes
Retail and ecommerce,2026-06-02,Fri,23,no
Tax and accounting,2026-08-31,Tue,23,no
Tax and accounting,2026-07-12,Fri,32,no
Property,2026-07-06,Fri,31,no
Property,2026-08-21,Fri,-6,no
Retail and ecommerce,2026-09-15,Sun,17,no
Education,2026-09-07,Tue,-2,yes
Tax and accounting,2026-06-23,Tue,31,yes
Tourism and hospitality,2026-06-03,Fri,20,no
Property,2026-05-23,Tue,25,no
Tourism and hospitality,2026-07-13,Tue,32,no
Tourism and hospitality,2026-06-30,Fri,31,yes
Tax and accounting,2026-07-09,Sun,10,no
Retail and ecommerce,2026-08-13,Fri,17,yes
Tax and accounting,2026-09-17,Tue,6,yes
Tourism and hospitality,2026-05-30,Fri,34,yes
Property,2026-09-12,Tue,21,no
Tax and accounting,2026-08-17,Tue,16,yes
Tourism and hospitality,2026-08-22,Sun,21,no
Tax and accounting,2026-08-01,Wed,24,yes
Tourism and hospitality,2026-06-23,Fri,-1,yes
Education,2026-08-05,Tue,19,yes
Tourism and hospitality,2026-06-01,Sun,8,yes
Property,2026-09-04,Tue,32,yes
Tax and accounting,2026-08-28,Fri,23,no
Tourism and hospitality,2026-06-12,Tue,23,yes
Tax and accounting,2026-08-15,Wed,21,no
Tax and accounting,2026-07-02,Tue,32,yes
Education,2026-06-22,Wed,10,yes
Property,2026-09-03,Tue,10,yes
Tourism and hospitality,2026-08-05,Wed,3,yes
Tourism and hospitality,2026-08-18,Sun,35,yes
Tax and accounting,2026-05-28,Fri,27,no
Tax and accounting,2026-05-29,Tue,25,no
Retail and ecommerce,2026-05-22,Tue,30,yes
Education,2026-06-16,Sun,28,yes
Tourism and hospitality,2026-09-12,Wed,-4,yes
Property,2026-05-27,Fri,21,yes
Tourism and hospitality,2026-06-24,Wed,-3,yes
Tax and accounting,2026-08-20,Tue,31,yes
Tourism and hospitality,2026-06-23,Fri,27,no
Tourism and hospitality,2026-06-01,Sun,15,no
Tax and accounting,2026-07-28,Sun,22,yes
Retail and ecommerce,2026-06-25,Fri,21,yes
Tax and accounting,2026-07-22,Fri,-4,no
Tourism and hospitality,2026-07-25,Sun,10,yes
Tourism and hospitality,2026-08-30,Wed,-5,no
Tourism and hospitality,2026-07-05,Fri,28,no
Tourism and hospitality,2026-06-21,Sun,20,no
Tax and accounting,2026-09-04,Sun,23,yes
Tax and accounting,2026-07-18,Tue,20,yes
Property,2026-07-20,Wed,35,no
Retail and ecommerce,2026-08-05,Fri,0,yes
Retail and ecommerce,2026-06-02,Tue,13,no
Tourism and hospitality,2026-07-17,Wed,4,yes
Tourism and hospitality,2026-06-09,Tue,22,yes
Tourism and hospitality,2026-07-14,Tue,29,no
Tourism and hospitality,2026-07-25,Sun,22,yes
Tourism and hospitality,2026-05-25,Tue,26,no
Tourism and hospitality,2026-05-28,Fri,30,yes
Tourism and hospitality,2026-07-17,Fri,11,yes
Tax and accounting,2026-07-25,Wed,19,no
Tourism and hospitality,2026-06-18,Fri,-5,no
Retail and ecommerce,2026-06-20,Tue,25,no
Tourism and hospitality,2026-08-14,Fri,25,yes
Tourism and hospitality,2026-09-06,Wed,21,no
Tourism and hospitality,2026-07-07,Sun,21,yes
Tourism and hospitality,2026-07-23,Sun,22,yes
Tax and accounting,2026-06-15,Tue,-5,no
Tax and accounting,2026-07-10,Fri,6,yes
Education,2026-08-11,Tue,-1,no
Tax and accounting,2026-07-13,Fri,35,no
Education,2026-09-15,Sun,22,no
Property,2026-06-30,Tue,20,no
Tourism and hospitality,2026-06-09,Sun,34,yes
Retail and ecommerce,2026-09-16,Tue,31,yes
Property,2026-08-11,Fri,10,yes
Education,2026-08-15,Sun,17,yes
Tourism and hospitality,2026-07-10,Sun,6,yes
Education,2026-06-07,Fri,32,no
Retail and ecommerce,2026-08-17,Tue,33,no
Tourism and hospitality,2026-06-26,Fri,13,yes
Retail and ecommerce,2026-06-10,Fri,33,yes
Retail and ecommerce,2026-06-27,Fri,31,yes
Education,2026-05-25,Sun,9,no
Retail and ecommerce,2026-08-17,Fri,9,yes
Tourism and hospitality,2026-06-18,Sun,1,yes
Tax and accounting,2026-06-16,Fri,33,yes
Tax and accounting,2026-09-18,Tue,33,yes
Property,2026-05-26,Fri,15,yes
Tax and accounting,2026-06-09,Wed,21,yes
Tax and accounting,2026-06-03,Tue,32,yes
Property,2026-07-03,Fri,-6,yes
Tax and accounting,2026-06-03,Fri,11,no
Tourism and hospitality,2026-06-04,Sun,9,no
Tourism and hospitality,2026-06-25,Tue,25,yes
Tourism and hospitality,2026-05-24,Tue,26,yes
Education,2026-08-24,Fri,14,no
Education,2026-06-19,Tue,30,yes
Retail and ecommerce,2026-08-07,Tue,23,yes
Property,2026-09-11,Tue,4,yes
Tax and accounting,2026-06-28,Fri,12,no
Retail and ecommerce,2026-06-03,Sun,2,no
Property,2026-07-31,Tue,32,yes
Tourism and hospitality,2026-06-19,Wed,31,yes
Property,2026-09-03,Fri,26,no
Property,2026-07-04,Wed,32,no
Property,2026-06-28,Fri,26,yes
Education,2026-08-30,Tue,-3,yes
Tourism and hospitality,2026-08-16,Fri,9,yes
Tourism and hospitality,2026-07-01,Fri,6,no
Tourism and hospitality,2026-08-15,Fri,30,yes
Tourism and hospitality,2026-07-07,Sun,28,yes
Education,2026-06-20,Fri,24,yes
Property,2026-06-22,Wed,25,yes
Retail and ecommerce,2026-08-12,Sun,22,yes
Property,2026-07-17,Sun,-2,yes
Tourism and hospitality,2026-08-21,Fri,18,no
Education,2026-07-23,Tue,1,yes
Property,2026-08-17,Fri,28,yes
Education,2026-06-05,Tue,22,yes
Education,2026-07-19,Fri,10,yes
Retail and ecommerce,2026-06-18,Sun,33,yes
Education,2026-08-29,Sun,22,no
Tourism and hospitality,2026-08-23,Sun,5,no
Tax and accounting,2026-09-01,Wed,21,yes
Retail and ecommerce,2026-08-02,Fri,-8,no
Retail and ecommerce,2026-06-27,Fri,26,yes
Retail and ecommerce,2026-06-02,Fri,26,yes
Tourism and hospitality,2026-06-22,Tue,18,yes
Education,2026-07-06,Tue,24,no
Tax and accounting,2026-08-12,Fri,33,yes
Tourism and hospitality,2026-06-07,Tue,5,no
Education,2026-05-31,Fri,14,no
Tourism and hospitality,2026-06-04,Sun,-7,yes
Tourism and hospitality,2026-06-10,Fri,34,yes
Tourism and hospitality,2026-08-05,Fri,20,yes
Retail and ecommerce,2026-08-06,Fri,20,yes
Education,2026-09-06,Sun,19,no
Tourism and hospitality,2026-08-12,Fri,33,no
Property,2026-08-27,Tue,10,yes
Property,2026-06-21,Fri,16,no
Property,2026-09-04,Sun,1,no
Education,2026-09-05,Sun,23,yes
Tourism and hospitality,2026-06-12,Wed,19,yes
Tourism and hospitality,2026-07-25,Tue,15,yes
Education,2026-08-13,Fri,33,no
Retail and ecommerce,2026-08-29,Fri,36,no
Tourism and hospitality,2026-08-27,Fri,-1,no
Tourism and hospitality,2026-07-20,Sun,18,no
Property,2026-06-20,Fri,-8,no
Tourism and hospitality,2026-09-09,Sun,34,no
Property,2026-05-31,Fri,24,yes
Tourism and hospitality,2026-08-05,Fri,9,no
Tourism and hospitality,2026-07-20,Sun,34,no
Tax and accounting,2026-07-27,Tue,24,no
Property,2026-08-28,Tue,-4,yes
Tax and accounting,2026-09-09,Sun,21,yes
Tourism and hospitality,2026-08-21,Fri,-2,yes
Education,2026-07-25,Tue,26,yes
Retail and ecommerce,2026-07-17,Tue,28,no
Tourism and hospitality,2026-07-09,Wed,9,yes
Retail and ecommerce,2026-08-21,Sun,34,yes
Tourism and hospitality,2026-08-29,Fri,24,yes
Property,2026-07-18,Sun,5,yes
Tourism and hospitality,2026-09-02,Fri,8,no
Tourism and hospitality,2026-05-22,Wed,4,yes
Retail and ecommerce,2026-09-01,Sun,35,yes
Education,2026-06-15,Fri,22,no
Tourism and hospitality,2026-09-02,Tue,14,no
Tourism and hospitality,2026-05-28,Fri,20,yes
Tax and accounting,2026-08-06,Fri,33,no
Tourism and hospitality,2026-06-06,Sun,0,yes
Tax and accounting,2026-06-11,Sun,5,yes
Tourism and hospitality,2026-08-31,Tue,4,yes
Retail and ecommerce,2026-09-06,Tue,24,yes
Property,2026-05-29,Tue,28,yes
Tax and accounting,2026-09-06,Fri,12,no
Tourism and hospitality,2026-06-02,Sun,20,no
Tourism and hospitality,2026-07-07,Fri,36,no
Property,2026-09-12,Wed,-7,no
Tax and accounting,2026-08-27,Fri,5,no
Tourism and hospitality,2026-08-11,Fri,8,no
Tourism and hospitality,2026-08-14,Tue,25,yes
Tourism and hospitality,2026-09-14,Fri,23,no
Property,2026-09-06,Tue,22,no
Tourism and hospitality,2026-09-15,Tue,28,no
Tourism and hospitality,2026-07-28,Fri,25,yes
Property,2026-08-08,Tue,9,yes
Tourism and hospitality,2026-06-12,Fri,5,yes
Tax and accounting,2026-06-14,Fri,3,yes
Tourism and hospitality,2026-06-05,Tue,38,yes
Tax and accounting,2026-06-24,Tue,25,yes
Retail and ecommerce,2026-07-16,Fri,8,no
Tax and accounting,2026-05-27,Sun,19,yes
Tourism and hospitality,2026-08-03,Fri,26,yes
Property,2026-07-02,Fri,4,no
Tourism and hospitality,2026-09-17,Tue,8,no
Property,2026-08-10,Sun,8,no
Education,2026-06-30,Fri,37,yes
Retail and ecommerce,2026-08-07,Wed,23,yes
Retail and ecommerce,2026-06-03,Fri,9,yes
Tourism and hospitality,2026-08-17,Tue,34,no
Tax and accounting,2026-08-27,Fri,27,no
Education,2026-09-15,Wed,4,no
Tourism and hospitality,2026-09-09,Wed,11,no
Education,2026-07-20,Sun,5,yes
Tax and accounting,2026-08-05,Wed,27,yes
Tax and accounting,2026-07-13,Wed,30,yes
Education,2026-08-06,Fri,14,yes
Education,2026-07-13,Sun,32,no
Property,2026-07-18,Fri,37,no
Tourism and hospitality,2026-07-21,Fri,2,no
Education,2026-05-25,Tue,16,yes
Tax and accounting,2026-08-05,Tue,7,no
Tourism and hospitality,2026-09-09,Sun,37,no
Tax and accounting,2026-07-25,Fri,25,yes
Tourism and hospitality,2026-07-11,Fri,11,yes
Tax and accounting,2026-08-08,Tue,32,no
Tax and accounting,2026-08-04,Wed,23,yes
Tax and accounting,2026-06-11,Fri,3,no
Tax and accounting,2026-07-22,Fri,7,yes
Tax and accounting,2026-07-18,Fri,7,no
Tourism and hospitality,2026-06-06,Fri,26,no
Education,2026-09-01,Tue,31,yes
Tax and accounting,2026-08-26,Sun,23,no
Education,2026-05-23,Tue,34,yes
Tourism and hospitality,2026-06-29,Wed,36,yes
Retail and ecommerce,2026-06-05,Wed,-4,no
Tourism and hospitality,2026-09-16,Sun,14,yes
Tax and accounting,2026-08-19,Fri,5,yes
Retail and ecommerce,2026-06-09,Fri,34,yes
Education,2026-08-13,Sun,25,no
Tourism and hospitality,2026-05-29,Tue,13,no
Tourism and hospitality,2026-06-08,Wed,22,yes
Tourism and hospitality,2026-06-24,Wed,22,no
Retail and ecommerce,2026-07-24,Fri,-6,no
Retail and ecommerce,2026-06-02,Sun,11,yes
Tourism and hospitality,2026-07-15,Fri,-5,yes
Tax and accounting,2026-09-01,Sun,22,yes
Education,2026-06-03,Fri,27,no
Education,2026-05-29,Sun,12,no
Tourism and hospitality,2026-06-08,Sun,23,yes
Education,2026-06-20,Fri,26,yes
Tourism and hospitality,2026-08-31,Fri,4,no
Education,2026-07-02,Fri,15,no
Education,2026-08-03,Sun,-6,yes
Education,2026-08-20,Fri,37,yes
Property,2026-07-04,Sun,21,no
Retail and ecommerce,2026-09-03,Wed,9,yes
Tax and accounting,2026-06-01,Wed,27,yes
Retail and ecommerce,2026-07-20,Tue,31,yes
Tourism and hospitality,2026-07-09,Fri,4,yes
Tourism and hospitality,2026-06-11,Fri,17,yes
Tax and accounting,2026-07-21,Fri,6,yes
Tourism and hospitality,2026-08-03,Sun,35,no
Tax and accounting,2026-06-02,Sun,25,yes
Tax and accounting,2026-07-04,Tue,25,yes
Tourism and hospitality,2026-09-12,Fri,26,no
Property,2026-09-08,Sun,27,no
Tourism and hospitality,2026-07-03,Fri,-2,yes
Tourism and hospitality,2026-06-27,Fri,15,no
Education,2026-05-23,Fri,1,yes
Education,2026-08-21,Fri,33,yes
Education,2026-06-30,Fri,25,yes
Tourism and hospitality,2026-07-23,Tue,17,no
Retail and ecommerce,2026-05-24,Tue,17,yes
Tourism and hospitality,2026-07-09,Tue,38,yes
Tax and accounting,2026-07-10,Fri,-5,yes
Tax and accounting,2026-07-29,Tue,15,no
Tax and accounting,2026-05-26,Sun,0,no
Tourism and hospitality,2026-07-07,Tue,34,yes
Tourism and hospitality,2026-06-27,Tue,29,no
Tax and accounting,2026-09-09,Wed,15,yes
Property,2026-09-03,Fri,24,yes
Property,2026-08-21,Tue,24,yes
Tourism and hospitality,2026-07-29,Sun,-6,no
Tax and accounting,2026-06-01,Fri,19,yes
Tax and accounting,2026-08-22,Fri,-7,yes
Property,2026-07-30,Tue,28,yes
Tax and accounting,2026-07-07,Sun,29,no
Property,2026-06-01,Sun,24,yes
Tax and accounting,2026-06-10,Tue,19,no
Education,2026-09-10,Fri,30,yes
Property,2026-06-02,Tue,-3,yes
Tax and accounting,2026-06-07,Fri,5,no
Education,2026-07-30,Fri,-7,no
Property,2026-06-24,Fri,34,yes
Tourism and hospitality,2026-08-15,Fri,24,no
Tax and accounting,2026-05-25,Fri,15,yes
Property,2026-08-22,Wed,26,no
Tourism and hospitality,2026-08-23,Fri,35,no
Tourism and hospitality,2026-05-24,Tue,-6,yes
Tourism and hospitality,2026-06-12,Fri,16,yes
Tourism and hospitality,2026-09-06,Wed,7,no
Tourism and hospitality,2026-06-29,Fri,35,no
Retail and ecommerce,2026-07-08,Fri,33,yes
Tourism and hospitality,2026-08-19,Fri,25,no
Tax and accounting,2026-06-18,Fri,34,yes
Tourism and hospitality,2026-08-24,Fri,23,no
Property,2026-07-07,Fri,-5,yes
Tax and accounting,2026-07-04,Fri,17,no
Property,2026-07-12,Fri,-5,yes
Tax and accounting,2026-09-12,Sun,31,no
Education,2026-07-06,Tue,29,yes
Retail and ecommerce,2026-06-20,Wed,13,yes
Tourism and hospitality,2026-08-13,Fri,32,no
Education,2026-08-16,Fri,33,no
Tax and accounting,2026-08-20,Tue,-4,no
Property,2026-08-18,Fri,7,yes
Tax and accounting,2026-05-27,Tue,5,yes
Tourism and hospitality,2026-08-04,Fri,30,no
Tourism and hospitality,2026-05-25,Sun,21,yes
Education,2026-09-10,Wed,23,yes
Tourism and hospitality,2026-06-10,Fri,19,no
Education,2026-07-22,Wed,27,yes
Education,2026-08-30,Wed,5,yes
Tourism and hospitality,2026-07-20,Tue,8,no
Retail and ecommerce,2026-05-26,Fri,6,no
Education,2026-08-15,Fri,31,yes
Tourism and hospitality,2026-05-26,Sun,20,yes
Tourism and hospitality,2026-09-18,Wed,17,yes
Tax and accounting,2026-09-03,Tue,30,yes
Tax and accounting,2026-07-13,Fri,23,no
Property,2026-08-30,Tue,-1,no
Tax and accounting,2026-09-06,Wed,9,yes
Retail and ecommerce,2026-06-27,Sun,1,yes
Tourism and hospitality,2026-09-02,Tue,24,no
Tourism and hospitality,2026-09-10,Fri,17,no
Property,2026-06-25,Sun,8,yes
Property,2026-07-20,Fri,31,no
Tourism and hospitality,2026-08-23,Tue,34,yes
Tax and accounting,2026-05-28,Fri,-1,yes
Tourism and hospitality,2026-07-19,Sun,18,yes
Retail and ecommerce,2026-08-16,Wed,-3,no
Tourism and hospitality,2026-06-26,Sun,39,yes
Property,2026-09-12,Sun,26,yes
Tax and accounting,2026-08-11,Fri,16,no
Retail and ecommerce,2026-07-15,Fri,30,yes
Education,2026-06-29,Fri,21,no
Retail and ecommerce,2026-07-09,Fri,-6,yes
Tax and accounting,2026-09-11,Fri,12,yes
Tourism and hospitality,2026-06-13,Tue,-1,no
Education,2026-07-09,Tue,29,no
Property,2026-07-16,Sun,25,no
Retail and ecommerce,2026-07-01,Sun,14,yes
Tourism and hospitality,2026-06-04,Fri,28,yes
Tax and accounting,2026-06-25,Sun,37,yes
Tourism and hospitality,2026-06-03,Wed,-5,yes
Property,2026-07-17,Tue,8,yes
Tourism and hospitality,2026-09-01,Sun,2,yes
Tourism and hospitality,2026-08-27,Fri,32,yes
Tax and accounting,2026-09-07,Fri,29,yes
Property,2026-06-13,Wed,20,no
Property,2026-06-02,Fri,35,yes
Tourism and hospitality,2026-09-05,Wed,25,no
Tax and accounting,2026-06-07,Tue,11,yes
Retail and ecommerce,2026-07-08,Tue,16,no
Tax and accounting,2026-07-17,Sun,8,yes
Tax and accounting,2026-08-17,Fri,29,yes
Retail and ecommerce,2026-08-14,Wed,27,yes
Education,2026-07-11,Fri,13,yes
Education,2026-08-11,Wed,18,yes
Education,2026-08-14,Wed,30,yes
Retail and ecommerce,2026-06-10,Tue,2,no
Tourism and hospitality,2026-07-28,Wed,18,yes
Education,2026-08-07,Fri,-1,yes
Tourism and hospitality,2026-06-09,Tue,37,no
Property,2026-06-28,Sun,31,no
Tax and accounting,2026-07-08,Sun,15,no
Tax and accounting,2026-08-14,Fri,34,no
Tourism and hospitality,2026-09-18,Fri,25,yes
Retail and ecommerce,2026-05-31,Wed,7,yes
Tourism and hospitality,2026-06-08,Fri,6,yes
Tourism and hospitality,2026-06-28,Tue,2,no
Tourism and hospitality,2026-06-26,Wed,24,yes
Tourism and hospitality,2026-08-17,Sun,27,yes
Tourism and hospitality,2026-09-06,Fri,20,yes
Tax and accounting,2026-05-22,Fri,22,yes
Education,2026-07-31,Sun,20,no
Tax and accounting,2026-08-20,Fri,2,yes
Retail and ecommerce,2026-08-21,Sun,21,yes
Retail and ecommerce,2026-08-03,Wed,-2,yes
Tax and accounting,2026-08-16,Sun,32,no
Tourism and hospitality,2026-06-03,Sun,24,no
Tourism and hospitality,2026-06-21,Sun,12,no
Retail and ecommerce,2026-09-01,Tue,29,no
Tourism and hospitality,2026-08-04,Tue,33,no
Tourism and hospitality,2026-07-27,Wed,10,no
Tourism and hospitality,2026-07-11,Tue,15,no
Tourism and hospitality,2026-09-06,Sun,-6,yes
Tourism and hospitality,2026-06-25,Tue,29,yes
Property,2026-08-08,Fri,24,yes
Education,2026-06-30,Sun,25,no
Tourism and hospitality,2026-08-02,Wed,34,yes
Tourism and hospitality,2026-05-23,Tue,22,yes
Property,2026-08-21,Fri,5,yes
Education,2026-07-29,Sun,6,yes
Tax and accounting,2026-07-22,Sun,2,no
Retail and ecommerce,2026-08-28,Sun,22,no
Tourism and hospitality,2026-07-16,Fri,29,yes
Tax and accounting,2026-09-01,Tue,24,yes
Property,2026-07-13,Fri,23,yes
Tax and accounting,2026-05-25,Tue,27,no
Property,2026-08-22,Tue,3,no
Tourism and hospitality,2026-07-23,Tue,18,no
Tourism and hospitality,2026-06-12,Fri,3,yes
Property,2026-07-31,Sun,26,no
Tourism and hospitality,2026-07-18,Fri,31,no
Property,2026-08-06,Fri,24,no
Education,2026-09-15,Sun,33,yes
Tourism and hospitality,2026-08-01,Tue,28,yes
Tax and accounting,2026-06-17,Fri,7,no
Tourism and hospitality,2026-07-06,Fri,14,yes
Education,2026-07-04,Tue,2,no
Retail and ecommerce,2026-05-23,Tue,24,yes
Property,2026-07-05,Fri,29,no
Tourism and hospitality,2026-07-06,Wed,22,yes
Retail and ecommerce,2026-06-19,Fri,33,yes
Tax and accounting,2026-06-30,Tue,21,yes
Property,2026-06-04,Tue,-4,yes
Tax and accounting,2026-08-06,Sun,9,yes
Tourism and hospitality,2026-06-10,Tue,9,no
Tourism and hospitality,2026-08-16,Fri,24,no
Property,2026-09-02,Sun,27,yes
Tourism and hospitality,2026-09-15,Wed,15,no
Tax and accounting,2026-08-25,Fri,25,yes
Property,2026-09-18,Fri,22,yes
Tax and accounting,2026-06-16,Fri,8,no
Tourism and hospitality,2026-09-13,Fri,8,no
Tourism and hospitality,2026-06-03,Fri,-5,no
Property,2026-07-04,Wed,29,no
Education,2026-08-10,Sun,27,yes
Tourism and hospitality,2026-07-02,Fri,10,no
Tourism and hospitality,2026-08-02,Fri,34,no
Tourism and hospitality,2026-08-19,Fri,30,no
Tourism and hospitality,2026-07-13,Sun,-5,no
Tax and accounting,2026-08-30,Wed,13,yes
Tourism and hospitality,2026-05-26,Fri,8,no
Tax and accounting,2026-06-01,Fri,38,no
Tax and accounting,2026-06-21,Wed,23,yes
Tourism and hospitality,2026-09-17,Fri,12,yes
Tourism and hospitality,2026-08-29,Fri,30,no
Tax and accounting,2026-08-14,Sun,26,yes
Property,2026-08-02,Tue,-3,yes
Tax and accounting,2026-07-17,Tue,8,yes
Property,2026-08-09,Sun,7,no
Property,2026-08-19,Fri,22,yes
Education,2026-08-14,Fri,27,yes
Tourism and hospitality,2026-09-04,Wed,16,no
Tourism and hospitality,2026-05-26,Tue,29,yes
Retail and ecommerce,2026-06-19,Sun,27,no
Tax and accounting,2026-09-10,Fri,4,no
Tourism and hospitality,2026-09-17,Sun,16,yes
Tax and accounting,2026-06-11,Sun,-7,no
Tourism and hospitality,2026-08-06,Wed,28,yes
Tourism and hospitality,2026-05-24,Fri,24,no
Tourism and hospitality,2026-07-16,Fri,9,no
Retail and ecommerce,2026-07-09,Tue,21,no
Retail and ecommerce,2026-05-24,Tue,36,no
Tourism and hospitality,2026-08-16,Sun,-4,yes
Tourism and hospitality,2026-05-30,Fri,20,yes
Tourism and hospitality,2026-05-26,Wed,4,no
Tax and accounting,2026-07-02,Tue,30,no
Retail and ecommerce,2026-09-16,Fri,31,no
Tourism and hospitality,2026-07-17,Sun,10,yes
Education,2026-07-29,Fri,23,yes
Tax and accounting,2026-05-22,Tue,30,yes
Tourism and hospitality,2026-08-16,Wed,-5,no
Education,2026-06-28,Tue,7,no
Tourism and hospitality,2026-08-05,Sun,7,yes
Tourism and hospitality,2026-07-16,Sun,38,yes
Tourism and hospitality,2026-07-22,Fri,31,yes
Tax and accounting,2026-06-16,Wed,8,yes
Education,2026-09-06,Fri,21,yes
Tourism and hospitality,2026-06-08,Tue,35,yes
Tourism and hospitality,2026-06-15,Fri,9,no
Tourism and hospitality,2026-09-09,Sun,12,yes
Tourism and hospitality,2026-06-10,Tue,-7,no
Tax and accounting,2026-05-24,Tue,32,yes
Education,2026-07-16,Tue,20,yes
Tourism and hospitality,2026-08-10,Tue,14,no
Tax and accounting,2026-06-06,Tue,26,yes
Tax and accounting,2026-05-25,Sun,29,no
Tax and accounting,2026-06-17,Fri,10,yes
Tax and accounting,2026-06-24,Fri,19,yes
Tourism and hospitality,2026-09-02,Fri,1,yes
Retail and ecommerce,2026-07-29,Wed,30,yes
Tourism and hospitality,2026-06-21,Fri,25,no
Retail and ecommerce,2026-07-03,Tue,26,yes
Tax and accounting,2026-07-21,Tue,18,no
Retail and ecommerce,2026-07-03,Tue,26,yes
Tourism and hospitality,2026-09-01,Wed,1,yes
Tourism and hospitality,2026-05-25,Fri,20,yes
Tourism and hospitality,2026-08-06,Tue,-3,no
Tourism and hospitality,2026-06-24,Tue,25,no
Retail and ecommerce,2026-08-22,Sun,22,no
Retail and ecommerce,2026-07-05,Fri,19,no
Tax and accounting,2026-07-27,Sun,24,yes
Tourism and hospitality,2026-08-24,Fri,22,no
Education,2026-09-18,Wed,10,no
Retail and ecommerce,2026-06-10,Wed,13,no
Tax and accounting,2026-06-21,Fri,-1,no
Tax and accounting,2026-07-10,Tue,26,yes
Tourism and hospitality,2026-08-07,Wed,19,no
Tourism and hospitality,2026-07-08,Fri,23,no
Retail and ecommerce,2026-06-24,Fri,22,no
Retail and ecommerce,2026-09-14,Wed,36,yes
Education,2026-07-16,Tue,-3,yes
Education,2026-08-13,Tue,17,yes
Property,2026-08-09,Fri,7,yes
Property,2026-07-26,Sun,33,yes
Tourism and hospitality,2026-06-02,Sun,33,no
Tourism and hospitality,2026-06-01,Fri,9,no
Tourism and hospitality,2026-06-06,Sun,30,yes
Tax and accounting,2026-09-07,Fri,30,yes
Tourism and hospitality,2026-07-08,Tue,-6,yes
Retail and ecommerce,2026-08-31,Tue,14,no
Tourism and hospitality,2026-07-04,Wed,7,yes
Education,2026-05-26,Fri,39,no
Tax and accounting,2026-08-19,Tue,19,yes
Retail and ecommerce,2026-07-08,Sun,17,yes
Tax and accounting,2026-07-17,Tue,32,no
Tax and accounting,2026-07-28,Fri,28,yes
Tax and accounting,2026-07-06,Fri,-2,yes
Tax and accounting,2026-09-17,Fri,19,no
Retail and ecommerce,2026-08-10,Sun,9,yes
Property,2026-06-30,Fri,26,no
Tourism and hospitality,2026-06-11,Tue,30,no
Tourism and hospitality,2026-07-26,Wed,26,yes
Retail and ecommerce,2026-08-19,Tue,30,no
Tourism and hospitality,2026-06-13,Fri,26,yes
Tourism and hospitality,2026-09-10,Fri,4,no
Education,2026-08-29,Sun,17,no
Education,2026-05-22,Sun,-8,no
Tax and accounting,2026-08-10,Fri,34,yes
Tax and accounting,2026-08-05,Sun,29,no
Education,2026-09-15,Fri,11,yes
Tourism and hospitality,2026-06-09,Tue,25,yes
Tourism and hospitality,2026-09-02,Tue,29,no
Property,2026-08-19,Wed,-7,no
Tourism and hospitality,2026-09-16,Sun,16,yes
Tax and accounting,2026-05-25,Fri,8,yes
Retail and ecommerce,2026-08-19,Tue,24,no
Retail and ecommerce,2026-06-22,Sun,18,no
Property,2026-09-16,Tue,24,yes
Tax and accounting,2026-09-03,Wed,19,no
Tax and accounting,2026-09-07,Sun,27,no
Tax and accounting,2026-07-27,Fri,2,yes
Tax and accounting,2026-07-05,Fri,13,yes
Tourism and hospitality,2026-08-26,Fri,3,yes
Tourism and hospitality,2026-08-16,Fri,36,yes
Tourism and hospitality,2026-07-24,Fri,29,yes
Tourism and hospitality,2026-09-12,Fri,14,no
Tourism and hospitality,2026-06-10,Sun,24,no
Tax and accounting,2026-08-03,Fri,33,no
Retail and ecommerce,2026-09-15,Fri,8,yes
Tourism and hospitality,2026-08-26,Fri,4,yes
Tourism and hospitality,2026-08-11,Fri,7,yes
Retail and ecommerce,2026-09-08,Sun,35,no
Tax and accounting,2026-07-25,Tue,29,yes
Tax and accounting,2026-05-24,Fri,21,no
Tax and accounting,2026-08-27,Fri,23,yes
Tax and accounting,2026-06-19,Sun,37,no
Property,2026-06-03,Wed,9,yes
Tax and accounting,2026-06-21,Fri,6,yes
Tax and accounting,2026-08-30,Sun,5,yes
Tax and accounting,2026-06-13,Wed,31,no
Tourism and hospitality,2026-07-05,Fri,28,yes
Retail and ecommerce,2026-07-05,Sun,11,yes
Property,2026-06-05,Tue,28,yes
Tourism and hospitality,2026-05-31,Fri,27,yes
Tax and accounting,2026-09-02,Sun,1,no
Property,2026-06-29,Fri,12,no
Tax and accounting,2026-06-02,Fri,-6,no
Education,2026-07-11,Fri,31,yes
Tourism and hospitality,2026-08-26,Tue,26,no
Tourism and hospitality,2026-09-17,Wed,8,no
Retail and ecommerce,2026-07-09,Tue,24,yes
Education,2026-05-28,Wed,34,no
Tax and accounting,2026-09-17,Tue,-3,yes
Tourism and hospitality,2026-09-09,Fri,15,no
Retail and ecommerce,2026-06-27,Tue,-6,yes
Property,2026-08-22,Sun,24,yes
Tourism and hospitality,2026-07-13,Fri,18,no
Tourism and hospitality,2026-08-09,Fri,11,yes
Property,2026-09-14,Fri,25,yes
Tourism and hospitality,2026-06-12,Sun,36,no
Tax and accounting,2026-09-01,Tue,-3,no
Retail and ecommerce,2026-07-27,Wed,12,no
Education,2026-06-02,Tue,-2,yes
Tourism and hospitality,2026-06-29,Wed,23,no
Tax and accounting,2026-07-25,Wed,29,yes
Tax and accounting,2026-06-16,Wed,11,no
Tourism and hospitality,2026-08-01,Sun,34,yes
Tax and accounting,2026-07-15,Tue,32,no
Tax and accounting,2026-09-15,Fri,7,yes
Tourism and hospitality,2026-08-30,Tue,5,no
Tourism and hospitality,2026-06-18,Tue,0,no
Tourism and hospitality,2026-09-12,Fri,25,no
Tourism and hospitality,2026-06-06,Sun,33,yes
Tourism and hospitality,2026-07-24,Fri,21,yes
Tourism and hospitality,2026-06-28,Sun,19,yes
Education,2026-08-22,Wed,28,yes
Tax and accounting,2026-07-29,Wed,-2,no
Tourism and hospitality,2026-07-12,Fri,21,yes
Retail and ecommerce,2026-06-26,Fri,7,no
Tourism and hospitality,2026-06-12,Tue,22,yes
Tax and accounting,2026-09-14,Tue,33,yes
Tax and accounting,2026-09-13,Fri,21,yes
Tourism and hospitality,2026-06-05,Sun,22,yes
Tax and accounting,2026-07-14,Sun,29,no
Tourism and hospitality,2026-09-17,Sun,2,yes
Tax and accounting,2026-09-12,Fri,17,no
Retail and ecommerce,2026-07-09,Sun,-8,yes
Retail and ecommerce,2026-06-14,Tue,33,no
Education,2026-08-08,Sun,28,no
Tax and accounting,2026-09-02,Fri,11,no
Retail and ecommerce,2026-08-10,Tue,19,yes
Tax and accounting,2026-08-08,Sun,23,yes
Property,2026-09-08,Fri,4,no
Tourism and hospitality,2026-08-07,Fri,20,yes
Education,2026-06-24,Sun,0,no
Retail and ecommerce,2026-09-02,Tue,28,yes
Tourism and hospitality,2026-07-03,Fri,21,no
Tourism and hospitality,2026-06-22,Tue,25,yes
Tourism and hospitality,2026-08-21,Fri,25,yes
Tourism and hospitality,2026-05-25,Tue,27,yes
Tourism and hospitality,2026-08-28,Fri,-1,no
Retail and ecommerce,2026-06-24,Fri,9,yes
Tax and accounting,2026-05-24,Tue,0,yes
Tourism and hospitality,2026-05-27,Fri,37,no
Tax and accounting,2026-07-11,Fri,18,no
Property,2026-07-17,Wed,21,yes
Tourism and hospitality,2026-09-04,Fri,24,no
Tourism and hospitality,2026-06-26,Sun,25,no
Property,2026-08-31,Fri,3,yes
Tourism and hospitality,2026-08-07,Fri,14,yes
Tourism and hospitality,2026-07-16,Tue,1,yes
Tourism and hospitality,2026-06-02,Sun,33,no
Tourism and hospitality,2026-05-23,Fri,26,no
Retail and ecommerce,2026-07-24,Fri,22,no
Tourism and hospitality,2026-07-17,Wed,31,yes
Property,2026-08-05,Fri,22,no
Tourism and hospitality,2026-09-11,Tue,6,no
Tourism and hospitality,2026-09-02,Tue,17,no
Tax and accounting,2026-09-08,Wed,9,yes
Property,2026-05-24,Tue,36,no
Retail and ecommerce,2026-07-12,Fri,33,yes
Education,2026-09-03,Wed,17,no
Tourism and hospitality,2026-09-18,Tue,28,yes
Tax and accounting,2026-05-28,Sun,25,yes
Tourism and hospitality,2026-09-13,Wed,7,no
Tourism and hospitality,2026-08-09,Fri,10,yes
Tax and accounting,2026-07-16,Tue,5,no
Tourism and hospitality,2026-06-24,Sun,24,yes
Tourism and hospitality,2026-07-16,Fri,22,yes
Retail and ecommerce,2026-07-14,Fri,9,no
Tourism and hospitality,2026-06-30,Fri,25,yes
Retail and ecommerce,2026-06-24,Fri,36,yes
Tourism and hospitality,2026-08-23,Wed,-3,yes
Tourism and hospitality,2026-06-05,Fri,20,no
Education,2026-08-23,Fri,-6,yes
Tourism and hospitality,2026-08-17,Sun,22,yes
Tax and accounting,2026-05-22,Fri,29,no
Tourism and hospitality,2026-08-06,Tue,25,yes
Retail and ecommerce,2026-05-30,Tue,21,no
Property,2026-07-02,Sun,33,no
Property,2026-06-08,Sun,5,no
Tax and accounting,2026-08-22,Fri,12,no
Tourism and hospitality,2026-05-31,Fri,8,yes
Retail and ecommerce,2026-08-10,Tue,26,yes
Education,2026-08-30,Fri,28,yes
Tourism and hospitality,2026-08-31,Sun,24,no
Tourism and hospitality,2026-07-07,Fri,27,no
Education,2026-08-29,Fri,36,yes
Tourism and hospitality,2026-06-10,Fri,2,yes
Tourism and hospitality,2026-07-26,Fri,9,yes
Property,2026-08-12,Fri,4,no
Tourism and hospitality,2026-08-03,Fri,32,yes
Retail and ecommerce,2026-08-10,Sun,30,no
Tax and accounting,2026-09-01,Fri,21,no
Tourism and hospitality,2026-06-23,Tue,21,yes
Education,2026-08-26,Tue,21,no
Tax and accounting,2026-08-24,Tue,-4,no
Tax and accounting,2026-07-29,Fri,6,yes
Retail and ecommerce,2026-08-22,Fri,5,no
Property,2026-08-04,Fri,38,yes
Tourism and hospitality,2026-09-11,Fri,22,yes
Tourism and hospitality,2026-06-14,Tue,15,no
Tax and accounting,2026-09-14,Fri,33,no
Tourism and hospitality,2026-09-09,Wed,29,yes
Tourism and hospitality,2026-07-27,Wed,3,yes
Tax and accounting,2026-08-01,Tue,5,no
Education,2026-07-03,Fri,9,yes
Tourism and hospitality,2026-06-09,Wed,24,yes
Tourism and hospitality,2026-08-25,Fri,34,yes
Property,2026-09-13,Fri,25,yes
Property,2026-09-06,Tue,28,yes
Retail and ecommerce,2026-07-18,Fri,25,no
Retail and ecommerce,2026-09-14,Fri,-5,no
Education,2026-07-09,Fri,17,yes
Tax and accounting,2026-07-26,Tue,1,yes
Property,2026-07-04,Fri,22,no
Property,2026-07-11,Tue,33,yes
Education,2026-09-01,Wed,25,yes
Retail and ecommerce,2026-08-31,Fri,26,yes
Tax and accounting,2026-09-14,Fri,35,no
Tax and accounting,2026-06-20,Fri,-7,yes
Property,2026-07-27,Fri,5,no
Tourism and hospitality,2026-06-15,Fri,6,yes
Tourism and hospitality,2026-06-07,Fri,34,no
Tax and accounting,2026-06-27,Wed,26,yes
Tourism and hospitality,2026-05-30,Sun,15,yes
Education,2026-07-17,Sun,25,yes
Tourism and hospitality,2026-07-29,Sun,33,no
Tax and accounting,2026-09-16,Tue,1,yes
Tourism and hospitality,2026-08-17,Tue,17,no
Tax and accounting,2026-09-11,Tue,9,no
Property,2026-07-21,Sun,29,no
Tourism and hospitality,2026-08-19,Fri,17,yes
Tax and accounting,2026-08-06,Sun,15,yes
Education,2026-07-18,Sun,34,no
Education,2026-07-03,Tue,26,no
Education,2026-06-20,Wed,9,no
Education,2026-07-20,Fri,18,yes
Tourism and hospitality,2026-08-01,Wed,9,yes
Retail and ecommerce,2026-08-27,Tue,23,no
Tax and accounting,2026-07-28,Sun,33,yes
Education,2026-06-16,Tue,24,yes
Tourism and hospitality,2026-08-13,Wed,23,no
Property,2026-09-09,Wed,21,yes
Retail and ecommerce,2026-08-22,Wed,9,yes
Tax and accounting,2026-06-07,Sun,6,yes
Tourism and hospitality,2026-07-12,Tue,-3,no
Tax and accounting,2026-05-22,Sun,29,yes
Tourism and hospitality,2026-06-20,Fri,27,no
Education,2026-08-31,Sun,20,no
Tourism and hospitality,2026-07-30,Wed,22,no
Tourism and hospitality,2026-06-05,Fri,36,yes
Tax and accounting,2026-08-26,Tue,4,no
Tax and accounting,2026-08-09,Fri,19,yes
Tourism and hospitality,2026-07-19,Wed,1,yes
Tourism and hospitality,2026-07-10,Fri,22,no
Tax and accounting,2026-07-05,Fri,26,yes
Tourism and hospitality,2026-07-26,Fri,18,yes
Tax and accounting,2026-06-14,Tue,29,no
Tax and accounting,2026-07-29,Tue,25,yes
Retail and ecommerce,2026-06-14,Fri,6,no
Property,2026-08-21,Wed,12,no
Retail and ecommerce,2026-06-11,Sun,-6,no
Tax and accounting,2026-09-18,Fri,31,yes
Education,2026-09-03,Fri,25,yes
Tourism and hospitality,2026-05-23,Wed,12,yes
Property,2026-08-12,Sun,22,no
Tourism and hospitality,2026-06-12,Fri,36,no
Tourism and hospitality,2026-08-25,Tue,9,no
Tourism and hospitality,2026-07-03,Fri,15,no
Education,2026-06-04,Sun,-6,yes
Tax and accounting,2026-06-26,Fri,29,no
Retail and ecommerce,2026-08-28,Fri,27,no
Retail and ecommerce,2026-09-18,Fri,25,yes
Property,2026-05-24,Tue,26,no
Tax and accounting,2026-08-23,Fri,27,no
Tourism and hospitality,2026-07-27,Wed,-2,no
Retail and ecommerce,2026-07-23,Wed,11,yes
Education,2026-08-16,Fri,-2,no
Tax and accounting,2026-07-18,Tue,38,no
Tourism and hospitality,2026-07-27,Sun,29,no
Tax and accounting,2026-07-18,Fri,18,yes
Retail and ecommerce,2026-09-09,Tue,20,no
Education,2026-06-20,Sun,24,yes
Retail and ecommerce,2026-09-10,Wed,-2,yes
Tax and accounting,2026-08-22,Fri,14,no
Tax and accounting,2026-09-01,Fri,7,yes
Tax and accounting,2026-08-19,Sun,38,yes
Tourism and hospitality,2026-06-25,Fri,23,yes
Tourism and hospitality,2026-08-25,Fri,9,no
Tax and accounting,2026-07-02,Fri,30,yes
Tax and accounting,2026-06-25,Sun,21,no
Tax and accounting,2026-09-05,Sun,6,yes
Tourism and hospitality,2026-07-13,Fri,14,yes
Tax and accounting,2026-06-01,Fri,-4,yes
Retail and ecommerce,2026-07-16,Tue,33,yes
Tourism and hospitality,2026-06-24,Fri,30,no
Property,2026-06-29,Tue,18,no
Tourism and hospitality,2026-06-14,Tue,24,yes
Education,2026-08-10,Tue,21,no
Tourism and hospitality,2026-06-09,Tue,-2,yes
Tourism and hospitality,2026-07-27,Tue,21,no
Tax and accounting,2026-05-27,Sun,3,yes
Education,2026-05-24,Tue,37,no
Tourism and hospitality,2026-08-15,Tue,32,no
Tax and accounting,2026-06-03,Sun,10,yes
Tourism and hospitality,2026-09-02,Sun,28,no
Tourism and hospitality,2026-06-04,Sun,35,yes
Retail and ecommerce,2026-05-24,Fri,7,yes
Tax and accounting,2026-09-04,Tue,7,no
Tax and accounting,2026-07-27,Sun,-4,no
Tax and accounting,2026-08-12,Tue,29,yes
Tourism and hospitality,2026-07-16,Sun,16,no
Tourism and hospitality,2026-06-07,Wed,9,no
Tourism and hospitality,2026-07-26,Tue,32,no
Education,2026-07-05,Wed,26,no
Property,2026-08-04,Wed,-1,no
Education,2026-07-09,Tue,5,yes
Tourism and hospitality,2026-09-04,Sun,8,no
Tourism and hospitality,2026-07-27,Fri,23,yes
Tax and accounting,2026-07-27,Tue,22,no
Tourism and hospitality,2026-09-07,Tue,11,no
Tax and accounting,2026-07-07,Fri,30,no
Tourism and hospitality,2026-06-19,Tue,37,yes
Education,2026-09-04,Fri,3,yes
Tourism and hospitality,2026-08-10,Sun,16,yes
Tourism and hospitality,2026-06-05,Wed,3,yes
Tourism and hospitality,2026-09-08,Fri,33,yes
Tax and accounting,2026-07-09,Fri,26,yes
Education,2026-08-11,Fri,11,yes
Education,2026-06-20,Sun,18,no
Tourism and hospitality,2026-08-06,Fri,26,no
Tax and accounting,2026-07-10,Tue,1,yes
Retail and ecommerce,2026-07-24,Fri,4,yes
Tourism and hospitality,2026-07-23,Tue,6,no
Education,2026-08-07,Fri,35,yes
Tax and accounting,2026-06-17,Fri,21,yes
Property,2026-09-01,Tue,20,no
Tourism and hospitality,2026-08-05,Fri,22,yes
Retail and ecommerce,2026-05-26,Fri,32,yes
Tourism and hospitality,2026-08-20,Fri,10,yes
Property,2026-07-15,Sun,8,no
Tourism and hospitality,2026-07-08,Fri,6,no
Tax and accounting,2026-06-05,Sun,24,no
Tax and accounting,2026-08-19,Wed,25,yes
Tax and accounting,2026-07-02,Sun,13,yes
Tourism and hospitality,2026-08-06,Sun,32,yes
Property,2026-05-24,Sun,33,no
Tourism and hospitality,2026-05-31,Fri,-4,yes
Tourism and hospitality,2026-06-21,Fri,15,yes
Tourism and hospitality,2026-07-07,Fri,-5,yes
Retail and ecommerce,2026-08-29,Tue,24,no
Tourism and hospitality,2026-08-24,Fri,25,yes
Education,2026-06-27,Fri,17,no
Tourism and hospitality,2026-08-26,Sun,24,yes
Tourism and hospitality,2026-07-25,Fri,25,no
Education,2026-07-14,Sun,-2,yes
Retail and ecommerce,2026-07-06,Sun,5,yes
Education,2026-05-24,Sun,2,yes
Tourism and hospitality,2026-06-09,Fri,22,yes
Education,2026-09-14,Wed,25,no
Tax and accounting,2026-08-26,Sun,25,no
Property,2026-08-01,Wed,28,yes
Property,2026-07-11,Wed,29,yes
Tourism and hospitality,2026-07-09,Fri,3,yes
Tourism and hospitality,2026-09-04,Sun,5,no
Tourism and hospitality,2026-08-22,Tue,3,no
Tax and accounting,2026-07-16,Fri,27,yes
Tax and accounting,2026-08-23,Sun,34,no
Tourism and hospitality,2026-05-25,Sun,9,yes
Retail and ecommerce,2026-05-29,Sun,19,no
Retail and ecommerce,2026-07-20,Tue,24,yes
Tax and accounting,2026-06-08,Fri,7,yes
Tourism and hospitality,2026-09-01,Tue,6,no
Tax and accounting,2026-07-05,Fri,5,no
Education,2026-07-25,Fri,34,no
Tourism and hospitality,2026-08-11,Tue,30,no
Tourism and hospitality,2026-08-04,Sun,18,no
Property,2026-07-28,Fri,22,yes
Tourism and hospitality,2026-06-18,Fri,27,no
Tourism and hospitality,2026-06-19,Tue,7,no
Tourism and hospitality,2026-05-26,Fri,18,yes
Education,2026-08-20,Tue,9,yes
Property,2026-08-15,Tue,30,no
Tax and accounting,2026-05-30,Tue,16,no
Tax and accounting,2026-06-19,Sun,12,no
Tourism and hospitality,2026-06-27,Tue,29,no
Tourism and hospitality,2026-09-11,Tue,37,yes
Tax and accounting,2026-06-15,Fri,3,no
Education,2026-07-31,Sun,13,no
Tourism and hospitality,2026-08-07,Fri,6,no
Retail and ecommerce,2026-09-13,Wed,25,yes
Tourism and hospitality,2026-08-08,Wed,33,no
Tourism and hospitality,2026-06-11,Tue,10,yes
Tourism and hospitality,2026-06-26,Tue,30,no
Tourism and hospitality,2026-09-09,Fri,33,yes
Tourism and hospitality,2026-06-22,Fri,7,yes
Education,2026-05-28,Fri,15,yes
Tax and accounting,2026-07-18,Fri,1,yes
Tourism and hospitality,2026-08-15,Sun,24,no
Tax and accounting,2026-08-14,Fri,27,yes
Tourism and hospitality,2026-06-24,Fri,23,yes
Tourism and hospitality,2026-08-27,Fri,34,yes
Tax and accounting,2026-08-17,Fri,35,yes
Tax and accounting,2026-08-12,Wed,8,no
Education,2026-07-19,Tue,16,no
Education,2026-08-24,Fri,9,no
Tourism and hospitality,2026-07-08,Sun,26,yes
Property,2026-06-30,Fri,17,yes
Education,2026-09-13,Sun,22,yes
Tourism and hospitality,2026-08-11,Fri,20,yes
Tourism and hospitality,2026-07-07,Sun,23,yes
Education,2026-06-21,Fri,6,yes
Education,2026-06-14,Fri,8,yes
Tax and accounting,2026-07-27,Sun,2,yes
Tax and accounting,2026-08-10,Fri,30,no
Retail and ecommerce,2026-06-02,Fri,31,no
Tax and accounting,2026-06-17,Tue,10,no
Retail and ecommerce,2026-06-05,Wed,20,no
Tourism and hospitality,2026-06-26,Sun,37,yes
Tax and accounting,2026-09-16,Wed,1,yes
Tourism and hospitality,2026-07-03,Fri,19,yes
Retail and ecommerce,2026-08-29,Tue,-7,no
Tax and accounting,2026-07-29,Fri,35,no
Tourism and hospitality,2026-09-01,Sun,24,no
Tax and accounting,2026-08-27,Sun,22,no
Education,2026-08-05,Fri,32,no
Tourism and hospitality,2026-07-08,Sun,38,no
Education,2026-08-04,Fri,-1,yes
Tax and accounting,2026-09-09,Sun,14,yes
Tax and accounting,2026-08-27,Wed,-4,no
Retail and ecommerce,2026-06-22,Sun,31,yes
Education,2026-05-29,Wed,22,no
Tourism and hospitality,2026-07-01,Sun,11,yes
Retail and ecommerce,2026-08-04,Sun,25,yes
Retail and ecommerce,2026-07-11,Sun,33,no
Tax and accounting,2026-06-01,Sun,5,yes
Tax and accounting,2026-07-08,Sun,5,no
Property,2026-07-02,Tue,-2,yes
Tourism and hospitality,2026-08-22,Wed,38,yes
Tourism and hospitality,2026-09-05,Tue,17,yes
Tax and accounting,2026-06-26,Tue,12,yes
Tax and accounting,2026-09-06,Sun,30,no
Tourism and hospitality,2026-09-17,Fri,23,yes
Tourism and hospitality,2026-08-23,Fri,8,no
Education,2026-07-15,Fri,14,no
Tourism and hospitality,2026-07-03,Fri,-6,yes
Education,2026-06-16,Fri,22,yes
Retail and ecommerce,2026-05-28,Fri,32,yes
Education,2026-07-17,Wed,8,yes
Tourism and hospitality,2026-09-07,Wed,23,yes
Tourism and hospitality,2026-06-14,Tue,26,no
Property,2026-07-20,Fri,1,yes
Tourism and hospitality,2026-07-28,Sun,13,no
Tourism and hospitality,2026-08-26,Fri,-5,no
Tourism and hospitality,2026-06-17,Tue,21,yes
Property,2026-07-09,Tue,24,yes
Tourism and hospitality,2026-05-26,Tue,18,no
Tourism and hospitality,2026-07-30,Fri,30,yes
Tax and accounting,2026-07-14,Sun,30,no
Property,2026-07-14,Tue,5,no
Tax and accounting,2026-06-13,Sun,17,yes
Education,2026-08-17,Fri,1,yes
Tourism and hospitality,2026-07-31,Sun,28,yes
Tax and accounting,2026-07-05,Fri,31,yes
Tourism and hospitality,2026-09-05,Fri,23,yes
Tax and accounting,2026-06-10,Fri,21,no
Tourism and hospitality,2026-06-15,Wed,28,no
Tax and accounting,2026-07-06,Tue,7,yes
Tourism and hospitality,2026-06-24,Wed,19,yes
Retail and ecommerce,2026-05-30,Sun,-5,yes
Tourism and hospitality,2026-07-26,Wed,36,no
Retail and ecommerce,2026-08-14,Wed,21,no
Tourism and hospitality,2026-08-12,Tue,23,no
Retail and ecommerce,2026-06-27,Sun,33,yes
Tourism and hospitality,2026-09-15,Fri,31,no
Tourism and hospitality,2026-05-26,Tue,5,yes
Retail and ecommerce,2026-09-17,Wed,11,yes
Tourism and hospitality,2026-09-14,Fri,6,yes
Tax and accounting,2026-07-21,Fri,32,yes
Tourism and hospitality,2026-08-30,Sun,24,no
Retail and ecommerce,2026-08-23,Tue,14,yes
Retail and ecommerce,2026-07-30,Fri,29,yes
Tourism and hospitality,2026-07-27,Fri,28,no
Retail and ecommerce,2026-07-04,Sun,-6,yes
Tourism and hospitality,2026-07-04,Tue,14,no
Property,2026-07-27,Fri,-3,no
Tax and accounting,2026-06-24,Fri,31,no
Property,2026-09-17,Wed,29,no
Tourism and hospitality,2026-09-16,Sun,16,yes
Tax and accounting,2026-09-07,Sun,31,no
Tourism and hospitality,2026-09-17,Fri,25,no
Tourism and hospitality,2026-06-08,Wed,5,no
Tax and accounting,2026-05-26,Fri,14,yes
Tourism and hospitality,2026-08-23,Fri,-4,yes
Property,2026-08-01,Fri,38,yes
Tourism and hospitality,2026-07-05,Fri,22,yes
Tourism and hospitality,2026-07-15,Fri,15,yes
Tourism and hospitality,2026-08-21,Tue,25,yes
Retail and ecommerce,2026-07-21,Tue,27,no
Tourism and hospitality,2026-08-10,Sun,-1,yes
Tourism and hospitality,2026-09-01,Fri,12,no
Tourism and hospitality,2026-09-11,Fri,2,yes
Tourism and hospitality,2026-07-17,Fri,33,yes
Property,2026-05-31,Fri,33,no
Education,2026-06-12,Tue,12,yes
Tax and accounting,2026-06-07,Sun,22,yes
Retail and ecommerce,2026-06-14,Wed,27,no
Tourism and hospitality,2026-07-22,Fri,2,yes
Education,2026-08-15,Tue,20,yes
Tourism and hospitality,2026-07-02,Tue,-2,no
Education,2026-05-31,Fri,36,no
Property,2026-06-13,Fri,19,no
Tourism and hospitality,2026-09-16,Fri,9,yes
Retail and ecommerce,2026-08-05,Sun,34,no
Tourism and hospitality,2026-07-20,Fri,22,yes
Education,2026-08-10,Tue,-6,yes
Tax and accounting,2026-07-01,Tue,17,no
Tax and accounting,2026-07-22,Sun,5,yes
Retail and ecommerce,2026-08-04,Sun,33,yes
Tourism and hospitality,2026-06-16,Fri,19,yes
Tourism and hospitality,2026-06-22,Wed,12,no
Tourism and hospitality,2026-07-07,Wed,20,no
Tourism and hospitality,2026-07-11,Fri,27,yes
Tourism and hospitality,2026-08-18,Fri,7,yes
Tourism and hospitality,2026-08-06,Sun,16,yes
Property,2026-06-17,Sun,8,no
Property,2026-07-17,Fri,36,yes
Tax and accounting,2026-05-26,Fri,28,yes
Tourism and hospitality,2026-05-25,Fri,9,no
Tourism and hospitality,2026-07-28,Fri,33,yes
Tax and accounting,2026-08-10,Tue,24,yes
Tourism and hospitality,2026-06-12,Sun,-4,yes
Tourism and hospitality,2026-07-02,Tue,21,no
Tax and accounting,2026-07-19,Tue,-5,yes
Education,2026-05-29,Wed,22,yes
Education,2026-09-11,Tue,22,yes
Tax and accounting,2026-06-25,Fri,23,yes
Tourism and hospitality,2026-05-31,Tue,21,no
Retail and ecommerce,2026-08-14,Sun,22,no
Education,2026-05-27,Tue,-4,yes
Tax and accounting,2026-07-10,Fri,20,no
Tourism and hospitality,2026-06-22,Sun,6,yes
Tourism and hospitality,2026-09-04,Tue,25,no
Tourism and hospitality,2026-08-05,Wed,18,no
Tax and accounting,2026-06-30,Tue,10,no
Tourism and hospitality,2026-07-30,Fri,22,no
Tourism and hospitality,2026-07-14,Tue,25,no
Tax and accounting,2026-08-02,Fri,2,yes
Property,2026-09-05,Wed,16,no
Education,2026-08-09,Tue,7,yes
Tourism and hospitality,2026-08-08,Tue,29,no
Tourism and hospitality,2026-08-28,Tue,25,yes
Tax and accounting,2026-08-22,Fri,13,yes
Tourism and hospitality,2026-06-19,Tue,18,no
Property,2026-07-17,Tue,25,yes
Tourism and hospitality,2026-06-12,Tue,7,yes
Tourism and hospitality,2026-06-18,Tue,21,no
Property,2026-07-31,Tue,-3,yes
Tourism and hospitality,2026-07-15,Sun,35,yes
Property,2026-06-28,Wed,18,no
Tourism and hospitality,2026-09-05,Sun,9,yes
Tourism and hospitality,2026-09-13,Sun,33,yes
Tourism and hospitality,2026-07-10,Wed,29,no
Tax and accounting,2026-06-15,Sun,10,no
Tourism and hospitality,2026-09-07,Fri,21,no
Tourism and hospitality,2026-06-21,Wed,5,yes
Property,2026-06-23,Fri,26,yes
Tourism and hospitality,2026-07-25,Tue,29,yes
Tax and accounting,2026-09-17,Sun,20,yes
Education,2026-06-20,Tue,19,yes
Tax and accounting,2026-08-03,Sun,31,yes
Retail and ecommerce,2026-06-24,Fri,10,yes
Tourism and hospitality,2026-09-12,Fri,19,no
Tourism and hospitality,2026-07-09,Fri,1,no
Education,2026-06-01,Fri,37,yes
Tourism and hospitality,2026-09-18,Sun,20,no
Property,2026-09-10,Tue,15,yes
Tourism and hospitality,2026-06-23,Wed,28,yes
Tourism and hospitality,2026-09-14,Sun,32,no
Tourism and hospitality,2026-05-31,Tue,9,no
Education,2026-07-13,Fri,5,yes
Tax and accounting,2026-07-25,Tue,0,no
Retail and ecommerce,2026-06-27,Sun,36,no
Tax and accounting,2026-06-09,Tue,24,yes
Property,2026-08-16,Sun,25,no
Property,2026-08-18,Fri,17,yes
Property,2026-08-06,Wed,24,yes
Property,2026-08-08,Sun,5,no
Tax and accounting,2026-08-23,Fri,10,yes
Tourism and hospitality,2026-08-09,Sun,0,yes
Tourism and hospitality,2026-05-29,Wed,30,yes
Education,2026-06-20,Sun,24,no
Property,2026-07-11,Sun,17,no
Tourism and hospitality,2026-07-29,Tue,24,yes
Tourism and hospitality,2026-05-29,Fri,21,no
Retail and ecommerce,2026-08-18,Fri,-1,no
Tax and accounting,2026-09-15,Sun,13,yes
Property,2026-05-26,Sun,-3,yes
Tax and accounting,2026-05-27,Sun,26,yes
Education,2026-06-19,Tue,29,no
Property,2026-08-20,Fri,20,yes
Property,2026-06-13,Fri,30,no
Tax and accounting,2026-06-08,Fri,32,yes
Tourism and hospitality,2026-05-27,Fri,-2,yes
Tourism and hospitality,2026-09-16,Tue,17,yes
Tax and accounting,2026-08-23,Sun,7,yes
Property,2026-08-15,Sun,30,no
Tourism and hospitality,2026-05-23,Wed,24,no
Education,2026-07-09,Tue,18,no
Tourism and hospitality,2026-07-09,Fri,23,yes
Tourism and hospitality,2026-07-10,Fri,23,yes
Tourism and hospitality,2026-06-25,Sun,1,yes
Retail and ecommerce,2026-09-07,Wed,11,yes
Tax and accounting,2026-09-03,Fri,8,no
Tourism and hospitality,2026-06-30,Wed,30,no
Tax and accounting,2026-07-23,Fri,25,no
Education,2026-09-15,Tue,12,no
Property,2026-08-23,Fri,22,no
Tourism and hospitality,2026-08-30,Tue,21,no
Tax and accounting,2026-05-27,Tue,3,yes
Tax and accounting,2026-06-03,Tue,11,yes
Tax and accounting,2026-06-27,Sun,6,yes
Tourism and hospitality,2026-06-19,Tue,25,yes
Tourism and hospitality,2026-09-03,Sun,30,yes
Tourism and hospitality,2026-08-19,Fri,17,yes
Tourism and hospitality,2026-09-16,Sun,34,yes
Property,2026-09-03,Sun,33,no
Tourism and hospitality,2026-08-09,Tue,-5,no
Education,2026-07-19,Tue,18,yes
Education,2026-09-14,Tue,5,yes
Tourism and hospitality,2026-06-05,Fri,25,yes
Retail and ecommerce,2026-07-04,Tue,19,yes
Tourism and hospitality,2026-06-30,Sun,12,yes
Retail and ecommerce,2026-07-27,Sun,25,yes
Education,2026-07-11,Sun,35,no
Education,2026-08-16,Fri,8,no
Tax and accounting,2026-08-05,Tue,8,yes
Retail and ecommerce,2026-09-10,Sun,7,no
Retail and ecommerce,2026-08-22,Fri,22,yes
Property,2026-06-15,Fri,30,no
Property,2026-05-27,Sun,20,no
Education,2026-05-24,Tue,28,no
Education,2026-07-18,Fri,37,no
Education,2026-07-19,Fri,0,no
Tourism and hospitality,2026-06-18,Fri,6,no
Retail and ecommerce,2026-06-07,Tue,-2,yes
Tourism and hospitality,2026-06-06,Sun,26,yes
Tourism and hospitality,2026-06-27,Tue,17,yes
Retail and ecommerce,2026-05-27,Sun,20,yes
Tax and accounting,2026-08-05,Fri,30,no
Tax and accounting,2026-07-12,Tue,26,yes
Tourism and hospitality,2026-08-18,Fri,6,no
Tourism and hospitality,2026-07-19,Sun,21,no
Tourism and hospitality,2026-07-04,Sun,4,no
Tourism and hospitality,2026-06-07,Fri,26,yes
Tourism and hospitality,2026-05-25,Sun,17,no
Tourism and hospitality,2026-06-14,Tue,14,yes
Tourism and hospitality,2026-08-05,Fri,32,yes
Tourism and hospitality,2026-08-11,Sun,33,yes
Tourism and hospitality,2026-07-04,Wed,-4,no
Tourism and hospitality,2026-08-06,Sun,7,yes
Tax and accounting,2026-05-24,Sun,7,no
Tourism and hospitality,2026-06-17,Wed,36,yes
Tourism and hospitality,2026-08-08,Sun,27,no
Property,2026-06-14,Sun,25,yes
Education,2026-07-07,Fri,29,yes
Retail and ecommerce,2026-09-03,Fri,21,no
Property,2026-08-26,Fri,2,no
Tax and accounting,2026-06-13,Wed,16,yes
Property,2026-06-29,Sun,7,no
Education,2026-08-24,Sun,39,no
Education,2026-06-06,Fri,17,yes
Property,2026-06-28,Tue,12,no
Education,2026-07-15,Sun,21,no
Retail and ecommerce,2026-08-06,Sun,34,yes
Tourism and hospitality,2026-08-17,Sun,-1,no
Property,2026-08-20,Fri,6,no
Education,2026-08-21,Fri,-6,no
Tax and accounting,2026-07-18,Fri,38,yes
Tourism and hospitality,2026-07-21,Fri,20,yes
Tax and accounting,2026-07-12,Tue,20,yes
Property,2026-07-03,Fri,19,yes
Tax and accounting,2026-07-28,Fri,25,yes
Tax and accounting,2026-06-28,Fri,1,yes
Tourism and hospitality,2026-06-22,Fri,11,yes
Tourism and hospitality,2026-08-30,Fri,-1,no
Tourism and hospitality,2026-07-06,Sun,36,no
Education,2026-07-28,Fri,22,yes
Tourism and hospitality,2026-07-02,Sun,20,yes
Retail and ecommerce,2026-08-21,Sun,30,yes
Tax and accounting,2026-08-28,Wed,25,yes
Tourism and hospitality,2026-08-22,Wed,5,yes
Property,2026-05-24,Fri,18,yes
Tax and accounting,2026-08-19,Fri,9,no
Tourism and hospitality,2026-08-22,Fri,34,yes
Tourism and hospitality,2026-09-16,Sun,27,no
Tourism and hospitality,2026-08-11,Fri,12,yes
Tourism and hospitality,2026-06-01,Fri,26,no
Tourism and hospitality,2026-05-22,Sun,25,no
Tourism and hospitality,2026-06-16,Fri,6,no
Retail and ecommerce,2026-09-08,Sun,19,no
Retail and ecommerce,2026-09-18,Tue,-2,yes
Tourism and hospitality,2026-07-20,Fri,31,no
Tax and accounting,2026-08-01,Fri,17,yes
Tax and accounting,2026-08-27,Sun,13,no
Tourism and hospitality,2026-08-31,Sun,34,yes
Tourism and hospitality,2026-09-18,Tue,37,yes
Education,2026-08-31,Sun,-6,yes
Tax and accounting,2026-06-03,Fri,21,no
Tourism and hospitality,2026-08-02,Sun,8,no
Tax and accounting,2026-09-07,Tue,30,yes
Education,2026-08-02,Tue,26,no
Tourism and hospitality,2026-06-03,Sun,16,no
Property,2026-08-17,Tue,21,yes
Tourism and hospitality,2026-08-12,Fri,32,no
Tourism and hospitality,2026-08-28,Sun,-3,yes
Property,2026-09-13,Tue,7,yes
Education,2026-09-04,Tue,6,yes
Tourism and hospitality,2026-07-11,Tue,26,no
Tourism and hospitality,2026-08-30,Tue,29,yes
Tourism and hospitality,2026-06-27,Sun,13,yes
Education,2026-05-22,Tue,18,yes
Property,2026-08-27,Sun,36,yes
Tourism and hospitality,2026-06-28,Tue,9,no
Tax and accounting,2026-05-29,Fri,17,yes
Tourism and hospitality,2026-05-22,Sun,-7,yes
Tourism and hospitality,2026-08-20,Sun,26,yes
Retail and ecommerce,2026-08-02,Tue,22,yes
Tourism and hospitality,2026-07-30,Tue,17,no
Education,2026-09-03,Tue,33,yes
Tourism and hospitality,2026-09-16,Fri,21,no
Tourism and hospitality,2026-07-23,Tue,-4,yes
Education,2026-07-29,Sun,6,no
Education,2026-08-13,Fri,8,no
Tourism and hospitality,2026-08-15,Wed,23,no
Education,2026-08-13,Wed,24,no
Property,2026-06-21,Sun,18,no
Tourism and hospitality,2026-08-29,Fri,33,yes
Property,2026-05-28,Fri,37,yes
Tourism and hospitality,2026-08-24,Fri,-6,no
Tourism and hospitality,2026-07-16,Sun,6,yes
Education,2026-09-02,Fri,-1,no
Property,2026-09-11,Fri,27,no
Tourism and hospitality,2026-09-11,Fri,31,yes
Tourism and hospitality,2026-07-11,Fri,19,yes
Tax and accounting,2026-06-13,Tue,23,no
Education,2026-09-02,Tue,28,yes
Tourism and hospitality,2026-06-05,Tue,-6,no
Education,2026-08-09,Fri,18,no
Tax and accounting,2026-07-21,Fri,2,no
Tourism and hospitality,2026-08-13,Sun,31,no
Tourism and hospitality,2026-06-18,Fri,28,yes
Education,2026-08-28,Sun,19,no
Education,2026-07-06,Fri,28,no
Tourism and hospitality,2026-07-07,Wed,25,no
Retail and ecommerce,2026-08-19,Fri,5,yes
Tourism and hospitality,2026-06-15,Sun,9,no
Property,2026-08-22,Tue,9,no
Retail and ecommerce,2026-08-26,Sun,33,no
Property,2026-07-11,Sun,34,no
Tourism and hospitality,2026-07-10,Wed,10,no
Tourism and hospitality,2026-06-29,Fri,29,no
Tourism and hospitality,2026-09-11,Fri,28,yes
Tax and accounting,2026-09-04,Wed,10,no
Tourism and hospitality,2026-06-04,Fri,21,yes
Property,2026-05-30,Fri,-7,yes
Tax and accounting,2026-08-29,Fri,29,no
Tax and accounting,2026-07-20,Wed,18,yes
Tourism and hospitality,2026-05-23,Wed,22,yes
Tax and accounting,2026-07-25,Fri,27,yes
Tourism and hospitality,2026-06-08,Fri,21,no
Education,2026-07-13,Tue,10,no
Retail and ecommerce,2026-07-11,Fri,19,no
Tax and accounting,2026-08-05,Fri,8,no
Tourism and hospitality,2026-05-26,Tue,22,no
Tourism and hospitality,2026-08-27,Tue,27,yes
Tourism and hospitality,2026-06-13,Fri,19,no
Tourism and hospitality,2026-07-16,Fri,28,yes
Tax and accounting,2026-06-23,Tue,24,no
Tourism and hospitality,2026-07-05,Fri,5,yes
Tourism and hospitality,2026-08-22,Fri,19,no
Tourism and hospitality,2026-06-11,Sun,7,yes
Retail and ecommerce,2026-08-15,Fri,28,no
Tourism and hospitality,2026-09-13,Fri,27,no
Tourism and hospitality,2026-08-04,Fri,21,yes
Tax and accounting,2026-08-01,Tue,33,no
Education,2026-07-09,Wed,36,no
Tax and accounting,2026-09-05,Sun,-1,no
Education,2026-07-02,Fri,16,no
Tax and accounting,2026-09-02,Fri,5,no
Tourism and hospitality,2026-06-08,Tue,29,yes
Property,2026-07-11,Tue,24,yes
Education,2026-06-03,Fri,19,yes
Tax and accounting,2026-08-09,Fri,21,no
Tax and accounting,2026-06-02,Fri,34,yes
Property,2026-05-31,Wed,-5,no
Tax and accounting,2026-09-01,Tue,6,no
Tax and accounting,2026-09-10,Tue,-3,no
Retail and ecommerce,2026-05-29,Fri,29,yes
Tourism and hospitality,2026-08-31,Sun,30,no
Education,2026-06-04,Sun,10,yes
Retail and ecommerce,2026-06-24,Fri,22,no
Tax and accounting,2026-06-12,Sun,28,no
Tourism and hospitality,2026-06-10,Fri,-3,yes
Education,2026-06-25,Fri,7,no
Retail and ecommerce,2026-06-07,Fri,5,yes
Tourism and hospitality,2026-07-29,Wed,37,yes
Retail and ecommerce,2026-05-23,Tue,28,yes
Tourism and hospitality,2026-08-01,Sun,19,no
Tax and accounting,2026-08-10,Wed,31,no
Property,2026-06-24,Fri,26,no
Tourism and hospitality,2026-07-27,Fri,-6,no
Tourism and hospitality,2026-08-08,Sun,6,yes
Tourism and hospitality,2026-07-19,Tue,5,yes
Tourism and hospitality,2026-06-07,Fri,24,yes
Property,2026-09-06,Tue,29,no
Tax and accounting,2026-09-08,Sun,23,yes
Tourism and hospitality,2026-08-30,Sun,19,yes
Tax and accounting,2026-08-16,Tue,32,no
Property,2026-08-12,Tue,3,yes
Tourism and hospitality,2026-09-10,Tue,21,no
Property,2026-07-15,Wed,-3,no
Tourism and hospitality,2026-08-01,Wed,21,no
Tourism and hospitality,2026-07-07,Tue,18,yes
Retail and ecommerce,2026-06-22,Fri,15,no
Education,2026-05-25,Sun,25,yes
Tourism and hospitality,2026-08-15,Fri,24,yes
Tax and accounting,2026-08-30,Sun,-1,no
Education,2026-08-08,Tue,19,yes
Tourism and hospitality,2026-06-30,Wed,-3,no
Property,2026-06-02,Sun,36,no
Property,2026-08-25,Wed,18,yes
Tax and accounting,2026-08-11,Wed,21,yes
Tourism and hospitality,2026-09-09,Fri,23,yes
Tourism and hospitality,2026-08-29,Sun,25,no
Tourism and hospitality,2026-06-02,Fri,9,yes
Retail and ecommerce,2026-07-07,Sun,21,no
Tourism and hospitality,2026-06-08,Tue,8,no
Tax and accounting,2026-09-12,Sun,24,no
Retail and ecommerce,2026-08-07,Tue,23,no
Tourism and hospitality,2026-05-22,Tue,23,no
Property,2026-07-19,Tue,33,no
Education,2026-09-11,Sun,28,yes
Tourism and hospitality,2026-08-13,Fri,-4,yes
Tax and accounting,2026-06-02,Sun,7,no
Tourism and hospitality,2026-09-07,Tue,-5,yes
Tax and accounting,2026-08-25,Fri,37,no
Education,2026-09-11,Fri,17,no
Education,2026-09-16,Tue,21,no
Property,2026-06-04,Fri,23,no
Tourism and hospitality,2026-08-25,Wed,25,yes
Tourism and hospitality,2026-08-09,Tue,-2,yes
Tourism and hospitality,2026-06-14,Tue,10,no
Tourism and hospitality,2026-06-23,Fri,-3,yes
Tax and accounting,2026-05-31,Sun,34,yes
Tax and accounting,2026-08-25,Wed,29,yes
Tourism and hospitality,2026-09-12,Fri,13,no
Tax and accounting,2026-08-06,Fri,26,no
Tax and accounting,2026-07-13,Tue,37,yes
Tourism and hospitality,2026-08-24,Fri,-5,yes
Tourism and hospitality,2026-08-16,Sun,13,no
Tourism and hospitality,2026-08-18,Sun,-2,no
Tourism and hospitality,2026-08-27,Wed,35,yes
Tourism and hospitality,2026-07-15,Fri,22,yes
Tax and accounting,2026-06-21,Fri,10,yes
Tax and accounting,2026-06-28,Tue,19,yes
Tourism and hospitality,2026-09-11,Wed,36,no
Tax and accounting,2026-07-05,Sun,-7,yes
Property,2026-05-28,Tue,7,yes
Tourism and hospitality,2026-09-11,Sun,9,yes
Tax and accounting,2026-07-13,Tue,32,yes
Tax and accounting,2026-08-06,Fri,33,yes
Education,2026-06-04,Wed,22,yes
Tourism and hospitality,2026-07-28,Wed,23,no
Tax and accounting,2026-07-13,Fri,24,yes
Tourism and hospitality,2026-08-19,Tue,-4,yes
Retail and ecommerce,2026-08-31,Fri,18,no
Tourism and hospitality,2026-09-08,Sun,-4,no
Education,2026-07-01,Fri,27,yes
Retail and ecommerce,2026-07-13,Wed,28,yes
Tax and accounting,2026-08-03,Sun,9,no
Property,2026-09-13,Tue,30,yes
Education,2026-09-08,Fri,34,yes
Tourism and hospitality,2026-07-05,Fri,-3,no
Tourism and hospitality,2026-05-29,Fri,12,no
Education,2026-09-07,Tue,2,no
Education,2026-06-07,Tue,27,yes
Tourism and hospitality,2026-08-13,Wed,17,yes
Education,2026-09-15,Fri,17,no
Tax and accounting,2026-07-16,Fri,34,no
Retail and ecommerce,2026-07-19,Tue,32,yes
Tourism and hospitality,2026-09-08,Sun,6,yes
Property,2026-07-26,Wed,18,yes
Tourism and hospitality,2026-07-08,Fri,-4,yes
Tourism and hospitality,2026-06-07,Fri,31,yes
Tax and accounting,2026-08-09,Tue,17,no
Tourism and hospitality,2026-08-29,Tue,10,no
Property,2026-08-20,Tue,29,yes
Tourism and hospitality,2026-06-18,Fri,28,no
Education,2026-08-30,Fri,-5,yes
Education,2026-06-28,Fri,15,no
Education,2026-08-13,Sun,-3,no
Tourism and hospitality,2026-07-29,Fri,33,yes
Tourism and hospitality,2026-09-08,Tue,22,yes
Tourism and hospitality,2026-07-14,Fri,20,yes
Tourism and hospitality,2026-07-26,Sun,25,yes
Property,2026-05-30,Sun,24,yes
Property,2026-09-10,Sun,10,no
Tourism and hospitality,2026-08-17,Sun,6,no
Tourism and hospitality,2026-06-15,Fri,9,yes
Tax and accounting,2026-09-02,Sun,35,no
Tax and accounting,2026-07-10,Wed,28,yes
Tourism and hospitality,2026-07-14,Tue,8,no
Property,2026-05-30,Wed,22,yes
Tax and accounting,2026-08-25,Tue,34,no
Tourism and hospitality,2026-09-01,Fri,-4,no
Tourism and hospitality,2026-06-08,Tue,8,no
Tourism and hospitality,2026-06-24,Fri,1,yes
Property,2026-05-31,Fri,38,yes
Tax and accounting,2026-06-10,Fri,23,no
Tourism and hospitality,2026-07-24,Fri,16,yes
Tourism and hospitality,2026-08-07,Fri,26,yes
Tourism and hospitality,2026-06-10,Tue,32,no
Education,2026-09-02,Fri,10,yes
Tax and accounting,2026-06-18,Sun,10,yes
Tax and accounting,2026-08-26,Tue,4,no
Tax and accounting,2026-09-15,Fri,34,yes
Property,2026-06-02,Sun,33,no
Tax and accounting,2026-05-24,Tue,17,yes
Property,2026-08-10,Tue,22,no
Tourism and hospitality,2026-08-14,Tue,25,no
Tourism and hospitality,2026-06-05,Tue,6,yes
Tax and accounting,2026-07-09,Fri,12,no
Tourism and hospitality,2026-06-06,Sun,-3,no
Retail and ecommerce,2026-06-01,Tue,28,no
Education,2026-08-03,Sun,17,no
Tax and accounting,2026-06-01,Wed,23,yes
Education,2026-06-18,Tue,33,yes
Tourism and hospitality,2026-06-22,Fri,34,yes
Tourism and hospitality,2026-06-03,Fri,5,no
Tourism and hospitality,2026-09-10,Tue,16,yes
Tourism and hospitality,2026-07-14,Wed,7,no
Tax and accounting,2026-07-11,Sun,23,no
Tax and accounting,2026-09-14,Tue,28,yes
Tourism and hospitality,2026-08-29,Sun,23,yes
Tourism and hospitality,2026-07-30,Fri,21,yes
Tourism and hospitality,2026-09-01,Fri,25,yes
Property,2026-05-28,Fri,6,no
Tax and accounting,2026-08-05,Fri,8,yes
Tourism and hospitality,2026-08-15,Sun,1,no
Property,2026-07-05,Tue,33,yes
Education,2026-08-21,Fri,30,no
Retail and ecommerce,2026-06-30,Wed,11,yes
Tourism and hospitality,2026-08-04,Tue,22,yes
Tourism and hospitality,2026-07-06,Sun,22,no
Property,2026-08-13,Sun,8,yes
Retail and ecommerce,2026-06-04,Sun,15,yes
Retail and ecommerce,2026-07-21,Fri,0,no
Tourism and hospitality,2026-06-30,Wed,25,no
Property,2026-06-06,Tue,19,no
Tax and accounting,2026-09-13,Wed,17,no
Tax and accounting,2026-09-18,Tue,28,yes
Tourism and hospitality,2026-06-10,Tue,34,yes
Tourism and hospitality,2026-07-18,Tue,9,yes
Tourism and hospitality,2026-06-18,Fri,8,yes
Retail and ecommerce,2026-06-11,Sun,0,no
Tourism and hospitality,2026-09-06,Tue,33,yes
Property,2026-07-16,Wed,17,no
Property,2026-08-12,Fri,23,no
Tourism and hospitality,2026-08-01,Tue,33,yes
Tourism and hospitality,2026-09-12,Sun,23,yes
Tourism and hospitality,2026-08-19,Sun,1,no
Tourism and hospitality,2026-06-06,Fri,5,yes
Tourism and hospitality,2026-05-26,Fri,4,no
Property,2026-09-06,Sun,31,yes
Tourism and hospitality,2026-08-10,Wed,27,no
Tax and accounting,2026-07-27,Fri,17,no
Tax and accounting,2026-07-24,Tue,24,yes
Tourism and hospitality,2026-07-18,Wed,25,yes
Property,2026-07-10,Tue,4,yes
Tax and accounting,2026-05-26,Fri,15,no
Tourism and hospitality,2026-06-25,Wed,-1,no
Tourism and hospitality,2026-08-26,Sun,27,yes
Education,2026-06-27,Wed,24,yes
Tourism and hospitality,2026-09-01,Fri,18,yes
Tax and accounting,2026-06-16,Wed,33,no
Tourism and hospitality,2026-06-29,Tue,29,yes
Tax and accounting,2026-08-03,Tue,10,no
Tourism and hospitality,2026-08-30,Tue,7,no
Tax and accounting,2026-08-14,Sun,2,yes
Tourism and hospitality,2026-06-16,Fri,23,yes
Tax and accounting,2026-06-12,Sun,20,yes
Property,2026-08-15,Sun,24,no
Tourism and hospitality,2026-09-13,Fri,26,no
Education,2026-05-27,Tue,32,no
Retail and ecommerce,2026-08-03,Tue,-5,yes
Tourism and hospitality,2026-06-07,Sun,19,no
Tax and accounting,2026-08-06,Sun,9,yes
Property,2026-06-25,Tue,27,no
Tax and accounting,2026-07-20,Tue,23,no
Property,2026-07-27,Wed,22,yes
Property,2026-08-29,Fri,28,yes
Tax and accounting,2026-07-24,Sun,31,yes
Retail and ecommerce,2026-09-02,Sun,-3,no
Tax and accounting,2026-06-10,Wed,9,yes
Tourism and hospitality,2026-08-09,Tue,-3,no
Tourism and hospitality,2026-08-04,Sun,30,yes
Property,2026-09-04,Tue,21,no
Property,2026-06-25,Tue,9,yes
Tourism and hospitality,2026-05-24,Fri,22,yes
Tax and accounting,2026-06-09,Fri,29,no
Retail and ecommerce,2026-07-28,Fri,6,yes
Property,2026-06-15,Wed,14,no
Tourism and hospitality,2026-07-29,Fri,1,yes
Tax and accounting,2026-07-09,Tue,38,no
Retail and ecommerce,2026-09-14,Tue,19,yes
Education,2026-06-29,Tue,12,no
Tax and accounting,2026-06-19,Tue,31,yes
Tax and accounting,2026-07-16,Fri,23,yes
Education,2026-06-19,Fri,6,yes
Education,2026-09-18,Sun,12,yes
Tourism and hospitality,2026-07-22,Tue,2,no
Tourism and hospitality,2026-07-14,Tue,27,yes
Property,2026-08-06,Fri,31,no
Property,2026-07-16,Sun,13,yes
Tourism and hospitality,2026-06-15,Fri,26,no
Tourism and hospitality,2026-08-10,Sun,23,no
Tourism and hospitality,2026-09-14,Tue,7,no
Tax and accounting,2026-09-05,Fri,20,no
Property,2026-06-15,Sun,5,yes
Property,2026-06-22,Fri,28,yes
Property,2026-09-12,Fri,21,no
Tax and accounting,2026-08-21,Tue,17,no
Tourism and hospitality,2026-07-07,Sun,25,no
Tourism and hospitality,2026-07-24,Tue,25,no
Property,2026-09-06,Fri,7,yes
Tourism and hospitality,2026-08-16,Sun,10,no
Retail and ecommerce,2026-06-17,Sun,7,no
Property,2026-08-27,Sun,31,yes
Tax and accounting,2026-07-24,Sun,29,yes
Property,2026-08-28,Fri,9,no
Tourism and hospitality,2026-06-04,Wed,29,yes
Property,2026-06-21,Tue,31,yes
Tax and accounting,2026-07-14,Sun,-6,yes
Tourism and hospitality,2026-08-06,Sun,11,yes
Tax and accounting,2026-06-04,Tue,1,yes
Tourism and hospitality,2026-08-19,Sun,36,yes
Tourism and hospitality,2026-07-15,Wed,24,yes
Education,2026-09-11,Fri,14,no
Tourism and hospitality,2026-07-14,Fri,21,no
Tourism and hospitality,2026-05-23,Fri,21,yes
Education,2026-08-23,Fri,3,no
Tax and accounting,2026-09-06,Sun,21,yes
Tourism and hospitality,2026-06-15,Wed,3,yes
Tax and accounting,2026-08-19,Sun,28,no
Tourism and hospitality,2026-06-25,Tue,32,yes
Retail and ecommerce,2026-07-12,Fri,14,yes
Retail and ecommerce,2026-06-25,Wed,31,no
Tourism and hospitality,2026-08-17,Fri,37,yes
Tax and accounting,2026-07-08,Fri,0,no
Tourism and hospitality,2026-08-02,Sun,14,no
Tourism and hospitality,2026-07-24,Sun,2,yes
Tourism and hospitality,2026-09-10,Tue,35,no
Education,2026-06-05,Fri,33,yes
Tourism and hospitality,2026-05-27,Fri,13,yes
Tax and accounting,2026-08-08,Sun,18,yes
Tourism and hospitality,2026-08-19,Fri,23,yes
Tourism and hospitality,2026-08-29,Fri,0,no
Retail and ecommerce,2026-08-15,Sun,9,no
Tax and accounting,2026-05-22,Fri,-5,yes
Education,2026-07-28,Fri,31,no
Retail and ecommerce,2026-08-21,Tue,28,no
Tourism and hospitality,2026-06-11,Tue,24,yes
Tax and accounting,2026-08-16,Fri,25,no
Tourism and hospitality,2026-08-24,Fri,26,yes
Property,2026-08-17,Fri,-4,no
Tourism and hospitality,2026-08-16,Sun,9,yes
Education,2026-06-28,Fri,8,yes
Education,2026-06-09,Tue,39,yes
Property,2026-05-23,Sun,22,no
Tax and accounting,2026-08-03,Wed,24,yes
Tax and accounting,2026-08-20,Tue,22,no
Tax and accounting,2026-08-27,Sun,31,yes
Property,2026-08-08,Sun,3,yes
Property,2026-06-16,Fri,10,yes
Tax and accounting,2026-05-29,Fri,5,yes
Property,2026-07-31,Fri,26,yes
Tax and accounting,2026-08-07,Wed,26,no
Tourism and hospitality,2026-07-14,Wed,15,no
Tax and accounting,2026-09-13,Fri,19,yes
Education,2026-06-10,Sun,30,no
Tourism and hospitality,2026-06-01,Fri,3,yes
Tourism and hospitality,2026-08-01,Fri,13,no
Tourism and hospitality,2026-08-10,Fri,-8,no
Tax and accounting,2026-08-22,Tue,38,yes
Property,2026-06-15,Wed,27,no
Tax and accounting,2026-07-29,Tue,21,yes
Tourism and hospitality,2026-06-14,Fri,28,no
Tourism and hospitality,2026-08-03,Tue,26,yes
Tax and accounting,2026-09-05,Fri,0,no
Retail and ecommerce,2026-07-09,Fri,21,yes
Tax and accounting,2026-07-13,Sun,1,yes
Tourism and hospitality,2026-08-29,Sun,32,no
Tourism and hospitality,2026-07-21,Fri,27,no
Retail and ecommerce,2026-07-02,Tue,15,yes
Tourism and hospitality,2026-05-24,Fri,26,no
Tourism and hospitality,2026-07-01,Sun,26,no
Tourism and hospitality,2026-06-14,Fri,7,no
Tax and accounting,2026-08-10,Sun,6,yes
Tourism and hospitality,2026-07-07,Tue,-6,no
Retail and ecommerce,2026-06-09,Tue,30,no
Tax and accounting,2026-08-20,Sun,29,yes
Tourism and hospitality,2026-06-05,Sun,12,no
Education,2026-06-06,Tue,33,no
Tourism and hospitality,2026-06-08,Fri,29,no
Tourism and hospitality,2026-07-17,Sun,2,yes
Retail and ecommerce,2026-08-27,Tue,13,no
Education,2026-06-14,Fri,9,no
Tax and accounting,2026-06-20,Wed,34,no
Tourism and hospitality,2026-07-27,Sun,19,no
Tax and accounting,2026-05-29,Fri,21,yes
Retail and ecommerce,2026-07-20,Fri,23,no
Retail and ecommerce,2026-05-23,Fri,29,yes
Education,2026-07-08,Fri,8,yes
Tourism and hospitality,2026-08-11,Sun,12,yes
Retail and ecommerce,2026-05-28,Fri,-3,yes
Tourism and hospitality,2026-09-07,Fri,23,yes
Tax and accounting,2026-07-02,Fri,26,no
Education,2026-06-08,Sun,18,no
Property,2026-09-13,Wed,30,no
Tax and accounting,2026-08-20,Fri,27,no
Property,2026-07-12,Sun,-1,no
Tax and accounting,2026-06-11,Sun,16,no
