member_id,checkin_at
Z0185,2026-06-08 06:02
Z0378,2026-06-08 06:07
Z0308,2026-06-08 06:09
Z0301,2026-06-08 06:14
Z0213,2026-06-08 06:16
Z0457,2026-06-08 06:19
Z0767,2026-06-08 06:19
Z0227,2026-06-08 06:20
Z0297,2026-06-08 06:25
Z0062,2026-06-08 06:26
Z0255,2026-06-08 06:27
Z0176,2026-06-08 06:28
Z0871,2026-06-08 06:28
Z0159,2026-06-08 06:29
Z0272,2026-06-08 06:29
Z0373,2026-06-08 06:31
Z0188,2026-06-08 06:33
Z0005,2026-06-08 06:34
Z0760,2026-06-08 06:36
Z0823,2026-06-08 06:40
Z0307,2026-06-08 06:41
Z0382,2026-06-08 06:42
Z0042,2026-06-08 06:43
Z0783,2026-06-08 06:43
Z0852,2026-06-08 06:43
Z0861,2026-06-08 06:48
Z0147,2026-06-08 06:49
Z0104,2026-06-08 06:51
Z0331,2026-06-08 06:56
Z0030,2026-06-08 06:57
Z0156,2026-06-08 06:57
Z0759,2026-06-08 06:57
Z0101,2026-06-08 06:58
Z0114,2026-06-08 06:58
Z0309,2026-06-08 06:58
Z0134,2026-06-08 07:00
Z0135,2026-06-08 07:03
Z0080,2026-06-08 07:05
Z0893,2026-06-08 07:06
Z0532,2026-06-08 07:07
Z0110,2026-06-08 07:08
Z0124,2026-06-08 07:08
Z0160,2026-06-08 07:09
Z0780,2026-06-08 07:09
Z0878,2026-06-08 07:10
Z0580,2026-06-08 07:11
Z0788,2026-06-08 07:11
Z0019,2026-06-08 07:15
Z0199,2026-06-08 07:16
Z0796,2026-06-08 07:16
Z0072,2026-06-08 07:17
Z0793,2026-06-08 07:17
Z0821,2026-06-08 07:17
Z0467,2026-06-08 07:18
Z0766,2026-06-08 07:18
Z0850,2026-06-08 07:18
Z0131,2026-06-08 07:19
Z0388,2026-06-08 07:21
Z0487,2026-06-08 07:21
Z0889,2026-06-08 07:21
Z0671,2026-06-08 07:22
Z0126,2026-06-08 07:24
Z0326,2026-06-08 07:27
Z0777,2026-06-08 07:29
Z0262,2026-06-08 07:30
Z0244,2026-06-08 07:31
Z0851,2026-06-08 07:32
Z0521,2026-06-08 07:35
Z0855,2026-06-08 07:37
Z0054,2026-06-08 07:39
Z0118,2026-06-08 07:39
Z0337,2026-06-08 07:40
Z0863,2026-06-08 07:41
Z0899,2026-06-08 07:42
Z0808,2026-06-08 07:43
Z0799,2026-06-08 07:45
Z0536,2026-06-08 07:46
Z0865,2026-06-08 07:46
Z0480,2026-06-08 07:47
Z0806,2026-06-08 07:48
Z0320,2026-06-08 07:49
Z0202,2026-06-08 07:50
Z0398,2026-06-08 07:50
Z0369,2026-06-08 07:51
Z0476,2026-06-08 07:51
Z0083,2026-06-08 07:52
Z0265,2026-06-08 07:52
Z0482,2026-06-08 07:52
Z0419,2026-06-08 07:53
Z0856,2026-06-08 07:53
Z0077,2026-06-08 07:54
Z0797,2026-06-08 07:55
Z0298,2026-06-08 07:59
Z0842,2026-06-08 07:59
Z0292,2026-06-08 08:06
Z0470,2026-06-08 08:07
Z0291,2026-06-08 08:09
Z0663,2026-06-08 08:13
Z0102,2026-06-08 08:14
Z0372,2026-06-08 08:17
Z0044,2026-06-08 08:22
Z0776,2026-06-08 08:22
Z0043,2026-06-08 08:28
Z0375,2026-06-08 08:32
Z0140,2026-06-08 08:33
Z0545,2026-06-08 08:33
Z0192,2026-06-08 08:36
Z0157,2026-06-08 08:44
Z0210,2026-06-08 08:46
Z0445,2026-06-08 08:47
Z0520,2026-06-08 08:47
Z0770,2026-06-08 08:52
Z0028,2026-06-08 08:55
Z0236,2026-06-08 08:57
Z0327,2026-06-08 08:57
Z0166,2026-06-08 09:07
Z0603,2026-06-08 09:08
Z0165,2026-06-08 09:12
Z0443,2026-06-08 09:26
Z0063,2026-06-08 09:29
Z0891,2026-06-08 09:45
Z0333,2026-06-08 09:48
Z0260,2026-06-08 09:57
Z0675,2026-06-08 12:02
Z0171,2026-06-08 12:04
Z0257,2026-06-08 12:10
Z0504,2026-06-08 12:12
Z0560,2026-06-08 12:15
Z0099,2026-06-08 12:22
Z0479,2026-06-08 12:23
Z0225,2026-06-08 12:26
Z0242,2026-06-08 12:27
Z0271,2026-06-08 12:33
Z0181,2026-06-08 12:34
Z0900,2026-06-08 12:42
Z0233,2026-06-08 12:45
Z0130,2026-06-08 12:46
Z0848,2026-06-08 12:52
Z0831,2026-06-08 12:55
Z0007,2026-06-08 13:06
Z0897,2026-06-08 13:06
Z0277,2026-06-08 13:09
Z0756,2026-06-08 13:09
Z0229,2026-06-08 13:11
Z0191,2026-06-08 13:13
Z0374,2026-06-08 13:16
Z0092,2026-06-08 13:20
Z0779,2026-06-08 13:22
Z0499,2026-06-08 13:24
Z0359,2026-06-08 13:27
Z0602,2026-06-08 13:32
Z0231,2026-06-08 13:34
Z0263,2026-06-08 13:34
Z0288,2026-06-08 13:35
Z0800,2026-06-08 13:39
Z0219,2026-06-08 13:41
Z0058,2026-06-08 13:43
Z0268,2026-06-08 13:48
Z0376,2026-06-08 13:49
Z0854,2026-06-08 13:50
Z0886,2026-06-08 13:54
Z0253,2026-06-08 13:58
Z0494,2026-06-08 17:00
Z0424,2026-06-08 17:03
Z0305,2026-06-08 17:07
Z0196,2026-06-08 17:11
Z0209,2026-06-08 17:14
Z0254,2026-06-08 17:15
Z0370,2026-06-08 17:19
Z0186,2026-06-08 17:25
Z0493,2026-06-08 17:29
Z0285,2026-06-08 17:37
Z0027,2026-06-08 17:38
Z0423,2026-06-08 17:38
Z0819,2026-06-08 17:38
Z0884,2026-06-08 17:45
Z0079,2026-06-08 17:46
Z0026,2026-06-08 17:48
Z0425,2026-06-08 17:48
Z0161,2026-06-08 17:51
Z0282,2026-06-08 17:51
Z0890,2026-06-08 17:52
Z0245,2026-06-08 17:53
Z0523,2026-06-08 17:53
Z0400,2026-06-08 17:54
Z0629,2026-06-08 17:54
Z0820,2026-06-08 17:54
Z0012,2026-06-08 17:59
Z0073,2026-06-08 18:01
Z0061,2026-06-08 18:02
Z0408,2026-06-08 18:02
Z0894,2026-06-08 18:04
Z0247,2026-06-08 18:06
Z0111,2026-06-08 18:07
Z0084,2026-06-08 18:09
Z0003,2026-06-08 18:10
Z0429,2026-06-08 18:11
Z0860,2026-06-08 18:11
Z0221,2026-06-08 18:12
Z0484,2026-06-08 18:13
Z0306,2026-06-08 18:15
Z0469,2026-06-08 18:16
Z0065,2026-06-08 18:20
Z0250,2026-06-08 18:23
Z0127,2026-06-08 18:26
Z0187,2026-06-08 18:28
Z0068,2026-06-08 18:29
Z0317,2026-06-08 18:30
Z0152,2026-06-08 18:31
Z0548,2026-06-08 18:38
Z0883,2026-06-08 18:38
Z0289,2026-06-08 18:39
Z0447,2026-06-08 18:40
Z0123,2026-06-08 18:41
Z0497,2026-06-08 18:42
Z0615,2026-06-08 18:43
Z0015,2026-06-08 18:46
Z0769,2026-06-08 18:46
Z0137,2026-06-08 18:49
Z0873,2026-06-08 18:50
Z0197,2026-06-08 18:51
Z0846,2026-06-08 18:51
Z0011,2026-06-08 18:53
Z0517,2026-06-08 18:54
Z0773,2026-06-08 18:54
Z0105,2026-06-08 18:55
Z0036,2026-06-08 18:57
Z0218,2026-06-08 18:57
Z0858,2026-06-08 18:57
Z0033,2026-06-08 18:58
Z0128,2026-06-08 18:58
Z0048,2026-06-08 18:59
Z0323,2026-06-08 18:59
Z0406,2026-06-08 18:59
Z0300,2026-06-08 19:01
Z0211,2026-06-08 19:02
Z0839,2026-06-08 19:02
Z0518,2026-06-08 19:04
Z0223,2026-06-08 19:08
Z0276,2026-06-08 19:10
Z0039,2026-06-08 19:12
Z0604,2026-06-08 19:13
Z0570,2026-06-08 19:14
Z0594,2026-06-08 19:14
Z0035,2026-06-08 19:16
Z0395,2026-06-08 19:16
Z0059,2026-06-08 19:18
Z0466,2026-06-08 19:19
Z0020,2026-06-08 19:20
Z0047,2026-06-08 19:22
Z0203,2026-06-08 19:24
Z0167,2026-06-08 19:26
Z0558,2026-06-08 19:28
Z0115,2026-06-08 19:29
Z0164,2026-06-08 19:31
Z0278,2026-06-08 19:31
Z0207,2026-06-08 19:33
Z0340,2026-06-08 19:34
Z0314,2026-06-08 19:36
Z0761,2026-06-08 19:36
Z0427,2026-06-08 19:38
Z0524,2026-06-08 19:38
Z0409,2026-06-08 19:40
Z0465,2026-06-08 19:40
Z0081,2026-06-08 19:42
Z0022,2026-06-08 19:46
Z0577,2026-06-08 19:46
Z0090,2026-06-08 19:48
Z0009,2026-06-08 19:50
Z0057,2026-06-08 19:55
Z0623,2026-06-08 19:57
Z0103,2026-06-08 19:58
Z0456,2026-06-08 19:58
Z0478,2026-06-08 19:58
Z0204,2026-06-08 20:00
Z0146,2026-06-08 20:03
Z0434,2026-06-08 20:07
Z0313,2026-06-08 20:12
Z0190,2026-06-08 20:13
Z0757,2026-06-08 20:15
Z0840,2026-06-08 20:15
Z0390,2026-06-08 20:17
Z0432,2026-06-08 20:17
Z0438,2026-06-08 20:21
Z0815,2026-06-08 20:21
Z0064,2026-06-08 20:24
Z0787,2026-06-08 20:25
Z0034,2026-06-08 20:28
Z0762,2026-06-08 20:28
Z0321,2026-06-08 20:30
Z0055,2026-06-08 20:31
Z0248,2026-06-08 20:31
Z0488,2026-06-08 20:33
Z0389,2026-06-08 20:36
Z0633,2026-06-08 20:36
Z0592,2026-06-08 20:40
Z0173,2026-06-08 20:42
Z0153,2026-06-08 20:44
Z0344,2026-06-08 20:44
Z0180,2026-06-08 20:46
Z0827,2026-06-08 20:50
Z0155,2026-06-08 20:55
Z0347,2026-06-08 20:56
Z0407,2026-06-08 20:56
Z0542,2026-06-08 20:56
Z0485,2026-06-08 20:58
Z0617,2026-06-09 06:00
Z0385,2026-06-09 06:01
Z0071,2026-06-09 06:02
Z0100,2026-06-09 06:03
Z0032,2026-06-09 06:05
Z0864,2026-06-09 06:07
Z0154,2026-06-09 06:13
Z0160,2026-06-09 06:13
Z0779,2026-06-09 06:14
Z0798,2026-06-09 06:14
Z0078,2026-06-09 06:15
Z0494,2026-06-09 06:15
Z0431,2026-06-09 06:16
Z0821,2026-06-09 06:17
Z0036,2026-06-09 06:21
Z0817,2026-06-09 06:21
Z0149,2026-06-09 06:22
Z0557,2026-06-09 06:22
Z0132,2026-06-09 06:26
Z0794,2026-06-09 06:27
Z0201,2026-06-09 06:29
Z0301,2026-06-09 06:29
Z0408,2026-06-09 06:29
Z0384,2026-06-09 06:30
Z0394,2026-06-09 06:31
Z0144,2026-06-09 06:38
Z0256,2026-06-09 06:39
Z0764,2026-06-09 06:40
Z0128,2026-06-09 06:41
Z0844,2026-06-09 06:41
Z0396,2026-06-09 06:44
Z0655,2026-06-09 06:44
Z0482,2026-06-09 06:46
Z0106,2026-06-09 06:50
Z0202,2026-06-09 06:50
Z0307,2026-06-09 06:51
Z0758,2026-06-09 06:51
Z0196,2026-06-09 06:57
Z0305,2026-06-09 06:57
Z0647,2026-06-09 06:57
Z0836,2026-06-09 06:58
Z0261,2026-06-09 06:59
Z0295,2026-06-09 07:00
Z0825,2026-06-09 07:01
Z0839,2026-06-09 07:02
Z0069,2026-06-09 07:03
Z0053,2026-06-09 07:05
Z0260,2026-06-09 07:05
Z0383,2026-06-09 07:09
Z0342,2026-06-09 07:13
Z0370,2026-06-09 07:14
Z0778,2026-06-09 07:14
Z0179,2026-06-09 07:15
Z0207,2026-06-09 07:15
Z0141,2026-06-09 07:16
Z0302,2026-06-09 07:16
Z0308,2026-06-09 07:16
Z0838,2026-06-09 07:16
Z0862,2026-06-09 07:17
Z0657,2026-06-09 07:19
Z0845,2026-06-09 07:19
Z0056,2026-06-09 07:20
Z0273,2026-06-09 07:20
Z0319,2026-06-09 07:22
Z0061,2026-06-09 07:29
Z0445,2026-06-09 07:31
Z0245,2026-06-09 07:32
Z0891,2026-06-09 07:32
Z0252,2026-06-09 07:33
Z0114,2026-06-09 07:35
Z0226,2026-06-09 07:37
Z0816,2026-06-09 07:37
Z0145,2026-06-09 07:38
Z0214,2026-06-09 07:39
Z0215,2026-06-09 07:39
Z0781,2026-06-09 07:39
Z0287,2026-06-09 07:40
Z0040,2026-06-09 07:41
Z0174,2026-06-09 07:42
Z0386,2026-06-09 07:43
Z0021,2026-06-09 07:44
Z0491,2026-06-09 07:44
Z0814,2026-06-09 07:44
Z0818,2026-06-09 07:44
Z0049,2026-06-09 07:45
Z0135,2026-06-09 07:46
Z0358,2026-06-09 07:46
Z0526,2026-06-09 07:49
Z0796,2026-06-09 07:49
Z0309,2026-06-09 07:51
Z0024,2026-06-09 07:54
Z0427,2026-06-09 07:54
Z0538,2026-06-09 07:54
Z0492,2026-06-09 07:55
Z0064,2026-06-09 07:56
Z0165,2026-06-09 07:56
Z0280,2026-06-09 07:57
Z0075,2026-06-09 07:58
Z0163,2026-06-09 07:58
Z0769,2026-06-09 07:58
Z0894,2026-06-09 07:58
Z0189,2026-06-09 07:59
Z0004,2026-06-09 08:02
Z0763,2026-06-09 08:04
Z0760,2026-06-09 08:12
Z0621,2026-06-09 08:15
Z0837,2026-06-09 08:17
Z0381,2026-06-09 08:20
Z0005,2026-06-09 08:21
Z0279,2026-06-09 08:26
Z0399,2026-06-09 08:28
Z0205,2026-06-09 08:29
Z0162,2026-06-09 08:30
Z0874,2026-06-09 08:32
Z0366,2026-06-09 08:34
Z0514,2026-06-09 08:36
Z0334,2026-06-09 08:40
Z0074,2026-06-09 08:42
Z0314,2026-06-09 08:42
Z0861,2026-06-09 08:43
Z0857,2026-06-09 08:44
Z0266,2026-06-09 08:51
Z0286,2026-06-09 08:53
Z0166,2026-06-09 08:55
Z0259,2026-06-09 09:00
Z0041,2026-06-09 09:04
Z0326,2026-06-09 09:06
Z0237,2026-06-09 09:14
Z0184,2026-06-09 09:18
Z0043,2026-06-09 09:24
Z0320,2026-06-09 09:30
Z0157,2026-06-09 09:33
Z0113,2026-06-09 09:43
Z0807,2026-06-09 09:49
Z0355,2026-06-09 09:51
Z0806,2026-06-09 09:51
Z0783,2026-06-09 09:54
Z0060,2026-06-09 09:58
Z0833,2026-06-09 12:04
Z0516,2026-06-09 12:05
Z0093,2026-06-09 12:11
Z0118,2026-06-09 12:12
Z0299,2026-06-09 12:18
Z0830,2026-06-09 12:19
Z0424,2026-06-09 12:29
Z0626,2026-06-09 12:30
Z0374,2026-06-09 12:35
Z0469,2026-06-09 12:37
Z0568,2026-06-09 12:41
Z0120,2026-06-09 12:42
Z0257,2026-06-09 12:47
Z0398,2026-06-09 12:58
Z0194,2026-06-09 13:03
Z0757,2026-06-09 13:05
Z0204,2026-06-09 13:07
Z0052,2026-06-09 13:11
Z0420,2026-06-09 13:14
Z0127,2026-06-09 13:20
Z0853,2026-06-09 13:22
Z0403,2026-06-09 13:27
Z0340,2026-06-09 13:28
Z0775,2026-06-09 13:30
Z0765,2026-06-09 13:37
Z0248,2026-06-09 13:40
Z0133,2026-06-09 13:54
Z0563,2026-06-09 13:54
Z0222,2026-06-09 13:55
Z0208,2026-06-09 13:57
Z0786,2026-06-09 13:58
Z0088,2026-06-09 13:59
Z0051,2026-06-09 17:01
Z0805,2026-06-09 17:01
Z0181,2026-06-09 17:02
Z0412,2026-06-09 17:16
Z0799,2026-06-09 17:17
Z0768,2026-06-09 17:19
Z0533,2026-06-09 17:33
Z0409,2026-06-09 17:38
Z0325,2026-06-09 17:39
Z0332,2026-06-09 17:42
Z0105,2026-06-09 17:45
Z0190,2026-06-09 17:46
Z0834,2026-06-09 17:51
Z0812,2026-06-09 17:52
Z0068,2026-06-09 17:57
Z0212,2026-06-09 17:59
Z0175,2026-06-09 18:02
Z0031,2026-06-09 18:04
Z0195,2026-06-09 18:04
Z0115,2026-06-09 18:08
Z0569,2026-06-09 18:08
Z0508,2026-06-09 18:09
Z0089,2026-06-09 18:12
Z0513,2026-06-09 18:12
Z0183,2026-06-09 18:14
Z0345,2026-06-09 18:20
Z0066,2026-06-09 18:24
Z0856,2026-06-09 18:25
Z0490,2026-06-09 18:26
Z0155,2026-06-09 18:27
Z0322,2026-06-09 18:29
Z0823,2026-06-09 18:31
Z0084,2026-06-09 18:34
Z0008,2026-06-09 18:35
Z0209,2026-06-09 18:35
Z0018,2026-06-09 18:38
Z0851,2026-06-09 18:39
Z0034,2026-06-09 18:41
Z0097,2026-06-09 18:43
Z0618,2026-06-09 18:43
Z0802,2026-06-09 18:43
Z0885,2026-06-09 18:43
Z0238,2026-06-09 18:46
Z0835,2026-06-09 18:47
Z0475,2026-06-09 18:48
Z0565,2026-06-09 18:48
Z0435,2026-06-09 18:49
Z0033,2026-06-09 18:50
Z0178,2026-06-09 18:52
Z0297,2026-06-09 18:52
Z0151,2026-06-09 18:53
Z0268,2026-06-09 18:54
Z0311,2026-06-09 18:55
Z0169,2026-06-09 18:57
Z0153,2026-06-09 18:58
Z0108,2026-06-09 18:59
Z0029,2026-06-09 19:02
Z0138,2026-06-09 19:02
Z0665,2026-06-09 19:04
Z0312,2026-06-09 19:09
Z0600,2026-06-09 19:09
Z0191,2026-06-09 19:11
Z0693,2026-06-09 19:11
Z0086,2026-06-09 19:13
Z0172,2026-06-09 19:15
Z0451,2026-06-09 19:15
Z0416,2026-06-09 19:16
Z0203,2026-06-09 19:17
Z0023,2026-06-09 19:20
Z0046,2026-06-09 19:21
Z0206,2026-06-09 19:24
Z0415,2026-06-09 19:25
Z0187,2026-06-09 19:29
Z0483,2026-06-09 19:34
Z0437,2026-06-09 19:35
Z0841,2026-06-09 19:36
Z0819,2026-06-09 19:37
Z0303,2026-06-09 19:38
Z0852,2026-06-09 19:39
Z0129,2026-06-09 19:42
Z0642,2026-06-09 19:46
Z0125,2026-06-09 19:50
Z0285,2026-06-09 19:50
Z0168,2026-06-09 19:52
Z0173,2026-06-09 19:52
Z0411,2026-06-09 19:52
Z0511,2026-06-09 19:53
Z0090,2026-06-09 19:54
Z0432,2026-06-09 19:54
Z0193,2026-06-09 19:55
Z0809,2026-06-09 19:57
Z0231,2026-06-09 19:59
Z0263,2026-06-09 19:59
Z0335,2026-06-09 20:00
Z0116,2026-06-09 20:01
Z0328,2026-06-09 20:03
Z0136,2026-06-09 20:09
Z0073,2026-06-09 20:11
Z0123,2026-06-09 20:12
Z0170,2026-06-09 20:12
Z0200,2026-06-09 20:12
Z0037,2026-06-09 20:13
Z0813,2026-06-09 20:16
Z0250,2026-06-09 20:22
Z0278,2026-06-09 20:24
Z0292,2026-06-09 20:28
Z0092,2026-06-09 20:31
Z0164,2026-06-09 20:32
Z0517,2026-06-09 20:33
Z0126,2026-06-09 20:36
Z0316,2026-06-09 20:36
Z0249,2026-06-09 20:41
Z0829,2026-06-09 20:43
Z0197,2026-06-09 20:57
Z0167,2026-06-09 20:58
Z0290,2026-06-09 20:58
Z0065,2026-06-09 20:59
Z0013,2026-06-10 06:00
Z0859,2026-06-10 06:00
Z0800,2026-06-10 06:03
Z0126,2026-06-10 06:07
Z0319,2026-06-10 06:07
Z0330,2026-06-10 06:07
Z0125,2026-06-10 06:08
Z0470,2026-06-10 06:11
Z0132,2026-06-10 06:14
Z0453,2026-06-10 06:14
Z0320,2026-06-10 06:15
Z0178,2026-06-10 06:18
Z0258,2026-06-10 06:20
Z0346,2026-06-10 06:20
Z0165,2026-06-10 06:22
Z0262,2026-06-10 06:24
Z0001,2026-06-10 06:29
Z0269,2026-06-10 06:29
Z0421,2026-06-10 06:31
Z0242,2026-06-10 06:34
Z0786,2026-06-10 06:35
Z0136,2026-06-10 06:39
Z0285,2026-06-10 06:39
Z0468,2026-06-10 06:40
Z0042,2026-06-10 06:41
Z0298,2026-06-10 06:42
Z0156,2026-06-10 06:45
Z0500,2026-06-10 06:48
Z0250,2026-06-10 06:49
Z0308,2026-06-10 06:49
Z0830,2026-06-10 06:49
Z0797,2026-06-10 06:51
Z0069,2026-06-10 06:52
Z0117,2026-06-10 06:53
Z0263,2026-06-10 06:53
Z0022,2026-06-10 06:55
Z0112,2026-06-10 06:55
Z0227,2026-06-10 06:56
Z0251,2026-06-10 06:57
Z0423,2026-06-10 06:57
Z0396,2026-06-10 06:59
Z0790,2026-06-10 06:59
Z0836,2026-06-10 07:00
Z0080,2026-06-10 07:01
Z0410,2026-06-10 07:02
Z0041,2026-06-10 07:03
Z0093,2026-06-10 07:06
Z0866,2026-06-10 07:06
Z0360,2026-06-10 07:07
Z0405,2026-06-10 07:07
Z0310,2026-06-10 07:09
Z0535,2026-06-10 07:09
Z0151,2026-06-10 07:12
Z0294,2026-06-10 07:12
Z0457,2026-06-10 07:12
Z0143,2026-06-10 07:13
Z0325,2026-06-10 07:14
Z0284,2026-06-10 07:15
Z0364,2026-06-10 07:15
Z0764,2026-06-10 07:15
Z0131,2026-06-10 07:16
Z0814,2026-06-10 07:17
Z0127,2026-06-10 07:18
Z0780,2026-06-10 07:20
Z0840,2026-06-10 07:22
Z0030,2026-06-10 07:23
Z0012,2026-06-10 07:24
Z0083,2026-06-10 07:24
Z0864,2026-06-10 07:24
Z0758,2026-06-10 07:25
Z0807,2026-06-10 07:26
Z0879,2026-06-10 07:26
Z0168,2026-06-10 07:27
Z0351,2026-06-10 07:27
Z0695,2026-06-10 07:28
Z0040,2026-06-10 07:30
Z0241,2026-06-10 07:30
Z0788,2026-06-10 07:31
Z0049,2026-06-10 07:32
Z0060,2026-06-10 07:35
Z0236,2026-06-10 07:35
Z0617,2026-06-10 07:36
Z0406,2026-06-10 07:37
Z0004,2026-06-10 07:39
Z0454,2026-06-10 07:41
Z0062,2026-06-10 07:42
Z0277,2026-06-10 07:42
Z0887,2026-06-10 07:42
Z0373,2026-06-10 07:46
Z0021,2026-06-10 07:48
Z0362,2026-06-10 07:48
Z0265,2026-06-10 07:49
Z0237,2026-06-10 07:51
Z0095,2026-06-10 07:52
Z0771,2026-06-10 07:55
Z0018,2026-06-10 07:56
Z0273,2026-06-10 08:02
Z0160,2026-06-10 08:03
Z0579,2026-06-10 08:03
Z0891,2026-06-10 08:08
Z0778,2026-06-10 08:09
Z0425,2026-06-10 08:12
Z0238,2026-06-10 08:13
Z0881,2026-06-10 08:13
Z0006,2026-06-10 08:23
Z0336,2026-06-10 08:32
Z0782,2026-06-10 08:33
Z0266,2026-06-10 08:34
Z0315,2026-06-10 08:34
Z0148,2026-06-10 08:36
Z0134,2026-06-10 08:37
Z0443,2026-06-10 08:37
Z0261,2026-06-10 08:39
Z0781,2026-06-10 08:39
Z0058,2026-06-10 08:41
Z0067,2026-06-10 08:42
Z0815,2026-06-10 08:51
Z0842,2026-06-10 08:55
Z0673,2026-06-10 08:58
Z0857,2026-06-10 09:00
Z0611,2026-06-10 09:25
Z0024,2026-06-10 09:38
Z0463,2026-06-10 12:06
Z0564,2026-06-10 12:07
Z0248,2026-06-10 12:10
Z0388,2026-06-10 12:10
Z0044,2026-06-10 12:16
Z0488,2026-06-10 12:19
Z0318,2026-06-10 12:20
Z0223,2026-06-10 12:24
Z0221,2026-06-10 12:28
Z0120,2026-06-10 12:29
Z0246,2026-06-10 12:31
Z0072,2026-06-10 12:34
Z0100,2026-06-10 12:34
Z0219,2026-06-10 12:34
Z0264,2026-06-10 12:34
Z0792,2026-06-10 12:35
Z0014,2026-06-10 12:41
Z0111,2026-06-10 12:45
Z0182,2026-06-10 12:45
Z0312,2026-06-10 12:45
Z0198,2026-06-10 12:50
Z0886,2026-06-10 12:54
Z0276,2026-06-10 12:55
Z0340,2026-06-10 12:58
Z0545,2026-06-10 13:03
Z0440,2026-06-10 13:05
Z0344,2026-06-10 13:06
Z0559,2026-06-10 13:08
Z0053,2026-06-10 13:09
Z0828,2026-06-10 13:11
Z0243,2026-06-10 13:14
Z0636,2026-06-10 13:16
Z0189,2026-06-10 13:20
Z0350,2026-06-10 13:21
Z0038,2026-06-10 13:24
Z0039,2026-06-10 13:26
Z0082,2026-06-10 13:34
Z0377,2026-06-10 13:34
Z0803,2026-06-10 13:34
Z0177,2026-06-10 13:35
Z0437,2026-06-10 13:37
Z0530,2026-06-10 13:38
Z0620,2026-06-10 13:38
Z0052,2026-06-10 13:43
Z0097,2026-06-10 13:51
Z0286,2026-06-10 13:51
Z0353,2026-06-10 13:52
Z0505,2026-06-10 13:52
Z0003,2026-06-10 17:00
Z0055,2026-06-10 17:00
Z0201,2026-06-10 17:00
Z0888,2026-06-10 17:07
Z0357,2026-06-10 17:08
Z0446,2026-06-10 17:10
Z0504,2026-06-10 17:12
Z0867,2026-06-10 17:16
Z0447,2026-06-10 17:19
Z0667,2026-06-10 17:21
Z0033,2026-06-10 17:25
Z0329,2026-06-10 17:27
Z0345,2026-06-10 17:30
Z0628,2026-06-10 17:30
Z0894,2026-06-10 17:34
Z0089,2026-06-10 17:40
Z0147,2026-06-10 17:40
Z0010,2026-06-10 17:44
Z0252,2026-06-10 17:50
Z0045,2026-06-10 17:55
Z0623,2026-06-10 17:55
Z0213,2026-06-10 17:58
Z0643,2026-06-10 17:58
Z0816,2026-06-10 18:02
Z0824,2026-06-10 18:08
Z0253,2026-06-10 18:10
Z0424,2026-06-10 18:12
Z0865,2026-06-10 18:13
Z0187,2026-06-10 18:14
Z0163,2026-06-10 18:15
Z0194,2026-06-10 18:16
Z0059,2026-06-10 18:19
Z0017,2026-06-10 18:23
Z0139,2026-06-10 18:23
Z0068,2026-06-10 18:27
Z0161,2026-06-10 18:28
Z0232,2026-06-10 18:28
Z0290,2026-06-10 18:28
Z0133,2026-06-10 18:33
Z0393,2026-06-10 18:34
Z0234,2026-06-10 18:35
Z0809,2026-06-10 18:35
Z0173,2026-06-10 18:41
Z0207,2026-06-10 18:41
Z0048,2026-06-10 18:48
Z0428,2026-06-10 18:51
Z0228,2026-06-10 18:52
Z0180,2026-06-10 18:53
Z0304,2026-06-10 18:53
Z0327,2026-06-10 18:56
Z0852,2026-06-10 18:57
Z0094,2026-06-10 18:58
Z0217,2026-06-10 18:58
Z0267,2026-06-10 19:03
Z0296,2026-06-10 19:07
Z0459,2026-06-10 19:08
Z0768,2026-06-10 19:12
Z0472,2026-06-10 19:13
Z0007,2026-06-10 19:15
Z0507,2026-06-10 19:15
Z0380,2026-06-10 19:16
Z0036,2026-06-10 19:17
Z0756,2026-06-10 19:18
Z0408,2026-06-10 19:19
Z0164,2026-06-10 19:22
Z0571,2026-06-10 19:22
Z0818,2026-06-10 19:26
Z0451,2026-06-10 19:28
Z0775,2026-06-10 19:28
Z0172,2026-06-10 19:30
Z0200,2026-06-10 19:30
Z0861,2026-06-10 19:31
Z0009,2026-06-10 19:32
Z0683,2026-06-10 19:33
Z0118,2026-06-10 19:34
Z0137,2026-06-10 19:36
Z0848,2026-06-10 19:36
Z0549,2026-06-10 19:39
Z0897,2026-06-10 19:39
Z0303,2026-06-10 19:42
Z0607,2026-06-10 19:45
Z0832,2026-06-10 19:47
Z0837,2026-06-10 19:47
Z0640,2026-06-10 19:48
Z0240,2026-06-10 19:50
Z0845,2026-06-10 19:50
Z0419,2026-06-10 19:51
Z0138,2026-06-10 19:55
Z0206,2026-06-10 19:55
Z0378,2026-06-10 19:55
Z0078,2026-06-10 19:59
Z0321,2026-06-10 19:59
Z0102,2026-06-10 20:00
Z0066,2026-06-10 20:02
Z0027,2026-06-10 20:07
Z0882,2026-06-10 20:08
Z0843,2026-06-10 20:13
Z0211,2026-06-10 20:20
Z0895,2026-06-10 20:28
Z0281,2026-06-10 20:35
Z0272,2026-06-10 20:44
Z0455,2026-06-10 20:47
Z0050,2026-06-10 20:48
Z0192,2026-06-10 20:48
Z0297,2026-06-10 20:51
Z0141,2026-06-10 20:52
Z0765,2026-06-10 20:53
Z0011,2026-06-10 20:55
Z0341,2026-06-10 20:55
Z0433,2026-06-10 20:56
Z0169,2026-06-10 20:57
Z0414,2026-06-10 20:57
Z0353,2026-06-11 06:01
Z0875,2026-06-11 06:02
Z0041,2026-06-11 06:06
Z0588,2026-06-11 06:08
Z0320,2026-06-11 06:15
Z0294,2026-06-11 06:17
Z0085,2026-06-11 06:18
Z0309,2026-06-11 06:19
Z0245,2026-06-11 06:22
Z0232,2026-06-11 06:24
Z0057,2026-06-11 06:26
Z0254,2026-06-11 06:29
Z0467,2026-06-11 06:30
Z0196,2026-06-11 06:31
Z0266,2026-06-11 06:36
Z0599,2026-06-11 06:36
Z0030,2026-06-11 06:37
Z0368,2026-06-11 06:37
Z0862,2026-06-11 06:37
Z0847,2026-06-11 06:38
Z0112,2026-06-11 06:39
Z0307,2026-06-11 06:39
Z0442,2026-06-11 06:39
Z0430,2026-06-11 06:41
Z0203,2026-06-11 06:42
Z0114,2026-06-11 06:43
Z0433,2026-06-11 06:44
Z0259,2026-06-11 06:48
Z0392,2026-06-11 06:48
Z0222,2026-06-11 06:49
Z0452,2026-06-11 06:50
Z0519,2026-06-11 06:51
Z0842,2026-06-11 06:53
Z0814,2026-06-11 06:55
Z0160,2026-06-11 06:58
Z0274,2026-06-11 06:58
Z0371,2026-06-11 07:00
Z0108,2026-06-11 07:01
Z0840,2026-06-11 07:03
Z0013,2026-06-11 07:04
Z0035,2026-06-11 07:04
Z0632,2026-06-11 07:04
Z0827,2026-06-11 07:04
Z0864,2026-06-11 07:04
Z0042,2026-06-11 07:06
Z0890,2026-06-11 07:06
Z0323,2026-06-11 07:09
Z0270,2026-06-11 07:10
Z0121,2026-06-11 07:11
Z0132,2026-06-11 07:11
Z0034,2026-06-11 07:13
Z0099,2026-06-11 07:13
Z0056,2026-06-11 07:14
Z0122,2026-06-11 07:16
Z0267,2026-06-11 07:16
Z0898,2026-06-11 07:16
Z0210,2026-06-11 07:18
Z0308,2026-06-11 07:21
Z0275,2026-06-11 07:23
Z0295,2026-06-11 07:23
Z0417,2026-06-11 07:24
Z0205,2026-06-11 07:26
Z0767,2026-06-11 07:26
Z0799,2026-06-11 07:26
Z0615,2026-06-11 07:27
Z0076,2026-06-11 07:28
Z0279,2026-06-11 07:29
Z0553,2026-06-11 07:30
Z0145,2026-06-11 07:31
Z0202,2026-06-11 07:31
Z0219,2026-06-11 07:31
Z0247,2026-06-11 07:32
Z0505,2026-06-11 07:32
Z0863,2026-06-11 07:32
Z0075,2026-06-11 07:34
Z0238,2026-06-11 07:34
Z0843,2026-06-11 07:34
Z0087,2026-06-11 07:35
Z0506,2026-06-11 07:35
Z0808,2026-06-11 07:35
Z0140,2026-06-11 07:36
Z0029,2026-06-11 07:37
Z0014,2026-06-11 07:38
Z0801,2026-06-11 07:38
Z0117,2026-06-11 07:41
Z0215,2026-06-11 07:41
Z0687,2026-06-11 07:43
Z0264,2026-06-11 07:46
Z0459,2026-06-11 07:47
Z0037,2026-06-11 07:48
Z0334,2026-06-11 07:49
Z0473,2026-06-11 07:49
Z0062,2026-06-11 07:50
Z0082,2026-06-11 07:50
Z0778,2026-06-11 07:51
Z0486,2026-06-11 07:52
Z0900,2026-06-11 07:52
Z0182,2026-06-11 07:53
Z0823,2026-06-11 07:53
Z0870,2026-06-11 07:53
Z0860,2026-06-11 07:56
Z0077,2026-06-11 07:57
Z0817,2026-06-11 07:57
Z0566,2026-06-11 07:58
Z0809,2026-06-11 07:58
Z0031,2026-06-11 08:00
Z0624,2026-06-11 08:01
Z0887,2026-06-11 08:08
Z0154,2026-06-11 08:09
Z0319,2026-06-11 08:11
Z0280,2026-06-11 08:13
Z0227,2026-06-11 08:20
Z0233,2026-06-11 08:23
Z0110,2026-06-11 08:25
Z0781,2026-06-11 08:25
Z0513,2026-06-11 08:26
Z0312,2026-06-11 08:27
Z0475,2026-06-11 08:28
Z0355,2026-06-11 08:29
Z0325,2026-06-11 08:33
Z0899,2026-06-11 08:36
Z0382,2026-06-11 08:39
Z0782,2026-06-11 08:43
Z0241,2026-06-11 08:44
Z0070,2026-06-11 08:47
Z0388,2026-06-11 08:48
Z0494,2026-06-11 08:48
Z0104,2026-06-11 08:50
Z0811,2026-06-11 08:51
Z0462,2026-06-11 08:53
Z0086,2026-06-11 08:56
Z0298,2026-06-11 08:56
Z0365,2026-06-11 08:56
Z0324,2026-06-11 08:59
Z0868,2026-06-11 08:59
Z0244,2026-06-11 09:08
Z0330,2026-06-11 09:18
Z0857,2026-06-11 09:24
Z0144,2026-06-11 09:52
Z0260,2026-06-11 09:54
Z0018,2026-06-11 12:07
Z0106,2026-06-11 12:07
Z0764,2026-06-11 12:16
Z0465,2026-06-11 12:17
Z0137,2026-06-11 12:21
Z0150,2026-06-11 12:22
Z0791,2026-06-11 12:23
Z0278,2026-06-11 12:25
Z0304,2026-06-11 12:27
Z0350,2026-06-11 12:28
Z0606,2026-06-11 12:30
Z0830,2026-06-11 12:31
Z0885,2026-06-11 12:33
Z0081,2026-06-11 12:34
Z0127,2026-06-11 12:34
Z0039,2026-06-11 12:43
Z0824,2026-06-11 12:47
Z0523,2026-06-11 12:48
Z0176,2026-06-11 12:51
Z0846,2026-06-11 12:51
Z0212,2026-06-11 12:57
Z0517,2026-06-11 13:02
Z0616,2026-06-11 13:14
Z0071,2026-06-11 13:16
Z0058,2026-06-11 13:18
Z0805,2026-06-11 13:19
Z0008,2026-06-11 13:22
Z0199,2026-06-11 13:25
Z0174,2026-06-11 13:28
Z0239,2026-06-11 13:28
Z0520,2026-06-11 13:30
Z0539,2026-06-11 13:31
Z0858,2026-06-11 13:34
Z0220,2026-06-11 13:40
Z0277,2026-06-11 13:45
Z0177,2026-06-11 13:49
Z0329,2026-06-11 13:49
Z0179,2026-06-11 13:50
Z0188,2026-06-11 13:53
Z0313,2026-06-11 13:58
Z0185,2026-06-11 13:59
Z0880,2026-06-11 13:59
Z0327,2026-06-11 17:02
Z0283,2026-06-11 17:12
Z0391,2026-06-11 17:14
Z0775,2026-06-11 17:17
Z0006,2026-06-11 17:18
Z0413,2026-06-11 17:18
Z0451,2026-06-11 17:19
Z0208,2026-06-11 17:22
Z0050,2026-06-11 17:23
Z0315,2026-06-11 17:24
Z0172,2026-06-11 17:25
Z0225,2026-06-11 17:26
Z0348,2026-06-11 17:26
Z0118,2026-06-11 17:27
Z0230,2026-06-11 17:27
Z0458,2026-06-11 17:43
Z0258,2026-06-11 17:48
Z0103,2026-06-11 17:52
Z0101,2026-06-11 17:55
Z0088,2026-06-11 17:57
Z0789,2026-06-11 17:59
Z0093,2026-06-11 18:00
Z0198,2026-06-11 18:01
Z0073,2026-06-11 18:04
Z0217,2026-06-11 18:04
Z0377,2026-06-11 18:06
Z0318,2026-06-11 18:07
Z0831,2026-06-11 18:07
Z0129,2026-06-11 18:08
Z0820,2026-06-11 18:08
Z0872,2026-06-11 18:08
Z0148,2026-06-11 18:09
Z0816,2026-06-11 18:11
Z0214,2026-06-11 18:13
Z0094,2026-06-11 18:14
Z0138,2026-06-11 18:15
Z0302,2026-06-11 18:15
Z0637,2026-06-11 18:15
Z0286,2026-06-11 18:16
Z0194,2026-06-11 18:18
Z0321,2026-06-11 18:18
Z0895,2026-06-11 18:20
Z0054,2026-06-11 18:21
Z0306,2026-06-11 18:21
Z0497,2026-06-11 18:22
Z0554,2026-06-11 18:27
Z0788,2026-06-11 18:27
Z0822,2026-06-11 18:27
Z0168,2026-06-11 18:28
Z0162,2026-06-11 18:29
Z0772,2026-06-11 18:30
Z0777,2026-06-11 18:31
Z0832,2026-06-11 18:31
Z0250,2026-06-11 18:33
Z0221,2026-06-11 18:35
Z0790,2026-06-11 18:36
Z0147,2026-06-11 18:38
Z0107,2026-06-11 18:40
Z0066,2026-06-11 18:43
Z0097,2026-06-11 18:47
Z0242,2026-06-11 18:47
Z0511,2026-06-11 18:47
Z0583,2026-06-11 18:47
Z0833,2026-06-11 18:47
Z0149,2026-06-11 18:48
Z0785,2026-06-11 18:49
Z0052,2026-06-11 18:51
Z0159,2026-06-11 18:54
Z0456,2026-06-11 18:56
Z0661,2026-06-11 18:57
Z0449,2026-06-11 18:58
Z0119,2026-06-11 19:00
Z0841,2026-06-11 19:00
Z0317,2026-06-11 19:02
Z0229,2026-06-11 19:03
Z0813,2026-06-11 19:06
Z0151,2026-06-11 19:07
Z0246,2026-06-11 19:13
Z0224,2026-06-11 19:16
Z0311,2026-06-11 19:16
Z0249,2026-06-11 19:17
Z0578,2026-06-11 19:18
Z0293,2026-06-11 19:20
Z0356,2026-06-11 19:26
Z0002,2026-06-11 19:27
Z0470,2026-06-11 19:27
Z0810,2026-06-11 19:29
Z0815,2026-06-11 19:29
Z0829,2026-06-11 19:29
Z0669,2026-06-11 19:30
Z0849,2026-06-11 19:30
Z0240,2026-06-11 19:33
Z0206,2026-06-11 19:38
Z0091,2026-06-11 19:39
Z0051,2026-06-11 19:40
Z0044,2026-06-11 19:41
Z0510,2026-06-11 19:41
Z0072,2026-06-11 19:42
Z0422,2026-06-11 19:43
Z0025,2026-06-11 19:44
Z0195,2026-06-11 19:44
Z0045,2026-06-11 19:46
Z0074,2026-06-11 19:50
Z0213,2026-06-11 19:50
Z0016,2026-06-11 19:53
Z0135,2026-06-11 19:54
Z0537,2026-06-11 19:54
Z0384,2026-06-11 19:56
Z0289,2026-06-11 20:01
Z0146,2026-06-11 20:02
Z0265,2026-06-11 20:02
Z0001,2026-06-11 20:05
Z0460,2026-06-11 20:09
Z0541,2026-06-11 20:14
Z0038,2026-06-11 20:22
Z0757,2026-06-11 20:22
Z0876,2026-06-11 20:27
Z0834,2026-06-11 20:28
Z0170,2026-06-11 20:36
Z0338,2026-06-11 20:37
Z0854,2026-06-11 20:40
Z0345,2026-06-11 20:42
Z0404,2026-06-11 20:44
Z0387,2026-06-11 20:45
Z0798,2026-06-11 20:53
Z0011,2026-06-11 20:54
Z0124,2026-06-11 20:58
Z0186,2026-06-11 20:58
Z0429,2026-06-11 20:58
Z0144,2026-06-12 06:00
Z0343,2026-06-12 06:00
Z0377,2026-06-12 06:01
Z0821,2026-06-12 06:01
Z0810,2026-06-12 06:04
Z0546,2026-06-12 06:05
Z0295,2026-06-12 06:06
Z0016,2026-06-12 06:12
Z0085,2026-06-12 06:13
Z0065,2026-06-12 06:20
Z0794,2026-06-12 06:20
Z0403,2026-06-12 06:21
Z0224,2026-06-12 06:24
Z0503,2026-06-12 06:26
Z0838,2026-06-12 06:26
Z0815,2026-06-12 06:28
Z0877,2026-06-12 06:28
Z0628,2026-06-12 06:30
Z0045,2026-06-12 06:31
Z0519,2026-06-12 06:31
Z0801,2026-06-12 06:32
Z0759,2026-06-12 06:34
Z0817,2026-06-12 06:34
Z0445,2026-06-12 06:35
Z0098,2026-06-12 06:38
Z0114,2026-06-12 06:38
Z0329,2026-06-12 06:39
Z0028,2026-06-12 06:42
Z0110,2026-06-12 06:42
Z0401,2026-06-12 06:42
Z0352,2026-06-12 06:44
Z0102,2026-06-12 06:46
Z0588,2026-06-12 06:53
Z0833,2026-06-12 06:54
Z0327,2026-06-12 06:56
Z0070,2026-06-12 07:00
Z0179,2026-06-12 07:02
Z0315,2026-06-12 07:02
Z0868,2026-06-12 07:03
Z0369,2026-06-12 07:04
Z0420,2026-06-12 07:04
Z0525,2026-06-12 07:04
Z0889,2026-06-12 07:04
Z0042,2026-06-12 07:05
Z0177,2026-06-12 07:06
Z0415,2026-06-12 07:06
Z0463,2026-06-12 07:06
Z0231,2026-06-12 07:07
Z0521,2026-06-12 07:08
Z0890,2026-06-12 07:08
Z0008,2026-06-12 07:12
Z0832,2026-06-12 07:14
Z0480,2026-06-12 07:16
Z0041,2026-06-12 07:17
Z0851,2026-06-12 07:18
Z0883,2026-06-12 07:18
Z0428,2026-06-12 07:19
Z0145,2026-06-12 07:20
Z0896,2026-06-12 07:20
Z0892,2026-06-12 07:21
Z0235,2026-06-12 07:24
Z0023,2026-06-12 07:25
Z0861,2026-06-12 07:25
Z0175,2026-06-12 07:26
Z0193,2026-06-12 07:26
Z0189,2026-06-12 07:28
Z0618,2026-06-12 07:28
Z0875,2026-06-12 07:28
Z0236,2026-06-12 07:29
Z0502,2026-06-12 07:29
Z0551,2026-06-12 07:29
Z0019,2026-06-12 07:31
Z0281,2026-06-12 07:31
Z0844,2026-06-12 07:31
Z0244,2026-06-12 07:32
Z0495,2026-06-12 07:32
Z0171,2026-06-12 07:34
Z0631,2026-06-12 07:34
Z0239,2026-06-12 07:35
Z0252,2026-06-12 07:35
Z0255,2026-06-12 07:35
Z0265,2026-06-12 07:36
Z0659,2026-06-12 07:37
Z0372,2026-06-12 07:38
Z0317,2026-06-12 07:42
Z0508,2026-06-12 07:42
Z0260,2026-06-12 07:43
Z0204,2026-06-12 07:44
Z0227,2026-06-12 07:44
Z0819,2026-06-12 07:44
Z0222,2026-06-12 07:46
Z0561,2026-06-12 07:46
Z0321,2026-06-12 07:50
Z0074,2026-06-12 07:51
Z0568,2026-06-12 07:51
Z0128,2026-06-12 07:52
Z0362,2026-06-12 07:53
Z0199,2026-06-12 07:54
Z0216,2026-06-12 07:54
Z0004,2026-06-12 07:56
Z0853,2026-06-12 07:56
Z0159,2026-06-12 07:59
Z0274,2026-06-12 07:59
Z0161,2026-06-12 08:00
Z0584,2026-06-12 08:04
Z0247,2026-06-12 08:05
Z0760,2026-06-12 08:05
Z0237,2026-06-12 08:07
Z0154,2026-06-12 08:12
Z0138,2026-06-12 08:24
Z0285,2026-06-12 08:25
Z0792,2026-06-12 08:28
Z0306,2026-06-12 08:29
Z0767,2026-06-12 08:30
Z0133,2026-06-12 08:31
Z0001,2026-06-12 08:32
Z0120,2026-06-12 08:39
Z0873,2026-06-12 08:39
Z0452,2026-06-12 08:43
Z0440,2026-06-12 08:48
Z0773,2026-06-12 08:48
Z0054,2026-06-12 08:50
Z0163,2026-06-12 08:50
Z0243,2026-06-12 08:50
Z0836,2026-06-12 08:50
Z0156,2026-06-12 08:52
Z0049,2026-06-12 08:53
Z0117,2026-06-12 08:54
Z0268,2026-06-12 08:54
Z0006,2026-06-12 08:56
Z0310,2026-06-12 09:01
Z0032,2026-06-12 09:06
Z0291,2026-06-12 09:07
Z0030,2026-06-12 09:10
Z0157,2026-06-12 09:11
Z0780,2026-06-12 09:13
Z0040,2026-06-12 09:15
Z0060,2026-06-12 09:26
Z0205,2026-06-12 09:35
Z0184,2026-06-12 09:46
Z0330,2026-06-12 09:47
Z0482,2026-06-12 09:49
Z0842,2026-06-12 09:58
Z0024,2026-06-12 09:59
Z0567,2026-06-12 12:00
Z0854,2026-06-12 12:00
Z0046,2026-06-12 12:02
Z0318,2026-06-12 12:06
Z0496,2026-06-12 12:07
Z0106,2026-06-12 12:08
Z0808,2026-06-12 12:08
Z0862,2026-06-12 12:18
Z0168,2026-06-12 12:19
Z0299,2026-06-12 12:27
Z0134,2026-06-12 12:28
Z0214,2026-06-12 12:30
Z0472,2026-06-12 12:34
Z0031,2026-06-12 12:41
Z0176,2026-06-12 12:41
Z0292,2026-06-12 12:49
Z0448,2026-06-12 12:49
Z0595,2026-06-12 12:56
Z0887,2026-06-12 12:57
Z0275,2026-06-12 12:59
Z0855,2026-06-12 13:00
Z0347,2026-06-12 13:06
Z0770,2026-06-12 13:06
Z0220,2026-06-12 13:08
Z0254,2026-06-12 13:11
Z0300,2026-06-12 13:11
Z0766,2026-06-12 13:15
Z0426,2026-06-12 13:18
Z0280,2026-06-12 13:19
Z0010,2026-06-12 13:21
Z0022,2026-06-12 13:22
Z0121,2026-06-12 13:22
Z0455,2026-06-12 13:24
Z0071,2026-06-12 13:27
Z0805,2026-06-12 13:32
Z0287,2026-06-12 13:36
Z0389,2026-06-12 13:42
Z0035,2026-06-12 13:43
Z0013,2026-06-12 13:44
Z0027,2026-06-12 13:57
Z0245,2026-06-12 13:59
Z0641,2026-06-12 17:02
Z0296,2026-06-12 17:03
Z0825,2026-06-12 17:04
Z0258,2026-06-12 17:05
Z0478,2026-06-12 17:05
Z0136,2026-06-12 17:08
Z0197,2026-06-12 17:10
Z0504,2026-06-12 17:10
Z0050,2026-06-12 17:14
Z0242,2026-06-12 17:15
Z0249,2026-06-12 17:15
Z0867,2026-06-12 17:17
Z0605,2026-06-12 17:19
Z0793,2026-06-12 17:20
Z0839,2026-06-12 17:21
Z0152,2026-06-12 17:25
Z0095,2026-06-12 17:28
Z0301,2026-06-12 17:30
Z0283,2026-06-12 17:33
Z0036,2026-06-12 17:38
Z0774,2026-06-12 17:44
Z0776,2026-06-12 17:46
Z0021,2026-06-12 17:52
Z0634,2026-06-12 17:52
Z0691,2026-06-12 17:54
Z0351,2026-06-12 17:57
Z0025,2026-06-12 18:00
Z0124,2026-06-12 18:04
Z0089,2026-06-12 18:10
Z0859,2026-06-12 18:12
Z0450,2026-06-12 18:13
Z0799,2026-06-12 18:14
Z0225,2026-06-12 18:15
Z0395,2026-06-12 18:17
Z0020,2026-06-12 18:23
Z0804,2026-06-12 18:23
Z0209,2026-06-12 18:24
Z0500,2026-06-12 18:25
Z0768,2026-06-12 18:25
Z0087,2026-06-12 18:27
Z0441,2026-06-12 18:37
Z0423,2026-06-12 18:40
Z0125,2026-06-12 18:42
Z0761,2026-06-12 18:42
Z0067,2026-06-12 18:43
Z0849,2026-06-12 18:43
Z0047,2026-06-12 18:45
Z0052,2026-06-12 18:47
Z0150,2026-06-12 18:47
Z0866,2026-06-12 18:51
Z0349,2026-06-12 18:52
Z0418,2026-06-12 18:53
Z0312,2026-06-12 18:56
Z0391,2026-06-12 18:56
Z0190,2026-06-12 18:57
Z0122,2026-06-12 18:59
Z0092,2026-06-12 19:00
Z0055,2026-06-12 19:01
Z0078,2026-06-12 19:02
Z0191,2026-06-12 19:03
Z0228,2026-06-12 19:03
Z0402,2026-06-12 19:03
Z0126,2026-06-12 19:09
Z0180,2026-06-12 19:11
Z0325,2026-06-12 19:11
Z0101,2026-06-12 19:13
Z0856,2026-06-12 19:13
Z0261,2026-06-12 19:14
Z0848,2026-06-12 19:14
Z0332,2026-06-12 19:15
Z0282,2026-06-12 19:17
Z0772,2026-06-12 19:18
Z0789,2026-06-12 19:18
Z0232,2026-06-12 19:19
Z0142,2026-06-12 19:21
Z0837,2026-06-12 19:21
Z0850,2026-06-12 19:21
Z0208,2026-06-12 19:23
Z0072,2026-06-12 19:27
Z0365,2026-06-12 19:27
Z0479,2026-06-12 19:32
Z0556,2026-06-12 19:32
Z0489,2026-06-12 19:36
Z0109,2026-06-12 19:37
Z0137,2026-06-12 19:38
Z0233,2026-06-12 19:39
Z0835,2026-06-12 19:39
Z0601,2026-06-12 19:41
Z0215,2026-06-12 19:44
Z0822,2026-06-12 19:44
Z0830,2026-06-12 19:44
Z0512,2026-06-12 19:51
Z0129,2026-06-12 19:53
Z0212,2026-06-12 19:54
Z0158,2026-06-12 19:55
Z0858,2026-06-12 19:55
Z0108,2026-06-12 19:57
Z0293,2026-06-12 19:57
Z0483,2026-06-12 19:58
Z0812,2026-06-12 20:02
Z0248,2026-06-12 20:09
Z0513,2026-06-12 20:09
Z0062,2026-06-12 20:11
Z0435,2026-06-12 20:15
Z0882,2026-06-12 20:16
Z0153,2026-06-12 20:21
Z0038,2026-06-12 20:22
Z0048,2026-06-12 20:22
Z0230,2026-06-12 20:22
Z0843,2026-06-12 20:29
Z0523,2026-06-12 20:36
Z0257,2026-06-12 20:37
Z0192,2026-06-12 20:38
Z0449,2026-06-12 20:41
Z0178,2026-06-12 20:42
Z0303,2026-06-12 20:44
Z0653,2026-06-12 20:44
Z0273,2026-06-12 20:47
Z0146,2026-06-12 20:49
Z0539,2026-06-12 20:51
Z0103,2026-06-12 20:52
Z0488,2026-06-12 20:57
Z0226,2026-06-12 20:58
Z0619,2026-06-13 06:00
Z0075,2026-06-13 06:01
Z0262,2026-06-13 06:02
Z0032,2026-06-13 06:03
Z0176,2026-06-13 06:04
Z0644,2026-06-13 06:07
Z0322,2026-06-13 06:08
Z0273,2026-06-13 06:09
Z0484,2026-06-13 06:09
Z0288,2026-06-13 06:10
Z0757,2026-06-13 06:10
Z0090,2026-06-13 06:11
Z0110,2026-06-13 06:11
Z0015,2026-06-13 06:12
Z0059,2026-06-13 06:14
Z0527,2026-06-13 06:14
Z0042,2026-06-13 06:17
Z0550,2026-06-13 06:19
Z0099,2026-06-13 06:20
Z0598,2026-06-13 06:20
Z0254,2026-06-13 06:32
Z0143,2026-06-13 06:34
Z0278,2026-06-13 06:36
Z0184,2026-06-13 06:44
Z0803,2026-06-13 06:44
Z0043,2026-06-13 06:52
Z0681,2026-06-13 06:58
Z0869,2026-06-13 06:58
Z0080,2026-06-13 07:00
Z0063,2026-06-13 07:01
Z0079,2026-06-13 07:01
Z0359,2026-06-13 07:01
Z0261,2026-06-13 07:03
Z0103,2026-06-13 07:04
Z0310,2026-06-13 07:04
Z0856,2026-06-13 07:04
Z0225,2026-06-13 07:08
Z0834,2026-06-13 07:08
Z0132,2026-06-13 07:09
Z0516,2026-06-13 07:11
Z0061,2026-06-13 07:13
Z0821,2026-06-13 07:13
Z0203,2026-06-13 07:16
Z0589,2026-06-13 07:17
Z0871,2026-06-13 07:23
Z0358,2026-06-13 07:24
Z0240,2026-06-13 07:25
Z0863,2026-06-13 07:26
Z0056,2026-06-13 07:32
Z0421,2026-06-13 07:32
Z0319,2026-06-13 07:34
Z0142,2026-06-13 07:35
Z0187,2026-06-13 07:36
Z0241,2026-06-13 07:37
Z0266,2026-06-13 07:37
Z0524,2026-06-13 07:37
Z0265,2026-06-13 07:38
Z0020,2026-06-13 07:39
Z0093,2026-06-13 07:41
Z0098,2026-06-13 07:41
Z0253,2026-06-13 07:42
Z0837,2026-06-13 07:42
Z0276,2026-06-13 07:43
Z0833,2026-06-13 07:43
Z0005,2026-06-13 07:45
Z0476,2026-06-13 07:45
Z0221,2026-06-13 07:46
Z0299,2026-06-13 07:46
Z0036,2026-06-13 07:49
Z0243,2026-06-13 07:49
Z0317,2026-06-13 07:49
Z0031,2026-06-13 07:50
Z0848,2026-06-13 07:50
Z0239,2026-06-13 07:51
Z0846,2026-06-13 07:51
Z0175,2026-06-13 07:52
Z0064,2026-06-13 07:53
Z0865,2026-06-13 07:53
Z0785,2026-06-13 07:54
Z0460,2026-06-13 07:55
Z0091,2026-06-13 07:57
Z0853,2026-06-13 07:57
Z0070,2026-06-13 07:58
Z0208,2026-06-13 07:58
Z0215,2026-06-13 07:59
Z0133,2026-06-13 08:00
Z0809,2026-06-13 08:03
Z0467,2026-06-13 08:10
Z0360,2026-06-13 08:12
Z0771,2026-06-13 08:15
Z0016,2026-06-13 08:20
Z0045,2026-06-13 08:22
Z0235,2026-06-13 08:24
Z0017,2026-06-13 08:30
Z0201,2026-06-13 08:30
Z0787,2026-06-13 08:31
Z0180,2026-06-13 08:32
Z0689,2026-06-13 08:33
Z0019,2026-06-13 08:34
Z0113,2026-06-13 08:40
Z0468,2026-06-13 08:41
Z0226,2026-06-13 08:47
Z0461,2026-06-13 08:49
Z0167,2026-06-13 08:50
Z0651,2026-06-13 08:52
Z0386,2026-06-13 08:54
Z0119,2026-06-13 08:55
Z0087,2026-06-13 08:56
Z0096,2026-06-13 08:57
Z0185,2026-06-13 08:57
Z0076,2026-06-13 09:00
Z0501,2026-06-13 09:00
Z0394,2026-06-13 09:02
Z0875,2026-06-13 09:07
Z0255,2026-06-13 09:08
Z0256,2026-06-13 09:20
Z0503,2026-06-13 09:25
Z0251,2026-06-13 09:31
Z0498,2026-06-13 09:46
Z0157,2026-06-13 09:48
Z0264,2026-06-13 12:03
Z0464,2026-06-13 12:03
Z0387,2026-06-13 12:04
Z0391,2026-06-13 12:04
Z0198,2026-06-13 12:08
Z0267,2026-06-13 12:09
Z0790,2026-06-13 12:11
Z0321,2026-06-13 12:17
Z0109,2026-06-13 12:18
Z0804,2026-06-13 12:24
Z0204,2026-06-13 12:25
Z0824,2026-06-13 12:31
Z0766,2026-06-13 12:32
Z0009,2026-06-13 12:36
Z0111,2026-06-13 12:37
Z0825,2026-06-13 12:40
Z0649,2026-06-13 12:41
Z0313,2026-06-13 12:43
Z0529,2026-06-13 12:44
Z0066,2026-06-13 12:45
Z0197,2026-06-13 12:45
Z0866,2026-06-13 12:51
Z0158,2026-06-13 12:53
Z0281,2026-06-13 12:58
Z0356,2026-06-13 13:00
Z0282,2026-06-13 13:04
Z0597,2026-06-13 13:04
Z0152,2026-06-13 13:07
Z0858,2026-06-13 13:09
Z0779,2026-06-13 13:11
Z0301,2026-06-13 13:13
Z0115,2026-06-13 13:14
Z0800,2026-06-13 13:14
Z0270,2026-06-13 13:19
Z0169,2026-06-13 13:24
Z0822,2026-06-13 13:32
Z0228,2026-06-13 13:34
Z0851,2026-06-13 13:36
Z0128,2026-06-13 13:38
Z0148,2026-06-13 13:38
Z0795,2026-06-13 13:47
Z0135,2026-06-13 13:48
Z0475,2026-06-13 13:49
Z0364,2026-06-13 13:50
Z0089,2026-06-13 13:59
Z0290,2026-06-13 17:04
Z0083,2026-06-13 17:09
Z0472,2026-06-13 17:11
Z0065,2026-06-13 17:13
Z0196,2026-06-13 17:14
Z0214,2026-06-13 17:17
Z0827,2026-06-13 17:21
Z0284,2026-06-13 17:22
Z0106,2026-06-13 17:24
Z0170,2026-06-13 17:24
Z0426,2026-06-13 17:29
Z0892,2026-06-13 17:30
Z0002,2026-06-13 17:34
Z0363,2026-06-13 17:54
Z0216,2026-06-13 17:58
Z0206,2026-06-13 18:00
Z0293,2026-06-13 18:00
Z0397,2026-06-13 18:00
Z0300,2026-06-13 18:02
Z0552,2026-06-13 18:02
Z0195,2026-06-13 18:03
Z0357,2026-06-13 18:03
Z0401,2026-06-13 18:03
Z0810,2026-06-13 18:04
Z0885,2026-06-13 18:06
Z0847,2026-06-13 18:07
Z0081,2026-06-13 18:08
Z0775,2026-06-13 18:10
Z0831,2026-06-13 18:13
Z0104,2026-06-13 18:20
Z0150,2026-06-13 18:20
Z0247,2026-06-13 18:22
Z0792,2026-06-13 18:22
Z0852,2026-06-13 18:24
Z0068,2026-06-13 18:25
Z0786,2026-06-13 18:27
Z0053,2026-06-13 18:31
Z0067,2026-06-13 18:31
Z0474,2026-06-13 18:31
Z0522,2026-06-13 18:33
Z0433,2026-06-13 18:36
Z0454,2026-06-13 18:36
Z0774,2026-06-13 18:36
Z0469,2026-06-13 18:38
Z0876,2026-06-13 18:39
Z0238,2026-06-13 18:40
Z0297,2026-06-13 18:42
Z0233,2026-06-13 18:43
Z0107,2026-06-13 18:44
Z0137,2026-06-13 18:45
Z0200,2026-06-13 18:46
Z0025,2026-06-13 18:49
Z0371,2026-06-13 18:50
Z0348,2026-06-13 18:51
Z0452,2026-06-13 18:53
Z0796,2026-06-13 18:53
Z0836,2026-06-13 18:55
Z0329,2026-06-13 18:57
Z0008,2026-06-13 19:01
Z0231,2026-06-13 19:01
Z0183,2026-06-13 19:03
Z0146,2026-06-13 19:05
Z0138,2026-06-13 19:06
Z0428,2026-06-13 19:09
Z0286,2026-06-13 19:11
Z0413,2026-06-13 19:13
Z0100,2026-06-13 19:14
Z0444,2026-06-13 19:14
Z0029,2026-06-13 19:15
Z0044,2026-06-13 19:17
Z0118,2026-06-13 19:17
Z0605,2026-06-13 19:17
Z0624,2026-06-13 19:20
Z0287,2026-06-13 19:21
Z0442,2026-06-13 19:23
Z0880,2026-06-13 19:23
Z0164,2026-06-13 19:26
Z0305,2026-06-13 19:26
Z0630,2026-06-13 19:29
Z0323,2026-06-13 19:30
Z0182,2026-06-13 19:32
Z0425,2026-06-13 19:32
Z0220,2026-06-13 19:33
Z0174,2026-06-13 19:34
Z0275,2026-06-13 19:34
Z0346,2026-06-13 19:34
Z0012,2026-06-13 19:35
Z0051,2026-06-13 19:38
Z0223,2026-06-13 19:40
Z0289,2026-06-13 19:41
Z0879,2026-06-13 19:41
Z0013,2026-06-13 19:42
Z0641,2026-06-13 19:42
Z0095,2026-06-13 19:43
Z0486,2026-06-13 19:44
Z0521,2026-06-13 19:45
Z0249,2026-06-13 19:46
Z0121,2026-06-13 19:50
Z0155,2026-06-13 19:50
Z0311,2026-06-13 19:51
Z0213,2026-06-13 19:52
Z0084,2026-06-13 19:56
Z0130,2026-06-13 19:57
Z0178,2026-06-13 20:14
Z0835,2026-06-13 20:14
Z0292,2026-06-13 20:17
Z0058,2026-06-13 20:18
Z0555,2026-06-13 20:19
Z0123,2026-06-13 20:22
Z0217,2026-06-13 20:22
Z0860,2026-06-13 20:30
Z0761,2026-06-13 20:39
Z0263,2026-06-13 20:42
Z0485,2026-06-13 20:46
Z0082,2026-06-13 20:48
Z0765,2026-06-13 20:54
Z0819,2026-06-13 20:59
Z0453,2026-06-14 06:01
Z0431,2026-06-14 06:02
Z0502,2026-06-14 06:02
Z0143,2026-06-14 06:03
Z0304,2026-06-14 06:03
Z0458,2026-06-14 06:03
Z0044,2026-06-14 06:04
Z0291,2026-06-14 06:06
Z0507,2026-06-14 06:08
Z0184,2026-06-14 06:12
Z0783,2026-06-14 06:12
Z0826,2026-06-14 06:13
Z0241,2026-06-14 06:14
Z0276,2026-06-14 06:16
Z0894,2026-06-14 06:16
Z0296,2026-06-14 06:17
Z0165,2026-06-14 06:18
Z0844,2026-06-14 06:18
Z0202,2026-06-14 06:22
Z0142,2026-06-14 06:23
Z0099,2026-06-14 06:25
Z0610,2026-06-14 06:27
Z0378,2026-06-14 06:29
Z0882,2026-06-14 06:29
Z0824,2026-06-14 06:30
Z0212,2026-06-14 06:31
Z0352,2026-06-14 06:32
Z0261,2026-06-14 06:33
Z0758,2026-06-14 06:38
Z0842,2026-06-14 06:39
Z0088,2026-06-14 06:40
Z0763,2026-06-14 06:40
Z0188,2026-06-14 06:43
Z0330,2026-06-14 06:43
Z0237,2026-06-14 06:48
Z0322,2026-06-14 06:53
Z0398,2026-06-14 06:55
Z0009,2026-06-14 06:58
Z0013,2026-06-14 06:59
Z0054,2026-06-14 06:59
Z0112,2026-06-14 06:59
Z0514,2026-06-14 07:00
Z0034,2026-06-14 07:01
Z0049,2026-06-14 07:01
Z0145,2026-06-14 07:01
Z0334,2026-06-14 07:02
Z0530,2026-06-14 07:02
Z0801,2026-06-14 07:02
Z0805,2026-06-14 07:02
Z0085,2026-06-14 07:06
Z0026,2026-06-14 07:07
Z0404,2026-06-14 07:07
Z0176,2026-06-14 07:09
Z0192,2026-06-14 07:09
Z0071,2026-06-14 07:13
Z0061,2026-06-14 07:14
Z0070,2026-06-14 07:15
Z0294,2026-06-14 07:15
Z0158,2026-06-14 07:16
Z0769,2026-06-14 07:16
Z0216,2026-06-14 07:17
Z0315,2026-06-14 07:17
Z0793,2026-06-14 07:17
Z0166,2026-06-14 07:18
Z0602,2026-06-14 07:18
Z0097,2026-06-14 07:21
Z0472,2026-06-14 07:21
Z0042,2026-06-14 07:22
Z0419,2026-06-14 07:22
Z0152,2026-06-14 07:23
Z0382,2026-06-14 07:23
Z0273,2026-06-14 07:24
Z0384,2026-06-14 07:24
Z0442,2026-06-14 07:24
Z0111,2026-06-14 07:26
Z0160,2026-06-14 07:26
Z0782,2026-06-14 07:26
Z0811,2026-06-14 07:27
Z0519,2026-06-14 07:28
Z0310,2026-06-14 07:29
Z0421,2026-06-14 07:29
Z0020,2026-06-14 07:31
Z0107,2026-06-14 07:31
Z0175,2026-06-14 07:32
Z0613,2026-06-14 07:32
Z0685,2026-06-14 07:34
Z0023,2026-06-14 07:35
Z0279,2026-06-14 07:35
Z0058,2026-06-14 07:36
Z0131,2026-06-14 07:36
Z0256,2026-06-14 07:38
Z0139,2026-06-14 07:39
Z0149,2026-06-14 07:40
Z0679,2026-06-14 07:40
Z0036,2026-06-14 07:41
Z0354,2026-06-14 07:43
Z0800,2026-06-14 07:43
Z0307,2026-06-14 07:44
Z0210,2026-06-14 07:45
Z0155,2026-06-14 07:46
Z0791,2026-06-14 07:46
Z0410,2026-06-14 07:47
Z0417,2026-06-14 07:48
Z0224,2026-06-14 07:50
Z0272,2026-06-14 07:53
Z0883,2026-06-14 07:53
Z0402,2026-06-14 07:55
Z0150,2026-06-14 07:57
Z0889,2026-06-14 07:58
Z0032,2026-06-14 08:03
Z0332,2026-06-14 08:03
Z0399,2026-06-14 08:05
Z0780,2026-06-14 08:06
Z0199,2026-06-14 08:07
Z0847,2026-06-14 08:08
Z0011,2026-06-14 08:12
Z0809,2026-06-14 08:16
Z0015,2026-06-14 08:19
Z0148,2026-06-14 08:19
Z0761,2026-06-14 08:19
Z0629,2026-06-14 08:20
Z0072,2026-06-14 08:21
Z0060,2026-06-14 08:24
Z0389,2026-06-14 08:30
Z0204,2026-06-14 08:31
Z0495,2026-06-14 08:32
Z0448,2026-06-14 08:33
Z0012,2026-06-14 08:34
Z0077,2026-06-14 08:34
Z0854,2026-06-14 08:37
Z0280,2026-06-14 08:38
Z0481,2026-06-14 08:42
Z0807,2026-06-14 08:45
Z0154,2026-06-14 08:47
Z0005,2026-06-14 08:48
Z0314,2026-06-14 08:48
Z0047,2026-06-14 08:52
Z0002,2026-06-14 08:53
Z0183,2026-06-14 08:55
Z0324,2026-06-14 08:57
Z0063,2026-06-14 09:03
Z0235,2026-06-14 09:10
Z0838,2026-06-14 09:12
Z0040,2026-06-14 09:14
Z0251,2026-06-14 09:17
Z0114,2026-06-14 09:19
Z0274,2026-06-14 09:30
Z0035,2026-06-14 12:00
Z0163,2026-06-14 12:03
Z0089,2026-06-14 12:04
Z0899,2026-06-14 12:04
Z0128,2026-06-14 12:05
Z0770,2026-06-14 12:10
Z0135,2026-06-14 12:13
Z0038,2026-06-14 12:14
Z0522,2026-06-14 12:19
Z0191,2026-06-14 12:21
Z0316,2026-06-14 12:26
Z0785,2026-06-14 12:30
Z0263,2026-06-14 12:39
Z0853,2026-06-14 12:40
Z0167,2026-06-14 12:42
Z0048,2026-06-14 12:49
Z0288,2026-06-14 12:49
Z0798,2026-06-14 12:59
Z0773,2026-06-14 13:02
Z0098,2026-06-14 13:04
Z0253,2026-06-14 13:05
Z0228,2026-06-14 13:11
Z0017,2026-06-14 13:12
Z0234,2026-06-14 13:14
Z0249,2026-06-14 13:14
Z0001,2026-06-14 13:15
Z0890,2026-06-14 13:16
Z0003,2026-06-14 13:19
Z0471,2026-06-14 13:21
Z0302,2026-06-14 13:23
Z0121,2026-06-14 13:26
Z0848,2026-06-14 13:26
Z0446,2026-06-14 13:27
Z0574,2026-06-14 13:28
Z0193,2026-06-14 13:31
Z0006,2026-06-14 13:34
Z0490,2026-06-14 13:40
Z0094,2026-06-14 13:44
Z0787,2026-06-14 13:52
Z0174,2026-06-14 13:57
Z0365,2026-06-14 13:57
Z0626,2026-06-14 13:59
Z0411,2026-06-14 17:05
Z0486,2026-06-14 17:05
Z0803,2026-06-14 17:05
Z0456,2026-06-14 17:11
Z0190,2026-06-14 17:17
Z0057,2026-06-14 17:22
Z0050,2026-06-14 17:27
Z0264,2026-06-14 17:29
Z0311,2026-06-14 17:37
Z0254,2026-06-14 17:38
Z0845,2026-06-14 17:54
Z0576,2026-06-14 17:56
Z0207,2026-06-14 18:01
Z0794,2026-06-14 18:04
Z0122,2026-06-14 18:06
Z0510,2026-06-14 18:06
Z0100,2026-06-14 18:07
Z0239,2026-06-14 18:09
Z0284,2026-06-14 18:09
Z0390,2026-06-14 18:10
Z0784,2026-06-14 18:10
Z0051,2026-06-14 18:12
Z0281,2026-06-14 18:12
Z0416,2026-06-14 18:13
Z0535,2026-06-14 18:13
Z0464,2026-06-14 18:14
Z0792,2026-06-14 18:14
Z0283,2026-06-14 18:15
Z0491,2026-06-14 18:15
Z0018,2026-06-14 18:16
Z0756,2026-06-14 18:16
Z0271,2026-06-14 18:17
Z0544,2026-06-14 18:18
Z0349,2026-06-14 18:20
Z0437,2026-06-14 18:20
Z0440,2026-06-14 18:23
Z0369,2026-06-14 18:24
Z0593,2026-06-14 18:24
Z0248,2026-06-14 18:28
Z0865,2026-06-14 18:28
Z0215,2026-06-14 18:30
Z0046,2026-06-14 18:33
Z0635,2026-06-14 18:33
Z0074,2026-06-14 18:35
Z0130,2026-06-14 18:36
Z0078,2026-06-14 18:40
Z0896,2026-06-14 18:40
Z0059,2026-06-14 18:41
Z0037,2026-06-14 18:42
Z0492,2026-06-14 18:42
Z0170,2026-06-14 18:43
Z0218,2026-06-14 18:43
Z0140,2026-06-14 18:45
Z0267,2026-06-14 18:47
Z0835,2026-06-14 18:48
Z0367,2026-06-14 18:52
Z0008,2026-06-14 18:53
Z0252,2026-06-14 18:53
Z0268,2026-06-14 18:55
Z0897,2026-06-14 18:56
Z0019,2026-06-14 18:58
Z0067,2026-06-14 19:00
Z0300,2026-06-14 19:01
Z0425,2026-06-14 19:02
Z0392,2026-06-14 19:04
Z0328,2026-06-14 19:05
Z0337,2026-06-14 19:05
Z0079,2026-06-14 19:06
Z0466,2026-06-14 19:06
Z0900,2026-06-14 19:06
Z0016,2026-06-14 19:08
Z0644,2026-06-14 19:11
Z0888,2026-06-14 19:15
Z0833,2026-06-14 19:18
Z0820,2026-06-14 19:19
Z0351,2026-06-14 19:20
Z0612,2026-06-14 19:21
Z0859,2026-06-14 19:21
Z0187,2026-06-14 19:23
Z0197,2026-06-14 19:25
Z0090,2026-06-14 19:26
Z0499,2026-06-14 19:27
Z0828,2026-06-14 19:30
Z0007,2026-06-14 19:36
Z0772,2026-06-14 19:37
Z0151,2026-06-14 19:40
Z0240,2026-06-14 19:40
Z0282,2026-06-14 19:44
Z0852,2026-06-14 19:45
Z0395,2026-06-14 19:46
Z0813,2026-06-14 19:46
Z0401,2026-06-14 19:47
Z0052,2026-06-14 19:49
Z0226,2026-06-14 19:49
Z0119,2026-06-14 19:54
Z0812,2026-06-14 19:54
Z0116,2026-06-14 19:56
Z0562,2026-06-14 19:56
Z0161,2026-06-14 19:57
Z0141,2026-06-14 20:00
Z0777,2026-06-14 20:11
Z0033,2026-06-14 20:12
Z0485,2026-06-14 20:14
Z0895,2026-06-14 20:15
Z0350,2026-06-14 20:18
Z0553,2026-06-14 20:20
Z0762,2026-06-14 20:20
Z0376,2026-06-14 20:24
Z0877,2026-06-14 20:26
Z0512,2026-06-14 20:30
Z0677,2026-06-14 20:32
Z0105,2026-06-14 20:35
Z0879,2026-06-14 20:37
Z0093,2026-06-14 20:39
Z0884,2026-06-14 20:39
Z0022,2026-06-14 20:41
Z0086,2026-06-14 20:44
Z0587,2026-06-14 20:46
Z0527,2026-06-14 20:50
Z0299,2026-06-14 20:56
Z0202,2026-06-15 06:00
Z0350,2026-06-15 06:02
Z0431,2026-06-15 06:05
Z0090,2026-06-15 06:08
Z0482,2026-06-15 06:11
Z0170,2026-06-15 06:12
Z0237,2026-06-15 06:12
Z0165,2026-06-15 06:13
Z0851,2026-06-15 06:13
Z0348,2026-06-15 06:14
Z0478,2026-06-15 06:15
Z0506,2026-06-15 06:16
Z0779,2026-06-15 06:16
Z0290,2026-06-15 06:17
Z0891,2026-06-15 06:18
Z0159,2026-06-15 06:19
Z0788,2026-06-15 06:19
Z0331,2026-06-15 06:21
Z0399,2026-06-15 06:21
Z0309,2026-06-15 06:22
Z0010,2026-06-15 06:23
Z0836,2026-06-15 06:23
Z0846,2026-06-15 06:23
Z0239,2026-06-15 06:30
Z0427,2026-06-15 06:32
Z0092,2026-06-15 06:34
Z0059,2026-06-15 06:35
Z0156,2026-06-15 06:38
Z0509,2026-06-15 06:40
Z0310,2026-06-15 06:41
Z0190,2026-06-15 06:43
Z0307,2026-06-15 06:43
Z0051,2026-06-15 06:44
Z0070,2026-06-15 06:44
Z0192,2026-06-15 06:45
Z0234,2026-06-15 06:49
Z0855,2026-06-15 06:49
Z0118,2026-06-15 06:50
Z0759,2026-06-15 06:51
Z0185,2026-06-15 06:52
Z0270,2026-06-15 06:52
Z0283,2026-06-15 06:52
Z0032,2026-06-15 06:56
Z0262,2026-06-15 06:56
Z0292,2026-06-15 06:56
Z0543,2026-06-15 06:56
Z0205,2026-06-15 06:57
Z0078,2026-06-15 07:00
Z0177,2026-06-15 07:00
Z0103,2026-06-15 07:01
Z0473,2026-06-15 07:01
Z0899,2026-06-15 07:04
Z0414,2026-06-15 07:05
Z0111,2026-06-15 07:07
Z0138,2026-06-15 07:07
Z0860,2026-06-15 07:08
Z0387,2026-06-15 07:09
Z0274,2026-06-15 07:10
Z0157,2026-06-15 07:11
Z0299,2026-06-15 07:11
Z0391,2026-06-15 07:12
Z0060,2026-06-15 07:14
Z0813,2026-06-15 07:17
Z0108,2026-06-15 07:18
Z0184,2026-06-15 07:19
Z0235,2026-06-15 07:19
Z0896,2026-06-15 07:19
Z0468,2026-06-15 07:21
Z0554,2026-06-15 07:21
Z0224,2026-06-15 07:22
Z0360,2026-06-15 07:22
Z0113,2026-06-15 07:23
Z0169,2026-06-15 07:23
Z0042,2026-06-15 07:24
Z0179,2026-06-15 07:24
Z0853,2026-06-15 07:24
Z0005,2026-06-15 07:27
Z0176,2026-06-15 07:27
Z0592,2026-06-15 07:28
Z0411,2026-06-15 07:29
Z0281,2026-06-15 07:31
Z0024,2026-06-15 07:32
Z0144,2026-06-15 07:33
Z0330,2026-06-15 07:34
Z0141,2026-06-15 07:35
Z0321,2026-06-15 07:35
Z0459,2026-06-15 07:35
Z0460,2026-06-15 07:35
Z0366,2026-06-15 07:36
Z0251,2026-06-15 07:37
Z0226,2026-06-15 07:39
Z0610,2026-06-15 07:42
Z0132,2026-06-15 07:43
Z0256,2026-06-15 07:43
Z0265,2026-06-15 07:44
Z0046,2026-06-15 07:45
Z0049,2026-06-15 07:46
Z0404,2026-06-15 07:46
Z0789,2026-06-15 07:46
Z0029,2026-06-15 07:47
Z0201,2026-06-15 07:47
Z0287,2026-06-15 07:47
Z0050,2026-06-15 07:48
Z0817,2026-06-15 07:49
Z0254,2026-06-15 07:54
Z0114,2026-06-15 07:56
Z0397,2026-06-15 07:56
Z0801,2026-06-15 07:56
Z0764,2026-06-15 07:57
Z0893,2026-06-15 08:00
Z0004,2026-06-15 08:01
Z0008,2026-06-15 08:01
Z0259,2026-06-15 08:08
Z0325,2026-06-15 08:08
Z0041,2026-06-15 08:12
Z0603,2026-06-15 08:13
Z0034,2026-06-15 08:16
Z0341,2026-06-15 08:21
Z0301,2026-06-15 08:22
Z0838,2026-06-15 08:23
Z0079,2026-06-15 08:27
Z0068,2026-06-15 08:32
Z0410,2026-06-15 08:33
Z0221,2026-06-15 08:38
Z0354,2026-06-15 08:38
Z0109,2026-06-15 08:39
Z0430,2026-06-15 08:41
Z0291,2026-06-15 08:42
Z0243,2026-06-15 08:43
Z0641,2026-06-15 08:45
Z0106,2026-06-15 08:48
Z0015,2026-06-15 08:51
Z0847,2026-06-15 08:56
Z0879,2026-06-15 08:58
Z0069,2026-06-15 09:00
Z0308,2026-06-15 09:19
Z0783,2026-06-15 09:31
Z0077,2026-06-15 09:32
Z0294,2026-06-15 09:50
Z0758,2026-06-15 09:55
Z0821,2026-06-15 09:57
Z0319,2026-06-15 09:58
Z0210,2026-06-15 09:59
Z0137,2026-06-15 12:01
Z0769,2026-06-15 12:11
Z0819,2026-06-15 12:13
Z0209,2026-06-15 12:20
Z0774,2026-06-15 12:21
Z0242,2026-06-15 12:25
Z0297,2026-06-15 12:26
Z0322,2026-06-15 12:32
Z0830,2026-06-15 12:38
Z0263,2026-06-15 12:44
Z0463,2026-06-15 12:44
Z0133,2026-06-15 12:45
Z0085,2026-06-15 12:46
Z0057,2026-06-15 12:48
Z0834,2026-06-15 12:48
Z0458,2026-06-15 12:51
Z0022,2026-06-15 12:52
Z0413,2026-06-15 13:02
Z0351,2026-06-15 13:12
Z0483,2026-06-15 13:13
Z0187,2026-06-15 13:15
Z0086,2026-06-15 13:16
Z0082,2026-06-15 13:17
Z0191,2026-06-15 13:19
Z0858,2026-06-15 13:21
Z0365,2026-06-15 13:35
Z0006,2026-06-15 13:36
Z0885,2026-06-15 13:40
Z0839,2026-06-15 13:41
Z0200,2026-06-15 13:42
Z0840,2026-06-15 13:43
Z0316,2026-06-15 13:48
Z0305,2026-06-15 13:50
Z0884,2026-06-15 13:55
Z0143,2026-06-15 13:57
Z0278,2026-06-15 13:58
Z0631,2026-06-15 17:02
Z0257,2026-06-15 17:05
Z0403,2026-06-15 17:05
Z0088,2026-06-15 17:06
Z0007,2026-06-15 17:08
Z0048,2026-06-15 17:17
Z0199,2026-06-15 17:18
Z0207,2026-06-15 17:21
Z0098,2026-06-15 17:22
Z0219,2026-06-15 17:22
Z0828,2026-06-15 17:26
Z0163,2026-06-15 17:33
Z0174,2026-06-15 17:33
Z0555,2026-06-15 17:33
Z0019,2026-06-15 17:38
Z0794,2026-06-15 17:47
Z0204,2026-06-15 17:48
Z0385,2026-06-15 17:48
Z0208,2026-06-15 17:49
Z0383,2026-06-15 18:01
Z0393,2026-06-15 18:01
Z0346,2026-06-15 18:02
Z0302,2026-06-15 18:10
Z0065,2026-06-15 18:15
Z0268,2026-06-15 18:18
Z0312,2026-06-15 18:18
Z0293,2026-06-15 18:19
Z0074,2026-06-15 18:20
Z0053,2026-06-15 18:21
Z0850,2026-06-15 18:21
Z0833,2026-06-15 18:24
Z0865,2026-06-15 18:24
Z0142,2026-06-15 18:25
Z0232,2026-06-15 18:25
Z0690,2026-06-15 18:28
Z0863,2026-06-15 18:28
Z0236,2026-06-15 18:30
Z0031,2026-06-15 18:31
Z0071,2026-06-15 18:32
Z0770,2026-06-15 18:36
Z0829,2026-06-15 18:37
Z0843,2026-06-15 18:43
Z0198,2026-06-15 18:44
Z0229,2026-06-15 18:44
Z0329,2026-06-15 18:45
Z0429,2026-06-15 18:46
Z0450,2026-06-15 18:46
Z0785,2026-06-15 18:46
Z0289,2026-06-15 18:48
Z0227,2026-06-15 18:49
Z0002,2026-06-15 18:52
Z0124,2026-06-15 18:53
Z0535,2026-06-15 18:54
Z0465,2026-06-15 18:55
Z0883,2026-06-15 18:58
Z0277,2026-06-15 18:59
Z0318,2026-06-15 18:59
Z0822,2026-06-15 19:01
Z0061,2026-06-15 19:02
Z0408,2026-06-15 19:02
Z0538,2026-06-15 19:03
Z0572,2026-06-15 19:04
Z0386,2026-06-15 19:05
Z0130,2026-06-15 19:06
Z0882,2026-06-15 19:06
Z0134,2026-06-15 19:07
Z0406,2026-06-15 19:07
Z0214,2026-06-15 19:08
Z0395,2026-06-15 19:08
Z0095,2026-06-15 19:13
Z0261,2026-06-15 19:13
Z0172,2026-06-15 19:15
Z0491,2026-06-15 19:18
Z0180,2026-06-15 19:19
Z0213,2026-06-15 19:19
Z0447,2026-06-15 19:20
Z0272,2026-06-15 19:22
Z0786,2026-06-15 19:23
Z0402,2026-06-15 19:25
Z0018,2026-06-15 19:26
Z0424,2026-06-15 19:26
Z0099,2026-06-15 19:28
Z0286,2026-06-15 19:28
Z0778,2026-06-15 19:28
Z0815,2026-06-15 19:28
Z0504,2026-06-15 19:30
Z0892,2026-06-15 19:33
Z0416,2026-06-15 19:34
Z0861,2026-06-15 19:36
Z0225,2026-06-15 19:38
Z0824,2026-06-15 19:39
Z0825,2026-06-15 19:39
Z0120,2026-06-15 19:40
Z0039,2026-06-15 19:41
Z0009,2026-06-15 19:44
Z0017,2026-06-15 19:45
Z0047,2026-06-15 19:50
Z0021,2026-06-15 19:51
Z0870,2026-06-15 19:53
Z0614,2026-06-15 19:54
Z0035,2026-06-15 19:56
Z0645,2026-06-15 19:56
Z0692,2026-06-15 19:56
Z0771,2026-06-15 19:56
Z0148,2026-06-15 19:58
Z0182,2026-06-15 19:58
Z0800,2026-06-15 19:59
Z0808,2026-06-15 19:59
Z0398,2026-06-15 20:00
Z0231,2026-06-15 20:02
Z0650,2026-06-15 20:08
Z0240,2026-06-15 20:21
Z0384,2026-06-15 20:26
Z0223,2026-06-15 20:29
Z0831,2026-06-15 20:35
Z0900,2026-06-15 20:35
Z0511,2026-06-15 20:36
Z0761,2026-06-15 20:37
Z0167,2026-06-15 20:38
Z0116,2026-06-15 20:41
Z0125,2026-06-15 20:42
Z0282,2026-06-15 20:44
Z0013,2026-06-15 20:47
Z0455,2026-06-15 20:48
Z0571,2026-06-15 20:48
Z0486,2026-06-15 20:53
Z0164,2026-06-15 20:54
Z0183,2026-06-15 20:54
Z0820,2026-06-15 20:56
Z0894,2026-06-15 20:56
Z0891,2026-06-16 06:03
Z0238,2026-06-16 06:04
Z0838,2026-06-16 06:05
Z0117,2026-06-16 06:06
Z0298,2026-06-16 06:06
Z0323,2026-06-16 06:08
Z0286,2026-06-16 06:15
Z0361,2026-06-16 06:17
Z0266,2026-06-16 06:21
Z0024,2026-06-16 06:24
Z0885,2026-06-16 06:24
Z0470,2026-06-16 06:25
Z0611,2026-06-16 06:25
Z0331,2026-06-16 06:27
Z0783,2026-06-16 06:27
Z0403,2026-06-16 06:28
Z0768,2026-06-16 06:28
Z0330,2026-06-16 06:31
Z0817,2026-06-16 06:33
Z0373,2026-06-16 06:39
Z0412,2026-06-16 06:39
Z0319,2026-06-16 06:40
Z0445,2026-06-16 06:43
Z0004,2026-06-16 06:44
Z0042,2026-06-16 06:47
Z0112,2026-06-16 06:47
Z0115,2026-06-16 06:50
Z0488,2026-06-16 06:50
Z0333,2026-06-16 06:53
Z0091,2026-06-16 06:56
Z0215,2026-06-16 06:56
Z0316,2026-06-16 07:00
Z0005,2026-06-16 07:03
Z0152,2026-06-16 07:04
Z0535,2026-06-16 07:04
Z0287,2026-06-16 07:06
Z0416,2026-06-16 07:06
Z0079,2026-06-16 07:08
Z0026,2026-06-16 07:10
Z0132,2026-06-16 07:10
Z0228,2026-06-16 07:10
Z0423,2026-06-16 07:12
Z0294,2026-06-16 07:13
Z0490,2026-06-16 07:18
Z0251,2026-06-16 07:19
Z0293,2026-06-16 07:19
Z0782,2026-06-16 07:20
Z0074,2026-06-16 07:22
Z0078,2026-06-16 07:22
Z0147,2026-06-16 07:22
Z0038,2026-06-16 07:24
Z0131,2026-06-16 07:24
Z0790,2026-06-16 07:26
Z0563,2026-06-16 07:29
Z0214,2026-06-16 07:30
Z0498,2026-06-16 07:31
Z0070,2026-06-16 07:32
Z0082,2026-06-16 07:32
Z0343,2026-06-16 07:34
Z0157,2026-06-16 07:36
Z0358,2026-06-16 07:36
Z0151,2026-06-16 07:38
Z0216,2026-06-16 07:39
Z0308,2026-06-16 07:39
Z0857,2026-06-16 07:39
Z0305,2026-06-16 07:41
Z0463,2026-06-16 07:43
Z0256,2026-06-16 07:45
Z0329,2026-06-16 07:46
Z0342,2026-06-16 07:47
Z0494,2026-06-16 07:49
Z0064,2026-06-16 07:51
Z0154,2026-06-16 07:52
Z0850,2026-06-16 07:52
Z0107,2026-06-16 07:53
Z0209,2026-06-16 07:53
Z0275,2026-06-16 07:53
Z0582,2026-06-16 07:56
Z0868,2026-06-16 07:58
Z0158,2026-06-16 08:01
Z0161,2026-06-16 08:01
Z0141,2026-06-16 08:08
Z0381,2026-06-16 08:08
Z0022,2026-06-16 08:12
Z0012,2026-06-16 08:13
Z0128,2026-06-16 08:14
Z0549,2026-06-16 08:17
Z0781,2026-06-16 08:25
Z0368,2026-06-16 08:26
Z0890,2026-06-16 08:26
Z0041,2026-06-16 08:27
Z0081,2026-06-16 08:27
Z0542,2026-06-16 08:30
Z0519,2026-06-16 08:34
Z0759,2026-06-16 08:34
Z0483,2026-06-16 08:35
Z0799,2026-06-16 08:35
Z0088,2026-06-16 08:36
Z0639,2026-06-16 08:37
Z0321,2026-06-16 08:39
Z0311,2026-06-16 08:41
Z0030,2026-06-16 08:44
Z0125,2026-06-16 08:45
Z0811,2026-06-16 08:45
Z0171,2026-06-16 08:48
Z0520,2026-06-16 08:51
Z0823,2026-06-16 08:51
Z0268,2026-06-16 08:53
Z0160,2026-06-16 08:59
Z0291,2026-06-16 09:04
Z0043,2026-06-16 09:05
Z0114,2026-06-16 09:07
Z0110,2026-06-16 09:20
Z0664,2026-06-16 09:31
Z0394,2026-06-16 09:47
Z0814,2026-06-16 09:51
Z0307,2026-06-16 09:55
Z0852,2026-06-16 12:01
Z0001,2026-06-16 12:03
Z0035,2026-06-16 12:04
Z0220,2026-06-16 12:04
Z0803,2026-06-16 12:05
Z0855,2026-06-16 12:13
Z0085,2026-06-16 12:14
Z0826,2026-06-16 12:19
Z0462,2026-06-16 12:26
Z0794,2026-06-16 12:36
Z0189,2026-06-16 12:39
Z0194,2026-06-16 12:40
Z0020,2026-06-16 12:42
Z0248,2026-06-16 12:42
Z0863,2026-06-16 12:49
Z0448,2026-06-16 13:02
Z0578,2026-06-16 13:02
Z0897,2026-06-16 13:10
Z0148,2026-06-16 13:12
Z0571,2026-06-16 13:13
Z0062,2026-06-16 13:15
Z0029,2026-06-16 13:24
Z0127,2026-06-16 13:25
Z0017,2026-06-16 13:27
Z0116,2026-06-16 13:28
Z0405,2026-06-16 13:35
Z0587,2026-06-16 13:36
Z0087,2026-06-16 13:37
Z0454,2026-06-16 13:40
Z0145,2026-06-16 13:41
Z0815,2026-06-16 13:47
Z0757,2026-06-16 13:53
Z0258,2026-06-16 13:59
Z0280,2026-06-16 17:00
Z0206,2026-06-16 17:05
Z0223,2026-06-16 17:07
Z0793,2026-06-16 17:15
Z0163,2026-06-16 17:16
Z0023,2026-06-16 17:21
Z0099,2026-06-16 17:23
Z0267,2026-06-16 17:23
Z0398,2026-06-16 17:23
Z0159,2026-06-16 17:25
Z0574,2026-06-16 17:26
Z0791,2026-06-16 17:31
Z0181,2026-06-16 17:47
Z0824,2026-06-16 17:51
Z0193,2026-06-16 17:54
Z0175,2026-06-16 17:57
Z0252,2026-06-16 18:00
Z0672,2026-06-16 18:02
Z0886,2026-06-16 18:02
Z0135,2026-06-16 18:05
Z0197,2026-06-16 18:05
Z0601,2026-06-16 18:06
Z0253,2026-06-16 18:09
Z0870,2026-06-16 18:09
Z0108,2026-06-16 18:10
Z0652,2026-06-16 18:10
Z0497,2026-06-16 18:12
Z0784,2026-06-16 18:14
Z0104,2026-06-16 18:15
Z0776,2026-06-16 18:15
Z0785,2026-06-16 18:16
Z0795,2026-06-16 18:16
Z0314,2026-06-16 18:18
Z0142,2026-06-16 18:19
Z0218,2026-06-16 18:19
Z0363,2026-06-16 18:19
Z0769,2026-06-16 18:22
Z0404,2026-06-16 18:26
Z0534,2026-06-16 18:26
Z0444,2026-06-16 18:28
Z0816,2026-06-16 18:29
Z0608,2026-06-16 18:32
Z0778,2026-06-16 18:34
Z0787,2026-06-16 18:34
Z0246,2026-06-16 18:37
Z0804,2026-06-16 18:37
Z0134,2026-06-16 18:38
Z0188,2026-06-16 18:38
Z0646,2026-06-16 18:40
Z0434,2026-06-16 18:43
Z0302,2026-06-16 18:45
Z0016,2026-06-16 18:46
Z0596,2026-06-16 18:46
Z0019,2026-06-16 18:47
Z0208,2026-06-16 18:47
Z0100,2026-06-16 18:48
Z0243,2026-06-16 18:48
Z0231,2026-06-16 18:49
Z0421,2026-06-16 18:50
Z0773,2026-06-16 18:50
Z0586,2026-06-16 18:51
Z0805,2026-06-16 18:52
Z0447,2026-06-16 18:53
Z0502,2026-06-16 18:54
Z0250,2026-06-16 18:55
Z0009,2026-06-16 18:56
Z0153,2026-06-16 18:58
Z0201,2026-06-16 19:00
Z0265,2026-06-16 19:00
Z0760,2026-06-16 19:05
Z0883,2026-06-16 19:05
Z0327,2026-06-16 19:06
Z0389,2026-06-16 19:06
Z0290,2026-06-16 19:10
Z0895,2026-06-16 19:10
Z0810,2026-06-16 19:12
Z0155,2026-06-16 19:15
Z0777,2026-06-16 19:17
Z0864,2026-06-16 19:17
Z0865,2026-06-16 19:19
Z0572,2026-06-16 19:21
Z0006,2026-06-16 19:22
Z0031,2026-06-16 19:24
Z0046,2026-06-16 19:24
Z0083,2026-06-16 19:26
Z0427,2026-06-16 19:26
Z0066,2026-06-16 19:27
Z0372,2026-06-16 19:27
Z0822,2026-06-16 19:28
Z0139,2026-06-16 19:32
Z0233,2026-06-16 19:32
Z0439,2026-06-16 19:34
Z0449,2026-06-16 19:34
Z0848,2026-06-16 19:34
Z0097,2026-06-16 19:37
Z0204,2026-06-16 19:38
Z0120,2026-06-16 19:39
Z0407,2026-06-16 19:39
Z0232,2026-06-16 19:40
Z0013,2026-06-16 19:41
Z0146,2026-06-16 19:41
Z0180,2026-06-16 19:42
Z0375,2026-06-16 19:43
Z0484,2026-06-16 19:46
Z0149,2026-06-16 19:47
Z0226,2026-06-16 19:50
Z0480,2026-06-16 19:50
Z0059,2026-06-16 19:51
Z0138,2026-06-16 19:51
Z0832,2026-06-16 19:51
Z0289,2026-06-16 19:52
Z0174,2026-06-16 19:53
Z0775,2026-06-16 19:54
Z0297,2026-06-16 19:55
Z0819,2026-06-16 20:00
Z0065,2026-06-16 20:06
Z0621,2026-06-16 20:11
Z0796,2026-06-16 20:16
Z0269,2026-06-16 20:17
Z0432,2026-06-16 20:19
Z0084,2026-06-16 20:20
Z0225,2026-06-16 20:22
Z0328,2026-06-16 20:23
Z0036,2026-06-16 20:24
Z0167,2026-06-16 20:32
Z0217,2026-06-16 20:33
Z0411,2026-06-16 20:33
Z0124,2026-06-16 20:35
Z0450,2026-06-16 20:35
Z0222,2026-06-16 20:36
Z0889,2026-06-16 20:38
Z0508,2026-06-16 20:40
Z0847,2026-06-16 20:41
Z0299,2026-06-16 20:46
Z0179,2026-06-16 20:48
Z0312,2026-06-16 20:50
Z0386,2026-06-16 20:58
Z0033,2026-06-17 06:01
Z0821,2026-06-17 06:02
Z0763,2026-06-17 06:05
Z0788,2026-06-17 06:06
Z0397,2026-06-17 06:07
Z0756,2026-06-17 06:09
Z0294,2026-06-17 06:17
Z0841,2026-06-17 06:18
Z0030,2026-06-17 06:19
Z0326,2026-06-17 06:19
Z0117,2026-06-17 06:21
Z0054,2026-06-17 06:23
Z0396,2026-06-17 06:24
Z0158,2026-06-17 06:25
Z0335,2026-06-17 06:28
Z0868,2026-06-17 06:30
Z0003,2026-06-17 06:32
Z0537,2026-06-17 06:36
Z0013,2026-06-17 06:43
Z0173,2026-06-17 06:44
Z0355,2026-06-17 06:44
Z0210,2026-06-17 06:46
Z0103,2026-06-17 06:47
Z0156,2026-06-17 06:50
Z0305,2026-06-17 06:51
Z0318,2026-06-17 06:53
Z0418,2026-06-17 06:53
Z0259,2026-06-17 06:54
Z0166,2026-06-17 06:55
Z0327,2026-06-17 06:55
Z0597,2026-06-17 06:55
Z0269,2026-06-17 06:56
Z0275,2026-06-17 06:56
Z0291,2026-06-17 06:56
Z0273,2026-06-17 06:58
Z0349,2026-06-17 06:58
Z0797,2026-06-17 06:58
Z0211,2026-06-17 07:01
Z0147,2026-06-17 07:02
Z0226,2026-06-17 07:02
Z0262,2026-06-17 07:04
Z0833,2026-06-17 07:04
Z0849,2026-06-17 07:06
Z0260,2026-06-17 07:09
Z0111,2026-06-17 07:10
Z0231,2026-06-17 07:10
Z0203,2026-06-17 07:11
Z0560,2026-06-17 07:14
Z0208,2026-06-17 07:15
Z0514,2026-06-17 07:15
Z0824,2026-06-17 07:15
Z0258,2026-06-17 07:17
Z0415,2026-06-17 07:18
Z0779,2026-06-17 07:20
Z0171,2026-06-17 07:21
Z0165,2026-06-17 07:23
Z0063,2026-06-17 07:24
Z0115,2026-06-17 07:25
Z0506,2026-06-17 07:26
Z0564,2026-06-17 07:26
Z0110,2026-06-17 07:27
Z0842,2026-06-17 07:27
Z0300,2026-06-17 07:28
Z0050,2026-06-17 07:30
Z0317,2026-06-17 07:30
Z0102,2026-06-17 07:31
Z0440,2026-06-17 07:32
Z0264,2026-06-17 07:33
Z0885,2026-06-17 07:34
Z0031,2026-06-17 07:35
Z0149,2026-06-17 07:35
Z0309,2026-06-17 07:36
Z0381,2026-06-17 07:39
Z0438,2026-06-17 07:40
Z0265,2026-06-17 07:41
Z0334,2026-06-17 07:43
Z0565,2026-06-17 07:43
Z0274,2026-06-17 07:44
Z0080,2026-06-17 07:46
Z0626,2026-06-17 07:46
Z0071,2026-06-17 07:47
Z0434,2026-06-17 07:47
Z0137,2026-06-17 07:49
Z0310,2026-06-17 07:49
Z0623,2026-06-17 07:50
Z0252,2026-06-17 07:51
Z0817,2026-06-17 07:51
Z0223,2026-06-17 07:52
Z0179,2026-06-17 07:53
Z0049,2026-06-17 07:55
Z0163,2026-06-17 07:55
Z0338,2026-06-17 07:55
Z0596,2026-06-17 07:55
Z0168,2026-06-17 07:56
Z0295,2026-06-17 07:56
Z0319,2026-06-17 07:56
Z0076,2026-06-17 07:57
Z0160,2026-06-17 07:59
Z0084,2026-06-17 08:07
Z0399,2026-06-17 08:16
Z0328,2026-06-17 08:19
Z0124,2026-06-17 08:20
Z0120,2026-06-17 08:26
Z0468,2026-06-17 08:27
Z0439,2026-06-17 08:29
Z0503,2026-06-17 08:29
Z0410,2026-06-17 08:32
Z0476,2026-06-17 08:32
Z0896,2026-06-17 08:32
Z0044,2026-06-17 08:33
Z0069,2026-06-17 08:34
Z0308,2026-06-17 08:35
Z0814,2026-06-17 08:35
Z0195,2026-06-17 08:36
Z0052,2026-06-17 08:38
Z0823,2026-06-17 08:41
Z0154,2026-06-17 08:47
Z0876,2026-06-17 08:47
Z0877,2026-06-17 08:48
Z0840,2026-06-17 08:51
Z0898,2026-06-17 08:55
Z0780,2026-06-17 09:03
Z0114,2026-06-17 09:04
Z0028,2026-06-17 09:18
Z0075,2026-06-17 09:18
Z0235,2026-06-17 09:20
Z0144,2026-06-17 09:23
Z0244,2026-06-17 09:27
Z0582,2026-06-17 09:31
Z0043,2026-06-17 09:40
Z0070,2026-06-17 09:42
Z0482,2026-06-17 09:47
Z0501,2026-06-17 09:54
Z0113,2026-06-17 09:56
Z0225,2026-06-17 12:00
Z0083,2026-06-17 12:01
Z0025,2026-06-17 12:02
Z0314,2026-06-17 12:02
Z0057,2026-06-17 12:03
Z0193,2026-06-17 12:04
Z0357,2026-06-17 12:04
Z0306,2026-06-17 12:06
Z0512,2026-06-17 12:07
Z0584,2026-06-17 12:07
Z0830,2026-06-17 12:09
Z0190,2026-06-17 12:13
Z0207,2026-06-17 12:20
Z0761,2026-06-17 12:20
Z0790,2026-06-17 12:21
Z0329,2026-06-17 12:24
Z0835,2026-06-17 12:26
Z0174,2026-06-17 12:32
Z0216,2026-06-17 12:34
Z0361,2026-06-17 12:34
Z0573,2026-06-17 12:38
Z0107,2026-06-17 12:42
Z0194,2026-06-17 12:43
Z0365,2026-06-17 12:47
Z0020,2026-06-17 12:54
Z0289,2026-06-17 12:58
Z0278,2026-06-17 13:00
Z0219,2026-06-17 13:01
Z0183,2026-06-17 13:04
Z0348,2026-06-17 13:07
Z0337,2026-06-17 13:17
Z0475,2026-06-17 13:18
Z0533,2026-06-17 13:19
Z0808,2026-06-17 13:24
Z0793,2026-06-17 13:25
Z0452,2026-06-17 13:28
Z0487,2026-06-17 13:31
Z0386,2026-06-17 13:33
Z0065,2026-06-17 13:34
Z0023,2026-06-17 13:41
Z0247,2026-06-17 13:42
Z0214,2026-06-17 13:45
Z0280,2026-06-17 13:47
Z0388,2026-06-17 13:47
Z0014,2026-06-17 13:50
Z0343,2026-06-17 13:51
Z0529,2026-06-17 13:55
Z0811,2026-06-17 13:55
Z0204,2026-06-17 17:02
Z0122,2026-06-17 17:14
Z0140,2026-06-17 17:15
Z0221,2026-06-17 17:19
Z0008,2026-06-17 17:31
Z0773,2026-06-17 17:34
Z0162,2026-06-17 17:35
Z0870,2026-06-17 17:35
Z0104,2026-06-17 17:46
Z0764,2026-06-17 17:46
Z0304,2026-06-17 17:48
Z0465,2026-06-17 17:49
Z0261,2026-06-17 17:51
Z0254,2026-06-17 17:53
Z0098,2026-06-17 17:56
Z0134,2026-06-17 17:58
Z0494,2026-06-17 18:01
Z0798,2026-06-17 18:01
Z0213,2026-06-17 18:07
Z0087,2026-06-17 18:08
Z0192,2026-06-17 18:10
Z0271,2026-06-17 18:11
Z0392,2026-06-17 18:11
Z0518,2026-06-17 18:11
Z0862,2026-06-17 18:11
Z0505,2026-06-17 18:14
Z0558,2026-06-17 18:15
Z0411,2026-06-17 18:16
Z0093,2026-06-17 18:17
Z0249,2026-06-17 18:18
Z0233,2026-06-17 18:20
Z0900,2026-06-17 18:20
Z0345,2026-06-17 18:22
Z0046,2026-06-17 18:24
Z0293,2026-06-17 18:25
Z0829,2026-06-17 18:28
Z0018,2026-06-17 18:31
Z0540,2026-06-17 18:31
Z0022,2026-06-17 18:34
Z0873,2026-06-17 18:34
Z0645,2026-06-17 18:35
Z0845,2026-06-17 18:38
Z0825,2026-06-17 18:39
Z0038,2026-06-17 18:42
Z0187,2026-06-17 18:42
Z0109,2026-06-17 18:44
Z0674,2026-06-17 18:45
Z0246,2026-06-17 18:48
Z0282,2026-06-17 18:50
Z0371,2026-06-17 18:51
Z0892,2026-06-17 18:52
Z0775,2026-06-17 18:56
Z0768,2026-06-17 18:57
Z0516,2026-06-17 18:58
Z0064,2026-06-17 19:00
Z0471,2026-06-17 19:00
Z0803,2026-06-17 19:01
Z0313,2026-06-17 19:03
Z0128,2026-06-17 19:05
Z0177,2026-06-17 19:09
Z0316,2026-06-17 19:09
Z0772,2026-06-17 19:10
Z0180,2026-06-17 19:12
Z0451,2026-06-17 19:12
Z0813,2026-06-17 19:12
Z0474,2026-06-17 19:13
Z0854,2026-06-17 19:13
Z0428,2026-06-17 19:16
Z0085,2026-06-17 19:18
Z0322,2026-06-17 19:18
Z0546,2026-06-17 19:18
Z0155,2026-06-17 19:21
Z0272,2026-06-17 19:21
Z0090,2026-06-17 19:22
Z0101,2026-06-17 19:22
Z0301,2026-06-17 19:22
Z0026,2026-06-17 19:24
Z0312,2026-06-17 19:24
Z0324,2026-06-17 19:29
Z0288,2026-06-17 19:31
Z0446,2026-06-17 19:32
Z0804,2026-06-17 19:32
Z0074,2026-06-17 19:33
Z0067,2026-06-17 19:34
Z0315,2026-06-17 19:34
Z0091,2026-06-17 19:36
Z0037,2026-06-17 19:39
Z0152,2026-06-17 19:39
Z0341,2026-06-17 19:39
Z0464,2026-06-17 19:41
Z0481,2026-06-17 19:42
Z0887,2026-06-17 19:42
Z0796,2026-06-17 19:43
Z0139,2026-06-17 19:44
Z0380,2026-06-17 19:44
Z0017,2026-06-17 19:45
Z0323,2026-06-17 19:49
Z0086,2026-06-17 19:51
Z0227,2026-06-17 19:53
Z0846,2026-06-17 19:53
Z0123,2026-06-17 19:54
Z0389,2026-06-17 19:54
Z0831,2026-06-17 19:55
Z0089,2026-06-17 20:05
Z0198,2026-06-17 20:05
Z0164,2026-06-17 20:09
Z0095,2026-06-17 20:17
Z0055,2026-06-17 20:19
Z0224,2026-06-17 20:23
Z0127,2026-06-17 20:25
Z0047,2026-06-17 20:26
Z0006,2026-06-17 20:29
Z0058,2026-06-17 20:29
Z0513,2026-06-17 20:32
Z0575,2026-06-17 20:32
Z0354,2026-06-17 20:37
Z0638,2026-06-17 20:37
Z0882,2026-06-17 20:38
Z0189,2026-06-17 20:44
Z0385,2026-06-17 20:44
Z0405,2026-06-17 20:44
Z0827,2026-06-17 20:44
Z0836,2026-06-17 20:55
Z0899,2026-06-17 20:55
Z0884,2026-06-17 20:59
Z0057,2026-06-18 06:00
Z0396,2026-06-18 06:00
Z0765,2026-06-18 06:00
Z0775,2026-06-18 06:02
Z0812,2026-06-18 06:06
Z0407,2026-06-18 06:07
Z0042,2026-06-18 06:11
Z0276,2026-06-18 06:20
Z0291,2026-06-18 06:24
Z0032,2026-06-18 06:26
Z0040,2026-06-18 06:27
Z0192,2026-06-18 06:29
Z0207,2026-06-18 06:29
Z0828,2026-06-18 06:29
Z0237,2026-06-18 06:30
Z0599,2026-06-18 06:32
Z0782,2026-06-18 06:36
Z0205,2026-06-18 06:37
Z0071,2026-06-18 06:39
Z0157,2026-06-18 06:41
Z0625,2026-06-18 06:45
Z0360,2026-06-18 06:46
Z0848,2026-06-18 06:48
Z0275,2026-06-18 06:49
Z0013,2026-06-18 06:51
Z0307,2026-06-18 06:51
Z0576,2026-06-18 06:53
Z0005,2026-06-18 06:54
Z0557,2026-06-18 06:58
Z0221,2026-06-18 07:00
Z0296,2026-06-18 07:00
Z0492,2026-06-18 07:00
Z0551,2026-06-18 07:01
Z0244,2026-06-18 07:02
Z0247,2026-06-18 07:02
Z0322,2026-06-18 07:02
Z0184,2026-06-18 07:03
Z0213,2026-06-18 07:06
Z0502,2026-06-18 07:06
Z0234,2026-06-18 07:08
Z0807,2026-06-18 07:09
Z0076,2026-06-18 07:10
Z0155,2026-06-18 07:10
Z0801,2026-06-18 07:11
Z0105,2026-06-18 07:13
Z0229,2026-06-18 07:15
Z0556,2026-06-18 07:15
Z0134,2026-06-18 07:16
Z0376,2026-06-18 07:18
Z0227,2026-06-18 07:19
Z0821,2026-06-18 07:19
Z0860,2026-06-18 07:20
Z0873,2026-06-18 07:23
Z0552,2026-06-18 07:24
Z0774,2026-06-18 07:25
Z0166,2026-06-18 07:28
Z0056,2026-06-18 07:29
Z0220,2026-06-18 07:29
Z0277,2026-06-18 07:31
Z0427,2026-06-18 07:31
Z0766,2026-06-18 07:31
Z0248,2026-06-18 07:32
Z0070,2026-06-18 07:33
Z0320,2026-06-18 07:35
Z0122,2026-06-18 07:41
Z0172,2026-06-18 07:42
Z0189,2026-06-18 07:42
Z0819,2026-06-18 07:43
Z0016,2026-06-18 07:45
Z0781,2026-06-18 07:46
Z0817,2026-06-18 07:46
Z0170,2026-06-18 07:47
Z0204,2026-06-18 07:47
Z0567,2026-06-18 07:47
Z0182,2026-06-18 07:49
Z0293,2026-06-18 07:49
Z0279,2026-06-18 07:51
Z0758,2026-06-18 07:51
Z0390,2026-06-18 07:53
Z0027,2026-06-18 07:56
Z0260,2026-06-18 07:56
Z0304,2026-06-18 07:58
Z0325,2026-06-18 07:59
Z0511,2026-06-18 07:59
Z0428,2026-06-18 08:07
Z0425,2026-06-18 08:08
Z0475,2026-06-18 08:08
Z0826,2026-06-18 08:11
Z0367,2026-06-18 08:16
Z0021,2026-06-18 08:19
Z0503,2026-06-18 08:19
Z0240,2026-06-18 08:20
Z0440,2026-06-18 08:23
Z0146,2026-06-18 08:26
Z0081,2026-06-18 08:27
Z0039,2026-06-18 08:30
Z0269,2026-06-18 08:30
Z0108,2026-06-18 08:31
Z0282,2026-06-18 08:36
Z0799,2026-06-18 08:37
Z0019,2026-06-18 08:39
Z0251,2026-06-18 08:41
Z0181,2026-06-18 08:47
Z0030,2026-06-18 08:48
Z0235,2026-06-18 08:50
Z0249,2026-06-18 08:54
Z0036,2026-06-18 08:55
Z0015,2026-06-18 08:58
Z0803,2026-06-18 08:59
Z0165,2026-06-18 09:05
Z0891,2026-06-18 09:10
Z0112,2026-06-18 09:31
Z0256,2026-06-18 09:33
Z0330,2026-06-18 09:34
Z0024,2026-06-18 09:37
Z0525,2026-06-18 09:43
Z0028,2026-06-18 09:57
Z0489,2026-06-18 12:02
Z0485,2026-06-18 12:04
Z0023,2026-06-18 12:06
Z0098,2026-06-18 12:09
Z0648,2026-06-18 12:11
Z0609,2026-06-18 12:13
Z0756,2026-06-18 12:16
Z0802,2026-06-18 12:16
Z0478,2026-06-18 12:19
Z0458,2026-06-18 12:25
Z0861,2026-06-18 12:26
Z0095,2026-06-18 12:27
Z0168,2026-06-18 12:27
Z0787,2026-06-18 12:28
Z0851,2026-06-18 12:38
Z0314,2026-06-18 12:50
Z0035,2026-06-18 12:57
Z0228,2026-06-18 13:01
Z0559,2026-06-18 13:01
Z0329,2026-06-18 13:05
Z0784,2026-06-18 13:10
Z0074,2026-06-18 13:15
Z0084,2026-06-18 13:17
Z0406,2026-06-18 13:17
Z0796,2026-06-18 13:19
Z0839,2026-06-18 13:19
Z0351,2026-06-18 13:20
Z0328,2026-06-18 13:24
Z0286,2026-06-18 13:25
Z0836,2026-06-18 13:25
Z0059,2026-06-18 13:26
Z0047,2026-06-18 13:35
Z0469,2026-06-18 13:35
Z0892,2026-06-18 13:41
Z0280,2026-06-18 13:42
Z0230,2026-06-18 13:52
Z0018,2026-06-18 17:02
Z0072,2026-06-18 17:04
Z0579,2026-06-18 17:04
Z0831,2026-06-18 17:06
Z0420,2026-06-18 17:07
Z0014,2026-06-18 17:08
Z0290,2026-06-18 17:10
Z0378,2026-06-18 17:14
Z0523,2026-06-18 17:17
Z0218,2026-06-18 17:22
Z0003,2026-06-18 17:25
Z0798,2026-06-18 17:30
Z0109,2026-06-18 17:31
Z0044,2026-06-18 17:32
Z0267,2026-06-18 17:32
Z0002,2026-06-18 17:34
Z0008,2026-06-18 17:37
Z0327,2026-06-18 17:38
Z0161,2026-06-18 17:39
Z0245,2026-06-18 17:39
Z0101,2026-06-18 17:40
Z0818,2026-06-18 17:43
Z0135,2026-06-18 17:45
Z0395,2026-06-18 17:48
Z0271,2026-06-18 17:50
Z0488,2026-06-18 17:52
Z0001,2026-06-18 17:56
Z0195,2026-06-18 17:56
Z0827,2026-06-18 18:00
Z0894,2026-06-18 18:00
Z0143,2026-06-18 18:01
Z0588,2026-06-18 18:03
Z0092,2026-06-18 18:06
Z0034,2026-06-18 18:09
Z0162,2026-06-18 18:10
Z0460,2026-06-18 18:10
Z0656,2026-06-18 18:11
Z0508,2026-06-18 18:12
Z0463,2026-06-18 18:13
Z0152,2026-06-18 18:14
Z0045,2026-06-18 18:15
Z0426,2026-06-18 18:19
Z0856,2026-06-18 18:19
Z0493,2026-06-18 18:21
Z0578,2026-06-18 18:23
Z0773,2026-06-18 18:23
Z0761,2026-06-18 18:24
Z0053,2026-06-18 18:28
Z0126,2026-06-18 18:29
Z0852,2026-06-18 18:29
Z0201,2026-06-18 18:32
Z0548,2026-06-18 18:33
Z0854,2026-06-18 18:35
Z0020,2026-06-18 18:36
Z0178,2026-06-18 18:37
Z0347,2026-06-18 18:40
Z0541,2026-06-18 18:43
Z0300,2026-06-18 18:44
Z0528,2026-06-18 18:44
Z0816,2026-06-18 18:46
Z0302,2026-06-18 18:47
Z0762,2026-06-18 18:49
Z0896,2026-06-18 18:50
Z0264,2026-06-18 18:51
Z0007,2026-06-18 18:52
Z0031,2026-06-18 18:52
Z0461,2026-06-18 18:57
Z0454,2026-06-18 18:58
Z0203,2026-06-18 19:00
Z0562,2026-06-18 19:00
Z0757,2026-06-18 19:00
Z0147,2026-06-18 19:03
Z0380,2026-06-18 19:03
Z0186,2026-06-18 19:04
Z0022,2026-06-18 19:07
Z0208,2026-06-18 19:07
Z0012,2026-06-18 19:11
Z0339,2026-06-18 19:14
Z0786,2026-06-18 19:16
Z0311,2026-06-18 19:20
Z0100,2026-06-18 19:23
Z0217,2026-06-18 19:25
Z0832,2026-06-18 19:27
Z0096,2026-06-18 19:28
Z0421,2026-06-18 19:30
Z0200,2026-06-18 19:31
Z0281,2026-06-18 19:31
Z0386,2026-06-18 19:35
Z0318,2026-06-18 19:37
Z0243,2026-06-18 19:38
Z0835,2026-06-18 19:38
Z0853,2026-06-18 19:38
Z0794,2026-06-18 19:39
Z0058,2026-06-18 19:40
Z0429,2026-06-18 19:40
Z0366,2026-06-18 19:41
Z0477,2026-06-18 19:43
Z0474,2026-06-18 19:45
Z0301,2026-06-18 19:47
Z0051,2026-06-18 19:50
Z0332,2026-06-18 19:50
Z0486,2026-06-18 19:50
Z0353,2026-06-18 19:51
Z0138,2026-06-18 19:54
Z0654,2026-06-18 19:55
Z0086,2026-06-18 19:57
Z0822,2026-06-18 19:58
Z0837,2026-06-18 19:59
Z0400,2026-06-18 20:06
Z0359,2026-06-18 20:07
Z0536,2026-06-18 20:08
Z0263,2026-06-18 20:13
Z0129,2026-06-18 20:14
Z0236,2026-06-18 20:24
Z0111,2026-06-18 20:25
Z0823,2026-06-18 20:25
Z0064,2026-06-18 20:29
Z0061,2026-06-18 20:31
Z0337,2026-06-18 20:34
Z0169,2026-06-18 20:39
Z0257,2026-06-18 20:39
Z0415,2026-06-18 20:46
Z0859,2026-06-18 20:48
Z0284,2026-06-18 20:51
Z0083,2026-06-18 20:54
Z0268,2026-06-18 20:55
Z0374,2026-06-18 20:56
Z0165,2026-06-19 06:00
Z0317,2026-06-19 06:00
Z0837,2026-06-19 06:00
Z0205,2026-06-19 06:01
Z0312,2026-06-19 06:01
Z0422,2026-06-19 06:04
Z0362,2026-06-19 06:05
Z0468,2026-06-19 06:06
Z0525,2026-06-19 06:06
Z0182,2026-06-19 06:08
Z0050,2026-06-19 06:09
Z0244,2026-06-19 06:11
Z0766,2026-06-19 06:14
Z0443,2026-06-19 06:15
Z0184,2026-06-19 06:16
Z0767,2026-06-19 06:16
Z0506,2026-06-19 06:17
Z0274,2026-06-19 06:18
Z0255,2026-06-19 06:20
Z0795,2026-06-19 06:20
Z0187,2026-06-19 06:22
Z0758,2026-06-19 06:22
Z0372,2026-06-19 06:24
Z0834,2026-06-19 06:25
Z0445,2026-06-19 06:31
Z0580,2026-06-19 06:34
Z0821,2026-06-19 06:34
Z0345,2026-06-19 06:35
Z0238,2026-06-19 06:40
Z0063,2026-06-19 06:41
Z0132,2026-06-19 06:43
Z0114,2026-06-19 06:46
Z0031,2026-06-19 06:48
Z0005,2026-06-19 06:49
Z0382,2026-06-19 06:50
Z0822,2026-06-19 06:50
Z0079,2026-06-19 06:54
Z0676,2026-06-19 06:54
Z0873,2026-06-19 06:54
Z0410,2026-06-19 06:58
Z0777,2026-06-19 06:59
Z0756,2026-06-19 07:01
Z0330,2026-06-19 07:02
Z0835,2026-06-19 07:02
Z0870,2026-06-19 07:02
Z0846,2026-06-19 07:03
Z0173,2026-06-19 07:06
Z0198,2026-06-19 07:07
Z0817,2026-06-19 07:07
Z0157,2026-06-19 07:08
Z0599,2026-06-19 07:08
Z0202,2026-06-19 07:09
Z0254,2026-06-19 07:09
Z0062,2026-06-19 07:10
Z0838,2026-06-19 07:10
Z0587,2026-06-19 07:11
Z0215,2026-06-19 07:12
Z0424,2026-06-19 07:13
Z0097,2026-06-19 07:15
Z0122,2026-06-19 07:15
Z0186,2026-06-19 07:15
Z0224,2026-06-19 07:15
Z0377,2026-06-19 07:15
Z0619,2026-06-19 07:15
Z0146,2026-06-19 07:16
Z0493,2026-06-19 07:16
Z0056,2026-06-19 07:17
Z0232,2026-06-19 07:20
Z0167,2026-06-19 07:21
Z0112,2026-06-19 07:22
Z0337,2026-06-19 07:22
Z0660,2026-06-19 07:23
Z0181,2026-06-19 07:25
Z0328,2026-06-19 07:25
Z0320,2026-06-19 07:26
Z0304,2026-06-19 07:27
Z0393,2026-06-19 07:28
Z0448,2026-06-19 07:28
Z0256,2026-06-19 07:29
Z0071,2026-06-19 07:30
Z0813,2026-06-19 07:30
Z0066,2026-06-19 07:32
Z0040,2026-06-19 07:33
Z0042,2026-06-19 07:33
Z0694,2026-06-19 07:33
Z0260,2026-06-19 07:35
Z0500,2026-06-19 07:35
Z0868,2026-06-19 07:35
Z0270,2026-06-19 07:37
Z0430,2026-06-19 07:37
Z0213,2026-06-19 07:39
Z0049,2026-06-19 07:40
Z0069,2026-06-19 07:40
Z0315,2026-06-19 07:40
Z0666,2026-06-19 07:41
Z0020,2026-06-19 07:43
Z0249,2026-06-19 07:44
Z0144,2026-06-19 07:45
Z0507,2026-06-19 07:48
Z0513,2026-06-19 07:48
Z0573,2026-06-19 07:49
Z0011,2026-06-19 07:50
Z0431,2026-06-19 07:50
Z0790,2026-06-19 07:51
Z0862,2026-06-19 07:51
Z0404,2026-06-19 07:53
Z0004,2026-06-19 07:55
Z0080,2026-06-19 07:55
Z0279,2026-06-19 07:55
Z0820,2026-06-19 07:55
Z0060,2026-06-19 07:56
Z0226,2026-06-19 07:56
Z0278,2026-06-19 07:56
Z0476,2026-06-19 07:58
Z0310,2026-06-19 07:59
Z0275,2026-06-19 08:03
Z0200,2026-06-19 08:05
Z0262,2026-06-19 08:06
Z0237,2026-06-19 08:08
Z0806,2026-06-19 08:11
Z0344,2026-06-19 08:12
Z0446,2026-06-19 08:12
Z0199,2026-06-19 08:13
Z0780,2026-06-19 08:13
Z0096,2026-06-19 08:19
Z0125,2026-06-19 08:22
Z0143,2026-06-19 08:22
Z0299,2026-06-19 08:22
Z0316,2026-06-19 08:35
Z0851,2026-06-19 08:35
Z0156,2026-06-19 08:37
Z0376,2026-06-19 08:38
Z0436,2026-06-19 08:38
Z0764,2026-06-19 08:40
Z0289,2026-06-19 08:45
Z0136,2026-06-19 08:46
Z0218,2026-06-19 08:48
Z0090,2026-06-19 08:49
Z0533,2026-06-19 08:54
Z0373,2026-06-19 08:55
Z0405,2026-06-19 08:55
Z0160,2026-06-19 08:56
Z0119,2026-06-19 08:59
Z0783,2026-06-19 09:25
Z0394,2026-06-19 09:26
Z0509,2026-06-19 09:39
Z0342,2026-06-19 09:44
Z0241,2026-06-19 09:46
Z0259,2026-06-19 09:49
Z0147,2026-06-19 12:01
Z0209,2026-06-19 12:04
Z0816,2026-06-19 12:06
Z0765,2026-06-19 12:10
Z0129,2026-06-19 12:13
Z0314,2026-06-19 12:13
Z0323,2026-06-19 12:13
Z0003,2026-06-19 12:17
Z0029,2026-06-19 12:17
Z0388,2026-06-19 12:20
Z0253,2026-06-19 12:21
Z0833,2026-06-19 12:21
Z0094,2026-06-19 12:23
Z0401,2026-06-19 12:28
Z0617,2026-06-19 12:30
Z0021,2026-06-19 12:34
Z0411,2026-06-19 12:36
Z0324,2026-06-19 12:37
Z0118,2026-06-19 12:38
Z0276,2026-06-19 12:48
Z0829,2026-06-19 12:53
Z0074,2026-06-19 13:06
Z0811,2026-06-19 13:06
Z0225,2026-06-19 13:08
Z0800,2026-06-19 13:08
Z0771,2026-06-19 13:17
Z0305,2026-06-19 13:25
Z0104,2026-06-19 13:27
Z0776,2026-06-19 13:28
Z0284,2026-06-19 13:35
Z0264,2026-06-19 13:36
Z0796,2026-06-19 13:36
Z0084,2026-06-19 13:42
Z0239,2026-06-19 13:43
Z0515,2026-06-19 13:43
Z0848,2026-06-19 13:43
Z0195,2026-06-19 13:46
Z0425,2026-06-19 13:47
Z0554,2026-06-19 13:48
Z0121,2026-06-19 13:53
Z0130,2026-06-19 13:53
Z0887,2026-06-19 13:54
Z0300,2026-06-19 13:57
Z0327,2026-06-19 13:58
Z0234,2026-06-19 13:59
Z0273,2026-06-19 17:00
Z0138,2026-06-19 17:02
Z0458,2026-06-19 17:02
Z0216,2026-06-19 17:05
Z0061,2026-06-19 17:09
Z0006,2026-06-19 17:16
Z0775,2026-06-19 17:18
Z0141,2026-06-19 17:19
Z0890,2026-06-19 17:21
Z0176,2026-06-19 17:22
Z0841,2026-06-19 17:25
Z0809,2026-06-19 17:33
Z0088,2026-06-19 17:36
Z0101,2026-06-19 17:36
Z0051,2026-06-19 17:40
Z0770,2026-06-19 17:51
Z0789,2026-06-19 17:51
Z0250,2026-06-19 17:53
Z0566,2026-06-19 17:53
Z0212,2026-06-19 17:56
Z0301,2026-06-19 17:56
Z0048,2026-06-19 18:01
Z0007,2026-06-19 18:02
Z0464,2026-06-19 18:03
Z0220,2026-06-19 18:06
Z0773,2026-06-19 18:06
Z0852,2026-06-19 18:06
Z0140,2026-06-19 18:09
Z0287,2026-06-19 18:13
Z0211,2026-06-19 18:15
Z0208,2026-06-19 18:16
Z0856,2026-06-19 18:17
Z0230,2026-06-19 18:18
Z0131,2026-06-19 18:20
Z0014,2026-06-19 18:23
Z0219,2026-06-19 18:24
Z0479,2026-06-19 18:24
Z0093,2026-06-19 18:28
Z0126,2026-06-19 18:28
Z0290,2026-06-19 18:28
Z0882,2026-06-19 18:28
Z0369,2026-06-19 18:29
Z0159,2026-06-19 18:30
Z0325,2026-06-19 18:30
Z0439,2026-06-19 18:32
Z0242,2026-06-19 18:33
Z0170,2026-06-19 18:34
Z0236,2026-06-19 18:34
Z0455,2026-06-19 18:37
Z0346,2026-06-19 18:39
Z0115,2026-06-19 18:41
Z0532,2026-06-19 18:48
Z0233,2026-06-19 18:49
Z0792,2026-06-19 18:52
Z0073,2026-06-19 18:53
Z0306,2026-06-19 18:53
Z0153,2026-06-19 18:54
Z0408,2026-06-19 18:54
Z0459,2026-06-19 18:57
Z0163,2026-06-19 18:58
Z0185,2026-06-19 18:58
Z0027,2026-06-19 18:59
Z0629,2026-06-19 19:00
Z0847,2026-06-19 19:00
Z0247,2026-06-19 19:01
Z0243,2026-06-19 19:07
Z0558,2026-06-19 19:07
Z0001,2026-06-19 19:08
Z0089,2026-06-19 19:09
Z0637,2026-06-19 19:09
Z0228,2026-06-19 19:11
Z0490,2026-06-19 19:11
Z0644,2026-06-19 19:11
Z0606,2026-06-19 19:13
Z0803,2026-06-19 19:13
Z0895,2026-06-19 19:13
Z0052,2026-06-19 19:14
Z0010,2026-06-19 19:17
Z0366,2026-06-19 19:18
Z0231,2026-06-19 19:20
Z0197,2026-06-19 19:21
Z0421,2026-06-19 19:23
Z0161,2026-06-19 19:24
Z0475,2026-06-19 19:27
Z0480,2026-06-19 19:27
Z0196,2026-06-19 19:33
Z0285,2026-06-19 19:33
Z0605,2026-06-19 19:33
Z0824,2026-06-19 19:35
Z0621,2026-06-19 19:36
Z0387,2026-06-19 19:39
Z0116,2026-06-19 19:40
Z0183,2026-06-19 19:41
Z0518,2026-06-19 19:45
Z0272,2026-06-19 19:47
Z0103,2026-06-19 19:49
Z0883,2026-06-19 19:52
Z0451,2026-06-19 19:54
Z0286,2026-06-19 19:56
Z0363,2026-06-19 19:58
Z0802,2026-06-19 19:58
Z0897,2026-06-19 19:59
Z0370,2026-06-19 20:03
Z0283,2026-06-19 20:08
Z0193,2026-06-19 20:09
Z0072,2026-06-19 20:12
Z0618,2026-06-19 20:14
Z0467,2026-06-19 20:15
Z0248,2026-06-19 20:18
Z0044,2026-06-19 20:20
Z0055,2026-06-19 20:20
Z0839,2026-06-19 20:26
Z0539,2026-06-19 20:27
Z0492,2026-06-19 20:32
Z0865,2026-06-19 20:32
Z0008,2026-06-19 20:35
Z0784,2026-06-19 20:35
Z0686,2026-06-19 20:39
Z0171,2026-06-19 20:41
Z0158,2026-06-19 20:42
Z0604,2026-06-19 20:45
Z0812,2026-06-19 20:49
Z0132,2026-06-20 06:00
Z0783,2026-06-20 06:00
Z0196,2026-06-20 06:02
Z0229,2026-06-20 06:02
Z0476,2026-06-20 06:02
Z0028,2026-06-20 06:03
Z0056,2026-06-20 06:03
Z0082,2026-06-20 06:03
Z0285,2026-06-20 06:05
Z0767,2026-06-20 06:07
Z0568,2026-06-20 06:08
Z0812,2026-06-20 06:10
Z0084,2026-06-20 06:12
Z0622,2026-06-20 06:12
Z0067,2026-06-20 06:16
Z0166,2026-06-20 06:21
Z0225,2026-06-20 06:21
Z0116,2026-06-20 06:22
Z0240,2026-06-20 06:22
Z0453,2026-06-20 06:22
Z0326,2026-06-20 06:24
Z0641,2026-06-20 06:25
Z0317,2026-06-20 06:28
Z0145,2026-06-20 06:30
Z0199,2026-06-20 06:30
Z0209,2026-06-20 06:30
Z0190,2026-06-20 06:32
Z0097,2026-06-20 06:33
Z0320,2026-06-20 06:33
Z0098,2026-06-20 06:35
Z0309,2026-06-20 06:37
Z0837,2026-06-20 06:39
Z0838,2026-06-20 06:40
Z0857,2026-06-20 06:41
Z0844,2026-06-20 06:43
Z0184,2026-06-20 06:46
Z0039,2026-06-20 06:47
Z0581,2026-06-20 06:47
Z0041,2026-06-20 06:48
Z0069,2026-06-20 06:48
Z0112,2026-06-20 06:49
Z0442,2026-06-20 06:49
Z0569,2026-06-20 06:49
Z0521,2026-06-20 06:53
Z0004,2026-06-20 06:54
Z0194,2026-06-20 06:54
Z0249,2026-06-20 06:56
Z0299,2026-06-20 06:58
Z0076,2026-06-20 06:59
Z0162,2026-06-20 07:00
Z0433,2026-06-20 07:00
Z0643,2026-06-20 07:00
Z0809,2026-06-20 07:00
Z0188,2026-06-20 07:02
Z0855,2026-06-20 07:02
Z0849,2026-06-20 07:05
Z0383,2026-06-20 07:07
Z0850,2026-06-20 07:08
Z0312,2026-06-20 07:09
Z0048,2026-06-20 07:10
Z0134,2026-06-20 07:11
Z0063,2026-06-20 07:13
Z0113,2026-06-20 07:13
Z0047,2026-06-20 07:14
Z0258,2026-06-20 07:14
Z0257,2026-06-20 07:15
Z0445,2026-06-20 07:15
Z0154,2026-06-20 07:16
Z0328,2026-06-20 07:16
Z0110,2026-06-20 07:17
Z0346,2026-06-20 07:17
Z0757,2026-06-20 07:20
Z0217,2026-06-20 07:22
Z0075,2026-06-20 07:26
Z0384,2026-06-20 07:26
Z0635,2026-06-20 07:29
Z0189,2026-06-20 07:30
Z0352,2026-06-20 07:30
Z0210,2026-06-20 07:31
Z0319,2026-06-20 07:31
Z0437,2026-06-20 07:31
Z0501,2026-06-20 07:32
Z0260,2026-06-20 07:33
Z0310,2026-06-20 07:33
Z0892,2026-06-20 07:33
Z0011,2026-06-20 07:34
Z0298,2026-06-20 07:36
Z0182,2026-06-20 07:38
Z0227,2026-06-20 07:38
Z0315,2026-06-20 07:38
Z0798,2026-06-20 07:38
Z0245,2026-06-20 07:39
Z0479,2026-06-20 07:40
Z0125,2026-06-20 07:45
Z0136,2026-06-20 07:49
Z0215,2026-06-20 07:49
Z0404,2026-06-20 07:49
Z0868,2026-06-20 07:49
Z0142,2026-06-20 07:53
Z0147,2026-06-20 07:54
Z0678,2026-06-20 07:55
Z0055,2026-06-20 07:56
Z0099,2026-06-20 07:58
Z0274,2026-06-20 07:58
Z0233,2026-06-20 08:03
Z0342,2026-06-20 08:07
Z0035,2026-06-20 08:10
Z0118,2026-06-20 08:12
Z0815,2026-06-20 08:15
Z0137,2026-06-20 08:18
Z0073,2026-06-20 08:19
Z0325,2026-06-20 08:19
Z0408,2026-06-20 08:19
Z0077,2026-06-20 08:24
Z0127,2026-06-20 08:24
Z0400,2026-06-20 08:24
Z0105,2026-06-20 08:25
Z0763,2026-06-20 08:26
Z0585,2026-06-20 08:28
Z0835,2026-06-20 08:29
Z0549,2026-06-20 08:31
Z0072,2026-06-20 08:36
Z0443,2026-06-20 08:36
Z0782,2026-06-20 08:36
Z0174,2026-06-20 08:47
Z0368,2026-06-20 08:50
Z0485,2026-06-20 08:52
Z0091,2026-06-20 08:53
Z0280,2026-06-20 08:54
Z0765,2026-06-20 08:54
Z0371,2026-06-20 08:57
Z0170,2026-06-20 08:58
Z0295,2026-06-20 09:01
Z0235,2026-06-20 09:02
Z0294,2026-06-20 09:10
Z0117,2026-06-20 09:12
Z0241,2026-06-20 09:18
Z0360,2026-06-20 09:30
Z0266,2026-06-20 09:41
Z0684,2026-06-20 09:52
Z0382,2026-06-20 09:55
Z0160,2026-06-20 09:58
Z0861,2026-06-20 12:05
Z0761,2026-06-20 12:07
Z0427,2026-06-20 12:14
Z0418,2026-06-20 12:16
Z0122,2026-06-20 12:21
Z0505,2026-06-20 12:24
Z0802,2026-06-20 12:25
Z0283,2026-06-20 12:26
Z0231,2026-06-20 12:29
Z0221,2026-06-20 12:31
Z0193,2026-06-20 12:35
Z0153,2026-06-20 12:39
Z0340,2026-06-20 12:39
Z0277,2026-06-20 12:45
Z0367,2026-06-20 12:47
Z0860,2026-06-20 12:48
Z0230,2026-06-20 12:49
Z0778,2026-06-20 12:49
Z0276,2026-06-20 12:50
Z0419,2026-06-20 12:51
Z0025,2026-06-20 12:52
Z0448,2026-06-20 12:54
Z0553,2026-06-20 12:55
Z0087,2026-06-20 12:59
Z0158,2026-06-20 13:01
Z0164,2026-06-20 13:08
Z0002,2026-06-20 13:09
Z0792,2026-06-20 13:18
Z0115,2026-06-20 13:28
Z0662,2026-06-20 13:32
Z0250,2026-06-20 13:34
Z0268,2026-06-20 13:36
Z0224,2026-06-20 13:38
Z0813,2026-06-20 13:38
Z0528,2026-06-20 13:49
Z0607,2026-06-20 13:56
Z0839,2026-06-20 13:56
Z0100,2026-06-20 17:04
Z0081,2026-06-20 17:06
Z0845,2026-06-20 17:06
Z0324,2026-06-20 17:10
Z0472,2026-06-20 17:11
Z0602,2026-06-20 17:12
Z0057,2026-06-20 17:16
Z0824,2026-06-20 17:18
Z0318,2026-06-20 17:31
Z0253,2026-06-20 17:32
Z0773,2026-06-20 17:39
Z0119,2026-06-20 17:45
Z0833,2026-06-20 17:52
Z0186,2026-06-20 17:56
Z0173,2026-06-20 17:57
Z0430,2026-06-20 18:00
Z0284,2026-06-20 18:01
Z0770,2026-06-20 18:02
Z0206,2026-06-20 18:03
Z0093,2026-06-20 18:05
Z0106,2026-06-20 18:05
Z0819,2026-06-20 18:07
Z0133,2026-06-20 18:09
Z0856,2026-06-20 18:10
Z0593,2026-06-20 18:11
Z0009,2026-06-20 18:12
Z0756,2026-06-20 18:15
Z0109,2026-06-20 18:16
Z0292,2026-06-20 18:16
Z0409,2026-06-20 18:16
Z0303,2026-06-20 18:19
Z0010,2026-06-20 18:25
Z0469,2026-06-20 18:25
Z0858,2026-06-20 18:25
Z0135,2026-06-20 18:26
Z0203,2026-06-20 18:29
Z0150,2026-06-20 18:30
Z0140,2026-06-20 18:31
Z0322,2026-06-20 18:31
Z0261,2026-06-20 18:32
Z0378,2026-06-20 18:34
Z0130,2026-06-20 18:39
Z0201,2026-06-20 18:41
Z0556,2026-06-20 18:41
Z0313,2026-06-20 18:42
Z0797,2026-06-20 18:42
Z0086,2026-06-20 18:44
Z0414,2026-06-20 18:46
Z0288,2026-06-20 18:49
Z0769,2026-06-20 18:51
Z0212,2026-06-20 18:53
Z0682,2026-06-20 18:55
Z0037,2026-06-20 18:56
Z0843,2026-06-20 19:00
Z0139,2026-06-20 19:02
Z0840,2026-06-20 19:06
Z0175,2026-06-20 19:10
Z0831,2026-06-20 19:10
Z0232,2026-06-20 19:12
Z0877,2026-06-20 19:12
Z0524,2026-06-20 19:14
Z0762,2026-06-20 19:14
Z0197,2026-06-20 19:15
Z0003,2026-06-20 19:18
Z0771,2026-06-20 19:19
Z0155,2026-06-20 19:25
Z0516,2026-06-20 19:28
Z0864,2026-06-20 19:30
Z0895,2026-06-20 19:30
Z0090,2026-06-20 19:31
Z0818,2026-06-20 19:32
Z0787,2026-06-20 19:35
Z0195,2026-06-20 19:36
Z0029,2026-06-20 19:37
Z0785,2026-06-20 19:38
Z0239,2026-06-20 19:39
Z0827,2026-06-20 19:39
Z0311,2026-06-20 19:40
Z0447,2026-06-20 19:40
Z0191,2026-06-20 19:41
Z0354,2026-06-20 19:41
Z0805,2026-06-20 19:42
Z0089,2026-06-20 19:44
Z0094,2026-06-20 19:45
Z0264,2026-06-20 19:45
Z0764,2026-06-20 19:46
Z0865,2026-06-20 19:46
Z0178,2026-06-20 19:48
Z0500,2026-06-20 19:52
Z0570,2026-06-20 19:53
Z0766,2026-06-20 19:53
Z0327,2026-06-20 19:58
Z0481,2026-06-20 19:59
Z0107,2026-06-20 20:07
Z0293,2026-06-20 20:12
Z0832,2026-06-20 20:18
Z0033,2026-06-20 20:19
Z0344,2026-06-20 20:32
Z0446,2026-06-20 20:35
Z0465,2026-06-20 20:41
Z0830,2026-06-20 20:45
Z0402,2026-06-20 20:47
Z0372,2026-06-20 20:49
Z0068,2026-06-20 20:50
Z0096,2026-06-20 20:54
Z0299,2026-06-21 06:02
Z0362,2026-06-21 06:02
Z0849,2026-06-21 06:02
Z0123,2026-06-21 06:04
Z0041,2026-06-21 06:05
Z0268,2026-06-21 06:06
Z0154,2026-06-21 06:07
Z0364,2026-06-21 06:08
Z0457,2026-06-21 06:08
Z0315,2026-06-21 06:09
Z0308,2026-06-21 06:10
Z0294,2026-06-21 06:11
Z0461,2026-06-21 06:15
Z0214,2026-06-21 06:19
Z0313,2026-06-21 06:20
Z0810,2026-06-21 06:21
Z0024,2026-06-21 06:23
Z0222,2026-06-21 06:24
Z0844,2026-06-21 06:24
Z0814,2026-06-21 06:27
Z0004,2026-06-21 06:30
Z0060,2026-06-21 06:30
Z0514,2026-06-21 06:30
Z0260,2026-06-21 06:33
Z0295,2026-06-21 06:33
Z0466,2026-06-21 06:33
Z0816,2026-06-21 06:39
Z0241,2026-06-21 06:43
Z0168,2026-06-21 06:47
Z0159,2026-06-21 06:49
Z0508,2026-06-21 06:49
Z0069,2026-06-21 06:52
Z0103,2026-06-21 06:55
Z0609,2026-06-21 06:55
Z0774,2026-06-21 06:56
Z0842,2026-06-21 06:57
Z0122,2026-06-21 06:58
Z0249,2026-06-21 06:58
Z0032,2026-06-21 07:00
Z0602,2026-06-21 07:00
Z0460,2026-06-21 07:01
Z0338,2026-06-21 07:02
Z0015,2026-06-21 07:03
Z0194,2026-06-21 07:03
Z0766,2026-06-21 07:04
Z0087,2026-06-21 07:05
Z0479,2026-06-21 07:09
Z0028,2026-06-21 07:10
Z0828,2026-06-21 07:10
Z0063,2026-06-21 07:11
Z0858,2026-06-21 07:11
Z0007,2026-06-21 07:14
Z0298,2026-06-21 07:14
Z0424,2026-06-21 07:14
Z0452,2026-06-21 07:15
Z0343,2026-06-21 07:16
Z0136,2026-06-21 07:18
Z0046,2026-06-21 07:20
Z0848,2026-06-21 07:21
Z0183,2026-06-21 07:22
Z0292,2026-06-21 07:22
Z0806,2026-06-21 07:22
Z0040,2026-06-21 07:23
Z0202,2026-06-21 07:23
Z0809,2026-06-21 07:24
Z0086,2026-06-21 07:26
Z0507,2026-06-21 07:27
Z0278,2026-06-21 07:28
Z0767,2026-06-21 07:28
Z0076,2026-06-21 07:30
Z0279,2026-06-21 07:30
Z0320,2026-06-21 07:31
Z0016,2026-06-21 07:32
Z0326,2026-06-21 07:32
Z0089,2026-06-21 07:33
Z0319,2026-06-21 07:36
Z0841,2026-06-21 07:36
Z0172,2026-06-21 07:37
Z0200,2026-06-21 07:37
Z0188,2026-06-21 07:39
Z0594,2026-06-21 07:39
Z0487,2026-06-21 07:43
Z0281,2026-06-21 07:44
Z0067,2026-06-21 07:45
Z0080,2026-06-21 07:45
Z0501,2026-06-21 07:45
Z0005,2026-06-21 07:46
Z0166,2026-06-21 07:47
Z0759,2026-06-21 07:47
Z0185,2026-06-21 07:48
Z0771,2026-06-21 07:48
Z0209,2026-06-21 07:51
Z0153,2026-06-21 07:52
Z0776,2026-06-21 07:52
Z0137,2026-06-21 07:53
Z0893,2026-06-21 07:53
Z0781,2026-06-21 07:55
Z0034,2026-06-21 07:56
Z0144,2026-06-21 07:56
Z0410,2026-06-21 07:56
Z0131,2026-06-21 07:57
Z0306,2026-06-21 07:57
Z0379,2026-06-21 08:02
Z0898,2026-06-21 08:04
Z0141,2026-06-21 08:07
Z0860,2026-06-21 08:07
Z0002,2026-06-21 08:09
Z0105,2026-06-21 08:11
Z0081,2026-06-21 08:12
Z0864,2026-06-21 08:12
Z0484,2026-06-21 08:13
Z0291,2026-06-21 08:17
Z0324,2026-06-21 08:17
Z0857,2026-06-21 08:18
Z0272,2026-06-21 08:20
Z0826,2026-06-21 08:21
Z0106,2026-06-21 08:22
Z0162,2026-06-21 08:22
Z0210,2026-06-21 08:22
Z0117,2026-06-21 08:26
Z0251,2026-06-21 08:32
Z0524,2026-06-21 08:32
Z0627,2026-06-21 08:33
Z0262,2026-06-21 08:35
Z0255,2026-06-21 08:38
Z0455,2026-06-21 08:38
Z0261,2026-06-21 08:42
Z0377,2026-06-21 08:42
Z0036,2026-06-21 08:44
Z0176,2026-06-21 08:44
Z0101,2026-06-21 08:47
Z0765,2026-06-21 08:47
Z0220,2026-06-21 08:48
Z0309,2026-06-21 08:48
Z0070,2026-06-21 08:53
Z0668,2026-06-21 08:59
Z0519,2026-06-21 09:01
Z0688,2026-06-21 09:05
Z0807,2026-06-21 09:08
Z0817,2026-06-21 09:40
Z0310,2026-06-21 09:50
Z0039,2026-06-21 12:13
Z0111,2026-06-21 12:16
Z0152,2026-06-21 12:17
Z0031,2026-06-21 12:18
Z0052,2026-06-21 12:21
Z0095,2026-06-21 12:21
Z0133,2026-06-21 12:28
Z0491,2026-06-21 12:32
Z0026,2026-06-21 12:39
Z0093,2026-06-21 12:40
Z0273,2026-06-21 12:42
Z0223,2026-06-21 12:44
Z0889,2026-06-21 12:44
Z0877,2026-06-21 12:45
Z0142,2026-06-21 12:48
Z0150,2026-06-21 12:48
Z0616,2026-06-21 12:48
Z0896,2026-06-21 12:50
Z0037,2026-06-21 12:56
Z0062,2026-06-21 12:57
Z0398,2026-06-21 12:58
Z0245,2026-06-21 12:59
Z0624,2026-06-21 13:02
Z0119,2026-06-21 13:12
Z0658,2026-06-21 13:12
Z0054,2026-06-21 13:18
Z0143,2026-06-21 13:18
Z0812,2026-06-21 13:31
Z0391,2026-06-21 13:34
Z0061,2026-06-21 13:35
Z0018,2026-06-21 13:36
Z0340,2026-06-21 13:36
Z0521,2026-06-21 13:36
Z0830,2026-06-21 13:36
Z0862,2026-06-21 13:36
Z0242,2026-06-21 13:37
Z0467,2026-06-21 13:41
Z0211,2026-06-21 13:45
Z0128,2026-06-21 13:47
Z0231,2026-06-21 13:50
Z0021,2026-06-21 17:00
Z0072,2026-06-21 17:01
Z0149,2026-06-21 17:02
Z0357,2026-06-21 17:04
Z0863,2026-06-21 17:04
Z0786,2026-06-21 17:06
Z0276,2026-06-21 17:13
Z0633,2026-06-21 17:14
Z0288,2026-06-21 17:16
Z0068,2026-06-21 17:17
Z0449,2026-06-21 17:22
Z0027,2026-06-21 17:26
Z0859,2026-06-21 17:27
Z0181,2026-06-21 17:29
Z0790,2026-06-21 17:37
Z0219,2026-06-21 17:45
Z0836,2026-06-21 17:46
Z0011,2026-06-21 17:51
Z0092,2026-06-21 17:51
Z0071,2026-06-21 18:00
Z0254,2026-06-21 18:01
Z0480,2026-06-21 18:01
Z0414,2026-06-21 18:03
Z0805,2026-06-21 18:04
Z0545,2026-06-21 18:05
Z0345,2026-06-21 18:06
Z0670,2026-06-21 18:06
Z0425,2026-06-21 18:07
Z0236,2026-06-21 18:09
Z0126,2026-06-21 18:13
Z0505,2026-06-21 18:14
Z0791,2026-06-21 18:15
Z0756,2026-06-21 18:16
Z0271,2026-06-21 18:17
Z0591,2026-06-21 18:18
Z0012,2026-06-21 18:20
Z0108,2026-06-21 18:20
Z0164,2026-06-21 18:20
Z0270,2026-06-21 18:23
Z0218,2026-06-21 18:24
Z0820,2026-06-21 18:24
Z0139,2026-06-21 18:25
Z0390,2026-06-21 18:27
Z0773,2026-06-21 18:28
Z0853,2026-06-21 18:28
Z0100,2026-06-21 18:36
Z0522,2026-06-21 18:41
Z0804,2026-06-21 18:41
Z0304,2026-06-21 18:45
Z0001,2026-06-21 18:46
Z0795,2026-06-21 18:47
Z0802,2026-06-21 18:49
Z0118,2026-06-21 18:57
Z0215,2026-06-21 18:58
Z0287,2026-06-21 18:58
Z0376,2026-06-21 18:58
Z0834,2026-06-21 19:02
Z0334,2026-06-21 19:07
Z0311,2026-06-21 19:08
Z0477,2026-06-21 19:10
Z0620,2026-06-21 19:11
Z0852,2026-06-21 19:11
Z0051,2026-06-21 19:15
Z0109,2026-06-21 19:15
Z0429,2026-06-21 19:16
Z0170,2026-06-21 19:17
Z0811,2026-06-21 19:17
Z0033,2026-06-21 19:18
Z0107,2026-06-21 19:18
Z0444,2026-06-21 19:19
Z0124,2026-06-21 19:23
Z0797,2026-06-21 19:25
Z0238,2026-06-21 19:27
Z0065,2026-06-21 19:28
Z0130,2026-06-21 19:29
Z0518,2026-06-21 19:29
Z0010,2026-06-21 19:31
Z0014,2026-06-21 19:31
Z0246,2026-06-21 19:34
Z0402,2026-06-21 19:34
Z0823,2026-06-21 19:34
Z0454,2026-06-21 19:36
Z0833,2026-06-21 19:36
Z0854,2026-06-21 19:38
Z0321,2026-06-21 19:40
Z0151,2026-06-21 19:41
Z0129,2026-06-21 19:43
Z0198,2026-06-21 19:43
Z0322,2026-06-21 19:46
Z0885,2026-06-21 19:46
Z0212,2026-06-21 19:48
Z0640,2026-06-21 19:48
Z0053,2026-06-21 19:50
Z0019,2026-06-21 19:51
Z0073,2026-06-21 19:51
Z0083,2026-06-21 19:51
Z0267,2026-06-21 19:51
Z0895,2026-06-21 19:52
Z0050,2026-06-21 19:57
Z0407,2026-06-21 19:58
Z0090,2026-06-21 19:59
Z0263,2026-06-21 19:59
Z0297,2026-06-21 20:00
Z0064,2026-06-21 20:02
Z0078,2026-06-21 20:11
Z0846,2026-06-21 20:14
Z0191,2026-06-21 20:17
Z0250,2026-06-21 20:19
Z0140,2026-06-21 20:21
Z0296,2026-06-21 20:24
Z0420,2026-06-21 20:27
Z0146,2026-06-21 20:31
Z0366,2026-06-21 20:33
Z0472,2026-06-21 20:33
Z0499,2026-06-21 20:34
Z0680,2026-06-21 20:37
Z0048,2026-06-21 20:38
Z0403,2026-06-21 20:44
Z0359,2026-06-21 20:51
Z0066,2026-06-21 20:56
Z0148,2026-06-21 20:56
Z0628,2026-06-21 20:57
Z0004,2026-06-22 06:01
Z0815,2026-06-22 06:01
Z0361,2026-06-22 06:02
Z0436,2026-06-22 06:02
Z0218,2026-06-22 06:05
Z0766,2026-06-22 06:08
Z0566,2026-06-22 06:12
Z0202,2026-06-22 06:13
Z0057,2026-06-22 06:14
Z0274,2026-06-22 06:15
Z0260,2026-06-22 06:17
Z0846,2026-06-22 06:18
Z0245,2026-06-22 06:23
Z0307,2026-06-22 06:25
Z0681,2026-06-22 06:25
Z0514,2026-06-22 06:26
Z0200,2026-06-22 06:29
Z0253,2026-06-22 06:34
Z0394,2026-06-22 06:36
Z0781,2026-06-22 06:43
Z0210,2026-06-22 06:44
Z0820,2026-06-22 06:44
Z0160,2026-06-22 06:45
Z0234,2026-06-22 06:45
Z0802,2026-06-22 06:45
Z0024,2026-06-22 06:49
Z0051,2026-06-22 06:49
Z0262,2026-06-22 06:49
Z0045,2026-06-22 06:51
Z0506,2026-06-22 06:51
Z0243,2026-06-22 06:53
Z0399,2026-06-22 06:57
Z0055,2026-06-22 06:58
Z0056,2026-06-22 07:00
Z0122,2026-06-22 07:00
Z0255,2026-06-22 07:00
Z0836,2026-06-22 07:00
Z0063,2026-06-22 07:01
Z0098,2026-06-22 07:02
Z0117,2026-06-22 07:05
Z0414,2026-06-22 07:05
Z0832,2026-06-22 07:05
Z0779,2026-06-22 07:06
Z0339,2026-06-22 07:07
Z0337,2026-06-22 07:08
Z0400,2026-06-22 07:11
Z0899,2026-06-22 07:13
Z0510,2026-06-22 07:14
Z0005,2026-06-22 07:16
Z0348,2026-06-22 07:16
Z0769,2026-06-22 07:16
Z0031,2026-06-22 07:17
Z0035,2026-06-22 07:17
Z0244,2026-06-22 07:17
Z0318,2026-06-22 07:17
Z0764,2026-06-22 07:18
Z0807,2026-06-22 07:18
Z0821,2026-06-22 07:19
Z0470,2026-06-22 07:20
Z0759,2026-06-22 07:21
Z0066,2026-06-22 07:23
Z0144,2026-06-22 07:23
Z0561,2026-06-22 07:23
Z0827,2026-06-22 07:23
Z0507,2026-06-22 07:24
Z0824,2026-06-22 07:24
Z0145,2026-06-22 07:26
Z0519,2026-06-22 07:26
Z0382,2026-06-22 07:27
Z0034,2026-06-22 07:29
Z0279,2026-06-22 07:29
Z0695,2026-06-22 07:29
Z0001,2026-06-22 07:31
Z0895,2026-06-22 07:31
Z0164,2026-06-22 07:33
Z0141,2026-06-22 07:34
Z0315,2026-06-22 07:35
Z0176,2026-06-22 07:39
Z0384,2026-06-22 07:39
Z0308,2026-06-22 07:40
Z0052,2026-06-22 07:41
Z0232,2026-06-22 07:41
Z0517,2026-06-22 07:42
Z0180,2026-06-22 07:43
Z0333,2026-06-22 07:43
Z0021,2026-06-22 07:44
Z0450,2026-06-22 07:45
Z0076,2026-06-22 07:46
Z0296,2026-06-22 07:46
Z0226,2026-06-22 07:50
Z0787,2026-06-22 07:50
Z0381,2026-06-22 07:52
Z0208,2026-06-22 07:53
Z0757,2026-06-22 07:53
Z0794,2026-06-22 07:53
Z0036,2026-06-22 07:55
Z0172,2026-06-22 07:55
Z0851,2026-06-22 07:55
Z0242,2026-06-22 07:57
Z0758,2026-06-22 07:57
Z0835,2026-06-22 07:58
Z0854,2026-06-22 08:00
Z0548,2026-06-22 08:02
Z0205,2026-06-22 08:04
Z0375,2026-06-22 08:08
Z0443,2026-06-22 08:09
Z0168,2026-06-22 08:12
Z0070,2026-06-22 08:13
Z0134,2026-06-22 08:13
Z0105,2026-06-22 08:15
Z0178,2026-06-22 08:15
Z0025,2026-06-22 08:16
Z0166,2026-06-22 08:18
Z0154,2026-06-22 08:20
Z0814,2026-06-22 08:21
Z0304,2026-06-22 08:25
Z0640,2026-06-22 08:25
Z0859,2026-06-22 08:27
Z0270,2026-06-22 08:31
Z0186,2026-06-22 08:33
Z0140,2026-06-22 08:34
Z0459,2026-06-22 08:38
Z0767,2026-06-22 08:39
Z0139,2026-06-22 08:43
Z0276,2026-06-22 08:43
Z0792,2026-06-22 08:45
Z0415,2026-06-22 08:48
Z0153,2026-06-22 08:50
Z0346,2026-06-22 08:51
Z0529,2026-06-22 08:51
Z0464,2026-06-22 08:58
Z0780,2026-06-22 09:11
Z0330,2026-06-22 09:28
Z0782,2026-06-22 09:31
Z0251,2026-06-22 09:32
Z0801,2026-06-22 09:34
Z0040,2026-06-22 09:40
Z0041,2026-06-22 09:44
Z0110,2026-06-22 09:50
Z0089,2026-06-22 12:00
Z0119,2026-06-22 12:04
Z0327,2026-06-22 12:04
Z0863,2026-06-22 12:12
Z0050,2026-06-22 12:14
Z0568,2026-06-22 12:15
Z0351,2026-06-22 12:20
Z0600,2026-06-22 12:26
Z0174,2026-06-22 12:27
Z0335,2026-06-22 12:34
Z0171,2026-06-22 12:35
Z0115,2026-06-22 12:36
Z0341,2026-06-22 12:40
Z0292,2026-06-22 12:41
Z0866,2026-06-22 12:41
Z0312,2026-06-22 12:45
Z0136,2026-06-22 12:48
Z0481,2026-06-22 12:49
Z0123,2026-06-22 12:51
Z0300,2026-06-22 12:51
Z0390,2026-06-22 12:51
Z0079,2026-06-22 13:02
Z0594,2026-06-22 13:03
Z0162,2026-06-22 13:06
Z0247,2026-06-22 13:09
Z0092,2026-06-22 13:16
Z0423,2026-06-22 13:16
Z0473,2026-06-22 13:16
Z0239,2026-06-22 13:21
Z0003,2026-06-22 13:23
Z0104,2026-06-22 13:24
Z0015,2026-06-22 13:26
Z0527,2026-06-22 13:29
Z0302,2026-06-22 13:33
Z0223,2026-06-22 13:39
Z0376,2026-06-22 13:39
Z0287,2026-06-22 13:41
Z0796,2026-06-22 13:46
Z0016,2026-06-22 13:50
Z0169,2026-06-22 17:04
Z0636,2026-06-22 17:07
Z0569,2026-06-22 17:08
Z0523,2026-06-22 17:09
Z0007,2026-06-22 17:14
Z0887,2026-06-22 17:15
Z0190,2026-06-22 17:16
Z0229,2026-06-22 17:23
Z0466,2026-06-22 17:24
Z0096,2026-06-22 17:25
Z0138,2026-06-22 17:25
Z0215,2026-06-22 17:26
Z0188,2026-06-22 17:27
Z0236,2026-06-22 17:27
Z0612,2026-06-22 17:27
Z0429,2026-06-22 17:31
Z0325,2026-06-22 17:32
Z0017,2026-06-22 17:33
Z0364,2026-06-22 17:33
Z0496,2026-06-22 17:34
Z0465,2026-06-22 17:35
Z0303,2026-06-22 17:38
Z0185,2026-06-22 17:40
Z0020,2026-06-22 17:42
Z0161,2026-06-22 17:45
Z0370,2026-06-22 17:57
Z0505,2026-06-22 18:00
Z0763,2026-06-22 18:00
Z0389,2026-06-22 18:01
Z0833,2026-06-22 18:02
Z0867,2026-06-22 18:07
Z0143,2026-06-22 18:08
Z0249,2026-06-22 18:08
Z0834,2026-06-22 18:08
Z0225,2026-06-22 18:10
Z0421,2026-06-22 18:11
Z0593,2026-06-22 18:12
Z0151,2026-06-22 18:13
Z0511,2026-06-22 18:14
Z0071,2026-06-22 18:15
Z0029,2026-06-22 18:17
Z0221,2026-06-22 18:18
Z0372,2026-06-22 18:20
Z0772,2026-06-22 18:21
Z0033,2026-06-22 18:22
Z0173,2026-06-22 18:22
Z0323,2026-06-22 18:23
Z0181,2026-06-22 18:24
Z0573,2026-06-22 18:24
Z0587,2026-06-22 18:27
Z0100,2026-06-22 18:29
Z0297,2026-06-22 18:31
Z0560,2026-06-22 18:36
Z0786,2026-06-22 18:37
Z0839,2026-06-22 18:37
Z0059,2026-06-22 18:39
Z0170,2026-06-22 18:41
Z0064,2026-06-22 18:43
Z0233,2026-06-22 18:44
Z0412,2026-06-22 18:44
Z0848,2026-06-22 18:44
Z0220,2026-06-22 18:46
Z0790,2026-06-22 18:46
Z0458,2026-06-22 18:49
Z0491,2026-06-22 18:51
Z0193,2026-06-22 18:52
Z0576,2026-06-22 18:52
Z0227,2026-06-22 18:53
Z0074,2026-06-22 18:54
Z0062,2026-06-22 18:58
Z0311,2026-06-22 18:59
Z0562,2026-06-22 18:59
Z0058,2026-06-22 19:00
Z0065,2026-06-22 19:00
Z0201,2026-06-22 19:05
Z0768,2026-06-22 19:05
Z0146,2026-06-22 19:11
Z0478,2026-06-22 19:13
Z0508,2026-06-22 19:13
Z0898,2026-06-22 19:14
Z0101,2026-06-22 19:15
Z0067,2026-06-22 19:20
Z0416,2026-06-22 19:22
Z0278,2026-06-22 19:24
Z0425,2026-06-22 19:24
Z0771,2026-06-22 19:26
Z0177,2026-06-22 19:27
Z0629,2026-06-22 19:27
Z0148,2026-06-22 19:28
Z0163,2026-06-22 19:28
Z0111,2026-06-22 19:29
Z0494,2026-06-22 19:29
Z0855,2026-06-22 19:29
Z0109,2026-06-22 19:32
Z0182,2026-06-22 19:32
Z0219,2026-06-22 19:33
Z0777,2026-06-22 19:35
Z0819,2026-06-22 19:36
Z0409,2026-06-22 19:37
Z0027,2026-06-22 19:43
Z0345,2026-06-22 19:43
Z0306,2026-06-22 19:46
Z0858,2026-06-22 19:48
Z0271,2026-06-22 19:50
Z0321,2026-06-22 19:54
Z0426,2026-06-22 19:54
Z0195,2026-06-22 19:55
Z0830,2026-06-22 19:55
Z0761,2026-06-22 19:57
Z0826,2026-06-22 20:09
Z0343,2026-06-22 20:11
Z0094,2026-06-22 20:13
Z0785,2026-06-22 20:13
Z0439,2026-06-22 20:21
Z0194,2026-06-22 20:22
Z0267,2026-06-22 20:22
Z0765,2026-06-22 20:22
Z0265,2026-06-22 20:25
Z0187,2026-06-22 20:32
Z0277,2026-06-22 20:32
Z0081,2026-06-22 20:34
Z0379,2026-06-22 20:38
Z0447,2026-06-22 20:43
Z0083,2026-06-22 20:46
Z0198,2026-06-22 20:46
Z0009,2026-06-22 20:52
Z0087,2026-06-23 06:03
Z0411,2026-06-23 06:03
Z0814,2026-06-23 06:05
Z0047,2026-06-23 06:08
Z0251,2026-06-23 06:08
Z0838,2026-06-23 06:11
Z0085,2026-06-23 06:12
Z0410,2026-06-23 06:13
Z0026,2026-06-23 06:14
Z0042,2026-06-23 06:17
Z0360,2026-06-23 06:18
Z0215,2026-06-23 06:20
Z0273,2026-06-23 06:22
Z0308,2026-06-23 06:25
Z0824,2026-06-23 06:27
Z0829,2026-06-23 06:27
Z0867,2026-06-23 06:29
Z0366,2026-06-23 06:31
Z0108,2026-06-23 06:32
Z0279,2026-06-23 06:33
Z0264,2026-06-23 06:34
Z0154,2026-06-23 06:35
Z0169,2026-06-23 06:35
Z0806,2026-06-23 06:36
Z0328,2026-06-23 06:42
Z0780,2026-06-23 06:52
Z0451,2026-06-23 06:53
Z0396,2026-06-23 06:58
Z0187,2026-06-23 07:00
Z0266,2026-06-23 07:01
Z0450,2026-06-23 07:01
Z0080,2026-06-23 07:03
Z0302,2026-06-23 07:03
Z0476,2026-06-23 07:04
Z0070,2026-06-23 07:05
Z0156,2026-06-23 07:05
Z0211,2026-06-23 07:05
Z0254,2026-06-23 07:05
Z0176,2026-06-23 07:07
Z0597,2026-06-23 07:07
Z0362,2026-06-23 07:08
Z0274,2026-06-23 07:10
Z0380,2026-06-23 07:10
Z0528,2026-06-23 07:10
Z0021,2026-06-23 07:12
Z0841,2026-06-23 07:12
Z0828,2026-06-23 07:13
Z0079,2026-06-23 07:14
Z0390,2026-06-23 07:14
Z0412,2026-06-23 07:16
Z0447,2026-06-23 07:16
Z0840,2026-06-23 07:16
Z0148,2026-06-23 07:17
Z0027,2026-06-23 07:18
Z0024,2026-06-23 07:20
Z0628,2026-06-23 07:24
Z0517,2026-06-23 07:26
Z0821,2026-06-23 07:28
Z0041,2026-06-23 07:30
Z0023,2026-06-23 07:31
Z0171,2026-06-23 07:32
Z0272,2026-06-23 07:32
Z0547,2026-06-23 07:32
Z0238,2026-06-23 07:34
Z0330,2026-06-23 07:34
Z0314,2026-06-23 07:35
Z0651,2026-06-23 07:35
Z0523,2026-06-23 07:36
Z0645,2026-06-23 07:36
Z0111,2026-06-23 07:37
Z0044,2026-06-23 07:38
Z0898,2026-06-23 07:39
Z0369,2026-06-23 07:40
Z0765,2026-06-23 07:46
Z0315,2026-06-23 07:48
Z0208,2026-06-23 07:51
Z0310,2026-06-23 08:01
Z0431,2026-06-23 08:01
Z0043,2026-06-23 08:02
Z0028,2026-06-23 08:05
Z0301,2026-06-23 08:06
Z0298,2026-06-23 08:12
Z0495,2026-06-23 08:14
Z0800,2026-06-23 08:16
Z0244,2026-06-23 08:25
Z0817,2026-06-23 08:26
Z0157,2026-06-23 08:27
Z0290,2026-06-23 08:30
Z0564,2026-06-23 08:32
Z0862,2026-06-23 08:36
Z0107,2026-06-23 08:38
Z0063,2026-06-23 08:39
Z0167,2026-06-23 08:39
Z0852,2026-06-23 08:39
Z0357,2026-06-23 08:40
Z0883,2026-06-23 08:42
Z0777,2026-06-23 08:47
Z0268,2026-06-23 08:49
Z0844,2026-06-23 08:50
Z0857,2026-06-23 08:53
Z0893,2026-06-23 08:53
Z0863,2026-06-23 08:54
Z0237,2026-06-23 08:57
Z0589,2026-06-23 08:59
Z0759,2026-06-23 09:02
Z0543,2026-06-23 09:04
Z0114,2026-06-23 09:05
Z0184,2026-06-23 09:09
Z0326,2026-06-23 09:10
Z0501,2026-06-23 09:11
Z0319,2026-06-23 09:19
Z0453,2026-06-23 09:34
Z0132,2026-06-23 09:46
Z0807,2026-06-23 09:58
Z0130,2026-06-23 12:00
Z0137,2026-06-23 12:00
Z0147,2026-06-23 12:00
Z0427,2026-06-23 12:15
Z0604,2026-06-23 12:16
Z0048,2026-06-23 12:17
Z0104,2026-06-23 12:17
Z0430,2026-06-23 12:17
Z0512,2026-06-23 12:17
Z0590,2026-06-23 12:18
Z0340,2026-06-23 12:22
Z0258,2026-06-23 12:25
Z0071,2026-06-23 12:27
Z0003,2026-06-23 12:30
Z0120,2026-06-23 12:30
Z0305,2026-06-23 12:39
Z0387,2026-06-23 12:42
Z0845,2026-06-23 12:43
Z0140,2026-06-23 12:44
Z0426,2026-06-23 12:45
Z0055,2026-06-23 12:47
Z0337,2026-06-23 13:00
Z0689,2026-06-23 13:04
Z0136,2026-06-23 13:05
Z0894,2026-06-23 13:11
Z0813,2026-06-23 13:27
Z0876,2026-06-23 13:28
Z0466,2026-06-23 13:29
Z0072,2026-06-23 13:30
Z0408,2026-06-23 13:30
Z0407,2026-06-23 13:37
Z0786,2026-06-23 13:37
Z0546,2026-06-23 13:43
Z0145,2026-06-23 13:48
Z0348,2026-06-23 13:50
Z0571,2026-06-23 13:50
Z0300,2026-06-23 13:56
Z0361,2026-06-23 17:00
Z0046,2026-06-23 17:08
Z0127,2026-06-23 17:08
Z0853,2026-06-23 17:28
Z0189,2026-06-23 17:29
Z0011,2026-06-23 17:31
Z0499,2026-06-23 17:34
Z0045,2026-06-23 17:36
Z0151,2026-06-23 17:36
Z0569,2026-06-23 17:37
Z0456,2026-06-23 17:41
Z0250,2026-06-23 17:53
Z0067,2026-06-23 17:56
Z0537,2026-06-23 18:00
Z0823,2026-06-23 18:00
Z0073,2026-06-23 18:03
Z0297,2026-06-23 18:03
Z0086,2026-06-23 18:05
Z0267,2026-06-23 18:05
Z0095,2026-06-23 18:06
Z0494,2026-06-23 18:07
Z0864,2026-06-23 18:07
Z0052,2026-06-23 18:12
Z0397,2026-06-23 18:13
Z0082,2026-06-23 18:14
Z0091,2026-06-23 18:16
Z0228,2026-06-23 18:17
Z0785,2026-06-23 18:19
Z0025,2026-06-23 18:20
Z0363,2026-06-23 18:21
Z0854,2026-06-23 18:21
Z0133,2026-06-23 18:23
Z0232,2026-06-23 18:24
Z0049,2026-06-23 18:26
Z0299,2026-06-23 18:27
Z0185,2026-06-23 18:29
Z0313,2026-06-23 18:29
Z0099,2026-06-23 18:33
Z0158,2026-06-23 18:33
Z0105,2026-06-23 18:34
Z0118,2026-06-23 18:36
Z0289,2026-06-23 18:37
Z0292,2026-06-23 18:38
Z0439,2026-06-23 18:38
Z0667,2026-06-23 18:39
Z0009,2026-06-23 18:43
Z0094,2026-06-23 18:43
Z0796,2026-06-23 18:44
Z0033,2026-06-23 18:45
Z0892,2026-06-23 18:45
Z0787,2026-06-23 18:48
Z0825,2026-06-23 18:51
Z0098,2026-06-23 18:52
Z0007,2026-06-23 18:54
Z0865,2026-06-23 18:54
Z0100,2026-06-23 18:55
Z0848,2026-06-23 18:55
Z0039,2026-06-23 18:56
Z0791,2026-06-23 18:57
Z0059,2026-06-23 18:59
Z0050,2026-06-23 19:01
Z0015,2026-06-23 19:02
Z0206,2026-06-23 19:03
Z0170,2026-06-23 19:04
Z0271,2026-06-23 19:06
Z0061,2026-06-23 19:14
Z0419,2026-06-23 19:15
Z0812,2026-06-23 19:16
Z0303,2026-06-23 19:17
Z0409,2026-06-23 19:23
Z0881,2026-06-23 19:23
Z0221,2026-06-23 19:24
Z0798,2026-06-23 19:24
Z0400,2026-06-23 19:25
Z0418,2026-06-23 19:25
Z0141,2026-06-23 19:27
Z0496,2026-06-23 19:36
Z0839,2026-06-23 19:37
Z0106,2026-06-23 19:38
Z0172,2026-06-23 19:38
Z0204,2026-06-23 19:38
Z0835,2026-06-23 19:45
Z0253,2026-06-23 19:47
Z0350,2026-06-23 19:48
Z0209,2026-06-23 19:49
Z0227,2026-06-23 19:51
Z0280,2026-06-23 19:51
Z0641,2026-06-23 19:51
Z0392,2026-06-23 19:57
Z0247,2026-06-23 19:58
Z0322,2026-06-23 19:59
Z0763,2026-06-23 19:59
Z0181,2026-06-23 20:02
Z0370,2026-06-23 20:02
Z0757,2026-06-23 20:09
Z0580,2026-06-23 20:13
Z0455,2026-06-23 20:17
Z0643,2026-06-23 20:18
Z0900,2026-06-23 20:18
Z0805,2026-06-23 20:24
Z0203,2026-06-23 20:38
Z0269,2026-06-23 20:39
Z0053,2026-06-23 20:47
Z0249,2026-06-23 20:48
Z0429,2026-06-23 20:51
Z0816,2026-06-23 20:54
Z0324,2026-06-23 20:56
Z0822,2026-06-23 20:59
Z0150,2026-06-24 06:01
Z0072,2026-06-24 06:02
Z0253,2026-06-24 06:04
Z0219,2026-06-24 06:05
Z0443,2026-06-24 06:09
Z0492,2026-06-24 06:12
Z0898,2026-06-24 06:13
Z0241,2026-06-24 06:14
Z0776,2026-06-24 06:15
Z0048,2026-06-24 06:17
Z0242,2026-06-24 06:19
Z0320,2026-06-24 06:19
Z0355,2026-06-24 06:23
Z0074,2026-06-24 06:25
Z0184,2026-06-24 06:25
Z0142,2026-06-24 06:27
Z0857,2026-06-24 06:27
Z0482,2026-06-24 06:28
Z0813,2026-06-24 06:28
Z0156,2026-06-24 06:29
Z0479,2026-06-24 06:29
Z0572,2026-06-24 06:31
Z0808,2026-06-24 06:31
Z0842,2026-06-24 06:35
Z0051,2026-06-24 06:38
Z0032,2026-06-24 06:40
Z0617,2026-06-24 06:41
Z0112,2026-06-24 06:42
Z0133,2026-06-24 06:45
Z0020,2026-06-24 06:46
Z0009,2026-06-24 06:49
Z0091,2026-06-24 06:50
Z0030,2026-06-24 06:56
Z0291,2026-06-24 06:56
Z0782,2026-06-24 06:57
Z0772,2026-06-24 06:58
Z0788,2026-06-24 07:02
Z0489,2026-06-24 07:03
Z0103,2026-06-24 07:04
Z0178,2026-06-24 07:05
Z0584,2026-06-24 07:05
Z0002,2026-06-24 07:08
Z0411,2026-06-24 07:08
Z0168,2026-06-24 07:09
Z0193,2026-06-24 07:09
Z0345,2026-06-24 07:10
Z0361,2026-06-24 07:10
Z0441,2026-06-24 07:11
Z0268,2026-06-24 07:12
Z0058,2026-06-24 07:13
Z0758,2026-06-24 07:13
Z0044,2026-06-24 07:15
Z0263,2026-06-24 07:16
Z0350,2026-06-24 07:17
Z0033,2026-06-24 07:18
Z0778,2026-06-24 07:20
Z0018,2026-06-24 07:21
Z0166,2026-06-24 07:21
Z0472,2026-06-24 07:21
Z0237,2026-06-24 07:22
Z0363,2026-06-24 07:22
Z0423,2026-06-24 07:22
Z0165,2026-06-24 07:26
Z0295,2026-06-24 07:26
Z0567,2026-06-24 07:26
Z0158,2026-06-24 07:27
Z0069,2026-06-24 07:28
Z0144,2026-06-24 07:31
Z0277,2026-06-24 07:32
Z0824,2026-06-24 07:33
Z0026,2026-06-24 07:35
Z0434,2026-06-24 07:35
Z0113,2026-06-24 07:36
Z0279,2026-06-24 07:37
Z0211,2026-06-24 07:38
Z0365,2026-06-24 07:39
Z0143,2026-06-24 07:44
Z0286,2026-06-24 07:45
Z0828,2026-06-24 07:45
Z0126,2026-06-24 07:47
Z0579,2026-06-24 07:47
Z0785,2026-06-24 07:48
Z0557,2026-06-24 07:51
Z0220,2026-06-24 07:52
Z0342,2026-06-24 07:53
Z0161,2026-06-24 07:54
Z0519,2026-06-24 07:57
Z0622,2026-06-24 07:57
Z0850,2026-06-24 07:58
Z0177,2026-06-24 07:59
Z0181,2026-06-24 08:00
Z0040,2026-06-24 08:03
Z0292,2026-06-24 08:05
Z0116,2026-06-24 08:06
Z0832,2026-06-24 08:10
Z0159,2026-06-24 08:11
Z0467,2026-06-24 08:11
Z0197,2026-06-24 08:12
Z0401,2026-06-24 08:14
Z0261,2026-06-24 08:16
Z0070,2026-06-24 08:20
Z0846,2026-06-24 08:22
Z0131,2026-06-24 08:24
Z0436,2026-06-24 08:24
Z0229,2026-06-24 08:31
Z0795,2026-06-24 08:33
Z0199,2026-06-24 08:35
Z0236,2026-06-24 08:35
Z0205,2026-06-24 08:36
Z0477,2026-06-24 08:41
Z0608,2026-06-24 08:43
Z0276,2026-06-24 08:49
Z0316,2026-06-24 08:50
Z0833,2026-06-24 08:51
Z0053,2026-06-24 08:52
Z0385,2026-06-24 08:57
Z0294,2026-06-24 08:59
Z0781,2026-06-24 09:00
Z0060,2026-06-24 09:06
Z0509,2026-06-24 09:12
Z0893,2026-06-24 09:19
Z0114,2026-06-24 09:32
Z0004,2026-06-24 09:35
Z0891,2026-06-24 09:35
Z0308,2026-06-24 09:41
Z0381,2026-06-24 09:47
Z0626,2026-06-24 12:01
Z0855,2026-06-24 12:03
Z0232,2026-06-24 12:05
Z0789,2026-06-24 12:08
Z0217,2026-06-24 12:09
Z0228,2026-06-24 12:14
Z0278,2026-06-24 12:24
Z0289,2026-06-24 12:24
Z0194,2026-06-24 12:28
Z0269,2026-06-24 12:29
Z0014,2026-06-24 12:31
Z0140,2026-06-24 12:34
Z0227,2026-06-24 12:48
Z0059,2026-06-24 12:49
Z0465,2026-06-24 12:49
Z0638,2026-06-24 12:49
Z0469,2026-06-24 12:50
Z0605,2026-06-24 12:50
Z0432,2026-06-24 12:52
Z0843,2026-06-24 12:54
Z0221,2026-06-24 12:57
Z0539,2026-06-24 12:59
Z0640,2026-06-24 12:59
Z0762,2026-06-24 12:59
Z0238,2026-06-24 13:01
Z0293,2026-06-24 13:01
Z0183,2026-06-24 13:02
Z0092,2026-06-24 13:03
Z0281,2026-06-24 13:07
Z0175,2026-06-24 13:08
Z0897,2026-06-24 13:08
Z0272,2026-06-24 13:10
Z0084,2026-06-24 13:17
Z0162,2026-06-24 13:18
Z0816,2026-06-24 13:18
Z0372,2026-06-24 13:22
Z0171,2026-06-24 13:30
Z0665,2026-06-24 13:30
Z0771,2026-06-24 13:30
Z0106,2026-06-24 13:34
Z0764,2026-06-24 13:34
Z0835,2026-06-24 13:38
Z0860,2026-06-24 13:44
Z0420,2026-06-24 13:57
Z0856,2026-06-24 13:59
Z0324,2026-06-24 17:02
Z0208,2026-06-24 17:04
Z0845,2026-06-24 17:05
Z0213,2026-06-24 17:06
Z0188,2026-06-24 17:09
Z0818,2026-06-24 17:09
Z0820,2026-06-24 17:16
Z0883,2026-06-24 17:25
Z0201,2026-06-24 17:28
Z0128,2026-06-24 17:29
Z0375,2026-06-24 17:31
Z0769,2026-06-24 17:34
Z0462,2026-06-24 17:35
Z0516,2026-06-24 17:35
Z0029,2026-06-24 17:36
Z0338,2026-06-24 17:36
Z0109,2026-06-24 17:37
Z0234,2026-06-24 17:37
Z0108,2026-06-24 17:38
Z0187,2026-06-24 17:38
Z0673,2026-06-24 17:42
Z0222,2026-06-24 17:48
Z0300,2026-06-24 17:51
Z0006,2026-06-24 17:52
Z0207,2026-06-24 17:54
Z0037,2026-06-24 18:00
Z0306,2026-06-24 18:01
Z0122,2026-06-24 18:03
Z0315,2026-06-24 18:05
Z0513,2026-06-24 18:09
Z0065,2026-06-24 18:11
Z0290,2026-06-24 18:13
Z0353,2026-06-24 18:16
Z0137,2026-06-24 18:18
Z0185,2026-06-24 18:20
Z0149,2026-06-24 18:22
Z0635,2026-06-24 18:22
Z0218,2026-06-24 18:23
Z0121,2026-06-24 18:24
Z0321,2026-06-24 18:25
Z0459,2026-06-24 18:26
Z0825,2026-06-24 18:26
Z0774,2026-06-24 18:27
Z0050,2026-06-24 18:30
Z0152,2026-06-24 18:30
Z0250,2026-06-24 18:30
Z0118,2026-06-24 18:31
Z0226,2026-06-24 18:31
Z0815,2026-06-24 18:31
Z0192,2026-06-24 18:32
Z0810,2026-06-24 18:36
Z0146,2026-06-24 18:37
Z0760,2026-06-24 18:38
Z0892,2026-06-24 18:38
Z0172,2026-06-24 18:40
Z0359,2026-06-24 18:42
Z0096,2026-06-24 18:49
Z0240,2026-06-24 18:49
Z0169,2026-06-24 18:50
Z0799,2026-06-24 18:52
Z0280,2026-06-24 18:53
Z0111,2026-06-24 18:56
Z0204,2026-06-24 18:57
Z0212,2026-06-24 18:57
Z0125,2026-06-24 18:58
Z0840,2026-06-24 18:58
Z0296,2026-06-24 18:59
Z0301,2026-06-24 19:00
Z0252,2026-06-24 19:02
Z0054,2026-06-24 19:04
Z0854,2026-06-24 19:06
Z0878,2026-06-24 19:08
Z0082,2026-06-24 19:10
Z0180,2026-06-24 19:10
Z0520,2026-06-24 19:10
Z0086,2026-06-24 19:12
Z0507,2026-06-24 19:13
Z0130,2026-06-24 19:14
Z0124,2026-06-24 19:15
Z0071,2026-06-24 19:16
Z0304,2026-06-24 19:17
Z0095,2026-06-24 19:18
Z0288,2026-06-24 19:18
Z0297,2026-06-24 19:21
Z0839,2026-06-24 19:22
Z0511,2026-06-24 19:25
Z0139,2026-06-24 19:26
Z0588,2026-06-24 19:27
Z0064,2026-06-24 19:28
Z0200,2026-06-24 19:28
Z0090,2026-06-24 19:29
Z0081,2026-06-24 19:31
Z0246,2026-06-24 19:31
Z0010,2026-06-24 19:39
Z0264,2026-06-24 19:40
Z0858,2026-06-24 19:40
Z0630,2026-06-24 19:42
Z0786,2026-06-24 19:42
Z0017,2026-06-24 19:46
Z0870,2026-06-24 19:48
Z0038,2026-06-24 19:49
Z0209,2026-06-24 19:51
Z0429,2026-06-24 19:52
Z0273,2026-06-24 19:54
Z0339,2026-06-24 19:54
Z0770,2026-06-24 19:54
Z0671,2026-06-24 19:55
Z0485,2026-06-24 19:56
Z0019,2026-06-24 19:57
Z0136,2026-06-24 19:59
Z0793,2026-06-24 20:00
Z0442,2026-06-24 20:02
Z0087,2026-06-24 20:04
Z0334,2026-06-24 20:05
Z0196,2026-06-24 20:07
Z0633,2026-06-24 20:07
Z0052,2026-06-24 20:13
Z0078,2026-06-24 20:17
Z0173,2026-06-24 20:18
Z0779,2026-06-24 20:18
Z0134,2026-06-24 20:19
Z0299,2026-06-24 20:20
Z0088,2026-06-24 20:22
Z0267,2026-06-24 20:24
Z0270,2026-06-24 20:25
Z0248,2026-06-24 20:26
Z0003,2026-06-24 20:35
Z0535,2026-06-24 20:35
Z0098,2026-06-24 20:39
Z0895,2026-06-24 20:40
Z0120,2026-06-24 20:42
Z0805,2026-06-24 20:49
Z0305,2026-06-24 20:54
Z0484,2026-06-24 20:56
Z0174,2026-06-24 20:57
Z0239,2026-06-25 06:00
Z0110,2026-06-25 06:02
Z0177,2026-06-25 06:02
Z0506,2026-06-25 06:06
Z0184,2026-06-25 06:07
Z0521,2026-06-25 06:08
Z0796,2026-06-25 06:10
Z0116,2026-06-25 06:11
Z0524,2026-06-25 06:11
Z0262,2026-06-25 06:12
Z0831,2026-06-25 06:13
Z0080,2026-06-25 06:21
Z0024,2026-06-25 06:22
Z0783,2026-06-25 06:24
Z0282,2026-06-25 06:26
Z0048,2026-06-25 06:31
Z0030,2026-06-25 06:32
Z0037,2026-06-25 06:35
Z0228,2026-06-25 06:35
Z0065,2026-06-25 06:37
Z0758,2026-06-25 06:39
Z0804,2026-06-25 06:39
Z0167,2026-06-25 06:43
Z0421,2026-06-25 06:46
Z0244,2026-06-25 06:47
Z0075,2026-06-25 06:49
Z0311,2026-06-25 06:54
Z0193,2026-06-25 06:58
Z0076,2026-06-25 06:59
Z0114,2026-06-25 07:01
Z0098,2026-06-25 07:02
Z0443,2026-06-25 07:02
Z0254,2026-06-25 07:04
Z0259,2026-06-25 07:04
Z0848,2026-06-25 07:04
Z0860,2026-06-25 07:06
Z0154,2026-06-25 07:07
Z0070,2026-06-25 07:10
Z0112,2026-06-25 07:10
Z0422,2026-06-25 07:11
Z0838,2026-06-25 07:11
Z0341,2026-06-25 07:12
Z0661,2026-06-25 07:12
Z0159,2026-06-25 07:16
Z0242,2026-06-25 07:18
Z0270,2026-06-25 07:18
Z0845,2026-06-25 07:18
Z0060,2026-06-25 07:19
Z0894,2026-06-25 07:20
Z0251,2026-06-25 07:21
Z0767,2026-06-25 07:24
Z0059,2026-06-25 07:25
Z0260,2026-06-25 07:25
Z0236,2026-06-25 07:26
Z0092,2026-06-25 07:27
Z0599,2026-06-25 07:27
Z0657,2026-06-25 07:28
Z0793,2026-06-25 07:28
Z0205,2026-06-25 07:29
Z0255,2026-06-25 07:29
Z0235,2026-06-25 07:30
Z0071,2026-06-25 07:31
Z0502,2026-06-25 07:35
Z0601,2026-06-25 07:35
Z0160,2026-06-25 07:36
Z0374,2026-06-25 07:36
Z0769,2026-06-25 07:36
Z0166,2026-06-25 07:38
Z0602,2026-06-25 07:38
Z0802,2026-06-25 07:38
Z0186,2026-06-25 07:39
Z0268,2026-06-25 07:39
Z0492,2026-06-25 07:40
Z0799,2026-06-25 07:40
Z0121,2026-06-25 07:41
Z0126,2026-06-25 07:42
Z0053,2026-06-25 07:44
Z0138,2026-06-25 07:44
Z0403,2026-06-25 07:44
Z0328,2026-06-25 07:47
Z0216,2026-06-25 07:48
Z0498,2026-06-25 07:50
Z0011,2026-06-25 07:51
Z0202,2026-06-25 07:51
Z0406,2026-06-25 07:51
Z0627,2026-06-25 07:51
Z0862,2026-06-25 07:51
Z0887,2026-06-25 07:52
Z0258,2026-06-25 07:53
Z0057,2026-06-25 07:54
Z0265,2026-06-25 07:55
Z0064,2026-06-25 07:57
Z0083,2026-06-25 07:57
Z0816,2026-06-25 07:57
Z0063,2026-06-25 08:03
Z0298,2026-06-25 08:03
Z0093,2026-06-25 08:05
Z0118,2026-06-25 08:06
Z0881,2026-06-25 08:06
Z0757,2026-06-25 08:07
Z0028,2026-06-25 08:09
Z0045,2026-06-25 08:13
Z0873,2026-06-25 08:13
Z0384,2026-06-25 08:16
Z0018,2026-06-25 08:17
Z0823,2026-06-25 08:17
Z0151,2026-06-25 08:18
Z0272,2026-06-25 08:19
Z0087,2026-06-25 08:24
Z0847,2026-06-25 08:24
Z0857,2026-06-25 08:24
Z0787,2026-06-25 08:27
Z0316,2026-06-25 08:34
Z0417,2026-06-25 08:38
Z0073,2026-06-25 08:39
Z0219,2026-06-25 08:40
Z0222,2026-06-25 08:40
Z0266,2026-06-25 08:40
Z0789,2026-06-25 08:40
Z0320,2026-06-25 08:43
Z0113,2026-06-25 08:44
Z0782,2026-06-25 08:46
Z0094,2026-06-25 08:49
Z0303,2026-06-25 08:51
Z0163,2026-06-25 08:54
Z0852,2026-06-25 08:54
Z0325,2026-06-25 08:56
Z0383,2026-06-25 08:57
Z0509,2026-06-25 08:57
Z0201,2026-06-25 08:58
Z0759,2026-06-25 09:07
Z0132,2026-06-25 09:14
Z0622,2026-06-25 09:17
Z0647,2026-06-25 09:18
Z0295,2026-06-25 09:20
Z0291,2026-06-25 09:31
Z0174,2026-06-25 12:04
Z0797,2026-06-25 12:06
Z0182,2026-06-25 12:13
Z0161,2026-06-25 12:14
Z0187,2026-06-25 12:14
Z0500,2026-06-25 12:15
Z0123,2026-06-25 12:17
Z0285,2026-06-25 12:18
Z0437,2026-06-25 12:21
Z0405,2026-06-25 12:22
Z0553,2026-06-25 12:28
Z0128,2026-06-25 12:29
Z0407,2026-06-25 12:30
Z0768,2026-06-25 12:30
Z0287,2026-06-25 12:31
Z0223,2026-06-25 12:36
Z0899,2026-06-25 12:37
Z0233,2026-06-25 12:38
Z0372,2026-06-25 12:38
Z0505,2026-06-25 12:38
Z0327,2026-06-25 12:40
Z0600,2026-06-25 12:45
Z0541,2026-06-25 12:49
Z0792,2026-06-25 12:49
Z0022,2026-06-25 12:56
Z0318,2026-06-25 12:56
Z0044,2026-06-25 12:58
Z0047,2026-06-25 13:01
Z0556,2026-06-25 13:01
Z0106,2026-06-25 13:06
Z0491,2026-06-25 13:06
Z0122,2026-06-25 13:11
Z0820,2026-06-25 13:12
Z0119,2026-06-25 13:21
Z0434,2026-06-25 13:31
Z0058,2026-06-25 13:34
Z0148,2026-06-25 13:36
Z0051,2026-06-25 13:43
Z0211,2026-06-25 13:43
Z0257,2026-06-25 13:44
Z0369,2026-06-25 13:44
Z0827,2026-06-25 13:46
Z0788,2026-06-25 13:47
Z0846,2026-06-25 13:49
Z0127,2026-06-25 13:55
Z0833,2026-06-25 13:57
Z0001,2026-06-25 13:58
Z0245,2026-06-25 17:00
Z0155,2026-06-25 17:19
Z0533,2026-06-25 17:27
Z0641,2026-06-25 17:27
Z0460,2026-06-25 17:28
Z0108,2026-06-25 17:32
Z0302,2026-06-25 17:32
Z0212,2026-06-25 17:33
Z0275,2026-06-25 17:40
Z0301,2026-06-25 17:41
Z0226,2026-06-25 17:42
Z0225,2026-06-25 17:43
Z0510,2026-06-25 17:43
Z0141,2026-06-25 17:44
Z0858,2026-06-25 17:46
Z0142,2026-06-25 17:53
Z0849,2026-06-25 17:57
Z0231,2026-06-25 18:03
Z0133,2026-06-25 18:07
Z0273,2026-06-25 18:07
Z0810,2026-06-25 18:07
Z0876,2026-06-25 18:12
Z0221,2026-06-25 18:17
Z0008,2026-06-25 18:18
Z0102,2026-06-25 18:19
Z0395,2026-06-25 18:20
Z0074,2026-06-25 18:23
Z0049,2026-06-25 18:24
Z0317,2026-06-25 18:26
Z0147,2026-06-25 18:29
Z0892,2026-06-25 18:31
Z0271,2026-06-25 18:33
Z0774,2026-06-25 18:33
Z0870,2026-06-25 18:35
Z0136,2026-06-25 18:36
Z0795,2026-06-25 18:36
Z0103,2026-06-25 18:37
Z0068,2026-06-25 18:38
Z0115,2026-06-25 18:40
Z0107,2026-06-25 18:44
Z0763,2026-06-25 18:44
Z0315,2026-06-25 18:45
Z0243,2026-06-25 18:47
Z0683,2026-06-25 18:52
Z0760,2026-06-25 18:54
Z0785,2026-06-25 18:54
Z0248,2026-06-25 18:55
Z0335,2026-06-25 18:56
Z0109,2026-06-25 19:00
Z0135,2026-06-25 19:00
Z0756,2026-06-25 19:02
Z0836,2026-06-25 19:02
Z0339,2026-06-25 19:10
Z0365,2026-06-25 19:11
Z0124,2026-06-25 19:12
Z0513,2026-06-25 19:12
Z0061,2026-06-25 19:15
Z0607,2026-06-25 19:15
Z0229,2026-06-25 19:17
Z0014,2026-06-25 19:18
Z0111,2026-06-25 19:21
Z0896,2026-06-25 19:23
Z0062,2026-06-25 19:26
Z0129,2026-06-25 19:26
Z0538,2026-06-25 19:28
Z0811,2026-06-25 19:29
Z0761,2026-06-25 19:30
Z0859,2026-06-25 19:32
Z0267,2026-06-25 19:33
Z0544,2026-06-25 19:34
Z0837,2026-06-25 19:36
Z0305,2026-06-25 19:39
Z0214,2026-06-25 19:40
Z0458,2026-06-25 19:40
Z0621,2026-06-25 19:40
Z0805,2026-06-25 19:40
Z0286,2026-06-25 19:41
Z0475,2026-06-25 19:41
Z0134,2026-06-25 19:42
Z0772,2026-06-25 19:42
Z0840,2026-06-25 19:43
Z0388,2026-06-25 19:46
Z0655,2026-06-25 19:47
Z0427,2026-06-25 19:48
Z0472,2026-06-25 19:50
Z0563,2026-06-25 19:52
Z0197,2026-06-25 19:54
Z0036,2026-06-25 19:55
Z0356,2026-06-25 19:57
Z0639,2026-06-25 19:58
Z0853,2026-06-25 20:01
Z0798,2026-06-25 20:05
Z0822,2026-06-25 20:05
Z0812,2026-06-25 20:06
Z0130,2026-06-25 20:08
Z0878,2026-06-25 20:09
Z0238,2026-06-25 20:13
Z0828,2026-06-25 20:13
Z0189,2026-06-25 20:21
Z0865,2026-06-25 20:27
Z0398,2026-06-25 20:28
Z0441,2026-06-25 20:28
Z0191,2026-06-25 20:32
Z0776,2026-06-25 20:33
Z0433,2026-06-25 20:38
Z0284,2026-06-25 20:42
Z0247,2026-06-25 20:43
Z0218,2026-06-25 20:45
Z0300,2026-06-25 20:45
Z0597,2026-06-25 20:46
Z0066,2026-06-25 20:50
Z0026,2026-06-25 20:51
Z0900,2026-06-25 20:52
Z0408,2026-06-25 20:53
Z0851,2026-06-25 20:54
Z0220,2026-06-25 20:55
Z0023,2026-06-25 20:56
Z0323,2026-06-25 20:56
Z0321,2026-06-25 20:59
Z0116,2026-06-26 06:01
Z0147,2026-06-26 06:01
Z0577,2026-06-26 06:03
Z0125,2026-06-26 06:04
Z0362,2026-06-26 06:08
Z0210,2026-06-26 06:09
Z0060,2026-06-26 06:11
Z0781,2026-06-26 06:20
Z0342,2026-06-26 06:25
Z0459,2026-06-26 06:29
Z0838,2026-06-26 06:29
Z0033,2026-06-26 06:31
Z0764,2026-06-26 06:31
Z0153,2026-06-26 06:34
Z0206,2026-06-26 06:34
Z0786,2026-06-26 06:34
Z0470,2026-06-26 06:37
Z0505,2026-06-26 06:37
Z0765,2026-06-26 06:40
Z0778,2026-06-26 06:40
Z0173,2026-06-26 06:42
Z0842,2026-06-26 06:45
Z0039,2026-06-26 06:46
Z0165,2026-06-26 06:49
Z0176,2026-06-26 06:49
Z0503,2026-06-26 06:49
Z0110,2026-06-26 06:53
Z0257,2026-06-26 06:53
Z0386,2026-06-26 06:54
Z0451,2026-06-26 06:55
Z0117,2026-06-26 06:59
Z0370,2026-06-26 07:01
Z0791,2026-06-26 07:01
Z0219,2026-06-26 07:02
Z0042,2026-06-26 07:03
Z0097,2026-06-26 07:04
Z0015,2026-06-26 07:08
Z0145,2026-06-26 07:08
Z0168,2026-06-26 07:09
Z0063,2026-06-26 07:10
Z0095,2026-06-26 07:11
Z0018,2026-06-26 07:13
Z0120,2026-06-26 07:13
Z0446,2026-06-26 07:14
Z0897,2026-06-26 07:16
Z0030,2026-06-26 07:17
Z0077,2026-06-26 07:17
Z0157,2026-06-26 07:19
Z0691,2026-06-26 07:19
Z0864,2026-06-26 07:19
Z0074,2026-06-26 07:21
Z0595,2026-06-26 07:21
Z0222,2026-06-26 07:22
Z0375,2026-06-26 07:22
Z0256,2026-06-26 07:24
Z0302,2026-06-26 07:25
Z0693,2026-06-26 07:26
Z0368,2026-06-26 07:29
Z0803,2026-06-26 07:30
Z0129,2026-06-26 07:31
Z0840,2026-06-26 07:31
Z0133,2026-06-26 07:33
Z0237,2026-06-26 07:33
Z0659,2026-06-26 07:33
Z0072,2026-06-26 07:34
Z0284,2026-06-26 07:34
Z0151,2026-06-26 07:37
Z0158,2026-06-26 07:37
Z0126,2026-06-26 07:38
Z0323,2026-06-26 07:39
Z0085,2026-06-26 07:42
Z0215,2026-06-26 07:42
Z0328,2026-06-26 07:42
Z0461,2026-06-26 07:42
Z0495,2026-06-26 07:43
Z0514,2026-06-26 07:43
Z0865,2026-06-26 07:47
Z0190,2026-06-26 07:48
Z0032,2026-06-26 07:49
Z0320,2026-06-26 07:49
Z0621,2026-06-26 07:53
Z0796,2026-06-26 07:53
Z0399,2026-06-26 07:54
Z0136,2026-06-26 07:55
Z0213,2026-06-26 07:55
Z0304,2026-06-26 07:56
Z0022,2026-06-26 07:57
Z0592,2026-06-26 07:57
Z0486,2026-06-26 08:02
Z0013,2026-06-26 08:04
Z0101,2026-06-26 08:05
Z0294,2026-06-26 08:07
Z0844,2026-06-26 08:14
Z0893,2026-06-26 08:15
Z0869,2026-06-26 08:22
Z0160,2026-06-26 08:29
Z0395,2026-06-26 08:35
Z0310,2026-06-26 08:40
Z0815,2026-06-26 08:40
Z0004,2026-06-26 08:41
Z0071,2026-06-26 08:42
Z0194,2026-06-26 08:45
Z0262,2026-06-26 08:45
Z0056,2026-06-26 08:48
Z0540,2026-06-26 08:50
Z0525,2026-06-26 08:54
Z0102,2026-06-26 08:56
Z0250,2026-06-26 08:59
Z0759,2026-06-26 09:02
Z0326,2026-06-26 09:12
Z0028,2026-06-26 09:18
Z0235,2026-06-26 09:24
Z0352,2026-06-26 09:36
Z0453,2026-06-26 09:36
Z0113,2026-06-26 09:42
Z0806,2026-06-26 09:45
Z0331,2026-06-26 09:54
Z0041,2026-06-26 09:55
Z0011,2026-06-26 12:02
Z0522,2026-06-26 12:03
Z0542,2026-06-26 12:03
Z0223,2026-06-26 12:07
Z0518,2026-06-26 12:08
Z0299,2026-06-26 12:16
Z0261,2026-06-26 12:19
Z0820,2026-06-26 12:22
Z0312,2026-06-26 12:23
Z0465,2026-06-26 12:27
Z0240,2026-06-26 12:28
Z0329,2026-06-26 12:29
Z0833,2026-06-26 12:33
Z0861,2026-06-26 12:34
Z0881,2026-06-26 12:42
Z0802,2026-06-26 12:46
Z0141,2026-06-26 12:53
Z0084,2026-06-26 13:00
Z0818,2026-06-26 13:02
Z0118,2026-06-26 13:05
Z0014,2026-06-26 13:07
Z0775,2026-06-26 13:07
Z0271,2026-06-26 13:10
Z0012,2026-06-26 13:12
Z0245,2026-06-26 13:14
Z0305,2026-06-26 13:16
Z0843,2026-06-26 13:20
Z0452,2026-06-26 13:24
Z0325,2026-06-26 13:25
Z0216,2026-06-26 13:27
Z0139,2026-06-26 13:31
Z0163,2026-06-26 13:31
Z0191,2026-06-26 13:34
Z0035,2026-06-26 13:36
Z0037,2026-06-26 13:37
Z0180,2026-06-26 13:41
Z0246,2026-06-26 13:43
Z0336,2026-06-26 13:47
Z0404,2026-06-26 13:51
Z0183,2026-06-26 13:57
Z0264,2026-06-26 13:57
Z0225,2026-06-26 17:00
Z0357,2026-06-26 17:02
Z0377,2026-06-26 17:02
Z0766,2026-06-26 17:02
Z0104,2026-06-26 17:04
Z0790,2026-06-26 17:07
Z0275,2026-06-26 17:08
Z0121,2026-06-26 17:10
Z0146,2026-06-26 17:10
Z0236,2026-06-26 17:12
Z0067,2026-06-26 17:16
Z0083,2026-06-26 17:21
Z0182,2026-06-26 17:23
Z0019,2026-06-26 17:24
Z0103,2026-06-26 17:29
Z0152,2026-06-26 17:30
Z0161,2026-06-26 17:31
Z0044,2026-06-26 17:34
Z0633,2026-06-26 17:34
Z0277,2026-06-26 17:35
Z0296,2026-06-26 17:35
Z0849,2026-06-26 17:35
Z0463,2026-06-26 17:36
Z0016,2026-06-26 17:46
Z0777,2026-06-26 17:47
Z0866,2026-06-26 17:50
Z0615,2026-06-26 17:52
Z0031,2026-06-26 17:58
Z0238,2026-06-26 17:59
Z0608,2026-06-26 18:01
Z0344,2026-06-26 18:02
Z0887,2026-06-26 18:03
Z0366,2026-06-26 18:08
Z0770,2026-06-26 18:08
Z0200,2026-06-26 18:11
Z0847,2026-06-26 18:20
Z0859,2026-06-26 18:20
Z0178,2026-06-26 18:21
Z0211,2026-06-26 18:22
Z0317,2026-06-26 18:24
Z0025,2026-06-26 18:25
Z0449,2026-06-26 18:28
Z0348,2026-06-26 18:29
Z0105,2026-06-26 18:30
Z0029,2026-06-26 18:32
Z0444,2026-06-26 18:33
Z0045,2026-06-26 18:35
Z0520,2026-06-26 18:37
Z0174,2026-06-26 18:39
Z0500,2026-06-26 18:40
Z0687,2026-06-26 18:40
Z0020,2026-06-26 18:41
Z0094,2026-06-26 18:42
Z0311,2026-06-26 18:42
Z0848,2026-06-26 18:46
Z0254,2026-06-26 18:50
Z0354,2026-06-26 18:51
Z0001,2026-06-26 18:54
Z0008,2026-06-26 18:54
Z0338,2026-06-26 18:55
Z0762,2026-06-26 18:55
Z0280,2026-06-26 18:57
Z0448,2026-06-26 19:01
Z0460,2026-06-26 19:06
Z0845,2026-06-26 19:07
Z0858,2026-06-26 19:07
Z0137,2026-06-26 19:09
Z0229,2026-06-26 19:10
Z0278,2026-06-26 19:11
Z0836,2026-06-26 19:11
Z0142,2026-06-26 19:12
Z0653,2026-06-26 19:12
Z0512,2026-06-26 19:14
Z0119,2026-06-26 19:17
Z0081,2026-06-26 19:18
Z0193,2026-06-26 19:18
Z0480,2026-06-26 19:21
Z0794,2026-06-26 19:22
Z0825,2026-06-26 19:22
Z0826,2026-06-26 19:23
Z0188,2026-06-26 19:28
Z0462,2026-06-26 19:28
Z0568,2026-06-26 19:28
Z0552,2026-06-26 19:29
Z0066,2026-06-26 19:33
Z0850,2026-06-26 19:36
Z0034,2026-06-26 19:41
Z0438,2026-06-26 19:42
Z0855,2026-06-26 19:42
Z0047,2026-06-26 19:44
Z0128,2026-06-26 19:48
Z0367,2026-06-26 19:49
Z0087,2026-06-26 19:50
Z0207,2026-06-26 19:50
Z0196,2026-06-26 19:54
Z0150,2026-06-26 19:58
Z0450,2026-06-26 19:58
Z0816,2026-06-26 20:00
Z0596,2026-06-26 20:05
Z0038,2026-06-26 20:26
Z0203,2026-06-26 20:28
Z0010,2026-06-26 20:30
Z0249,2026-06-26 20:32
Z0138,2026-06-26 20:34
Z0135,2026-06-26 20:36
Z0192,2026-06-26 20:36
Z0007,2026-06-26 20:51
Z0263,2026-06-26 20:56
Z0821,2026-06-27 06:00
Z0814,2026-06-27 06:01
Z0558,2026-06-27 06:04
Z0262,2026-06-27 06:06
Z0069,2026-06-27 06:08
Z0900,2026-06-27 06:08
Z0048,2026-06-27 06:09
Z0192,2026-06-27 06:09
Z0382,2026-06-27 06:09
Z0503,2026-06-27 06:10
Z0210,2026-06-27 06:11
Z0391,2026-06-27 06:11
Z0286,2026-06-27 06:15
Z0040,2026-06-27 06:19
Z0507,2026-06-27 06:19
Z0582,2026-06-27 06:22
Z0244,2026-06-27 06:23
Z0224,2026-06-27 06:24
Z0525,2026-06-27 06:24
Z0343,2026-06-27 06:25
Z0461,2026-06-27 06:26
Z0399,2026-06-27 06:31
Z0563,2026-06-27 06:31
Z0042,2026-06-27 06:36
Z0255,2026-06-27 06:38
Z0327,2026-06-27 06:39
Z0387,2026-06-27 06:40
Z0767,2026-06-27 06:44
Z0068,2026-06-27 06:46
Z0073,2026-06-27 06:46
Z0679,2026-06-27 06:46
Z0401,2026-06-27 06:47
Z0160,2026-06-27 06:54
Z0043,2026-06-27 06:56
Z0157,2026-06-27 06:57
Z0056,2026-06-27 07:01
Z0354,2026-06-27 07:01
Z0333,2026-06-27 07:02
Z0403,2026-06-27 07:03
Z0406,2026-06-27 07:03
Z0845,2026-06-27 07:03
Z0144,2026-06-27 07:04
Z0075,2026-06-27 07:07
Z0153,2026-06-27 07:07
Z0460,2026-06-27 07:07
Z0853,2026-06-27 07:07
Z0205,2026-06-27 07:08
Z0815,2026-06-27 07:10
Z0598,2026-06-27 07:12
Z0134,2026-06-27 07:13
Z0202,2026-06-27 07:13
Z0806,2026-06-27 07:15
Z0336,2026-06-27 07:16
Z0574,2026-06-27 07:16
Z0260,2026-06-27 07:17
Z0355,2026-06-27 07:17
Z0228,2026-06-27 07:20
Z0165,2026-06-27 07:21
Z0025,2026-06-27 07:22
Z0490,2026-06-27 07:24
Z0229,2026-06-27 07:27
Z0546,2026-06-27 07:27
Z0328,2026-06-27 07:28
Z0873,2026-06-27 07:28
Z0023,2026-06-27 07:29
Z0775,2026-06-27 07:29
Z0076,2026-06-27 07:30
Z0220,2026-06-27 07:30
Z0860,2026-06-27 07:30
Z0129,2026-06-27 07:31
Z0066,2026-06-27 07:33
Z0168,2026-06-27 07:33
Z0290,2026-06-27 07:33
Z0799,2026-06-27 07:33
Z0471,2026-06-27 07:34
Z0178,2026-06-27 07:35
Z0242,2026-06-27 07:35
Z0861,2026-06-27 07:35
Z0385,2026-06-27 07:36
Z0619,2026-06-27 07:36
Z0155,2026-06-27 07:37
Z0590,2026-06-27 07:38
Z0037,2026-06-27 07:39
Z0285,2026-06-27 07:39
Z0393,2026-06-27 07:39
Z0035,2026-06-27 07:40
Z0251,2026-06-27 07:42
Z0298,2026-06-27 07:42
Z0303,2026-06-27 07:42
Z0140,2026-06-27 07:44
Z0142,2026-06-27 07:44
Z0057,2026-06-27 07:45
Z0758,2026-06-27 07:45
Z0186,2026-06-27 07:46
Z0827,2026-06-27 07:46
Z0041,2026-06-27 07:48
Z0307,2026-06-27 07:49
Z0184,2026-06-27 07:50
Z0291,2026-06-27 07:52
Z0320,2026-06-27 07:52
Z0792,2026-06-27 07:53
Z0209,2026-06-27 07:55
Z0288,2026-06-27 07:55
Z0309,2026-06-27 07:55
Z0062,2026-06-27 07:56
Z0424,2026-06-27 07:56
Z0533,2026-06-27 07:56
Z0080,2026-06-27 07:57
Z0394,2026-06-27 07:57
Z0061,2026-06-27 07:59
Z0131,2026-06-27 08:03
Z0373,2026-06-27 08:05
Z0310,2026-06-27 08:12
Z0817,2026-06-27 08:13
Z0811,2026-06-27 08:16
Z0088,2026-06-27 08:22
Z0842,2026-06-27 08:24
Z0097,2026-06-27 08:28
Z0173,2026-06-27 08:29
Z0791,2026-06-27 08:31
Z0112,2026-06-27 08:35
Z0491,2026-06-27 08:37
Z0024,2026-06-27 08:38
Z0060,2026-06-27 08:41
Z0198,2026-06-27 08:44
Z0834,2026-06-27 08:44
Z0281,2026-06-27 08:46
Z0294,2026-06-27 08:52
Z0241,2026-06-27 08:54
Z0115,2026-06-27 08:55
Z0259,2026-06-27 08:55
Z0762,2026-06-27 08:56
Z0341,2026-06-27 08:58
Z0644,2026-06-27 08:58
Z0132,2026-06-27 09:00
Z0256,2026-06-27 09:06
Z0005,2026-06-27 09:25
Z0893,2026-06-27 09:28
Z0319,2026-06-27 09:29
Z0117,2026-06-27 09:31
Z0032,2026-06-27 09:35
Z0156,2026-06-27 09:42
Z0326,2026-06-27 09:48
Z0239,2026-06-27 12:05
Z0275,2026-06-27 12:07
Z0864,2026-06-27 12:14
Z0887,2026-06-27 12:16
Z0123,2026-06-27 12:19
Z0870,2026-06-27 12:21
Z0111,2026-06-27 12:24
Z0152,2026-06-27 12:24
Z0282,2026-06-27 12:26
Z0492,2026-06-27 12:29
Z0819,2026-06-27 12:32
Z0272,2026-06-27 12:33
Z0629,2026-06-27 12:33
Z0104,2026-06-27 12:35
Z0138,2026-06-27 12:35
Z0126,2026-06-27 12:37
Z0231,2026-06-27 12:41
Z0771,2026-06-27 12:47
Z0481,2026-06-27 12:48
Z0096,2026-06-27 12:56
Z0440,2026-06-27 13:03
Z0677,2026-06-27 13:03
Z0452,2026-06-27 13:07
Z0313,2026-06-27 13:12
Z0830,2026-06-27 13:17
Z0130,2026-06-27 13:25
Z0230,2026-06-27 13:26
Z0428,2026-06-27 13:31
Z0649,2026-06-27 13:33
Z0039,2026-06-27 13:34
Z0016,2026-06-27 13:35
Z0013,2026-06-27 13:37
Z0121,2026-06-27 13:40
Z0418,2026-06-27 13:44
Z0836,2026-06-27 13:47
Z0021,2026-06-27 13:48
Z0207,2026-06-27 13:52
Z0625,2026-06-27 13:52
Z0774,2026-06-27 13:54
Z0245,2026-06-27 13:55
Z0377,2026-06-27 13:55
Z0046,2026-06-27 13:57
Z0071,2026-06-27 13:57
Z0199,2026-06-27 13:58
Z0036,2026-06-27 17:00
Z0223,2026-06-27 17:08
Z0329,2026-06-27 17:09
Z0805,2026-06-27 17:09
Z0065,2026-06-27 17:10
Z0876,2026-06-27 17:10
Z0216,2026-06-27 17:13
Z0841,2026-06-27 17:15
Z0008,2026-06-27 17:38
Z0064,2026-06-27 17:40
Z0196,2026-06-27 17:40
Z0020,2026-06-27 17:42
Z0795,2026-06-27 17:43
Z0058,2026-06-27 17:47
Z0634,2026-06-27 17:51
Z0208,2026-06-27 17:59
Z0464,2026-06-27 18:00
Z0822,2026-06-27 18:01
Z0457,2026-06-27 18:03
Z0055,2026-06-27 18:04
Z0823,2026-06-27 18:04
Z0233,2026-06-27 18:06
Z0139,2026-06-27 18:12
Z0248,2026-06-27 18:12
Z0204,2026-06-27 18:13
Z0865,2026-06-27 18:13
Z0897,2026-06-27 18:13
Z0225,2026-06-27 18:15
Z0249,2026-06-27 18:17
Z0079,2026-06-27 18:18
Z0271,2026-06-27 18:18
Z0794,2026-06-27 18:18
Z0386,2026-06-27 18:19
Z0820,2026-06-27 18:21
Z0127,2026-06-27 18:22
Z0454,2026-06-27 18:22
Z0789,2026-06-27 18:24
Z0479,2026-06-27 18:27
Z0409,2026-06-27 18:28
Z0769,2026-06-27 18:28
Z0214,2026-06-27 18:32
Z0243,2026-06-27 18:32
Z0246,2026-06-27 18:32
Z0317,2026-06-27 18:32
Z0402,2026-06-27 18:33
Z0526,2026-06-27 18:34
Z0163,2026-06-27 18:35
Z0883,2026-06-27 18:35
Z0175,2026-06-27 18:36
Z0797,2026-06-27 18:36
Z0632,2026-06-27 18:39
Z0896,2026-06-27 18:39
Z0050,2026-06-27 18:40
Z0297,2026-06-27 18:40
Z0119,2026-06-27 18:41
Z0894,2026-06-27 18:41
Z0052,2026-06-27 18:43
Z0162,2026-06-27 18:46
Z0478,2026-06-27 18:46
Z0555,2026-06-27 18:49
Z0856,2026-06-27 18:49
Z0095,2026-06-27 18:52
Z0325,2026-06-27 18:53
Z0324,2026-06-27 18:54
Z0149,2026-06-27 18:57
Z0462,2026-06-27 18:57
Z0818,2026-06-27 19:00
Z0802,2026-06-27 19:01
Z0808,2026-06-27 19:01
Z0090,2026-06-27 19:06
Z0007,2026-06-27 19:11
Z0809,2026-06-27 19:12
Z0054,2026-06-27 19:13
Z0263,2026-06-27 19:15
Z0425,2026-06-27 19:15
Z0102,2026-06-27 19:17
Z0419,2026-06-27 19:18
Z0793,2026-06-27 19:19
Z0485,2026-06-27 19:20
Z0099,2026-06-27 19:21
Z0106,2026-06-27 19:22
Z0862,2026-06-27 19:23
Z0420,2026-06-27 19:27
Z0437,2026-06-27 19:27
Z0669,2026-06-27 19:27
Z0128,2026-06-27 19:28
Z0350,2026-06-27 19:31
Z0252,2026-06-27 19:33
Z0895,2026-06-27 19:33
Z0006,2026-06-27 19:35
Z0141,2026-06-27 19:35
Z0369,2026-06-27 19:37
Z0217,2026-06-27 19:38
Z0761,2026-06-27 19:38
Z0164,2026-06-27 19:39
Z0898,2026-06-27 19:39
Z0323,2026-06-27 19:43
Z0082,2026-06-27 19:44
Z0517,2026-06-27 19:50
Z0081,2026-06-27 19:51
Z0182,2026-06-27 19:51
Z0213,2026-06-27 19:52
Z0359,2026-06-27 19:58
Z0304,2026-06-27 20:02
Z0776,2026-06-27 20:02
Z0449,2026-06-27 20:03
Z0120,2026-06-27 20:04
Z0206,2026-06-27 20:04
Z0551,2026-06-27 20:06
Z0018,2026-06-27 20:21
Z0195,2026-06-27 20:23
Z0009,2026-06-27 20:25
Z0177,2026-06-27 20:26
Z0194,2026-06-27 20:30
Z0335,2026-06-27 20:31
Z0159,2026-06-27 20:32
Z0803,2026-06-27 20:32
Z0813,2026-06-27 20:32
Z0201,2026-06-27 20:34
Z0645,2026-06-27 20:35
Z0322,2026-06-27 20:44
Z0812,2026-06-27 20:48
Z0530,2026-06-27 20:50
Z0439,2026-06-27 20:54
Z0081,2026-06-28 06:01
Z0856,2026-06-28 06:01
Z0675,2026-06-28 06:03
Z0603,2026-06-28 06:04
Z0819,2026-06-28 06:04
Z0157,2026-06-28 06:05
Z0100,2026-06-28 06:08
Z0199,2026-06-28 06:11
Z0434,2026-06-28 06:16
Z0215,2026-06-28 06:17
Z0006,2026-06-28 06:18
Z0271,2026-06-28 06:23
Z0817,2026-06-28 06:23
Z0279,2026-06-28 06:28
Z0864,2026-06-28 06:29
Z0394,2026-06-28 06:34
Z0132,2026-06-28 06:35
Z0839,2026-06-28 06:37
Z0430,2026-06-28 06:42
Z0235,2026-06-28 06:47
Z0032,2026-06-28 06:48
Z0241,2026-06-28 06:48
Z0248,2026-06-28 06:48
Z0362,2026-06-28 06:51
Z0283,2026-06-28 06:55
Z0807,2026-06-28 06:55
Z0110,2026-06-28 06:57
Z0030,2026-06-28 06:58
Z0181,2026-06-28 06:59
Z0082,2026-06-28 07:00
Z0155,2026-06-28 07:02
Z0210,2026-06-28 07:04
Z0195,2026-06-28 07:06
Z0011,2026-06-28 07:08
Z0024,2026-06-28 07:08
Z0212,2026-06-28 07:08
Z0228,2026-06-28 07:09
Z0092,2026-06-28 07:11
Z0167,2026-06-28 07:11
Z0255,2026-06-28 07:13
Z0019,2026-06-28 07:14
Z0042,2026-06-28 07:15
Z0056,2026-06-28 07:16
Z0281,2026-06-28 07:16
Z0289,2026-06-28 07:17
Z0545,2026-06-28 07:17
Z0844,2026-06-28 07:17
Z0550,2026-06-28 07:20
Z0036,2026-06-28 07:21
Z0756,2026-06-28 07:21
Z0240,2026-06-28 07:22
Z0274,2026-06-28 07:22
Z0247,2026-06-28 07:25
Z0252,2026-06-28 07:25
Z0259,2026-06-28 07:25
Z0311,2026-06-28 07:25
Z0433,2026-06-28 07:25
Z0202,2026-06-28 07:28
Z0135,2026-06-28 07:29
Z0287,2026-06-28 07:30
Z0775,2026-06-28 07:35
Z0034,2026-06-28 07:36
Z0176,2026-06-28 07:36
Z0288,2026-06-28 07:37
Z0851,2026-06-28 07:37
Z0097,2026-06-28 07:38
Z0784,2026-06-28 07:38
Z0388,2026-06-28 07:40
Z0426,2026-06-28 07:40
Z0169,2026-06-28 07:42
Z0278,2026-06-28 07:43
Z0166,2026-06-28 07:47
Z0276,2026-06-28 07:47
Z0031,2026-06-28 07:48
Z0321,2026-06-28 07:48
Z0531,2026-06-28 07:48
Z0559,2026-06-28 07:49
Z0045,2026-06-28 07:50
Z0005,2026-06-28 07:51
Z0127,2026-06-28 07:54
Z0510,2026-06-28 07:54
Z0236,2026-06-28 07:56
Z0319,2026-06-28 07:56
Z0216,2026-06-28 07:57
Z0309,2026-06-28 07:57
Z0410,2026-06-28 08:00
Z0221,2026-06-28 08:01
Z0224,2026-06-28 08:02
Z0095,2026-06-28 08:04
Z0515,2026-06-28 08:05
Z0232,2026-06-28 08:07
Z0468,2026-06-28 08:15
Z0220,2026-06-28 08:17
Z0849,2026-06-28 08:18
Z0368,2026-06-28 08:19
Z0214,2026-06-28 08:21
Z0350,2026-06-28 08:23
Z0857,2026-06-28 08:23
Z0119,2026-06-28 08:27
Z0090,2026-06-28 08:31
Z0780,2026-06-28 08:32
Z0391,2026-06-28 08:33
Z0431,2026-06-28 08:33
Z0173,2026-06-28 08:39
Z0080,2026-06-28 08:42
Z0043,2026-06-28 08:45
Z0101,2026-06-28 08:45
Z0272,2026-06-28 08:47
Z0424,2026-06-28 08:47
Z0392,2026-06-28 08:48
Z0160,2026-06-28 08:56
Z0129,2026-06-28 08:59
Z0298,2026-06-28 09:07
Z0842,2026-06-28 09:17
Z0767,2026-06-28 09:18
Z0519,2026-06-28 09:31
Z0144,2026-06-28 09:33
Z0585,2026-06-28 09:35
Z0801,2026-06-28 09:37
Z0262,2026-06-28 09:41
Z0075,2026-06-28 09:44
Z0165,2026-06-28 09:54
Z0242,2026-06-28 12:00
Z0832,2026-06-28 12:00
Z0131,2026-06-28 12:02
Z0389,2026-06-28 12:03
Z0488,2026-06-28 12:03
Z0663,2026-06-28 12:03
Z0544,2026-06-28 12:11
Z0518,2026-06-28 12:14
Z0830,2026-06-28 12:18
Z0892,2026-06-28 12:18
Z0123,2026-06-28 12:23
Z0086,2026-06-28 12:25
Z0093,2026-06-28 12:30
Z0189,2026-06-28 12:30
Z0369,2026-06-28 12:30
Z0249,2026-06-28 12:32
Z0500,2026-06-28 12:34
Z0397,2026-06-28 12:36
Z0768,2026-06-28 12:37
Z0257,2026-06-28 12:41
Z0008,2026-06-28 12:42
Z0899,2026-06-28 12:51
Z0122,2026-06-28 12:58
Z0159,2026-06-28 12:58
Z0586,2026-06-28 13:00
Z0831,2026-06-28 13:01
Z0378,2026-06-28 13:04
Z0803,2026-06-28 13:05
Z0198,2026-06-28 13:09
Z0163,2026-06-28 13:11
Z0620,2026-06-28 13:14
Z0577,2026-06-28 13:16
Z0188,2026-06-28 13:17
Z0406,2026-06-28 13:18
Z0895,2026-06-28 13:27
Z0884,2026-06-28 13:29
Z0046,2026-06-28 13:30
Z0318,2026-06-28 13:30
Z0174,2026-06-28 13:32
Z0764,2026-06-28 13:34
Z0012,2026-06-28 13:39
Z0791,2026-06-28 13:42
Z0587,2026-06-28 13:48
Z0021,2026-06-28 13:50
Z0055,2026-06-28 17:04
Z0843,2026-06-28 17:06
Z0813,2026-06-28 17:07
Z0051,2026-06-28 17:09
Z0770,2026-06-28 17:13
Z0285,2026-06-28 17:16
Z0054,2026-06-28 17:27
Z0290,2026-06-28 17:29
Z0009,2026-06-28 17:33
Z0591,2026-06-28 17:34
Z0226,2026-06-28 17:38
Z0016,2026-06-28 17:43
Z0811,2026-06-28 17:49
Z0170,2026-06-28 17:52
Z0340,2026-06-28 17:52
Z0570,2026-06-28 17:52
Z0238,2026-06-28 17:53
Z0779,2026-06-28 17:53
Z0126,2026-06-28 17:59
Z0152,2026-06-28 17:59
Z0208,2026-06-28 18:01
Z0609,2026-06-28 18:02
Z0179,2026-06-28 18:04
Z0049,2026-06-28 18:06
Z0108,2026-06-28 18:06
Z0143,2026-06-28 18:07
Z0231,2026-06-28 18:10
Z0402,2026-06-28 18:11
Z0835,2026-06-28 18:13
Z0010,2026-06-28 18:17
Z0896,2026-06-28 18:20
Z0627,2026-06-28 18:22
Z0222,2026-06-28 18:24
Z0504,2026-06-28 18:28
Z0855,2026-06-28 18:29
Z0834,2026-06-28 18:30
Z0149,2026-06-28 18:32
Z0020,2026-06-28 18:36
Z0493,2026-06-28 18:36
Z0316,2026-06-28 18:42
Z0180,2026-06-28 18:45
Z0778,2026-06-28 18:46
Z0349,2026-06-28 18:49
Z0158,2026-06-28 18:50
Z0763,2026-06-28 18:50
Z0261,2026-06-28 18:52
Z0137,2026-06-28 18:54
Z0404,2026-06-28 18:55
Z0475,2026-06-28 18:55
Z0078,2026-06-28 18:56
Z0053,2026-06-28 19:01
Z0253,2026-06-28 19:01
Z0867,2026-06-28 19:01
Z0002,2026-06-28 19:02
Z0478,2026-06-28 19:02
Z0578,2026-06-28 19:02
Z0581,2026-06-28 19:05
Z0061,2026-06-28 19:06
Z0186,2026-06-28 19:09
Z0109,2026-06-28 19:18
Z0403,2026-06-28 19:19
Z0420,2026-06-28 19:20
Z0322,2026-06-28 19:21
Z0877,2026-06-28 19:21
Z0178,2026-06-28 19:22
Z0773,2026-06-28 19:22
Z0800,2026-06-28 19:25
Z0623,2026-06-28 19:29
Z0407,2026-06-28 19:30
Z0079,2026-06-28 19:32
Z0269,2026-06-28 19:32
Z0789,2026-06-28 19:34
Z0136,2026-06-28 19:35
Z0161,2026-06-28 19:35
Z0204,2026-06-28 19:38
Z0128,2026-06-28 19:41
Z0685,2026-06-28 19:41
Z0854,2026-06-28 19:42
Z0286,2026-06-28 19:43
Z0371,2026-06-28 19:43
Z0786,2026-06-28 19:44
Z0134,2026-06-28 19:45
Z0473,2026-06-28 19:45
Z0312,2026-06-28 19:48
Z0823,2026-06-28 19:48
Z0451,2026-06-28 19:49
Z0209,2026-06-28 19:50
Z0457,2026-06-28 19:50
Z0798,2026-06-28 19:50
Z0254,2026-06-28 19:51
Z0275,2026-06-28 19:51
Z0197,2026-06-28 19:52
Z0873,2026-06-28 19:52
Z0265,2026-06-28 19:54
Z0206,2026-06-28 19:55
Z0497,2026-06-28 19:57
Z0270,2026-06-28 20:04
Z0374,2026-06-28 20:07
Z0808,2026-06-28 20:10
Z0869,2026-06-28 20:11
Z0125,2026-06-28 20:15
Z0282,2026-06-28 20:18
Z0900,2026-06-28 20:19
Z0250,2026-06-28 20:20
Z0428,2026-06-28 20:20
Z0454,2026-06-28 20:25
Z0099,2026-06-28 20:30
Z0359,2026-06-28 20:31
Z0837,2026-06-28 20:32
Z0258,2026-06-28 20:34
Z0894,2026-06-28 20:34
Z0474,2026-06-28 20:41
Z0062,2026-06-28 20:44
Z0138,2026-06-28 20:56
Z0077,2026-06-29 06:00
Z0480,2026-06-29 06:03
Z0451,2026-06-29 06:10
Z0814,2026-06-29 06:11
Z0412,2026-06-29 06:16
Z0132,2026-06-29 06:19
Z0253,2026-06-29 06:20
Z0403,2026-06-29 06:22
Z0489,2026-06-29 06:25
Z0115,2026-06-29 06:26
Z0188,2026-06-29 06:27
Z0294,2026-06-29 06:27
Z0043,2026-06-29 06:28
Z0030,2026-06-29 06:30
Z0070,2026-06-29 06:30
Z0320,2026-06-29 06:30
Z0688,2026-06-29 06:31
Z0152,2026-06-29 06:32
Z0388,2026-06-29 06:33
Z0482,2026-06-29 06:34
Z0251,2026-06-29 06:36
Z0511,2026-06-29 06:39
Z0821,2026-06-29 06:40
Z0110,2026-06-29 06:41
Z0461,2026-06-29 06:42
Z0041,2026-06-29 06:48
Z0047,2026-06-29 06:48
Z0848,2026-06-29 06:48
Z0117,2026-06-29 06:53
Z0759,2026-06-29 06:53
Z0010,2026-06-29 06:56
Z0782,2026-06-29 06:56
Z0023,2026-06-29 06:58
Z0372,2026-06-29 07:00
Z0044,2026-06-29 07:01
Z0156,2026-06-29 07:01
Z0762,2026-06-29 07:01
Z0305,2026-06-29 07:03
Z0767,2026-06-29 07:03
Z0818,2026-06-29 07:03
Z0035,2026-06-29 07:04
Z0166,2026-06-29 07:05
Z0291,2026-06-29 07:06
Z0233,2026-06-29 07:09
Z0445,2026-06-29 07:09
Z0776,2026-06-29 07:09
Z0104,2026-06-29 07:11
Z0870,2026-06-29 07:11
Z0148,2026-06-29 07:13
Z0668,2026-06-29 07:13
Z0244,2026-06-29 07:16
Z0274,2026-06-29 07:17
Z0524,2026-06-29 07:17
Z0831,2026-06-29 07:17
Z0013,2026-06-29 07:18
Z0076,2026-06-29 07:18
Z0279,2026-06-29 07:20
Z0868,2026-06-29 07:21
Z0342,2026-06-29 07:30
Z0602,2026-06-29 07:30
Z0598,2026-06-29 07:32
Z0641,2026-06-29 07:32
Z0588,2026-06-29 07:34
Z0355,2026-06-29 07:35
Z0278,2026-06-29 07:36
Z0399,2026-06-29 07:36
Z0088,2026-06-29 07:40
Z0410,2026-06-29 07:41
Z0103,2026-06-29 07:42
Z0318,2026-06-29 07:42
Z0261,2026-06-29 07:43
Z0295,2026-06-29 07:46
Z0462,2026-06-29 07:46
Z0390,2026-06-29 07:47
Z0062,2026-06-29 07:48
Z0042,2026-06-29 07:49
Z0817,2026-06-29 07:50
Z0796,2026-06-29 07:53
Z0157,2026-06-29 07:54
Z0329,2026-06-29 07:58
Z0864,2026-06-29 08:00
Z0141,2026-06-29 08:02
Z0333,2026-06-29 08:02
Z0069,2026-06-29 08:07
Z0401,2026-06-29 08:10
Z0891,2026-06-29 08:19
Z0086,2026-06-29 08:20
Z0690,2026-06-29 08:20
Z0146,2026-06-29 08:22
Z0075,2026-06-29 08:23
Z0237,2026-06-29 08:23
Z0307,2026-06-29 08:24
Z0829,2026-06-29 08:24
Z0124,2026-06-29 08:29
Z0312,2026-06-29 08:29
Z0048,2026-06-29 08:30
Z0153,2026-06-29 08:30
Z0391,2026-06-29 08:30
Z0064,2026-06-29 08:31
Z0232,2026-06-29 08:32
Z0309,2026-06-29 08:34
Z0252,2026-06-29 08:35
Z0193,2026-06-29 08:36
Z0581,2026-06-29 08:37
Z0091,2026-06-29 08:41
Z0175,2026-06-29 08:42
Z0660,2026-06-29 08:49
Z0239,2026-06-29 08:51
Z0262,2026-06-29 08:51
Z0211,2026-06-29 08:53
Z0078,2026-06-29 08:56
Z0557,2026-06-29 09:00
Z0783,2026-06-29 09:03
Z0382,2026-06-29 09:14
Z0024,2026-06-29 09:24
Z0113,2026-06-29 09:25
Z0806,2026-06-29 09:26
Z0543,2026-06-29 09:28
Z0256,2026-06-29 09:32
Z0235,2026-06-29 09:43
Z0154,2026-06-29 09:44
Z0266,2026-06-29 09:51
Z0443,2026-06-29 09:53
Z0260,2026-06-29 09:59
Z0097,2026-06-29 12:05
Z0631,2026-06-29 12:05
Z0249,2026-06-29 12:09
Z0150,2026-06-29 12:12
Z0096,2026-06-29 12:18
Z0840,2026-06-29 12:19
Z0009,2026-06-29 12:23
Z0128,2026-06-29 12:23
Z0001,2026-06-29 12:30
Z0858,2026-06-29 12:32
Z0089,2026-06-29 12:34
Z0628,2026-06-29 12:34
Z0895,2026-06-29 12:38
Z0039,2026-06-29 12:40
Z0218,2026-06-29 12:40
Z0505,2026-06-29 12:41
Z0826,2026-06-29 12:50
Z0761,2026-06-29 12:52
Z0457,2026-06-29 12:53
Z0034,2026-06-29 12:55
Z0090,2026-06-29 12:58
Z0299,2026-06-29 12:59
Z0227,2026-06-29 13:01
Z0268,2026-06-29 13:01
Z0321,2026-06-29 13:02
Z0011,2026-06-29 13:05
Z0021,2026-06-29 13:08
Z0625,2026-06-29 13:13
Z0837,2026-06-29 13:16
Z0786,2026-06-29 13:19
Z0832,2026-06-29 13:19
Z0777,2026-06-29 13:20
Z0491,2026-06-29 13:22
Z0197,2026-06-29 13:25
Z0171,2026-06-29 13:29
Z0199,2026-06-29 13:31
Z0833,2026-06-29 13:32
Z0350,2026-06-29 13:33
Z0448,2026-06-29 13:33
Z0411,2026-06-29 13:34
Z0240,2026-06-29 13:36
Z0007,2026-06-29 13:39
Z0187,2026-06-29 13:49
Z0370,2026-06-29 13:50
Z0135,2026-06-29 13:53
Z0119,2026-06-29 13:54
Z0808,2026-06-29 13:57
Z0449,2026-06-29 13:59
Z0216,2026-06-29 17:04
Z0228,2026-06-29 17:07
Z0429,2026-06-29 17:08
Z0894,2026-06-29 17:09
Z0361,2026-06-29 17:13
Z0263,2026-06-29 17:14
Z0195,2026-06-29 17:18
Z0792,2026-06-29 17:18
Z0366,2026-06-29 17:26
Z0288,2026-06-29 17:28
Z0900,2026-06-29 17:31
Z0380,2026-06-29 17:40
Z0899,2026-06-29 17:41
Z0178,2026-06-29 17:44
Z0105,2026-06-29 17:46
Z0053,2026-06-29 17:50
Z0072,2026-06-29 17:52
Z0219,2026-06-29 17:59
Z0371,2026-06-29 18:01
Z0800,2026-06-29 18:01
Z0813,2026-06-29 18:02
Z0552,2026-06-29 18:03
Z0816,2026-06-29 18:03
Z0578,2026-06-29 18:04
Z0521,2026-06-29 18:07
Z0163,2026-06-29 18:08
Z0386,2026-06-29 18:09
Z0757,2026-06-29 18:10
Z0006,2026-06-29 18:11
Z0222,2026-06-29 18:14
Z0760,2026-06-29 18:16
Z0083,2026-06-29 18:18
Z0167,2026-06-29 18:20
Z0834,2026-06-29 18:21
Z0133,2026-06-29 18:23
Z0523,2026-06-29 18:23
Z0554,2026-06-29 18:26
Z0140,2026-06-29 18:28
Z0015,2026-06-29 18:29
Z0264,2026-06-29 18:29
Z0325,2026-06-29 18:29
Z0126,2026-06-29 18:30
Z0057,2026-06-29 18:33
Z0131,2026-06-29 18:33
Z0257,2026-06-29 18:37
Z0066,2026-06-29 18:38
Z0302,2026-06-29 18:38
Z0276,2026-06-29 18:40
Z0272,2026-06-29 18:44
Z0897,2026-06-29 18:44
Z0406,2026-06-29 18:46
Z0051,2026-06-29 18:50
Z0079,2026-06-29 18:51
Z0334,2026-06-29 18:51
Z0159,2026-06-29 18:54
Z0204,2026-06-29 18:54
Z0277,2026-06-29 18:55
Z0147,2026-06-29 18:56
Z0860,2026-06-29 18:56
Z0168,2026-06-29 18:58
Z0823,2026-06-29 19:01
Z0485,2026-06-29 19:02
Z0234,2026-06-29 19:03
Z0265,2026-06-29 19:03
Z0851,2026-06-29 19:03
Z0408,2026-06-29 19:08
Z0049,2026-06-29 19:09
Z0389,2026-06-29 19:09
Z0269,2026-06-29 19:10
Z0081,2026-06-29 19:11
Z0190,2026-06-29 19:14
Z0283,2026-06-29 19:15
Z0207,2026-06-29 19:17
Z0824,2026-06-29 19:17
Z0364,2026-06-29 19:19
Z0158,2026-06-29 19:21
Z0087,2026-06-29 19:22
Z0830,2026-06-29 19:22
Z0500,2026-06-29 19:23
Z0314,2026-06-29 19:30
Z0608,2026-06-29 19:30
Z0033,2026-06-29 19:31
Z0213,2026-06-29 19:31
Z0327,2026-06-29 19:31
Z0803,2026-06-29 19:31
Z0231,2026-06-29 19:32
Z0125,2026-06-29 19:33
Z0074,2026-06-29 19:34
Z0332,2026-06-29 19:34
Z0520,2026-06-29 19:35
Z0646,2026-06-29 19:36
Z0377,2026-06-29 19:38
Z0775,2026-06-29 19:38
Z0142,2026-06-29 19:39
Z0313,2026-06-29 19:39
Z0479,2026-06-29 19:42
Z0600,2026-06-29 19:43
Z0440,2026-06-29 19:44
Z0102,2026-06-29 19:45
Z0300,2026-06-29 19:45
Z0420,2026-06-29 19:45
Z0565,2026-06-29 19:47
Z0596,2026-06-29 19:51
Z0571,2026-06-29 19:52
Z0170,2026-06-29 19:54
Z0284,2026-06-29 19:56
Z0306,2026-06-29 19:57
Z0200,2026-06-29 19:59
Z0522,2026-06-29 20:02
Z0099,2026-06-29 20:04
Z0809,2026-06-29 20:04
Z0841,2026-06-29 20:05
Z0183,2026-06-29 20:07
Z0250,2026-06-29 20:11
Z0769,2026-06-29 20:18
Z0217,2026-06-29 20:22
Z0134,2026-06-29 20:31
Z0674,2026-06-29 20:34
Z0016,2026-06-29 20:38
Z0765,2026-06-29 20:47
Z0101,2026-06-29 20:48
Z0225,2026-06-29 20:51
Z0404,2026-06-29 20:54
Z0419,2026-06-29 20:56
Z0413,2026-06-29 20:57
Z0857,2026-06-30 06:00
Z0487,2026-06-30 06:01
Z0417,2026-06-30 06:04
Z0794,2026-06-30 06:04
Z0144,2026-06-30 06:05
Z0035,2026-06-30 06:06
Z0107,2026-06-30 06:06
Z0256,2026-06-30 06:07
Z0113,2026-06-30 06:09
Z0145,2026-06-30 06:11
Z0767,2026-06-30 06:11
Z0801,2026-06-30 06:14
Z0782,2026-06-30 06:17
Z0255,2026-06-30 06:20
Z0212,2026-06-30 06:26
Z0312,2026-06-30 06:26
Z0330,2026-06-30 06:27
Z0291,2026-06-30 06:30
Z0381,2026-06-30 06:30
Z0308,2026-06-30 06:36
Z0310,2026-06-30 06:36
Z0032,2026-06-30 06:42
Z0042,2026-06-30 06:45
Z0129,2026-06-30 06:46
Z0228,2026-06-30 06:46
Z0302,2026-06-30 06:46
Z0099,2026-06-30 06:48
Z0802,2026-06-30 06:50
Z0309,2026-06-30 06:51
Z0382,2026-06-30 06:52
Z0046,2026-06-30 06:53
Z0159,2026-06-30 06:55
Z0313,2026-06-30 06:57
Z0504,2026-06-30 06:59
Z0262,2026-06-30 07:00
Z0282,2026-06-30 07:00
Z0143,2026-06-30 07:01
Z0868,2026-06-30 07:02
Z0128,2026-06-30 07:04
Z0378,2026-06-30 07:04
Z0521,2026-06-30 07:04
Z0377,2026-06-30 07:07
Z0176,2026-06-30 07:08
Z0068,2026-06-30 07:10
Z0288,2026-06-30 07:10
Z0080,2026-06-30 07:11
Z0167,2026-06-30 07:11
Z0448,2026-06-30 07:11
Z0900,2026-06-30 07:11
Z0056,2026-06-30 07:12
Z0075,2026-06-30 07:13
Z0110,2026-06-30 07:13
Z0420,2026-06-30 07:13
Z0611,2026-06-30 07:15
Z0551,2026-06-30 07:17
Z0325,2026-06-30 07:19
Z0243,2026-06-30 07:20
Z0269,2026-06-30 07:21
Z0205,2026-06-30 07:23
Z0154,2026-06-30 07:24
Z0455,2026-06-30 07:24
Z0326,2026-06-30 07:26
Z0791,2026-06-30 07:28
Z0825,2026-06-30 07:30
Z0060,2026-06-30 07:31
Z0803,2026-06-30 07:32
Z0069,2026-06-30 07:33
Z0434,2026-06-30 07:35
Z0409,2026-06-30 07:40
Z0783,2026-06-30 07:41
Z0443,2026-06-30 07:42
Z0599,2026-06-30 07:43
Z0202,2026-06-30 07:45
Z0155,2026-06-30 07:48
Z0847,2026-06-30 07:48
Z0849,2026-06-30 07:48
Z0237,2026-06-30 07:51
Z0015,2026-06-30 07:53
Z0508,2026-06-30 07:54
Z0153,2026-06-30 07:55
Z0166,2026-06-30 07:55
Z0193,2026-06-30 07:55
Z0768,2026-06-30 07:57
Z0779,2026-06-30 08:00
Z0244,2026-06-30 08:04
Z0582,2026-06-30 08:04
Z0838,2026-06-30 08:04
Z0407,2026-06-30 08:11
Z0178,2026-06-30 08:13
Z0552,2026-06-30 08:15
Z0215,2026-06-30 08:17
Z0071,2026-06-30 08:22
Z0114,2026-06-30 08:25
Z0484,2026-06-30 08:28
Z0027,2026-06-30 08:30
Z0041,2026-06-30 08:31
Z0351,2026-06-30 08:32
Z0030,2026-06-30 08:36
Z0790,2026-06-30 08:38
Z0290,2026-06-30 08:39
Z0204,2026-06-30 08:40
Z0418,2026-06-30 08:41
Z0483,2026-06-30 08:41
Z0303,2026-06-30 08:42
Z0315,2026-06-30 08:44
Z0843,2026-06-30 08:48
Z0112,2026-06-30 08:49
Z0438,2026-06-30 08:49
Z0226,2026-06-30 08:50
Z0234,2026-06-30 08:51
Z0058,2026-06-30 08:52
Z0347,2026-06-30 08:52
Z0028,2026-06-30 09:03
Z0814,2026-06-30 09:07
Z0156,2026-06-30 09:10
Z0184,2026-06-30 09:40
Z0893,2026-06-30 09:41
Z0077,2026-06-30 09:52
Z0758,2026-06-30 09:56
Z0359,2026-06-30 12:03
Z0770,2026-06-30 12:05
Z0064,2026-06-30 12:06
Z0115,2026-06-30 12:11
Z0797,2026-06-30 12:14
Z0192,2026-06-30 12:20
Z0284,2026-06-30 12:21
Z0433,2026-06-30 12:22
Z0172,2026-06-30 12:23
Z0197,2026-06-30 12:25
Z0221,2026-06-30 12:30
Z0805,2026-06-30 12:31
Z0800,2026-06-30 12:33
Z0267,2026-06-30 12:35
Z0335,2026-06-30 12:39
Z0499,2026-06-30 12:40
Z0336,2026-06-30 12:43
Z0405,2026-06-30 12:44
Z0862,2026-06-30 12:46
Z0230,2026-06-30 12:49
Z0510,2026-06-30 12:55
Z0019,2026-06-30 12:56
Z0324,2026-06-30 13:00
Z0485,2026-06-30 13:04
Z0168,2026-06-30 13:05
Z0789,2026-06-30 13:05
Z0524,2026-06-30 13:06
Z0098,2026-06-30 13:08
Z0277,2026-06-30 13:09
Z0008,2026-06-30 13:14
Z0775,2026-06-30 13:16
Z0082,2026-06-30 13:18
Z0121,2026-06-30 13:18
Z0423,2026-06-30 13:19
Z0831,2026-06-30 13:22
Z0089,2026-06-30 13:25
Z0408,2026-06-30 13:26
Z0280,2026-06-30 13:27
Z0395,2026-06-30 13:34
Z0036,2026-06-30 13:39
Z0225,2026-06-30 13:39
Z0488,2026-06-30 13:39
Z0097,2026-06-30 13:44
Z0323,2026-06-30 13:48
Z0346,2026-06-30 13:50
Z0020,2026-06-30 13:53
Z0854,2026-06-30 13:59
Z0853,2026-06-30 17:03
Z0249,2026-06-30 17:04
Z0463,2026-06-30 17:05
Z0414,2026-06-30 17:12
Z0773,2026-06-30 17:13
Z0397,2026-06-30 17:20
Z0175,2026-06-30 17:21
Z0023,2026-06-30 17:26
Z0824,2026-06-30 17:27
Z0158,2026-06-30 17:28
Z0170,2026-06-30 17:34
Z0072,2026-06-30 17:42
Z0142,2026-06-30 17:43
Z0231,2026-06-30 17:45
Z0763,2026-06-30 17:45
Z0785,2026-06-30 17:46
Z0152,2026-06-30 17:48
Z0332,2026-06-30 17:48
Z0086,2026-06-30 17:50
Z0105,2026-06-30 17:51
Z0577,2026-06-30 18:03
Z0091,2026-06-30 18:05
Z0054,2026-06-30 18:06
Z0136,2026-06-30 18:06
Z0865,2026-06-30 18:07
Z0022,2026-06-30 18:10
Z0811,2026-06-30 18:10
Z0311,2026-06-30 18:12
Z0297,2026-06-30 18:14
Z0094,2026-06-30 18:15
Z0140,2026-06-30 18:15
Z0542,2026-06-30 18:16
Z0124,2026-06-30 18:17
Z0177,2026-06-30 18:23
Z0361,2026-06-30 18:25
Z0289,2026-06-30 18:27
Z0634,2026-06-30 18:27
Z0765,2026-06-30 18:28
Z0045,2026-06-30 18:30
Z0163,2026-06-30 18:30
Z0447,2026-06-30 18:30
Z0792,2026-06-30 18:32
Z0123,2026-06-30 18:35
Z0052,2026-06-30 18:38
Z0057,2026-06-30 18:39
Z0626,2026-06-30 18:43
Z0130,2026-06-30 18:45
Z0010,2026-06-30 18:46
Z0116,2026-06-30 18:54
Z0273,2026-06-30 18:56
Z0321,2026-06-30 18:57
Z0055,2026-06-30 18:58
Z0025,2026-06-30 19:02
Z0285,2026-06-30 19:02
Z0339,2026-06-30 19:06
Z0365,2026-06-30 19:06
Z0446,2026-06-30 19:06
Z0855,2026-06-30 19:06
Z0104,2026-06-30 19:08
Z0134,2026-06-30 19:10
Z0149,2026-06-30 19:12
Z0798,2026-06-30 19:14
Z0633,2026-06-30 19:19
Z0103,2026-06-30 19:21
Z0033,2026-06-30 19:22
Z0343,2026-06-30 19:22
Z0502,2026-06-30 19:24
Z0609,2026-06-30 19:24
Z0317,2026-06-30 19:26
Z0804,2026-06-30 19:26
Z0084,2026-06-30 19:28
Z0823,2026-06-30 19:29
Z0238,2026-06-30 19:31
Z0475,2026-06-30 19:33
Z0383,2026-06-30 19:35
Z0654,2026-06-30 19:35
Z0292,2026-06-30 19:37
Z0386,2026-06-30 19:37
Z0164,2026-06-30 19:38
Z0229,2026-06-30 19:40
Z0864,2026-06-30 19:40
Z0490,2026-06-30 19:41
Z0895,2026-06-30 19:43
Z0088,2026-06-30 19:45
Z0337,2026-06-30 19:46
Z0247,2026-06-30 19:48
Z0254,2026-06-30 19:50
Z0472,2026-06-30 19:50
Z0222,2026-06-30 19:55
Z0216,2026-06-30 19:57
Z0316,2026-06-30 19:57
Z0512,2026-06-30 19:57
Z0835,2026-06-30 20:04
Z0031,2026-06-30 20:07
Z0815,2026-06-30 20:08
Z0138,2026-06-30 20:12
Z0275,2026-06-30 20:21
Z0220,2026-06-30 20:25
Z0171,2026-06-30 20:27
Z0892,2026-06-30 20:28
Z0305,2026-06-30 20:31
Z0841,2026-06-30 20:31
Z0059,2026-06-30 20:37
Z0101,2026-06-30 20:38
Z0299,2026-06-30 20:43
Z0232,2026-06-30 20:46
Z0771,2026-06-30 20:46
Z0067,2026-06-30 20:49
Z0492,2026-06-30 20:50
Z0265,2026-06-30 20:55
Z0466,2026-06-30 20:58
Z0272,2026-07-01 06:00
Z0837,2026-07-01 06:00
Z0150,2026-07-01 06:02
Z0453,2026-07-01 06:03
Z0326,2026-07-01 06:04
Z0323,2026-07-01 06:06
Z0216,2026-07-01 06:08
Z0381,2026-07-01 06:09
Z0390,2026-07-01 06:09
Z0300,2026-07-01 06:12
Z0202,2026-07-01 06:13
Z0319,2026-07-01 06:16
Z0838,2026-07-01 06:17
Z0194,2026-07-01 06:20
Z0829,2026-07-01 06:20
Z0010,2026-07-01 06:23
Z0466,2026-07-01 06:23
Z0060,2026-07-01 06:24
Z0341,2026-07-01 06:25
Z0255,2026-07-01 06:28
Z0051,2026-07-01 06:29
Z0243,2026-07-01 06:29
Z0874,2026-07-01 06:29
Z0005,2026-07-01 06:31
Z0155,2026-07-01 06:32
Z0043,2026-07-01 06:35
Z0078,2026-07-01 06:35
Z0165,2026-07-01 06:36
Z0138,2026-07-01 06:39
Z0330,2026-07-01 06:39
Z0813,2026-07-01 06:39
Z0251,2026-07-01 06:41
Z0084,2026-07-01 06:42
Z0614,2026-07-01 06:43
Z0443,2026-07-01 06:44
Z0360,2026-07-01 06:45
Z0197,2026-07-01 06:47
Z0510,2026-07-01 06:48
Z0298,2026-07-01 06:52
Z0294,2026-07-01 06:53
Z0850,2026-07-01 06:54
Z0259,2026-07-01 06:58
Z0365,2026-07-01 06:58
Z0307,2026-07-01 06:59
Z0476,2026-07-01 07:01
Z0315,2026-07-01 07:03
Z0861,2026-07-01 07:03
Z0119,2026-07-01 07:05
Z0140,2026-07-01 07:07
Z0339,2026-07-01 07:08
Z0496,2026-07-01 07:08
Z0289,2026-07-01 07:09
Z0132,2026-07-01 07:10
Z0012,2026-07-01 07:11
Z0282,2026-07-01 07:11
Z0162,2026-07-01 07:13
Z0024,2026-07-01 07:14
Z0079,2026-07-01 07:14
Z0241,2026-07-01 07:17
Z0068,2026-07-01 07:19
Z0263,2026-07-01 07:20
Z0195,2026-07-01 07:22
Z0033,2026-07-01 07:24
Z0486,2026-07-01 07:24
Z0760,2026-07-01 07:25
Z0004,2026-07-01 07:27
Z0032,2026-07-01 07:27
Z0269,2026-07-01 07:27
Z0117,2026-07-01 07:28
Z0244,2026-07-01 07:28
Z0053,2026-07-01 07:29
Z0214,2026-07-01 07:31
Z0429,2026-07-01 07:31
Z0807,2026-07-01 07:32
Z0040,2026-07-01 07:33
Z0248,2026-07-01 07:34
Z0445,2026-07-01 07:34
Z0779,2026-07-01 07:34
Z0176,2026-07-01 07:36
Z0184,2026-07-01 07:36
Z0198,2026-07-01 07:41
Z0817,2026-07-01 07:41
Z0025,2026-07-01 07:42
Z0358,2026-07-01 07:42
Z0394,2026-07-01 07:42
Z0264,2026-07-01 07:43
Z0226,2026-07-01 07:44
Z0101,2026-07-01 07:45
Z0495,2026-07-01 07:47
Z0625,2026-07-01 07:49
Z0498,2026-07-01 07:53
Z0026,2026-07-01 07:54
Z0098,2026-07-01 07:54
Z0274,2026-07-01 07:54
Z0041,2026-07-01 07:55
Z0257,2026-07-01 07:57
Z0151,2026-07-01 07:59
Z0844,2026-07-01 08:03
Z0322,2026-07-01 08:05
Z0825,2026-07-01 08:08
Z0160,2026-07-01 08:09
Z0239,2026-07-01 08:09
Z0594,2026-07-01 08:09
Z0373,2026-07-01 08:12
Z0340,2026-07-01 08:13
Z0492,2026-07-01 08:13
Z0493,2026-07-01 08:13
Z0506,2026-07-01 08:15
Z0595,2026-07-01 08:16
Z0211,2026-07-01 08:19
Z0612,2026-07-01 08:19
Z0107,2026-07-01 08:20
Z0477,2026-07-01 08:26
Z0821,2026-07-01 08:31
Z0046,2026-07-01 08:32
Z0490,2026-07-01 08:32
Z0270,2026-07-01 08:40
Z0156,2026-07-01 08:41
Z0860,2026-07-01 08:42
Z0237,2026-07-01 08:47
Z0539,2026-07-01 08:49
Z0328,2026-07-01 08:57
Z0570,2026-07-01 08:59
Z0780,2026-07-01 09:13
Z0781,2026-07-01 09:20
Z0063,2026-07-01 09:33
Z0320,2026-07-01 09:39
Z0857,2026-07-01 09:40
Z0256,2026-07-01 09:51
Z0110,2026-07-01 09:54
Z0144,2026-07-01 09:56
Z0185,2026-07-01 12:00
Z0385,2026-07-01 12:01
Z0822,2026-07-01 12:02
Z0547,2026-07-01 12:04
Z0191,2026-07-01 12:05
Z0465,2026-07-01 12:14
Z0288,2026-07-01 12:15
Z0223,2026-07-01 12:20
Z0802,2026-07-01 12:23
Z0354,2026-07-01 12:26
Z0601,2026-07-01 12:38
Z0804,2026-07-01 12:39
Z0864,2026-07-01 12:39
Z0768,2026-07-01 12:46
Z0314,2026-07-01 12:48
Z0762,2026-07-01 12:48
Z0278,2026-07-01 12:50
Z0828,2026-07-01 12:53
Z0532,2026-07-01 12:55
Z0207,2026-07-01 13:10
Z0293,2026-07-01 13:10
Z0281,2026-07-01 13:13
Z0896,2026-07-01 13:17
Z0133,2026-07-01 13:18
Z0105,2026-07-01 13:20
Z0102,2026-07-01 13:23
Z0808,2026-07-01 13:23
Z0111,2026-07-01 13:24
Z0095,2026-07-01 13:28
Z0835,2026-07-01 13:37
Z0228,2026-07-01 13:42
Z0280,2026-07-01 13:54
Z0115,2026-07-01 13:55
Z0217,2026-07-01 13:56
Z0529,2026-07-01 17:00
Z0131,2026-07-01 17:03
Z0171,2026-07-01 17:05
Z0380,2026-07-01 17:07
Z0008,2026-07-01 17:10
Z0017,2026-07-01 17:16
Z0137,2026-07-01 17:16
Z0305,2026-07-01 17:16
Z0437,2026-07-01 17:18
Z0761,2026-07-01 17:23
Z0870,2026-07-01 17:23
Z0398,2026-07-01 17:26
Z0534,2026-07-01 17:30
Z0787,2026-07-01 17:31
Z0463,2026-07-01 17:34
Z0125,2026-07-01 17:35
Z0409,2026-07-01 17:37
Z0062,2026-07-01 17:40
Z0851,2026-07-01 17:40
Z0297,2026-07-01 17:45
Z0186,2026-07-01 17:47
Z0146,2026-07-01 17:49
Z0892,2026-07-01 17:54
Z0159,2026-07-01 17:59
Z0085,2026-07-01 18:00
Z0148,2026-07-01 18:00
Z0234,2026-07-01 18:03
Z0471,2026-07-01 18:03
Z0771,2026-07-01 18:04
Z0193,2026-07-01 18:05
Z0287,2026-07-01 18:06
Z0213,2026-07-01 18:07
Z0230,2026-07-01 18:09
Z0395,2026-07-01 18:09
Z0065,2026-07-01 18:10
Z0253,2026-07-01 18:10
Z0299,2026-07-01 18:10
Z0820,2026-07-01 18:10
Z0797,2026-07-01 18:11
Z0015,2026-07-01 18:14
Z0371,2026-07-01 18:14
Z0795,2026-07-01 18:15
Z0200,2026-07-01 18:16
Z0405,2026-07-01 18:17
Z0123,2026-07-01 18:18
Z0302,2026-07-01 18:19
Z0617,2026-07-01 18:19
Z0222,2026-07-01 18:20
Z0038,2026-07-01 18:22
Z0376,2026-07-01 18:24
Z0089,2026-07-01 18:25
Z0796,2026-07-01 18:26
Z0318,2026-07-01 18:27
Z0172,2026-07-01 18:29
Z0201,2026-07-01 18:29
Z0285,2026-07-01 18:29
Z0100,2026-07-01 18:30
Z0292,2026-07-01 18:30
Z0074,2026-07-01 18:33
Z0403,2026-07-01 18:34
Z0757,2026-07-01 18:34
Z0805,2026-07-01 18:39
Z0296,2026-07-01 18:42
Z0163,2026-07-01 18:43
Z0208,2026-07-01 18:43
Z0641,2026-07-01 18:44
Z0865,2026-07-01 18:46
Z0363,2026-07-01 18:47
Z0350,2026-07-01 18:48
Z0306,2026-07-01 18:50
Z0794,2026-07-01 18:50
Z0001,2026-07-01 18:52
Z0444,2026-07-01 18:52
Z0528,2026-07-01 18:53
Z0793,2026-07-01 18:53
Z0218,2026-07-01 18:54
Z0153,2026-07-01 18:55
Z0164,2026-07-01 18:55
Z0420,2026-07-01 18:55
Z0852,2026-07-01 18:58
Z0011,2026-07-01 18:59
Z0052,2026-07-01 18:59
Z0686,2026-07-01 18:59
Z0192,2026-07-01 19:00
Z0027,2026-07-01 19:01
Z0568,2026-07-01 19:04
Z0246,2026-07-01 19:10
Z0091,2026-07-01 19:11
Z0183,2026-07-01 19:12
Z0367,2026-07-01 19:12
Z0379,2026-07-01 19:13
Z0434,2026-07-01 19:13
Z0261,2026-07-01 19:14
Z0093,2026-07-01 19:15
Z0121,2026-07-01 19:17
Z0142,2026-07-01 19:19
Z0179,2026-07-01 19:22
Z0776,2026-07-01 19:22
Z0083,2026-07-01 19:23
Z0898,2026-07-01 19:23
Z0435,2026-07-01 19:26
Z0812,2026-07-01 19:28
Z0436,2026-07-01 19:31
Z0583,2026-07-01 19:31
Z0002,2026-07-01 19:33
Z0104,2026-07-01 19:33
Z0180,2026-07-01 19:34
Z0135,2026-07-01 19:37
Z0044,2026-07-01 19:38
Z0116,2026-07-01 19:38
Z0245,2026-07-01 19:38
Z0301,2026-07-01 19:38
Z0366,2026-07-01 19:38
Z0006,2026-07-01 19:40
Z0187,2026-07-01 19:41
Z0494,2026-07-01 19:43
Z0283,2026-07-01 19:44
Z0049,2026-07-01 19:49
Z0475,2026-07-01 19:56
Z0899,2026-07-01 19:56
Z0204,2026-07-01 19:57
Z0324,2026-07-01 19:57
Z0827,2026-07-01 20:10
Z0031,2026-07-01 20:13
Z0249,2026-07-01 20:16
Z0268,2026-07-01 20:17
Z0329,2026-07-01 20:17
Z0014,2026-07-01 20:21
Z0377,2026-07-01 20:26
Z0327,2026-07-01 20:30
Z0774,2026-07-01 20:35
Z0050,2026-07-01 20:39
Z0672,2026-07-01 20:44
Z0575,2026-07-01 20:48
Z0859,2026-07-01 20:53
Z0099,2026-07-01 20:55
Z0221,2026-07-01 20:56
Z0462,2026-07-01 20:58
Z0266,2026-07-02 06:00
Z0891,2026-07-02 06:02
Z0330,2026-07-02 06:03
Z0506,2026-07-02 06:03
Z0154,2026-07-02 06:04
Z0525,2026-07-02 06:06
Z0114,2026-07-02 06:16
Z0807,2026-07-02 06:23
Z0780,2026-07-02 06:26
Z0824,2026-07-02 06:26
Z0550,2026-07-02 06:29
Z0782,2026-07-02 06:29
Z0095,2026-07-02 06:31
Z0303,2026-07-02 06:34
Z0244,2026-07-02 06:35
Z0167,2026-07-02 06:37
Z0783,2026-07-02 06:37
Z0790,2026-07-02 06:38
Z0316,2026-07-02 06:40
Z0181,2026-07-02 06:43
Z0043,2026-07-02 06:44
Z0122,2026-07-02 06:44
Z0098,2026-07-02 06:46
Z0030,2026-07-02 06:47
Z0021,2026-07-02 06:48
Z0212,2026-07-02 06:50
Z0180,2026-07-02 06:51
Z0870,2026-07-02 06:54
Z0460,2026-07-02 06:56
Z0515,2026-07-02 06:59
Z0375,2026-07-02 07:00
Z0054,2026-07-02 07:01
Z0508,2026-07-02 07:01
Z0079,2026-07-02 07:03
Z0840,2026-07-02 07:03
Z0854,2026-07-02 07:03
Z0041,2026-07-02 07:04
Z0051,2026-07-02 07:04
Z0423,2026-07-02 07:04
Z0352,2026-07-02 07:07
Z0424,2026-07-02 07:08
Z0027,2026-07-02 07:10
Z0128,2026-07-02 07:10
Z0342,2026-07-02 07:10
Z0367,2026-07-02 07:10
Z0670,2026-07-02 07:10
Z0325,2026-07-02 07:12
Z0454,2026-07-02 07:14
Z0589,2026-07-02 07:14
Z0219,2026-07-02 07:15
Z0326,2026-07-02 07:15
Z0580,2026-07-02 07:15
Z0764,2026-07-02 07:15
Z0254,2026-07-02 07:17
Z0155,2026-07-02 07:19
Z0622,2026-07-02 07:19
Z0331,2026-07-02 07:20
Z0323,2026-07-02 07:22
Z0531,2026-07-02 07:24
Z0319,2026-07-02 07:25
Z0142,2026-07-02 07:26
Z0416,2026-07-02 07:26
Z0341,2026-07-02 07:27
Z0442,2026-07-02 07:27
Z0076,2026-07-02 07:28
Z0160,2026-07-02 07:28
Z0235,2026-07-02 07:28
Z0844,2026-07-02 07:28
Z0810,2026-07-02 07:30
Z0788,2026-07-02 07:31
Z0504,2026-07-02 07:33
Z0320,2026-07-02 07:34
Z0894,2026-07-02 07:34
Z0900,2026-07-02 07:36
Z0774,2026-07-02 07:39
Z0073,2026-07-02 07:40
Z0259,2026-07-02 07:40
Z0080,2026-07-02 07:41
Z0767,2026-07-02 07:41
Z0210,2026-07-02 07:42
Z0519,2026-07-02 07:43
Z0835,2026-07-02 07:44
Z0135,2026-07-02 07:45
Z0798,2026-07-02 07:45
Z0075,2026-07-02 07:47
Z0196,2026-07-02 07:47
Z0505,2026-07-02 07:47
Z0522,2026-07-02 07:47
Z0684,2026-07-02 07:47
Z0025,2026-07-02 07:48
Z0300,2026-07-02 07:48
Z0344,2026-07-02 07:48
Z0262,2026-07-02 07:50
Z0023,2026-07-02 07:51
Z0013,2026-07-02 07:53
Z0471,2026-07-02 07:53
Z0855,2026-07-02 07:54
Z0118,2026-07-02 07:56
Z0474,2026-07-02 07:56
Z0220,2026-07-02 07:57
Z0226,2026-07-02 07:58
Z0295,2026-07-02 07:58
Z0666,2026-07-02 07:58
Z0781,2026-07-02 07:58
Z0165,2026-07-02 07:59
Z0205,2026-07-02 07:59
Z0060,2026-07-02 08:00
Z0241,2026-07-02 08:08
Z0029,2026-07-02 08:09
Z0231,2026-07-02 08:13
Z0264,2026-07-02 08:14
Z0349,2026-07-02 08:20
Z0779,2026-07-02 08:22
Z0847,2026-07-02 08:22
Z0032,2026-07-02 08:23
Z0353,2026-07-02 08:25
Z0897,2026-07-02 08:25
Z0340,2026-07-02 08:27
Z0068,2026-07-02 08:28
Z0056,2026-07-02 08:29
Z0510,2026-07-02 08:29
Z0112,2026-07-02 08:30
Z0292,2026-07-02 08:32
Z0756,2026-07-02 08:36
Z0814,2026-07-02 08:37
Z0194,2026-07-02 08:38
Z0007,2026-07-02 08:40
Z0842,2026-07-02 08:40
Z0501,2026-07-02 08:41
Z0327,2026-07-02 08:42
Z0050,2026-07-02 08:43
Z0062,2026-07-02 08:43
Z0579,2026-07-02 08:47
Z0610,2026-07-02 08:54
Z0161,2026-07-02 08:55
Z0203,2026-07-02 08:59
Z0028,2026-07-02 09:01
Z0256,2026-07-02 09:02
Z0156,2026-07-02 09:03
Z0063,2026-07-02 09:06
Z0381,2026-07-02 09:39
Z0294,2026-07-02 09:57
Z0252,2026-07-02 12:07
Z0544,2026-07-02 12:12
Z0193,2026-07-02 12:14
Z0084,2026-07-02 12:15
Z0261,2026-07-02 12:15
Z0578,2026-07-02 12:18
Z0149,2026-07-02 12:35
Z0008,2026-07-02 12:37
Z0778,2026-07-02 12:37
Z0459,2026-07-02 12:42
Z0281,2026-07-02 12:45
Z0830,2026-07-02 12:47
Z0287,2026-07-02 12:50
Z0833,2026-07-02 12:50
Z0151,2026-07-02 12:54
Z0828,2026-07-02 13:03
Z0786,2026-07-02 13:06
Z0189,2026-07-02 13:13
Z0425,2026-07-02 13:13
Z0074,2026-07-02 13:20
Z0172,2026-07-02 13:20
Z0228,2026-07-02 13:20
Z0763,2026-07-02 13:21
Z0426,2026-07-02 13:24
Z0067,2026-07-02 13:25
Z0478,2026-07-02 13:29
Z0224,2026-07-02 13:35
Z0377,2026-07-02 13:36
Z0186,2026-07-02 13:38
Z0064,2026-07-02 13:41
Z0487,2026-07-02 13:46
Z0297,2026-07-02 13:49
Z0313,2026-07-02 13:50
Z0191,2026-07-02 17:06
Z0213,2026-07-02 17:09
Z0789,2026-07-02 17:09
Z0356,2026-07-02 17:12
Z0400,2026-07-02 17:13
Z0126,2026-07-02 17:19
Z0200,2026-07-02 17:19
Z0656,2026-07-02 17:19
Z0170,2026-07-02 17:20
Z0137,2026-07-02 17:21
Z0133,2026-07-02 17:22
Z0812,2026-07-02 17:27
Z0173,2026-07-02 17:28
Z0214,2026-07-02 17:29
Z0315,2026-07-02 17:31
Z0793,2026-07-02 17:32
Z0072,2026-07-02 17:34
Z0239,2026-07-02 17:34
Z0148,2026-07-02 17:35
Z0175,2026-07-02 17:39
Z0188,2026-07-02 17:41
Z0385,2026-07-02 17:45
Z0187,2026-07-02 17:46
Z0452,2026-07-02 17:46
Z0009,2026-07-02 17:48
Z0020,2026-07-02 17:48
Z0198,2026-07-02 17:50
Z0018,2026-07-02 17:52
Z0250,2026-07-02 17:53
Z0384,2026-07-02 17:55
Z0819,2026-07-02 17:56
Z0273,2026-07-02 17:59
Z0152,2026-07-02 18:04
Z0451,2026-07-02 18:04
Z0242,2026-07-02 18:06
Z0268,2026-07-02 18:07
Z0858,2026-07-02 18:08
Z0389,2026-07-02 18:09
Z0845,2026-07-02 18:09
Z0777,2026-07-02 18:13
Z0217,2026-07-02 18:17
Z0439,2026-07-02 18:17
Z0314,2026-07-02 18:19
Z0434,2026-07-02 18:20
Z0862,2026-07-02 18:20
Z0849,2026-07-02 18:22
Z0272,2026-07-02 18:23
Z0473,2026-07-02 18:23
Z0836,2026-07-02 18:24
Z0230,2026-07-02 18:25
Z0321,2026-07-02 18:26
Z0620,2026-07-02 18:27
Z0139,2026-07-02 18:28
Z0209,2026-07-02 18:28
Z0863,2026-07-02 18:31
Z0229,2026-07-02 18:32
Z0415,2026-07-02 18:33
Z0869,2026-07-02 18:38
Z0016,2026-07-02 18:39
Z0201,2026-07-02 18:39
Z0412,2026-07-02 18:39
Z0127,2026-07-02 18:41
Z0277,2026-07-02 18:41
Z0286,2026-07-02 18:41
Z0776,2026-07-02 18:43
Z0138,2026-07-02 18:44
Z0048,2026-07-02 18:45
Z0449,2026-07-02 18:46
Z0797,2026-07-02 18:46
Z0305,2026-07-02 18:48
Z0039,2026-07-02 18:49
Z0467,2026-07-02 18:51
Z0572,2026-07-02 18:52
Z0822,2026-07-02 18:53
Z0494,2026-07-02 18:55
Z0036,2026-07-02 18:56
Z0100,2026-07-02 18:56
Z0236,2026-07-02 18:56
Z0815,2026-07-02 18:56
Z0092,2026-07-02 18:58
Z0432,2026-07-02 18:58
Z0038,2026-07-02 18:59
Z0141,2026-07-02 19:04
Z0162,2026-07-02 19:04
Z0082,2026-07-02 19:08
Z0796,2026-07-02 19:09
Z0182,2026-07-02 19:10
Z0450,2026-07-02 19:10
Z0108,2026-07-02 19:11
Z0343,2026-07-02 19:12
Z0159,2026-07-02 19:13
Z0059,2026-07-02 19:14
Z0238,2026-07-02 19:16
Z0769,2026-07-02 19:17
Z0853,2026-07-02 19:17
Z0398,2026-07-02 19:18
Z0002,2026-07-02 19:20
Z0103,2026-07-02 19:24
Z0271,2026-07-02 19:28
Z0392,2026-07-02 19:30
Z0324,2026-07-02 19:31
Z0017,2026-07-02 19:33
Z0247,2026-07-02 19:33
Z0470,2026-07-02 19:33
Z0507,2026-07-02 19:39
Z0010,2026-07-02 19:41
Z0430,2026-07-02 19:42
Z0850,2026-07-02 19:42
Z0573,2026-07-02 19:43
Z0289,2026-07-02 19:44
Z0031,2026-07-02 19:45
Z0093,2026-07-02 19:45
Z0111,2026-07-02 19:45
Z0248,2026-07-02 19:45
Z0480,2026-07-02 19:45
Z0809,2026-07-02 19:45
Z0026,2026-07-02 19:48
Z0168,2026-07-02 19:48
Z0856,2026-07-02 19:49
Z0047,2026-07-02 19:55
Z0446,2026-07-02 19:56
Z0785,2026-07-02 19:57
Z0109,2026-07-02 20:06
Z0177,2026-07-02 20:06
Z0615,2026-07-02 20:06
Z0864,2026-07-02 20:09
Z0762,2026-07-02 20:18
Z0169,2026-07-02 20:23
Z0049,2026-07-02 20:26
Z0143,2026-07-02 20:26
Z0071,2026-07-02 20:28
Z0293,2026-07-02 20:29
Z0784,2026-07-02 20:30
Z0106,2026-07-02 20:41
Z0207,2026-07-02 20:46
Z0859,2026-07-02 20:48
Z0276,2026-07-02 20:49
Z0481,2026-07-02 20:49
Z0283,2026-07-02 20:51
Z0795,2026-07-02 20:53
Z0376,2026-07-02 20:56
Z0477,2026-07-02 20:56
Z0096,2026-07-03 06:01
Z0851,2026-07-03 06:01
Z0473,2026-07-03 06:02
Z0074,2026-07-03 06:03
Z0238,2026-07-03 06:04
Z0426,2026-07-03 06:04
Z0525,2026-07-03 06:04
Z0016,2026-07-03 06:05
Z0115,2026-07-03 06:05
Z0639,2026-07-03 06:09
Z0150,2026-07-03 06:14
Z0201,2026-07-03 06:15
Z0471,2026-07-03 06:16
Z0801,2026-07-03 06:16
Z0028,2026-07-03 06:21
Z0225,2026-07-03 06:25
Z0369,2026-07-03 06:26
Z0837,2026-07-03 06:29
Z0217,2026-07-03 06:31
Z0531,2026-07-03 06:31
Z0765,2026-07-03 06:31
Z0060,2026-07-03 06:32
Z0408,2026-07-03 06:35
Z0600,2026-07-03 06:40
Z0652,2026-07-03 06:40
Z0005,2026-07-03 06:41
Z0063,2026-07-03 06:41
Z0454,2026-07-03 06:41
Z0861,2026-07-03 06:43
Z0117,2026-07-03 06:47
Z0519,2026-07-03 06:53
Z0897,2026-07-03 07:00
Z0104,2026-07-03 07:01
Z0048,2026-07-03 07:02
Z0275,2026-07-03 07:02
Z0757,2026-07-03 07:04
Z0527,2026-07-03 07:05
Z0158,2026-07-03 07:07
Z0204,2026-07-03 07:07
Z0780,2026-07-03 07:07
Z0185,2026-07-03 07:08
Z0427,2026-07-03 07:08
Z0044,2026-07-03 07:09
Z0762,2026-07-03 07:09
Z0137,2026-07-03 07:11
Z0333,2026-07-03 07:11
Z0112,2026-07-03 07:12
Z0199,2026-07-03 07:12
Z0149,2026-07-03 07:13
Z0279,2026-07-03 07:13
Z0834,2026-07-03 07:13
Z0146,2026-07-03 07:14
Z0814,2026-07-03 07:14
Z0791,2026-07-03 07:15
Z0205,2026-07-03 07:16
Z0798,2026-07-03 07:18
Z0848,2026-07-03 07:18
Z0495,2026-07-03 07:19
Z0274,2026-07-03 07:20
Z0070,2026-07-03 07:22
Z0098,2026-07-03 07:22
Z0254,2026-07-03 07:22
Z0121,2026-07-03 07:23
Z0066,2026-07-03 07:24
Z0251,2026-07-03 07:25
Z0022,2026-07-03 07:26
Z0081,2026-07-03 07:27
Z0212,2026-07-03 07:27
Z0773,2026-07-03 07:29
Z0024,2026-07-03 07:30
Z0467,2026-07-03 07:31
Z0296,2026-07-03 07:32
Z0033,2026-07-03 07:35
Z0405,2026-07-03 07:36
Z0040,2026-07-03 07:40
Z0100,2026-07-03 07:40
Z0895,2026-07-03 07:40
Z0260,2026-07-03 07:41
Z0252,2026-07-03 07:43
Z0186,2026-07-03 07:44
Z0069,2026-07-03 07:45
Z0160,2026-07-03 07:45
Z0384,2026-07-03 07:46
Z0632,2026-07-03 07:46
Z0758,2026-07-03 07:48
Z0270,2026-07-03 07:49
Z0829,2026-07-03 07:50
Z0348,2026-07-03 07:52
Z0102,2026-07-03 07:53
Z0059,2026-07-03 07:56
Z0338,2026-07-03 07:58
Z0664,2026-07-03 07:58
Z0785,2026-07-03 07:59
Z0857,2026-07-03 07:59
Z0179,2026-07-03 08:01
Z0644,2026-07-03 08:03
Z0352,2026-07-03 08:04
Z0816,2026-07-03 08:09
Z0783,2026-07-03 08:12
Z0787,2026-07-03 08:16
Z0169,2026-07-03 08:21
Z0410,2026-07-03 08:21
Z0856,2026-07-03 08:22
Z0041,2026-07-03 08:28
Z0562,2026-07-03 08:32
Z0157,2026-07-03 08:35
Z0219,2026-07-03 08:36
Z0560,2026-07-03 08:36
Z0281,2026-07-03 08:40
Z0308,2026-07-03 08:42
Z0842,2026-07-03 08:46
Z0142,2026-07-03 08:48
Z0310,2026-07-03 08:48
Z0259,2026-07-03 08:49
Z0493,2026-07-03 08:49
Z0188,2026-07-03 08:51
Z0037,2026-07-03 08:52
Z0114,2026-07-03 08:59
Z0396,2026-07-03 09:00
Z0844,2026-07-03 09:08
Z0110,2026-07-03 09:17
Z0056,2026-07-03 09:19
Z0255,2026-07-03 09:46
Z0503,2026-07-03 09:52
Z0010,2026-07-03 12:04
Z0287,2026-07-03 12:08
Z0808,2026-07-03 12:10
Z0340,2026-07-03 12:13
Z0437,2026-07-03 12:14
Z0018,2026-07-03 12:16
Z0271,2026-07-03 12:18
Z0220,2026-07-03 12:19
Z0282,2026-07-03 12:19
Z0900,2026-07-03 12:22
Z0606,2026-07-03 12:23
Z0478,2026-07-03 12:25
Z0824,2026-07-03 12:29
Z0034,2026-07-03 12:30
Z0120,2026-07-03 12:32
Z0099,2026-07-03 12:34
Z0240,2026-07-03 12:38
Z0392,2026-07-03 12:48
Z0312,2026-07-03 12:51
Z0245,2026-07-03 12:52
Z0862,2026-07-03 12:53
Z0290,2026-07-03 12:54
Z0088,2026-07-03 13:03
Z0023,2026-07-03 13:07
Z0850,2026-07-03 13:09
Z0533,2026-07-03 13:10
Z0638,2026-07-03 13:11
Z0898,2026-07-03 13:11
Z0416,2026-07-03 13:15
Z0119,2026-07-03 13:18
Z0083,2026-07-03 13:19
Z0489,2026-07-03 13:19
Z0134,2026-07-03 13:21
Z0621,2026-07-03 13:24
Z0026,2026-07-03 13:42
Z0561,2026-07-03 13:45
Z0432,2026-07-03 13:47
Z0231,2026-07-03 13:54
Z0424,2026-07-03 13:55
Z0090,2026-07-03 13:58
Z0139,2026-07-03 17:04
Z0764,2026-07-03 17:04
Z0129,2026-07-03 17:05
Z0273,2026-07-03 17:05
Z0268,2026-07-03 17:08
Z0054,2026-07-03 17:10
Z0101,2026-07-03 17:13
Z0316,2026-07-03 17:19
Z0778,2026-07-03 17:22
Z0346,2026-07-03 17:24
Z0538,2026-07-03 17:29
Z0233,2026-07-03 17:32
Z0458,2026-07-03 17:32
Z0163,2026-07-03 17:33
Z0390,2026-07-03 17:35
Z0827,2026-07-03 17:37
Z0052,2026-07-03 17:45
Z0197,2026-07-03 17:49
Z0045,2026-07-03 18:00
Z0276,2026-07-03 18:00
Z0383,2026-07-03 18:00
Z0648,2026-07-03 18:00
Z0831,2026-07-03 18:01
Z0182,2026-07-03 18:07
Z0247,2026-07-03 18:07
Z0315,2026-07-03 18:07
Z0062,2026-07-03 18:08
Z0174,2026-07-03 18:12
Z0263,2026-07-03 18:14
Z0389,2026-07-03 18:14
Z0854,2026-07-03 18:17
Z0002,2026-07-03 18:18
Z0131,2026-07-03 18:19
Z0332,2026-07-03 18:21
Z0236,2026-07-03 18:23
Z0616,2026-07-03 18:26
Z0003,2026-07-03 18:27
Z0175,2026-07-03 18:28
Z0513,2026-07-03 18:32
Z0168,2026-07-03 18:33
Z0356,2026-07-03 18:33
Z0176,2026-07-03 18:34
Z0292,2026-07-03 18:34
Z0143,2026-07-03 18:38
Z0418,2026-07-03 18:42
Z0193,2026-07-03 18:43
Z0009,2026-07-03 18:47
Z0243,2026-07-03 18:48
Z0221,2026-07-03 18:49
Z0335,2026-07-03 18:52
Z0118,2026-07-03 18:53
Z0127,2026-07-03 18:53
Z0082,2026-07-03 18:56
Z0896,2026-07-03 18:57
Z0029,2026-07-03 18:59
Z0191,2026-07-03 18:59
Z0162,2026-07-03 19:02
Z0502,2026-07-03 19:04
Z0171,2026-07-03 19:05
Z0429,2026-07-03 19:07
Z0285,2026-07-03 19:10
Z0147,2026-07-03 19:13
Z0805,2026-07-03 19:17
Z0223,2026-07-03 19:18
Z0413,2026-07-03 19:19
Z0813,2026-07-03 19:19
Z0812,2026-07-03 19:22
Z0775,2026-07-03 19:24
Z0845,2026-07-03 19:25
Z0803,2026-07-03 19:28
Z0841,2026-07-03 19:28
Z0846,2026-07-03 19:28
Z0085,2026-07-03 19:30
Z0304,2026-07-03 19:30
Z0847,2026-07-03 19:31
Z0019,2026-07-03 19:32
Z0086,2026-07-03 19:33
Z0323,2026-07-03 19:33
Z0152,2026-07-03 19:35
Z0299,2026-07-03 19:36
Z0317,2026-07-03 19:36
Z0457,2026-07-03 19:41
Z0265,2026-07-03 19:47
Z0095,2026-07-03 19:51
Z0301,2026-07-03 19:51
Z0499,2026-07-03 19:51
Z0548,2026-07-03 19:51
Z0293,2026-07-03 19:54
Z0772,2026-07-03 19:54
Z0148,2026-07-03 19:56
Z0227,2026-07-03 19:56
Z0318,2026-07-03 19:57
Z0605,2026-07-03 19:57
Z0050,2026-07-03 19:59
Z0108,2026-07-03 19:59
Z0766,2026-07-03 20:03
Z0819,2026-07-03 20:03
Z0564,2026-07-03 20:07
Z0209,2026-07-03 20:12
Z0130,2026-07-03 20:18
Z0061,2026-07-03 20:20
Z0198,2026-07-03 20:22
Z0207,2026-07-03 20:23
Z0087,2026-07-03 20:25
Z0484,2026-07-03 20:30
Z0534,2026-07-03 20:31
Z0224,2026-07-03 20:34
Z0283,2026-07-03 20:34
Z0863,2026-07-03 20:36
Z0072,2026-07-03 20:37
Z0799,2026-07-03 20:39
Z0546,2026-07-03 20:40
Z0094,2026-07-03 20:42
Z0456,2026-07-03 20:45
Z0486,2026-07-03 20:45
Z0012,2026-07-03 20:50
Z0267,2026-07-03 20:52
Z0865,2026-07-03 20:52
Z0839,2026-07-03 20:55
Z0081,2026-07-04 06:00
Z0607,2026-07-04 06:00
Z0068,2026-07-04 06:01
Z0475,2026-07-04 06:01
Z0401,2026-07-04 06:04
Z0077,2026-07-04 06:05
Z0090,2026-07-04 06:05
Z0307,2026-07-04 06:07
Z0604,2026-07-04 06:08
Z0071,2026-07-04 06:14
Z0025,2026-07-04 06:17
Z0319,2026-07-04 06:20
Z0260,2026-07-04 06:22
Z0092,2026-07-04 06:23
Z0063,2026-07-04 06:25
Z0291,2026-07-04 06:25
Z0391,2026-07-04 06:25
Z0853,2026-07-04 06:25
Z0456,2026-07-04 06:26
Z0209,2026-07-04 06:28
Z0581,2026-07-04 06:29
Z0394,2026-07-04 06:30
Z0483,2026-07-04 06:37
Z0019,2026-07-04 06:38
Z0024,2026-07-04 06:38
Z0761,2026-07-04 06:38
Z0030,2026-07-04 06:40
Z0004,2026-07-04 06:45
Z0097,2026-07-04 06:46
Z0518,2026-07-04 06:46
Z0311,2026-07-04 06:47
Z0506,2026-07-04 06:48
Z0444,2026-07-04 06:55
Z0085,2026-07-04 06:59
Z0174,2026-07-04 07:00
Z0538,2026-07-04 07:00
Z0860,2026-07-04 07:03
Z0868,2026-07-04 07:04
Z0799,2026-07-04 07:05
Z0103,2026-07-04 07:06
Z0205,2026-07-04 07:06
Z0629,2026-07-04 07:07
Z0079,2026-07-04 07:11
Z0166,2026-07-04 07:11
Z0275,2026-07-04 07:11
Z0040,2026-07-04 07:12
Z0177,2026-07-04 07:13
Z0396,2026-07-04 07:13
Z0131,2026-07-04 07:14
Z0789,2026-07-04 07:14
Z0764,2026-07-04 07:16
Z0766,2026-07-04 07:16
Z0173,2026-07-04 07:18
Z0393,2026-07-04 07:18
Z0476,2026-07-04 07:18
Z0246,2026-07-04 07:19
Z0573,2026-07-04 07:19
Z0536,2026-07-04 07:20
Z0009,2026-07-04 07:22
Z0421,2026-07-04 07:23
Z0276,2026-07-04 07:24
Z0294,2026-07-04 07:26
Z0419,2026-07-04 07:28
Z0298,2026-07-04 07:29
Z0762,2026-07-04 07:31
Z0203,2026-07-04 07:33
Z0793,2026-07-04 07:35
Z0106,2026-07-04 07:36
Z0157,2026-07-04 07:36
Z0358,2026-07-04 07:37
Z0468,2026-07-04 07:37
Z0165,2026-07-04 07:38
Z0756,2026-07-04 07:38
Z0222,2026-07-04 07:39
Z0245,2026-07-04 07:39
Z0309,2026-07-04 07:39
Z0065,2026-07-04 07:41
Z0132,2026-07-04 07:41
Z0354,2026-07-04 07:43
Z0836,2026-07-04 07:46
Z0416,2026-07-04 07:47
Z0189,2026-07-04 07:48
Z0833,2026-07-04 07:49
Z0035,2026-07-04 07:51
Z0842,2026-07-04 07:52
Z0182,2026-07-04 07:54
Z0293,2026-07-04 07:54
Z0252,2026-07-04 07:55
Z0417,2026-07-04 07:55
Z0109,2026-07-04 07:57
Z0308,2026-07-04 07:57
Z0349,2026-07-04 08:04
Z0278,2026-07-04 08:09
Z0061,2026-07-04 08:16
Z0141,2026-07-04 08:16
Z0122,2026-07-04 08:18
Z0223,2026-07-04 08:19
Z0787,2026-07-04 08:22
Z0321,2026-07-04 08:23
Z0295,2026-07-04 08:24
Z0362,2026-07-04 08:28
Z0152,2026-07-04 08:33
Z0032,2026-07-04 08:36
Z0129,2026-07-04 08:42
Z0357,2026-07-04 08:42
Z0439,2026-07-04 08:43
Z0154,2026-07-04 08:44
Z0255,2026-07-04 08:45
Z0431,2026-07-04 08:48
Z0838,2026-07-04 08:50
Z0365,2026-07-04 08:53
Z0817,2026-07-04 09:00
Z0235,2026-07-04 09:03
Z0042,2026-07-04 09:10
Z0160,2026-07-04 09:11
Z0210,2026-07-04 09:23
Z0266,2026-07-04 09:26
Z0310,2026-07-04 09:34
Z0110,2026-07-04 09:36
Z0320,2026-07-04 09:47
Z0514,2026-07-04 09:51
Z0069,2026-07-04 09:56
Z0645,2026-07-04 12:00
Z0840,2026-07-04 12:02
Z0145,2026-07-04 12:03
Z0811,2026-07-04 12:13
Z0003,2026-07-04 12:25
Z0662,2026-07-04 12:26
Z0029,2026-07-04 12:29
Z0206,2026-07-04 12:30
Z0034,2026-07-04 12:37
Z0124,2026-07-04 12:40
Z0613,2026-07-04 12:42
Z0763,2026-07-04 12:44
Z0270,2026-07-04 12:48
Z0348,2026-07-04 12:48
Z0191,2026-07-04 12:52
Z0167,2026-07-04 12:55
Z0632,2026-07-04 12:58
Z0027,2026-07-04 13:00
Z0636,2026-07-04 13:03
Z0023,2026-07-04 13:05
Z0545,2026-07-04 13:06
Z0510,2026-07-04 13:07
Z0513,2026-07-04 13:12
Z0123,2026-07-04 13:20
Z0197,2026-07-04 13:30
Z0216,2026-07-04 13:36
Z0130,2026-07-04 13:43
Z0375,2026-07-04 13:54
Z0462,2026-07-04 13:59
Z0594,2026-07-04 17:00
Z0314,2026-07-04 17:04
Z0771,2026-07-04 17:04
Z0379,2026-07-04 17:07
Z0818,2026-07-04 17:08
Z0016,2026-07-04 17:10
Z0364,2026-07-04 17:11
Z0142,2026-07-04 17:12
Z0164,2026-07-04 17:15
Z0218,2026-07-04 17:18
Z0490,2026-07-04 17:18
Z0369,2026-07-04 17:20
Z0178,2026-07-04 17:24
Z0898,2026-07-04 17:25
Z0650,2026-07-04 17:27
Z0479,2026-07-04 17:29
Z0185,2026-07-04 17:36
Z0226,2026-07-04 17:37
Z0139,2026-07-04 17:40
Z0459,2026-07-04 17:40
Z0351,2026-07-04 17:41
Z0628,2026-07-04 17:41
Z0058,2026-07-04 17:42
Z0236,2026-07-04 17:43
Z0017,2026-07-04 17:44
Z0480,2026-07-04 17:53
Z0541,2026-07-04 17:54
Z0569,2026-07-04 17:58
Z0225,2026-07-04 17:59
Z0067,2026-07-04 18:00
Z0832,2026-07-04 18:03
Z0048,2026-07-04 18:04
Z0176,2026-07-04 18:04
Z0824,2026-07-04 18:04
Z0285,2026-07-04 18:05
Z0620,2026-07-04 18:08
Z0446,2026-07-04 18:09
Z0524,2026-07-04 18:09
Z0196,2026-07-04 18:10
Z0039,2026-07-04 18:12
Z0051,2026-07-04 18:12
Z0760,2026-07-04 18:12
Z0378,2026-07-04 18:13
Z0859,2026-07-04 18:14
Z0535,2026-07-04 18:15
Z0057,2026-07-04 18:16
Z0590,2026-07-04 18:23
Z0846,2026-07-04 18:24
Z0044,2026-07-04 18:25
Z0772,2026-07-04 18:25
Z0037,2026-07-04 18:26
Z0086,2026-07-04 18:26
Z0151,2026-07-04 18:26
Z0036,2026-07-04 18:27
Z0200,2026-07-04 18:27
Z0073,2026-07-04 18:28
Z0790,2026-07-04 18:29
Z0779,2026-07-04 18:30
Z0146,2026-07-04 18:31
Z0258,2026-07-04 18:32
Z0440,2026-07-04 18:32
Z0455,2026-07-04 18:32
Z0558,2026-07-04 18:32
Z0287,2026-07-04 18:33
Z0190,2026-07-04 18:34
Z0231,2026-07-04 18:37
Z0826,2026-07-04 18:37
Z0280,2026-07-04 18:38
Z0441,2026-07-04 18:38
Z0242,2026-07-04 18:39
Z0248,2026-07-04 18:40
Z0796,2026-07-04 18:41
Z0292,2026-07-04 18:43
Z0240,2026-07-04 18:45
Z0795,2026-07-04 18:47
Z0892,2026-07-04 18:47
Z0018,2026-07-04 18:48
Z0374,2026-07-04 18:49
Z0770,2026-07-04 18:50
Z0784,2026-07-04 18:50
Z0155,2026-07-04 18:51
Z0315,2026-07-04 18:51
Z0064,2026-07-04 18:53
Z0894,2026-07-04 18:53
Z0325,2026-07-04 18:54
Z0192,2026-07-04 18:57
Z0473,2026-07-04 18:58
Z0234,2026-07-04 19:01
Z0230,2026-07-04 19:02
Z0424,2026-07-04 19:02
Z0007,2026-07-04 19:03
Z0046,2026-07-04 19:05
Z0078,2026-07-04 19:11
Z0091,2026-07-04 19:11
Z0105,2026-07-04 19:12
Z0284,2026-07-04 19:14
Z0341,2026-07-04 19:14
Z0345,2026-07-04 19:14
Z0507,2026-07-04 19:17
Z0224,2026-07-04 19:19
Z0084,2026-07-04 19:22
Z0100,2026-07-04 19:22
Z0188,2026-07-04 19:23
Z0082,2026-07-04 19:24
Z0220,2026-07-04 19:24
Z0013,2026-07-04 19:27
Z0183,2026-07-04 19:34
Z0324,2026-07-04 19:34
Z0147,2026-07-04 19:37
Z0337,2026-07-04 19:37
Z0127,2026-07-04 19:39
Z0768,2026-07-04 19:39
Z0038,2026-07-04 19:41
Z0006,2026-07-04 19:42
Z0442,2026-07-04 19:42
Z0137,2026-07-04 19:44
Z0642,2026-07-04 19:45
Z0289,2026-07-04 19:47
Z0769,2026-07-04 19:49
Z0120,2026-07-04 19:50
Z0089,2026-07-04 19:51
Z0618,2026-07-04 19:51
Z0512,2026-07-04 19:52
Z0596,2026-07-04 19:52
Z0630,2026-07-04 19:54
Z0809,2026-07-04 19:57
Z0116,2026-07-04 19:58
Z0187,2026-07-04 19:58
Z0149,2026-07-04 19:59
Z0229,2026-07-04 19:59
Z0344,2026-07-04 19:59
Z0511,2026-07-04 19:59
Z0088,2026-07-04 20:01
Z0819,2026-07-04 20:02
Z0692,2026-07-04 20:05
Z0250,2026-07-04 20:08
Z0290,2026-07-04 20:13
Z0033,2026-07-04 20:15
Z0820,2026-07-04 20:19
Z0150,2026-07-04 20:24
Z0253,2026-07-04 20:25
Z0055,2026-07-04 20:27
Z0478,2026-07-04 20:31
Z0277,2026-07-04 20:34
Z0303,2026-07-04 20:35
Z0161,2026-07-04 20:36
Z0059,2026-07-04 20:42
Z0316,2026-07-04 20:44
Z0425,2026-07-04 20:44
Z0015,2026-07-04 20:50
Z0215,2026-07-04 20:52
Z0822,2026-07-04 20:56
Z0304,2026-07-04 20:58
Z0248,2026-07-05 06:02
Z0210,2026-07-05 06:07
Z0373,2026-07-05 06:07
Z0021,2026-07-05 06:08
Z0342,2026-07-05 06:09
Z0443,2026-07-05 06:09
Z0020,2026-07-05 06:11
Z0281,2026-07-05 06:11
Z0107,2026-07-05 06:12
Z0132,2026-07-05 06:13
Z0157,2026-07-05 06:17
Z0262,2026-07-05 06:19
Z0856,2026-07-05 06:20
Z0495,2026-07-05 06:21
Z0047,2026-07-05 06:22
Z0310,2026-07-05 06:23
Z0013,2026-07-05 06:24
Z0244,2026-07-05 06:24
Z0206,2026-07-05 06:25
Z0309,2026-07-05 06:25
Z0815,2026-07-05 06:28
Z0278,2026-07-05 06:30
Z0806,2026-07-05 06:32
Z0009,2026-07-05 06:33
Z0075,2026-07-05 06:33
Z0272,2026-07-05 06:35
Z0585,2026-07-05 06:35
Z0113,2026-07-05 06:36
Z0453,2026-07-05 06:37
Z0491,2026-07-05 06:37
Z0307,2026-07-05 06:38
Z0080,2026-07-05 06:42
Z0789,2026-07-05 06:43
Z0893,2026-07-05 06:46
Z0308,2026-07-05 06:47
Z0548,2026-07-05 06:47
Z0761,2026-07-05 06:47
Z0368,2026-07-05 06:50
Z0299,2026-07-05 06:53
Z0437,2026-07-05 06:55
Z0034,2026-07-05 06:56
Z0805,2026-07-05 06:58
Z0847,2026-07-05 06:58
Z0189,2026-07-05 06:59
Z0396,2026-07-05 06:59
Z0574,2026-07-05 07:01
Z0843,2026-07-05 07:01
Z0124,2026-07-05 07:02
Z0208,2026-07-05 07:02
Z0241,2026-07-05 07:03
Z0056,2026-07-05 07:08
Z0658,2026-07-05 07:08
Z0005,2026-07-05 07:09
Z0505,2026-07-05 07:09
Z0619,2026-07-05 07:09
Z0857,2026-07-05 07:10
Z0061,2026-07-05 07:12
Z0246,2026-07-05 07:12
Z0077,2026-07-05 07:13
Z0896,2026-07-05 07:13
Z0146,2026-07-05 07:14
Z0381,2026-07-05 07:14
Z0085,2026-07-05 07:15
Z0331,2026-07-05 07:16
Z0110,2026-07-05 07:17
Z0240,2026-07-05 07:17
Z0895,2026-07-05 07:17
Z0040,2026-07-05 07:18
Z0173,2026-07-05 07:21
Z0252,2026-07-05 07:21
Z0258,2026-07-05 07:21
Z0879,2026-07-05 07:21
Z0833,2026-07-05 07:23
Z0274,2026-07-05 07:24
Z0282,2026-07-05 07:24
Z0603,2026-07-05 07:25
Z0759,2026-07-05 07:26
Z0199,2026-07-05 07:28
Z0410,2026-07-05 07:28
Z0153,2026-07-05 07:29
Z0112,2026-07-05 07:30
Z0236,2026-07-05 07:30
Z0832,2026-07-05 07:31
Z0019,2026-07-05 07:32
Z0129,2026-07-05 07:32
Z0514,2026-07-05 07:33
Z0094,2026-07-05 07:34
Z0678,2026-07-05 07:35
Z0007,2026-07-05 07:37
Z0823,2026-07-05 07:37
Z0319,2026-07-05 07:39
Z0870,2026-07-05 07:41
Z0037,2026-07-05 07:42
Z0347,2026-07-05 07:42
Z0563,2026-07-05 07:43
Z0001,2026-07-05 07:45
Z0235,2026-07-05 07:45
Z0249,2026-07-05 07:47
Z0204,2026-07-05 07:48
Z0101,2026-07-05 07:52
Z0446,2026-07-05 07:53
Z0435,2026-07-05 07:54
Z0503,2026-07-05 07:54
Z0004,2026-07-05 07:56
Z0145,2026-07-05 07:57
Z0253,2026-07-05 07:57
Z0406,2026-07-05 07:58
Z0031,2026-07-05 07:59
Z0296,2026-07-05 08:08
Z0770,2026-07-05 08:08
Z0266,2026-07-05 08:11
Z0797,2026-07-05 08:14
Z0547,2026-07-05 08:15
Z0444,2026-07-05 08:17
Z0397,2026-07-05 08:19
Z0168,2026-07-05 08:23
Z0202,2026-07-05 08:26
Z0070,2026-07-05 08:31
Z0095,2026-07-05 08:33
Z0211,2026-07-05 08:34
Z0556,2026-07-05 08:34
Z0431,2026-07-05 08:41
Z0093,2026-07-05 08:43
Z0676,2026-07-05 08:43
Z0251,2026-07-05 08:45
Z0387,2026-07-05 08:46
Z0898,2026-07-05 08:47
Z0357,2026-07-05 08:48
Z0760,2026-07-05 08:55
Z0117,2026-07-05 08:56
Z0477,2026-07-05 08:56
Z0513,2026-07-05 08:58
Z0114,2026-07-05 09:07
Z0260,2026-07-05 09:08
Z0874,2026-07-05 09:08
Z0043,2026-07-05 09:10
Z0360,2026-07-05 09:12
Z0482,2026-07-05 09:15
Z0844,2026-07-05 09:19
Z0326,2026-07-05 09:23
Z0069,2026-07-05 09:24
Z0891,2026-07-05 09:32
Z0184,2026-07-05 09:44
Z0868,2026-07-05 09:44
Z0780,2026-07-05 09:49
Z0694,2026-07-05 09:57
Z0800,2026-07-05 12:09
Z0311,2026-07-05 12:11
Z0818,2026-07-05 12:13
Z0261,2026-07-05 12:17
Z0033,2026-07-05 12:26
Z0301,2026-07-05 12:28
Z0438,2026-07-05 12:30
Z0566,2026-07-05 12:31
Z0121,2026-07-05 12:44
Z0120,2026-07-05 12:45
Z0127,2026-07-05 12:45
Z0195,2026-07-05 12:45
Z0463,2026-07-05 12:58
Z0290,2026-07-05 12:59
Z0106,2026-07-05 13:00
Z0351,2026-07-05 13:01
Z0267,2026-07-05 13:02
Z0404,2026-07-05 13:03
Z0055,2026-07-05 13:08
Z0223,2026-07-05 13:12
Z0826,2026-07-05 13:13
Z0250,2026-07-05 13:15
Z0098,2026-07-05 13:18
Z0158,2026-07-05 13:19
Z0118,2026-07-05 13:20
Z0859,2026-07-05 13:24
Z0229,2026-07-05 13:25
Z0549,2026-07-05 13:25
Z0422,2026-07-05 13:27
Z0213,2026-07-05 13:29
Z0027,2026-07-05 13:30
Z0196,2026-07-05 13:40
Z0450,2026-07-05 13:43
Z0126,2026-07-05 13:46
Z0515,2026-07-05 13:46
Z0516,2026-07-05 13:46
Z0180,2026-07-05 13:48
Z0536,2026-07-05 13:48
Z0017,2026-07-05 13:51
Z0192,2026-07-05 13:51
Z0218,2026-07-05 13:51
Z0858,2026-07-05 13:51
Z0188,2026-07-05 13:58
Z0448,2026-07-05 13:58
Z0190,2026-07-05 13:59
Z0103,2026-07-05 17:00
Z0894,2026-07-05 17:01
Z0586,2026-07-05 17:02
Z0623,2026-07-05 17:05
Z0785,2026-07-05 17:10
Z0803,2026-07-05 17:11
Z0045,2026-07-05 17:14
Z0119,2026-07-05 17:21
Z0774,2026-07-05 17:21
Z0790,2026-07-05 17:21
Z0053,2026-07-05 17:26
Z0175,2026-07-05 17:26
Z0212,2026-07-05 17:30
Z0232,2026-07-05 17:30
Z0329,2026-07-05 17:30
Z0018,2026-07-05 17:31
Z0148,2026-07-05 17:33
Z0471,2026-07-05 17:40
Z0338,2026-07-05 17:47
Z0122,2026-07-05 17:50
Z0194,2026-07-05 17:52
Z0682,2026-07-05 17:52
Z0577,2026-07-05 17:54
Z0243,2026-07-05 17:59
Z0224,2026-07-05 18:01
Z0111,2026-07-05 18:04
Z0181,2026-07-05 18:11
Z0388,2026-07-05 18:11
Z0839,2026-07-05 18:15
Z0865,2026-07-05 18:16
Z0091,2026-07-05 18:19
Z0233,2026-07-05 18:22
Z0141,2026-07-05 18:23
Z0306,2026-07-05 18:23
Z0451,2026-07-05 18:27
Z0553,2026-07-05 18:30
Z0860,2026-07-05 18:30
Z0090,2026-07-05 18:31
Z0010,2026-07-05 18:33
Z0170,2026-07-05 18:33
Z0328,2026-07-05 18:34
Z0228,2026-07-05 18:36
Z0827,2026-07-05 18:37
Z0003,2026-07-05 18:39
Z0372,2026-07-05 18:40
Z0766,2026-07-05 18:43
Z0286,2026-07-05 18:45
Z0447,2026-07-05 18:45
Z0143,2026-07-05 18:46
Z0481,2026-07-05 18:47
Z0313,2026-07-05 18:49
Z0179,2026-07-05 18:51
Z0778,2026-07-05 18:53
Z0079,2026-07-05 18:54
Z0269,2026-07-05 18:56
Z0265,2026-07-05 18:59
Z0441,2026-07-05 18:59
Z0058,2026-07-05 19:01
Z0149,2026-07-05 19:02
Z0816,2026-07-05 19:04
Z0356,2026-07-05 19:09
Z0012,2026-07-05 19:10
Z0125,2026-07-05 19:10
Z0545,2026-07-05 19:12
Z0016,2026-07-05 19:15
Z0680,2026-07-05 19:15
Z0318,2026-07-05 19:17
Z0097,2026-07-05 19:18
Z0151,2026-07-05 19:19
Z0846,2026-07-05 19:20
Z0182,2026-07-05 19:25
Z0327,2026-07-05 19:28
Z0452,2026-07-05 19:29
Z0167,2026-07-05 19:31
Z0177,2026-07-05 19:33
Z0802,2026-07-05 19:33
Z0407,2026-07-05 19:39
Z0169,2026-07-05 19:46
Z0587,2026-07-05 19:47
Z0517,2026-07-05 19:48
Z0088,2026-07-05 19:51
Z0820,2026-07-05 19:51
Z0848,2026-07-05 19:53
Z0134,2026-07-05 19:55
Z0092,2026-07-05 19:56
Z0203,2026-07-05 19:59
Z0572,2026-07-05 20:04
Z0109,2026-07-05 20:06
Z0264,2026-07-05 20:10
Z0540,2026-07-05 20:16
Z0869,2026-07-05 20:18
Z0419,2026-07-05 20:22
Z0845,2026-07-05 20:22
Z0083,2026-07-05 20:23
Z0409,2026-07-05 20:23
Z0791,2026-07-05 20:23
Z0161,2026-07-05 20:24
Z0507,2026-07-05 20:24
Z0014,2026-07-05 20:26
Z0777,2026-07-05 20:26
Z0518,2026-07-05 20:27
Z0852,2026-07-05 20:31
Z0325,2026-07-05 20:32
Z0825,2026-07-05 20:35
Z0059,2026-07-05 20:40
Z0116,2026-07-05 20:41
Z0136,2026-07-05 20:42
Z0227,2026-07-05 20:43
Z0108,2026-07-05 20:46
Z0022,2026-07-05 20:47
Z0065,2026-07-05 20:49
Z0242,2026-07-05 20:51
Z0411,2026-07-05 20:51
Z0395,2026-07-05 20:52
Z0046,2026-07-05 20:55
Z0186,2026-07-05 20:55
Z0304,2026-07-05 20:55
Z0011,2026-07-05 20:56
Z0066,2026-07-05 20:56
Z0049,2026-07-05 20:58
Z0811,2026-07-05 20:58
Z0041,2026-07-06 06:00
Z0481,2026-07-06 06:01
Z0129,2026-07-06 06:02
Z0177,2026-07-06 06:04
Z0202,2026-07-06 06:04
Z0130,2026-07-06 06:07
Z0197,2026-07-06 06:09
Z0359,2026-07-06 06:12
Z0110,2026-07-06 06:14
Z0237,2026-07-06 06:16
Z0632,2026-07-06 06:16
Z0262,2026-07-06 06:24
Z0042,2026-07-06 06:26
Z0160,2026-07-06 06:28
Z0891,2026-07-06 06:28
Z0052,2026-07-06 06:29
Z0085,2026-07-06 06:29
Z0421,2026-07-06 06:29
Z0079,2026-07-06 06:30
Z0310,2026-07-06 06:31
Z0266,2026-07-06 06:32
Z0466,2026-07-06 06:34
Z0394,2026-07-06 06:35
Z0205,2026-07-06 06:36
Z0294,2026-07-06 06:37
Z0372,2026-07-06 06:38
Z0114,2026-07-06 06:41
Z0499,2026-07-06 06:41
Z0256,2026-07-06 06:43
Z0247,2026-07-06 06:48
Z0307,2026-07-06 06:49
Z0447,2026-07-06 06:49
Z0265,2026-07-06 06:52
Z0070,2026-07-06 06:54
Z0189,2026-07-06 06:54
Z0198,2026-07-06 06:54
Z0210,2026-07-06 06:54
Z0351,2026-07-06 06:54
Z0814,2026-07-06 06:58
Z0624,2026-07-06 06:59
Z0760,2026-07-06 06:59
Z0791,2026-07-06 06:59
Z0759,2026-07-06 07:00
Z0043,2026-07-06 07:02
Z0184,2026-07-06 07:03
Z0357,2026-07-06 07:03
Z0428,2026-07-06 07:05
Z0777,2026-07-06 07:06
Z0166,2026-07-06 07:07
Z0036,2026-07-06 07:08
Z0850,2026-07-06 07:08
Z0860,2026-07-06 07:08
Z0028,2026-07-06 07:10
Z0113,2026-07-06 07:10
Z0083,2026-07-06 07:12
Z0246,2026-07-06 07:13
Z0857,2026-07-06 07:13
Z0039,2026-07-06 07:15
Z0084,2026-07-06 07:15
Z0468,2026-07-06 07:16
Z0775,2026-07-06 07:17
Z0817,2026-07-06 07:17
Z0031,2026-07-06 07:18
Z0506,2026-07-06 07:19
Z0170,2026-07-06 07:20
Z0402,2026-07-06 07:20
Z0510,2026-07-06 07:21
Z0103,2026-07-06 07:22
Z0347,2026-07-06 07:22
Z0767,2026-07-06 07:23
Z0230,2026-07-06 07:25
Z0356,2026-07-06 07:26
Z0051,2026-07-06 07:27
Z0602,2026-07-06 07:27
Z0213,2026-07-06 07:28
Z0279,2026-07-06 07:28
Z0025,2026-07-06 07:29
Z0019,2026-07-06 07:30
Z0482,2026-07-06 07:31
Z0030,2026-07-06 07:34
Z0218,2026-07-06 07:38
Z0625,2026-07-06 07:40
Z0098,2026-07-06 07:42
Z0221,2026-07-06 07:42
Z0086,2026-07-06 07:43
Z0783,2026-07-06 07:43
Z0094,2026-07-06 07:44
Z0173,2026-07-06 07:44
Z0156,2026-07-06 07:46
Z0772,2026-07-06 07:47
Z0161,2026-07-06 07:48
Z0274,2026-07-06 07:48
Z0782,2026-07-06 07:48
Z0841,2026-07-06 07:48
Z0134,2026-07-06 07:49
Z0512,2026-07-06 07:49
Z0105,2026-07-06 07:52
Z0005,2026-07-06 07:53
Z0060,2026-07-06 07:54
Z0330,2026-07-06 07:54
Z0622,2026-07-06 07:55
Z0815,2026-07-06 07:59
Z0116,2026-07-06 08:02
Z0397,2026-07-06 08:03
Z0095,2026-07-06 08:06
Z0121,2026-07-06 08:10
Z0227,2026-07-06 08:11
Z0259,2026-07-06 08:11
Z0758,2026-07-06 08:14
Z0240,2026-07-06 08:16
Z0257,2026-07-06 08:17
Z0580,2026-07-06 08:22
Z0032,2026-07-06 08:23
Z0048,2026-07-06 08:26
Z0003,2026-07-06 08:28
Z0514,2026-07-06 08:31
Z0458,2026-07-06 08:34
Z0826,2026-07-06 08:35
Z0295,2026-07-06 08:37
Z0176,2026-07-06 08:38
Z0893,2026-07-06 08:44
Z0453,2026-07-06 08:45
Z0108,2026-07-06 08:56
Z0768,2026-07-06 08:57
Z0332,2026-07-06 08:58
Z0077,2026-07-06 09:09
Z0326,2026-07-06 09:14
Z0838,2026-07-06 09:14
Z0362,2026-07-06 09:16
Z0004,2026-07-06 09:17
Z0495,2026-07-06 09:18
Z0806,2026-07-06 09:37
Z0241,2026-07-06 09:39
Z0382,2026-07-06 09:42
Z0309,2026-07-06 09:55
Z0342,2026-07-06 09:55
Z0320,2026-07-06 09:57
Z0531,2026-07-06 09:58
Z0780,2026-07-06 09:59
Z0807,2026-07-06 09:59
Z0764,2026-07-06 12:00
Z0128,2026-07-06 12:11
Z0236,2026-07-06 12:15
Z0304,2026-07-06 12:17
Z0300,2026-07-06 12:19
Z0766,2026-07-06 12:20
Z0811,2026-07-06 12:20
Z0374,2026-07-06 12:24
Z0365,2026-07-06 12:26
Z0561,2026-07-06 12:33
Z0172,2026-07-06 12:35
Z0228,2026-07-06 12:40
Z0487,2026-07-06 12:40
Z0211,2026-07-06 12:42
Z0835,2026-07-06 12:46
Z0834,2026-07-06 12:47
Z0518,2026-07-06 12:51
Z0898,2026-07-06 13:00
Z0384,2026-07-06 13:02
Z0064,2026-07-06 13:08
Z0200,2026-07-06 13:08
Z0757,2026-07-06 13:09
Z0403,2026-07-06 13:12
Z0158,2026-07-06 13:15
Z0233,2026-07-06 13:15
Z0620,2026-07-06 13:16
Z0209,2026-07-06 13:17
Z0033,2026-07-06 13:18
Z0131,2026-07-06 13:27
Z0517,2026-07-06 13:27
Z0285,2026-07-06 13:34
Z0832,2026-07-06 13:37
Z0494,2026-07-06 13:40
Z0101,2026-07-06 13:42
Z0464,2026-07-06 13:42
Z0462,2026-07-06 13:49
Z0379,2026-07-06 13:52
Z0199,2026-07-06 13:55
Z0862,2026-07-06 13:55
Z0066,2026-07-06 13:58
Z0830,2026-07-06 17:00
Z0226,2026-07-06 17:02
Z0006,2026-07-06 17:03
Z0115,2026-07-06 17:04
Z0411,2026-07-06 17:06
Z0483,2026-07-06 17:15
Z0786,2026-07-06 17:23
Z0188,2026-07-06 17:26
Z0816,2026-07-06 17:27
Z0849,2026-07-06 17:28
Z0249,2026-07-06 17:33
Z0323,2026-07-06 17:33
Z0273,2026-07-06 17:39
Z0140,2026-07-06 17:41
Z0798,2026-07-06 17:50
Z0204,2026-07-06 17:56
Z0827,2026-07-06 17:57
Z0305,2026-07-06 17:58
Z0065,2026-07-06 18:00
Z0508,2026-07-06 18:00
Z0427,2026-07-06 18:02
Z0217,2026-07-06 18:05
Z0432,2026-07-06 18:07
Z0500,2026-07-06 18:08
Z0469,2026-07-06 18:09
Z0137,2026-07-06 18:12
Z0009,2026-07-06 18:13
Z0804,2026-07-06 18:17
Z0180,2026-07-06 18:22
Z0327,2026-07-06 18:23
Z0047,2026-07-06 18:24
Z0790,2026-07-06 18:24
Z0800,2026-07-06 18:24
Z0181,2026-07-06 18:25
Z0021,2026-07-06 18:29
Z0057,2026-07-06 18:29
Z0111,2026-07-06 18:35
Z0855,2026-07-06 18:35
Z0340,2026-07-06 18:36
Z0785,2026-07-06 18:40
Z0802,2026-07-06 18:40
Z0395,2026-07-06 18:42
Z0127,2026-07-06 18:43
Z0192,2026-07-06 18:45
Z0409,2026-07-06 18:47
Z0046,2026-07-06 18:54
Z0588,2026-07-06 18:54
Z0560,2026-07-06 18:56
Z0306,2026-07-06 18:57
Z0856,2026-07-06 18:57
Z0473,2026-07-06 18:58
Z0350,2026-07-06 18:59
Z0194,2026-07-06 19:05
Z0232,2026-07-06 19:11
Z0765,2026-07-06 19:12
Z0146,2026-07-06 19:13
Z0321,2026-07-06 19:15
Z0408,2026-07-06 19:16
Z0139,2026-07-06 19:17
Z0012,2026-07-06 19:18
Z0824,2026-07-06 19:20
Z0289,2026-07-06 19:23
Z0253,2026-07-06 19:24
Z0054,2026-07-06 19:27
Z0214,2026-07-06 19:29
Z0612,2026-07-06 19:29
Z0583,2026-07-06 19:30
Z0290,2026-07-06 19:32
Z0848,2026-07-06 19:33
Z0055,2026-07-06 19:34
Z0159,2026-07-06 19:35
Z0488,2026-07-06 19:35
Z0819,2026-07-06 19:35
Z0388,2026-07-06 19:38
Z0001,2026-07-06 19:39
Z0062,2026-07-06 19:40
Z0789,2026-07-06 19:43
Z0067,2026-07-06 19:44
Z0102,2026-07-06 19:45
Z0196,2026-07-06 19:47
Z0162,2026-07-06 19:50
Z0288,2026-07-06 19:51
Z0058,2026-07-06 19:53
Z0150,2026-07-06 19:53
Z0521,2026-07-06 19:53
Z0099,2026-07-06 19:54
Z0148,2026-07-06 19:58
Z0897,2026-07-06 20:08
Z0119,2026-07-06 20:11
Z0087,2026-07-06 20:15
Z0809,2026-07-06 20:15
Z0171,2026-07-06 20:23
Z0287,2026-07-06 20:29
Z0143,2026-07-06 20:31
Z0316,2026-07-06 20:32
Z0681,2026-07-06 20:37
Z0637,2026-07-06 20:40
Z0794,2026-07-06 20:42
Z0460,2026-07-06 20:47
Z0003,2026-07-07 06:01
Z0021,2026-07-07 06:01
Z0116,2026-07-07 06:02
Z0219,2026-07-07 06:07
Z0424,2026-07-07 06:08
Z0255,2026-07-07 06:10
Z0834,2026-07-07 06:10
Z0250,2026-07-07 06:12
Z0279,2026-07-07 06:12
Z0133,2026-07-07 06:14
Z0044,2026-07-07 06:15
Z0780,2026-07-07 06:16
Z0196,2026-07-07 06:18
Z0458,2026-07-07 06:21
Z0125,2026-07-07 06:23
Z0407,2026-07-07 06:24
Z0374,2026-07-07 06:27
Z0114,2026-07-07 06:33
Z0376,2026-07-07 06:36
Z0118,2026-07-07 06:41
Z0169,2026-07-07 06:45
Z0507,2026-07-07 06:47
Z0800,2026-07-07 06:50
Z0891,2026-07-07 06:50
Z0525,2026-07-07 06:51
Z0017,2026-07-07 06:52
Z0286,2026-07-07 06:52
Z0080,2026-07-07 06:54
Z0342,2026-07-07 06:56
Z0201,2026-07-07 06:58
Z0024,2026-07-07 07:00
Z0442,2026-07-07 07:00
Z0501,2026-07-07 07:00
Z0122,2026-07-07 07:03
Z0673,2026-07-07 07:05
Z0071,2026-07-07 07:10
Z0244,2026-07-07 07:11
Z0310,2026-07-07 07:11
Z0764,2026-07-07 07:11
Z0087,2026-07-07 07:12
Z0477,2026-07-07 07:13
Z0842,2026-07-07 07:14
Z0759,2026-07-07 07:15
Z0173,2026-07-07 07:16
Z0384,2026-07-07 07:17
Z0757,2026-07-07 07:18
Z0847,2026-07-07 07:18
Z0065,2026-07-07 07:19
Z0315,2026-07-07 07:22
Z0223,2026-07-07 07:23
Z0395,2026-07-07 07:23
Z0810,2026-07-07 07:24
Z0460,2026-07-07 07:25
Z0062,2026-07-07 07:29
Z0142,2026-07-07 07:31
Z0243,2026-07-07 07:31
Z0182,2026-07-07 07:33
Z0068,2026-07-07 07:34
Z0110,2026-07-07 07:34
Z0621,2026-07-07 07:34
Z0651,2026-07-07 07:34
Z0647,2026-07-07 07:35
Z0253,2026-07-07 07:36
Z0294,2026-07-07 07:38
Z0287,2026-07-07 07:43
Z0326,2026-07-07 07:43
Z0175,2026-07-07 07:44
Z0863,2026-07-07 07:44
Z0269,2026-07-07 07:45
Z0299,2026-07-07 07:45
Z0845,2026-07-07 07:46
Z0283,2026-07-07 07:47
Z0792,2026-07-07 07:47
Z0306,2026-07-07 07:48
Z0134,2026-07-07 07:49
Z0045,2026-07-07 07:50
Z0233,2026-07-07 07:50
Z0260,2026-07-07 07:50
Z0776,2026-07-07 07:51
Z0819,2026-07-07 07:51
Z0070,2026-07-07 07:53
Z0231,2026-07-07 07:53
Z0320,2026-07-07 07:53
Z0144,2026-07-07 07:55
Z0258,2026-07-07 07:57
Z0059,2026-07-07 07:58
Z0113,2026-07-07 07:58
Z0139,2026-07-07 07:58
Z0165,2026-07-07 07:58
Z0344,2026-07-07 07:58
Z0262,2026-07-07 07:59
Z0545,2026-07-07 07:59
Z0228,2026-07-07 08:00
Z0063,2026-07-07 08:04
Z0508,2026-07-07 08:04
Z0772,2026-07-07 08:08
Z0838,2026-07-07 08:09
Z0042,2026-07-07 08:10
Z0579,2026-07-07 08:10
Z0240,2026-07-07 08:14
Z0004,2026-07-07 08:20
Z0160,2026-07-07 08:22
Z0305,2026-07-07 08:22
Z0368,2026-07-07 08:22
Z0096,2026-07-07 08:23
Z0461,2026-07-07 08:27
Z0272,2026-07-07 08:28
Z0542,2026-07-07 08:28
Z0503,2026-07-07 08:30
Z0614,2026-07-07 08:30
Z0893,2026-07-07 08:30
Z0251,2026-07-07 08:32
Z0043,2026-07-07 08:33
Z0249,2026-07-07 08:35
Z0448,2026-07-07 08:36
Z0491,2026-07-07 08:43
Z0511,2026-07-07 08:43
Z0005,2026-07-07 08:49
Z0771,2026-07-07 08:50
Z0002,2026-07-07 08:56
Z0117,2026-07-07 08:58
Z0308,2026-07-07 08:58
Z0076,2026-07-07 09:25
Z0112,2026-07-07 09:31
Z0205,2026-07-07 09:36
Z0352,2026-07-07 09:40
Z0821,2026-07-07 09:40
Z0259,2026-07-07 09:45
Z0431,2026-07-07 09:45
Z0319,2026-07-07 09:53
Z0340,2026-07-07 12:03
Z0011,2026-07-07 12:11
Z0312,2026-07-07 12:12
Z0088,2026-07-07 12:13
Z0293,2026-07-07 12:13
Z0369,2026-07-07 12:17
Z0900,2026-07-07 12:18
Z0086,2026-07-07 12:22
Z0404,2026-07-07 12:31
Z0246,2026-07-07 12:34
Z0276,2026-07-07 12:37
Z0794,2026-07-07 12:40
Z0268,2026-07-07 12:46
Z0124,2026-07-07 12:47
Z0391,2026-07-07 12:50
Z0768,2026-07-07 12:54
Z0695,2026-07-07 12:58
Z0107,2026-07-07 13:11
Z0171,2026-07-07 13:14
Z0322,2026-07-07 13:17
Z0247,2026-07-07 13:19
Z0778,2026-07-07 13:19
Z0280,2026-07-07 13:21
Z0007,2026-07-07 13:24
Z0788,2026-07-07 13:26
Z0835,2026-07-07 13:26
Z0523,2026-07-07 13:29
Z0843,2026-07-07 13:30
Z0229,2026-07-07 13:32
Z0143,2026-07-07 13:35
Z0149,2026-07-07 13:35
Z0386,2026-07-07 13:44
Z0510,2026-07-07 13:47
Z0006,2026-07-07 13:54
Z0763,2026-07-07 13:56
Z0825,2026-07-07 17:01
Z0267,2026-07-07 17:03
Z0329,2026-07-07 17:04
Z0795,2026-07-07 17:07
Z0137,2026-07-07 17:19
Z0103,2026-07-07 17:20
Z0790,2026-07-07 17:26
Z0813,2026-07-07 17:27
Z0636,2026-07-07 17:29
Z0594,2026-07-07 17:32
Z0535,2026-07-07 17:33
Z0766,2026-07-07 17:33
Z0833,2026-07-07 17:35
Z0297,2026-07-07 17:36
Z0037,2026-07-07 17:41
Z0649,2026-07-07 17:41
Z0121,2026-07-07 17:42
Z0189,2026-07-07 17:42
Z0055,2026-07-07 17:43
Z0209,2026-07-07 17:44
Z0773,2026-07-07 17:44
Z0337,2026-07-07 17:46
Z0779,2026-07-07 17:49
Z0282,2026-07-07 17:50
Z0896,2026-07-07 17:57
Z0829,2026-07-07 17:58
Z0008,2026-07-07 18:00
Z0090,2026-07-07 18:00
Z0465,2026-07-07 18:04
Z0797,2026-07-07 18:06
Z0153,2026-07-07 18:10
Z0577,2026-07-07 18:12
Z0358,2026-07-07 18:14
Z0217,2026-07-07 18:15
Z0818,2026-07-07 18:21
Z0633,2026-07-07 18:25
Z0478,2026-07-07 18:26
Z0108,2026-07-07 18:30
Z0161,2026-07-07 18:31
Z0119,2026-07-07 18:33
Z0769,2026-07-07 18:34
Z0203,2026-07-07 18:35
Z0826,2026-07-07 18:36
Z0141,2026-07-07 18:38
Z0836,2026-07-07 18:40
Z0831,2026-07-07 18:41
Z0191,2026-07-07 18:42
Z0058,2026-07-07 18:43
Z0547,2026-07-07 18:43
Z0099,2026-07-07 18:46
Z0197,2026-07-07 18:48
Z0400,2026-07-07 18:48
Z0464,2026-07-07 18:48
Z0861,2026-07-07 18:48
Z0302,2026-07-07 18:49
Z0190,2026-07-07 18:52
Z0864,2026-07-07 18:54
Z0054,2026-07-07 18:56
Z0808,2026-07-07 18:56
Z0128,2026-07-07 18:57
Z0812,2026-07-07 18:57
Z0083,2026-07-07 18:58
Z0257,2026-07-07 19:02
Z0177,2026-07-07 19:07
Z0850,2026-07-07 19:07
Z0023,2026-07-07 19:09
Z0422,2026-07-07 19:11
Z0433,2026-07-07 19:11
Z0193,2026-07-07 19:12
Z0181,2026-07-07 19:13
Z0311,2026-07-07 19:15
Z0185,2026-07-07 19:16
Z0206,2026-07-07 19:17
Z0554,2026-07-07 19:17
Z0786,2026-07-07 19:17
Z0846,2026-07-07 19:17
Z0188,2026-07-07 19:19
Z0245,2026-07-07 19:19
Z0497,2026-07-07 19:19
Z0839,2026-07-07 19:19
Z0158,2026-07-07 19:21
Z0354,2026-07-07 19:21
Z0053,2026-07-07 19:27
Z0455,2026-07-07 19:27
Z0436,2026-07-07 19:28
Z0120,2026-07-07 19:30
Z0408,2026-07-07 19:30
Z0472,2026-07-07 19:30
Z0089,2026-07-07 19:33
Z0097,2026-07-07 19:37
Z0138,2026-07-07 19:38
Z0239,2026-07-07 19:41
Z0541,2026-07-07 19:41
Z0212,2026-07-07 19:42
Z0026,2026-07-07 19:43
Z0840,2026-07-07 19:43
Z0860,2026-07-07 19:45
Z0022,2026-07-07 19:47
Z0479,2026-07-07 19:47
Z0827,2026-07-07 19:47
Z0094,2026-07-07 19:48
Z0851,2026-07-07 19:48
Z0865,2026-07-07 19:48
Z0079,2026-07-07 19:49
Z0277,2026-07-07 19:50
Z0275,2026-07-07 19:55
Z0254,2026-07-07 19:56
Z0855,2026-07-07 19:56
Z0625,2026-07-07 20:06
Z0163,2026-07-07 20:08
Z0859,2026-07-07 20:08
Z0440,2026-07-07 20:10
Z0575,2026-07-07 20:22
Z0129,2026-07-07 20:24
Z0015,2026-07-07 20:34
Z0073,2026-07-07 20:34
Z0047,2026-07-07 20:36
Z0013,2026-07-07 20:40
Z0057,2026-07-07 20:41
Z0018,2026-07-07 20:45
Z0645,2026-07-07 20:47
Z0853,2026-07-07 20:48
Z0403,2026-07-07 20:54
Z0095,2026-07-07 20:57
Z0200,2026-07-07 20:58
Z0790,2026-07-08 06:01
Z0539,2026-07-08 06:02
Z0598,2026-07-08 06:04
Z0033,2026-07-08 06:05
Z0540,2026-07-08 06:07
Z0072,2026-07-08 06:09
Z0330,2026-07-08 06:10
Z0113,2026-07-08 06:14
Z0307,2026-07-08 06:14
Z0076,2026-07-08 06:17
Z0229,2026-07-08 06:18
Z0154,2026-07-08 06:19
Z0801,2026-07-08 06:21
Z0498,2026-07-08 06:23
Z0096,2026-07-08 06:24
Z0288,2026-07-08 06:24
Z0150,2026-07-08 06:26
Z0367,2026-07-08 06:27
Z0163,2026-07-08 06:32
Z0308,2026-07-08 06:34
Z0782,2026-07-08 06:34
Z0433,2026-07-08 06:37
Z0083,2026-07-08 06:38
Z0758,2026-07-08 06:39
Z0774,2026-07-08 06:39
Z0226,2026-07-08 06:41
Z0543,2026-07-08 06:46
Z0450,2026-07-08 06:48
Z0279,2026-07-08 06:52
Z0043,2026-07-08 06:53
Z0063,2026-07-08 06:57
Z0340,2026-07-08 07:00
Z0165,2026-07-08 07:01
Z0184,2026-07-08 07:01
Z0320,2026-07-08 07:04
Z0671,2026-07-08 07:04
Z0809,2026-07-08 07:06
Z0792,2026-07-08 07:07
Z0250,2026-07-08 07:08
Z0760,2026-07-08 07:08
Z0296,2026-07-08 07:10
Z0428,2026-07-08 07:10
Z0004,2026-07-08 07:11
Z0073,2026-07-08 07:11
Z0826,2026-07-08 07:12
Z0454,2026-07-08 07:15
Z0236,2026-07-08 07:16
Z0414,2026-07-08 07:17
Z0858,2026-07-08 07:17
Z0127,2026-07-08 07:18
Z0142,2026-07-08 07:18
Z0156,2026-07-08 07:18
Z0196,2026-07-08 07:19
Z0396,2026-07-08 07:20
Z0509,2026-07-08 07:20
Z0194,2026-07-08 07:21
Z0846,2026-07-08 07:21
Z0060,2026-07-08 07:22
Z0893,2026-07-08 07:22
Z0772,2026-07-08 07:23
Z0863,2026-07-08 07:23
Z0044,2026-07-08 07:25
Z0380,2026-07-08 07:25
Z0338,2026-07-08 07:27
Z0473,2026-07-08 07:27
Z0417,2026-07-08 07:28
Z0274,2026-07-08 07:31
Z0570,2026-07-08 07:32
Z0057,2026-07-08 07:35
Z0431,2026-07-08 07:36
Z0030,2026-07-08 07:37
Z0843,2026-07-08 07:37
Z0210,2026-07-08 07:38
Z0817,2026-07-08 07:38
Z0062,2026-07-08 07:39
Z0493,2026-07-08 07:41
Z0844,2026-07-08 07:41
Z0333,2026-07-08 07:42
Z0090,2026-07-08 07:43
Z0360,2026-07-08 07:43
Z0504,2026-07-08 07:50
Z0188,2026-07-08 07:51
Z0011,2026-07-08 07:52
Z0559,2026-07-08 07:54
Z0484,2026-07-08 07:55
Z0105,2026-07-08 07:56
Z0059,2026-07-08 07:57
Z0683,2026-07-08 07:57
Z0349,2026-07-08 07:59
Z0374,2026-07-08 07:59
Z0492,2026-07-08 07:59
Z0822,2026-07-08 07:59
Z0891,2026-07-08 07:59
Z0585,2026-07-08 08:00
Z0110,2026-07-08 08:03
Z0094,2026-07-08 08:04
Z0013,2026-07-08 08:08
Z0821,2026-07-08 08:09
Z0099,2026-07-08 08:11
Z0016,2026-07-08 08:12
Z0562,2026-07-08 08:16
Z0848,2026-07-08 08:18
Z0495,2026-07-08 08:20
Z0144,2026-07-08 08:21
Z0035,2026-07-08 08:22
Z0785,2026-07-08 08:22
Z0365,2026-07-08 08:25
Z0253,2026-07-08 08:26
Z0852,2026-07-08 08:29
Z0040,2026-07-08 08:30
Z0166,2026-07-08 08:30
Z0080,2026-07-08 08:31
Z0806,2026-07-08 08:31
Z0258,2026-07-08 08:33
Z0134,2026-07-08 08:34
Z0522,2026-07-08 08:34
Z0448,2026-07-08 08:35
Z0112,2026-07-08 08:38
Z0851,2026-07-08 08:38
Z0117,2026-07-08 08:39
Z0277,2026-07-08 08:51
Z0037,2026-07-08 08:53
Z0324,2026-07-08 08:53
Z0310,2026-07-08 09:01
Z0759,2026-07-08 09:15
Z0032,2026-07-08 09:17
Z0256,2026-07-08 09:20
Z0394,2026-07-08 09:20
Z0503,2026-07-08 09:28
Z0262,2026-07-08 09:32
Z0132,2026-07-08 09:34
Z0235,2026-07-08 09:35
Z0255,2026-07-08 09:59
Z0289,2026-07-08 12:03
Z0242,2026-07-08 12:07
Z0323,2026-07-08 12:10
Z0685,2026-07-08 12:12
Z0125,2026-07-08 12:13
Z0212,2026-07-08 12:19
Z0474,2026-07-08 12:21
Z0466,2026-07-08 12:23
Z0240,2026-07-08 12:29
Z0854,2026-07-08 12:33
Z0039,2026-07-08 12:34
Z0204,2026-07-08 12:34
Z0829,2026-07-08 12:36
Z0627,2026-07-08 12:42
Z0243,2026-07-08 12:43
Z0832,2026-07-08 12:44
Z0271,2026-07-08 12:45
Z0336,2026-07-08 12:48
Z0066,2026-07-08 12:49
Z0087,2026-07-08 12:51
Z0088,2026-07-08 12:52
Z0170,2026-07-08 12:53
Z0318,2026-07-08 12:53
Z0810,2026-07-08 12:53
Z0036,2026-07-08 12:54
Z0516,2026-07-08 12:57
Z0265,2026-07-08 12:58
Z0053,2026-07-08 12:59
Z0437,2026-07-08 13:03
Z0106,2026-07-08 13:10
Z0494,2026-07-08 13:10
Z0665,2026-07-08 13:12
Z0348,2026-07-08 13:19
Z0002,2026-07-08 13:29
Z0334,2026-07-08 13:30
Z0784,2026-07-08 13:36
Z0198,2026-07-08 13:40
Z0524,2026-07-08 13:41
Z0280,2026-07-08 13:43
Z0082,2026-07-08 13:45
Z0370,2026-07-08 13:54
Z0269,2026-07-08 17:03
Z0123,2026-07-08 17:04
Z0628,2026-07-08 17:11
Z0424,2026-07-08 17:15
Z0222,2026-07-08 17:19
Z0825,2026-07-08 17:35
Z0230,2026-07-08 17:49
Z0283,2026-07-08 17:50
Z0122,2026-07-08 17:51
Z0031,2026-07-08 17:53
Z0339,2026-07-08 17:56
Z0159,2026-07-08 18:02
Z0219,2026-07-08 18:02
Z0345,2026-07-08 18:02
Z0303,2026-07-08 18:03
Z0864,2026-07-08 18:03
Z0354,2026-07-08 18:04
Z0268,2026-07-08 18:05
Z0086,2026-07-08 18:12
Z0895,2026-07-08 18:14
Z0793,2026-07-08 18:16
Z0261,2026-07-08 18:17
Z0794,2026-07-08 18:17
Z0133,2026-07-08 18:20
Z0187,2026-07-08 18:20
Z0234,2026-07-08 18:20
Z0152,2026-07-08 18:23
Z0136,2026-07-08 18:24
Z0034,2026-07-08 18:25
Z0167,2026-07-08 18:25
Z0415,2026-07-08 18:26
Z0149,2026-07-08 18:27
Z0272,2026-07-08 18:28
Z0344,2026-07-08 18:30
Z0079,2026-07-08 18:31
Z0147,2026-07-08 18:31
Z0301,2026-07-08 18:32
Z0567,2026-07-08 18:35
Z0065,2026-07-08 18:37
Z0115,2026-07-08 18:41
Z0371,2026-07-08 18:41
Z0438,2026-07-08 18:43
Z0061,2026-07-08 18:44
Z0366,2026-07-08 18:44
Z0805,2026-07-08 18:45
Z0470,2026-07-08 18:49
Z0776,2026-07-08 18:49
Z0048,2026-07-08 18:50
Z0093,2026-07-08 18:51
Z0176,2026-07-08 18:51
Z0023,2026-07-08 18:52
Z0224,2026-07-08 18:52
Z0802,2026-07-08 18:53
Z0010,2026-07-08 18:56
Z0347,2026-07-08 18:57
Z0404,2026-07-08 19:04
Z0441,2026-07-08 19:05
Z0420,2026-07-08 19:06
Z0606,2026-07-08 19:06
Z0894,2026-07-08 19:06
Z0574,2026-07-08 19:10
Z0659,2026-07-08 19:10
Z0346,2026-07-08 19:11
Z0429,2026-07-08 19:11
Z0341,2026-07-08 19:15
Z0351,2026-07-08 19:15
Z0158,2026-07-08 19:17
Z0228,2026-07-08 19:17
Z0353,2026-07-08 19:17
Z0027,2026-07-08 19:18
Z0153,2026-07-08 19:18
Z0220,2026-07-08 19:18
Z0587,2026-07-08 19:19
Z0052,2026-07-08 19:20
Z0831,2026-07-08 19:26
Z0047,2026-07-08 19:27
Z0192,2026-07-08 19:27
Z0327,2026-07-08 19:27
Z0164,2026-07-08 19:28
Z0824,2026-07-08 19:29
Z0292,2026-07-08 19:30
Z0630,2026-07-08 19:31
Z0663,2026-07-08 19:31
Z0815,2026-07-08 19:31
Z0390,2026-07-08 19:34
Z0808,2026-07-08 19:36
Z0162,2026-07-08 19:37
Z0232,2026-07-08 19:41
Z0098,2026-07-08 19:42
Z0009,2026-07-08 19:43
Z0446,2026-07-08 19:44
Z0064,2026-07-08 19:45
Z0218,2026-07-08 19:46
Z0225,2026-07-08 19:47
Z0834,2026-07-08 19:47
Z0325,2026-07-08 19:49
Z0183,2026-07-08 19:50
Z0442,2026-07-08 19:53
Z0317,2026-07-08 19:58
Z0517,2026-07-08 20:01
Z0207,2026-07-08 20:05
Z0400,2026-07-08 20:12
Z0436,2026-07-08 20:12
Z0248,2026-07-08 20:16
Z0418,2026-07-08 20:17
Z0200,2026-07-08 20:18
Z0151,2026-07-08 20:19
Z0791,2026-07-08 20:21
Z0180,2026-07-08 20:24
Z0315,2026-07-08 20:26
Z0430,2026-07-08 20:38
Z0419,2026-07-08 20:39
Z0813,2026-07-08 20:40
Z0421,2026-07-08 20:46
Z0051,2026-07-08 20:49
Z0828,2026-07-08 20:51
Z0615,2026-07-08 20:52
Z0091,2026-07-08 20:53
Z0469,2026-07-08 20:55
Z0293,2026-07-08 20:57
Z0568,2026-07-09 06:01
Z0040,2026-07-09 06:03
Z0350,2026-07-09 06:05
Z0546,2026-07-09 06:05
Z0806,2026-07-09 06:07
Z0117,2026-07-09 06:10
Z0320,2026-07-09 06:10
Z0100,2026-07-09 06:13
Z0271,2026-07-09 06:13
Z0483,2026-07-09 06:20
Z0062,2026-07-09 06:23
Z0006,2026-07-09 06:25
Z0200,2026-07-09 06:26
Z0331,2026-07-09 06:26
Z0002,2026-07-09 06:27
Z0144,2026-07-09 06:28
Z0532,2026-07-09 06:30
Z0024,2026-07-09 06:33
Z0208,2026-07-09 06:37
Z0249,2026-07-09 06:42
Z0079,2026-07-09 06:43
Z0043,2026-07-09 06:46
Z0097,2026-07-09 06:48
Z0452,2026-07-09 06:49
Z0453,2026-07-09 06:50
Z0396,2026-07-09 06:52
Z0611,2026-07-09 06:55
Z0322,2026-07-09 06:57
Z0445,2026-07-09 06:58
Z0641,2026-07-09 06:59
Z0145,2026-07-09 07:00
Z0210,2026-07-09 07:05
Z0282,2026-07-09 07:06
Z0314,2026-07-09 07:06
Z0463,2026-07-09 07:10
Z0075,2026-07-09 07:11
Z0169,2026-07-09 07:11
Z0182,2026-07-09 07:11
Z0862,2026-07-09 07:11
Z0011,2026-07-09 07:13
Z0896,2026-07-09 07:14
Z0084,2026-07-09 07:16
Z0137,2026-07-09 07:16
Z0020,2026-07-09 07:19
Z0410,2026-07-09 07:22
Z0860,2026-07-09 07:22
Z0250,2026-07-09 07:24
Z0088,2026-07-09 07:27
Z0174,2026-07-09 07:27
Z0212,2026-07-09 07:27
Z0231,2026-07-09 07:28
Z0155,2026-07-09 07:29
Z0536,2026-07-09 07:30
Z0839,2026-07-09 07:30
Z0864,2026-07-09 07:30
Z0206,2026-07-09 07:32
Z0288,2026-07-09 07:36
Z0591,2026-07-09 07:36
Z0126,2026-07-09 07:37
Z0215,2026-07-09 07:37
Z0634,2026-07-09 07:38
Z0789,2026-07-09 07:38
Z0298,2026-07-09 07:39
Z0470,2026-07-09 07:40
Z0425,2026-07-09 07:41
Z0016,2026-07-09 07:43
Z0457,2026-07-09 07:43
Z0553,2026-07-09 07:43
Z0042,2026-07-09 07:45
Z0068,2026-07-09 07:45
Z0115,2026-07-09 07:46
Z0895,2026-07-09 07:50
Z0034,2026-07-09 07:51
Z0848,2026-07-09 07:51
Z0347,2026-07-09 07:57
Z0669,2026-07-09 07:57
Z0202,2026-07-09 07:59
Z0281,2026-07-09 08:04
Z0081,2026-07-09 08:05
Z0295,2026-07-09 08:05
Z0390,2026-07-09 08:05
Z0817,2026-07-09 08:06
Z0311,2026-07-09 08:07
Z0391,2026-07-09 08:16
Z0082,2026-07-09 08:17
Z0327,2026-07-09 08:17
Z0819,2026-07-09 08:17
Z0691,2026-07-09 08:18
Z0774,2026-07-09 08:20
Z0272,2026-07-09 08:21
Z0893,2026-07-09 08:21
Z0507,2026-07-09 08:23
Z0476,2026-07-09 08:24
Z0069,2026-07-09 08:31
Z0154,2026-07-09 08:33
Z0286,2026-07-09 08:35
Z0190,2026-07-09 08:38
Z0468,2026-07-09 08:38
Z0589,2026-07-09 08:38
Z0854,2026-07-09 08:40
Z0013,2026-07-09 08:41
Z0484,2026-07-09 08:41
Z0372,2026-07-09 08:42
Z0308,2026-07-09 08:50
Z0501,2026-07-09 08:53
Z0255,2026-07-09 08:54
Z0170,2026-07-09 08:55
Z0783,2026-07-09 08:57
Z0237,2026-07-09 09:13
Z0060,2026-07-09 09:42
Z0077,2026-07-09 09:42
Z0056,2026-07-09 09:43
Z0842,2026-07-09 09:46
Z0076,2026-07-09 09:53
Z0525,2026-07-09 09:55
Z0156,2026-07-09 09:58
Z0112,2026-07-09 09:59
Z0773,2026-07-09 12:01
Z0775,2026-07-09 12:17
Z0822,2026-07-09 12:22
Z0175,2026-07-09 12:27
Z0278,2026-07-09 12:28
Z0297,2026-07-09 12:28
Z0447,2026-07-09 12:32
Z0135,2026-07-09 12:34
Z0827,2026-07-09 12:34
Z0270,2026-07-09 12:37
Z0245,2026-07-09 12:44
Z0858,2026-07-09 12:44
Z0044,2026-07-09 12:45
Z0147,2026-07-09 12:49
Z0779,2026-07-09 12:53
Z0892,2026-07-09 12:53
Z0204,2026-07-09 12:54
Z0769,2026-07-09 12:56
Z0845,2026-07-09 12:56
Z0125,2026-07-09 12:58
Z0825,2026-07-09 13:00
Z0299,2026-07-09 13:03
Z0467,2026-07-09 13:04
Z0163,2026-07-09 13:05
Z0693,2026-07-09 13:08
Z0140,2026-07-09 13:11
Z0865,2026-07-09 13:14
Z0389,2026-07-09 13:15
Z0058,2026-07-09 13:17
Z0277,2026-07-09 13:17
Z0143,2026-07-09 13:18
Z0067,2026-07-09 13:21
Z0254,2026-07-09 13:21
Z0427,2026-07-09 13:22
Z0346,2026-07-09 13:24
Z0269,2026-07-09 13:25
Z0846,2026-07-09 13:25
Z0406,2026-07-09 13:31
Z0301,2026-07-09 13:34
Z0146,2026-07-09 13:48
Z0760,2026-07-09 13:51
Z0066,2026-07-09 13:56
Z0316,2026-07-09 17:00
Z0179,2026-07-09 17:04
Z0096,2026-07-09 17:07
Z0168,2026-07-09 17:07
Z0772,2026-07-09 17:08
Z0050,2026-07-09 17:18
Z0031,2026-07-09 17:20
Z0438,2026-07-09 17:20
Z0035,2026-07-09 17:30
Z0492,2026-07-09 17:32
Z0248,2026-07-09 17:33
Z0227,2026-07-09 17:39
Z0418,2026-07-09 17:40
Z0098,2026-07-09 17:41
Z0134,2026-07-09 17:42
Z0093,2026-07-09 17:46
Z0856,2026-07-09 17:46
Z0451,2026-07-09 17:47
Z0340,2026-07-09 17:48
Z0055,2026-07-09 17:54
Z0029,2026-07-09 17:55
Z0504,2026-07-09 17:57
Z0001,2026-07-09 18:00
Z0763,2026-07-09 18:00
Z0843,2026-07-09 18:02
Z0475,2026-07-09 18:03
Z0131,2026-07-09 18:05
Z0356,2026-07-09 18:05
Z0064,2026-07-09 18:06
Z0119,2026-07-09 18:08
Z0315,2026-07-09 18:09
Z0533,2026-07-09 18:09
Z0207,2026-07-09 18:12
Z0653,2026-07-09 18:12
Z0142,2026-07-09 18:14
Z0529,2026-07-09 18:16
Z0824,2026-07-09 18:19
Z0242,2026-07-09 18:22
Z0635,2026-07-09 18:22
Z0448,2026-07-09 18:23
Z0560,2026-07-09 18:23
Z0345,2026-07-09 18:27
Z0313,2026-07-09 18:28
Z0544,2026-07-09 18:28
Z0569,2026-07-09 18:29
Z0287,2026-07-09 18:33
Z0014,2026-07-09 18:36
Z0238,2026-07-09 18:37
Z0302,2026-07-09 18:37
Z0788,2026-07-09 18:37
Z0104,2026-07-09 18:42
Z0328,2026-07-09 18:42
Z0036,2026-07-09 18:43
Z0258,2026-07-09 18:43
Z0283,2026-07-09 18:44
Z0450,2026-07-09 18:44
Z0296,2026-07-09 18:46
Z0371,2026-07-09 18:47
Z0549,2026-07-09 18:47
Z0038,2026-07-09 18:48
Z0230,2026-07-09 18:49
Z0361,2026-07-09 18:49
Z0861,2026-07-09 18:49
Z0178,2026-07-09 18:50
Z0221,2026-07-09 18:50
Z0047,2026-07-09 18:53
Z0300,2026-07-09 18:57
Z0321,2026-07-09 19:01
Z0392,2026-07-09 19:01
Z0197,2026-07-09 19:02
Z0304,2026-07-09 19:02
Z0217,2026-07-09 19:08
Z0218,2026-07-09 19:09
Z0106,2026-07-09 19:13
Z0353,2026-07-09 19:15
Z0490,2026-07-09 19:15
Z0109,2026-07-09 19:17
Z0275,2026-07-09 19:18
Z0048,2026-07-09 19:19
Z0216,2026-07-09 19:19
Z0370,2026-07-09 19:21
Z0441,2026-07-09 19:22
Z0264,2026-07-09 19:25
Z0354,2026-07-09 19:25
Z0679,2026-07-09 19:26
Z0798,2026-07-09 19:27
Z0252,2026-07-09 19:28
Z0502,2026-07-09 19:28
Z0224,2026-07-09 19:29
Z0061,2026-07-09 19:30
Z0600,2026-07-09 19:33
Z0284,2026-07-09 19:35
Z0187,2026-07-09 19:38
Z0053,2026-07-09 19:41
Z0487,2026-07-09 19:43
Z0474,2026-07-09 19:50
Z0456,2026-07-09 19:51
Z0171,2026-07-09 19:52
Z0247,2026-07-09 19:52
Z0167,2026-07-09 19:54
Z0513,2026-07-09 19:55
Z0127,2026-07-09 19:56
Z0153,2026-07-09 19:56
Z0444,2026-07-09 19:56
Z0520,2026-07-09 19:57
Z0571,2026-07-09 19:57
Z0085,2026-07-09 19:58
Z0159,2026-07-09 19:58
Z0510,2026-07-09 20:01
Z0306,2026-07-09 20:02
Z0329,2026-07-09 20:05
Z0192,2026-07-09 20:06
Z0087,2026-07-09 20:11
Z0176,2026-07-09 20:15
Z0335,2026-07-09 20:25
Z0195,2026-07-09 20:31
Z0823,2026-07-09 20:33
Z0429,2026-07-09 20:34
Z0116,2026-07-09 20:37
Z0771,2026-07-09 20:39
Z0009,2026-07-09 20:41
Z0188,2026-07-09 20:44
Z0015,2026-07-09 20:45
Z0833,2026-07-09 20:46
Z0008,2026-07-09 20:56
Z0180,2026-07-10 06:00
Z0198,2026-07-10 06:01
Z0285,2026-07-10 06:02
Z0030,2026-07-10 06:04
Z0127,2026-07-10 06:04
Z0455,2026-07-10 06:04
Z0064,2026-07-10 06:05
Z0326,2026-07-10 06:06
Z0068,2026-07-10 06:07
Z0417,2026-07-10 06:09
Z0091,2026-07-10 06:10
Z0814,2026-07-10 06:14
Z0118,2026-07-10 06:19
Z0303,2026-07-10 06:20
Z0181,2026-07-10 06:21
Z0210,2026-07-10 06:21
Z0035,2026-07-10 06:25
Z0144,2026-07-10 06:25
Z0782,2026-07-10 06:26
Z0230,2026-07-10 06:28
Z0260,2026-07-10 06:28
Z0032,2026-07-10 06:29
Z0178,2026-07-10 06:33
Z0801,2026-07-10 06:33
Z0850,2026-07-10 06:34
Z0063,2026-07-10 06:36
Z0331,2026-07-10 06:38
Z0382,2026-07-10 06:38
Z0394,2026-07-10 06:39
Z0041,2026-07-10 06:44
Z0136,2026-07-10 06:51
Z0263,2026-07-10 06:52
Z0056,2026-07-10 06:54
Z0432,2026-07-10 06:57
Z0085,2026-07-10 06:58
Z0845,2026-07-10 06:59
Z0067,2026-07-10 07:00
Z0796,2026-07-10 07:00
Z0076,2026-07-10 07:01
Z0234,2026-07-10 07:01
Z0070,2026-07-10 07:02
Z0156,2026-07-10 07:03
Z0406,2026-07-10 07:05
Z0512,2026-07-10 07:05
Z0145,2026-07-10 07:06
Z0231,2026-07-10 07:09
Z0276,2026-07-10 07:10
Z0380,2026-07-10 07:11
Z0087,2026-07-10 07:12
Z0090,2026-07-10 07:12
Z0323,2026-07-10 07:12
Z0038,2026-07-10 07:13
Z0203,2026-07-10 07:14
Z0125,2026-07-10 07:16
Z0131,2026-07-10 07:17
Z0160,2026-07-10 07:17
Z0130,2026-07-10 07:18
Z0598,2026-07-10 07:18
Z0212,2026-07-10 07:19
Z0847,2026-07-10 07:22
Z0078,2026-07-10 07:23
Z0900,2026-07-10 07:23
Z0187,2026-07-10 07:24
Z0770,2026-07-10 07:26
Z0510,2026-07-10 07:27
Z0443,2026-07-10 07:29
Z0046,2026-07-10 07:30
Z0223,2026-07-10 07:30
Z0251,2026-07-10 07:30
Z0619,2026-07-10 07:30
Z0498,2026-07-10 07:31
Z0113,2026-07-10 07:32
Z0280,2026-07-10 07:32
Z0028,2026-07-10 07:33
Z0266,2026-07-10 07:34
Z0094,2026-07-10 07:35
Z0200,2026-07-10 07:35
Z0819,2026-07-10 07:38
Z0256,2026-07-10 07:41
Z0864,2026-07-10 07:41
Z0027,2026-07-10 07:45
Z0157,2026-07-10 07:46
Z0517,2026-07-10 07:46
Z0511,2026-07-10 07:47
Z0579,2026-07-10 07:48
Z0004,2026-07-10 07:50
Z0112,2026-07-10 07:50
Z0220,2026-07-10 07:51
Z0244,2026-07-10 07:51
Z0176,2026-07-10 07:52
Z0462,2026-07-10 07:53
Z0241,2026-07-10 07:54
Z0291,2026-07-10 07:54
Z0186,2026-07-10 07:59
Z0267,2026-07-10 07:59
Z0821,2026-07-10 07:59
Z0122,2026-07-10 08:00
Z0248,2026-07-10 08:03
Z0661,2026-07-10 08:06
Z0316,2026-07-10 08:11
Z0760,2026-07-10 08:12
Z0232,2026-07-10 08:14
Z0476,2026-07-10 08:15
Z0787,2026-07-10 08:20
Z0165,2026-07-10 08:26
Z0361,2026-07-10 08:28
Z0237,2026-07-10 08:30
Z0205,2026-07-10 08:31
Z0107,2026-07-10 08:39
Z0550,2026-07-10 08:42
Z0786,2026-07-10 08:46
Z0402,2026-07-10 08:47
Z0254,2026-07-10 08:55
Z0592,2026-07-10 08:55
Z0899,2026-07-10 08:57
Z0826,2026-07-10 08:58
Z0835,2026-07-10 08:58
Z0235,2026-07-10 09:07
Z0309,2026-07-10 09:13
Z0132,2026-07-10 09:22
Z0603,2026-07-10 09:26
Z0114,2026-07-10 09:28
Z0307,2026-07-10 09:33
Z0355,2026-07-10 09:33
Z0519,2026-07-10 09:33
Z0767,2026-07-10 09:38
Z0298,2026-07-10 09:48
Z0445,2026-07-10 09:50
Z0310,2026-07-10 09:54
Z0396,2026-07-10 09:57
Z0170,2026-07-10 12:05
Z0193,2026-07-10 12:05
Z0053,2026-07-10 12:09
Z0438,2026-07-10 12:09
Z0017,2026-07-10 12:11
Z0207,2026-07-10 12:11
Z0299,2026-07-10 12:14
Z0195,2026-07-10 12:18
Z0363,2026-07-10 12:23
Z0052,2026-07-10 12:28
Z0119,2026-07-10 12:28
Z0305,2026-07-10 12:29
Z0328,2026-07-10 12:35
Z0216,2026-07-10 12:36
Z0275,2026-07-10 12:37
Z0795,2026-07-10 12:38
Z0429,2026-07-10 12:52
Z0892,2026-07-10 13:03
Z0322,2026-07-10 13:04
Z0088,2026-07-10 13:06
Z0376,2026-07-10 13:08
Z0489,2026-07-10 13:09
Z0164,2026-07-10 13:12
Z0072,2026-07-10 13:13
Z0520,2026-07-10 13:13
Z0863,2026-07-10 13:19
Z0098,2026-07-10 13:25
Z0356,2026-07-10 13:27
Z0822,2026-07-10 13:33
Z0023,2026-07-10 13:35
Z0252,2026-07-10 13:48
Z0442,2026-07-10 13:50
Z0472,2026-07-10 13:53
Z0172,2026-07-10 13:55
Z0168,2026-07-10 13:56
Z0011,2026-07-10 17:00
Z0214,2026-07-10 17:04
Z0152,2026-07-10 17:05
Z0217,2026-07-10 17:08
Z0182,2026-07-10 17:13
Z0407,2026-07-10 17:14
Z0002,2026-07-10 17:16
Z0227,2026-07-10 17:20
Z0689,2026-07-10 17:25
Z0102,2026-07-10 17:28
Z0270,2026-07-10 17:37
Z0805,2026-07-10 17:37
Z0315,2026-07-10 17:42
Z0440,2026-07-10 17:42
Z0629,2026-07-10 17:44
Z0834,2026-07-10 17:49
Z0311,2026-07-10 17:50
Z0444,2026-07-10 17:50
Z0825,2026-07-10 17:50
Z0036,2026-07-10 17:57
Z0419,2026-07-10 17:59
Z0183,2026-07-10 18:00
Z0225,2026-07-10 18:00
Z0518,2026-07-10 18:00
Z0865,2026-07-10 18:02
Z0757,2026-07-10 18:03
Z0224,2026-07-10 18:06
Z0508,2026-07-10 18:07
Z0016,2026-07-10 18:10
Z0201,2026-07-10 18:10
Z0278,2026-07-10 18:10
Z0239,2026-07-10 18:11
Z0044,2026-07-10 18:13
Z0446,2026-07-10 18:14
Z0626,2026-07-10 18:15
Z0547,2026-07-10 18:17
Z0218,2026-07-10 18:20
Z0837,2026-07-10 18:22
Z0435,2026-07-10 18:23
Z0493,2026-07-10 18:23
Z0246,2026-07-10 18:24
Z0245,2026-07-10 18:26
Z0777,2026-07-10 18:27
Z0272,2026-07-10 18:29
Z0774,2026-07-10 18:29
Z0014,2026-07-10 18:31
Z0477,2026-07-10 18:33
Z0623,2026-07-10 18:34
Z0290,2026-07-10 18:36
Z0325,2026-07-10 18:38
Z0015,2026-07-10 18:40
Z0025,2026-07-10 18:41
Z0465,2026-07-10 18:41
Z0851,2026-07-10 18:41
Z0388,2026-07-10 18:42
Z0109,2026-07-10 18:45
Z0346,2026-07-10 18:46
Z0434,2026-07-10 18:46
Z0096,2026-07-10 18:49
Z0079,2026-07-10 18:50
Z0831,2026-07-10 18:54
Z0456,2026-07-10 18:55
Z0858,2026-07-10 18:55
Z0370,2026-07-10 18:56
Z0488,2026-07-10 18:57
Z0412,2026-07-10 18:58
Z0818,2026-07-10 18:59
Z0082,2026-07-10 19:01
Z0066,2026-07-10 19:02
Z0840,2026-07-10 19:03
Z0211,2026-07-10 19:05
Z0289,2026-07-10 19:06
Z0804,2026-07-10 19:06
Z0439,2026-07-10 19:09
Z0029,2026-07-10 19:10
Z0645,2026-07-10 19:12
Z0823,2026-07-10 19:12
Z0161,2026-07-10 19:15
Z0771,2026-07-10 19:15
Z0897,2026-07-10 19:15
Z0283,2026-07-10 19:16
Z0057,2026-07-10 19:18
Z0199,2026-07-10 19:21
Z0273,2026-07-10 19:22
Z0115,2026-07-10 19:23
Z0191,2026-07-10 19:23
Z0756,2026-07-10 19:26
Z0049,2026-07-10 19:27
Z0206,2026-07-10 19:30
Z0613,2026-07-10 19:30
Z0138,2026-07-10 19:32
Z0466,2026-07-10 19:35
Z0803,2026-07-10 19:38
Z0003,2026-07-10 19:39
Z0037,2026-07-10 19:39
Z0500,2026-07-10 19:41
Z0773,2026-07-10 19:42
Z0208,2026-07-10 19:50
Z0852,2026-07-10 19:50
Z0111,2026-07-10 19:54
Z0359,2026-07-10 19:58
Z0084,2026-07-10 20:01
Z0242,2026-07-10 20:02
Z0779,2026-07-10 20:04
Z0393,2026-07-10 20:06
Z0099,2026-07-10 20:07
Z0812,2026-07-10 20:11
Z0146,2026-07-10 20:14
Z0538,2026-07-10 20:16
Z0081,2026-07-10 20:21
Z0336,2026-07-10 20:24
Z0383,2026-07-10 20:26
Z0762,2026-07-10 20:27
Z0565,2026-07-10 20:35
Z0854,2026-07-10 20:37
Z0031,2026-07-10 20:54
Z0074,2026-07-10 20:56
Z0364,2026-07-10 20:57
Z0196,2026-07-10 20:59
Z0046,2026-07-11 06:00
Z0279,2026-07-11 06:01
Z0555,2026-07-11 06:01
Z0045,2026-07-11 06:05
Z0759,2026-07-11 06:05
Z0027,2026-07-11 06:07
Z0012,2026-07-11 06:08
Z0330,2026-07-11 06:08
Z0497,2026-07-11 06:08
Z0038,2026-07-11 06:09
Z0197,2026-07-11 06:09
Z0059,2026-07-11 06:10
Z0215,2026-07-11 06:10
Z0393,2026-07-11 06:11
Z0126,2026-07-11 06:15
Z0260,2026-07-11 06:21
Z0235,2026-07-11 06:22
Z0413,2026-07-11 06:24
Z0251,2026-07-11 06:26
Z0184,2026-07-11 06:28
Z0310,2026-07-11 06:29
Z0225,2026-07-11 06:30
Z0155,2026-07-11 06:35
Z0410,2026-07-11 06:37
Z0443,2026-07-11 06:37
Z0373,2026-07-11 06:38
Z0136,2026-07-11 06:40
Z0298,2026-07-11 06:42
Z0117,2026-07-11 06:44
Z0807,2026-07-11 06:44
Z0484,2026-07-11 06:45
Z0787,2026-07-11 06:46
Z0377,2026-07-11 06:47
Z0232,2026-07-11 06:50
Z0137,2026-07-11 06:52
Z0166,2026-07-11 06:54
Z0308,2026-07-11 06:54
Z0482,2026-07-11 06:54
Z0110,2026-07-11 06:57
Z0304,2026-07-11 06:58
Z0837,2026-07-11 06:59
Z0018,2026-07-11 07:00
Z0243,2026-07-11 07:00
Z0041,2026-07-11 07:01
Z0173,2026-07-11 07:03
Z0024,2026-07-11 07:04
Z0037,2026-07-11 07:04
Z0210,2026-07-11 07:05
Z0464,2026-07-11 07:05
Z0557,2026-07-11 07:05
Z0241,2026-07-11 07:06
Z0385,2026-07-11 07:07
Z0768,2026-07-11 07:07
Z0246,2026-07-11 07:09
Z0075,2026-07-11 07:10
Z0830,2026-07-11 07:12
Z0422,2026-07-11 07:14
Z0122,2026-07-11 07:18
Z0481,2026-07-11 07:18
Z0061,2026-07-11 07:21
Z0667,2026-07-11 07:23
Z0106,2026-07-11 07:24
Z0857,2026-07-11 07:24
Z0128,2026-07-11 07:27
Z0183,2026-07-11 07:27
Z0132,2026-07-11 07:29
Z0894,2026-07-11 07:30
Z0157,2026-07-11 07:32
Z0163,2026-07-11 07:35
Z0293,2026-07-11 07:35
Z0352,2026-07-11 07:35
Z0814,2026-07-11 07:36
Z0815,2026-07-11 07:36
Z0307,2026-07-11 07:38
Z0193,2026-07-11 07:39
Z0103,2026-07-11 07:41
Z0515,2026-07-11 07:41
Z0612,2026-07-11 07:41
Z0196,2026-07-11 07:43
Z0382,2026-07-11 07:43
Z0133,2026-07-11 07:46
Z0534,2026-07-11 07:47
Z0096,2026-07-11 07:48
Z0838,2026-07-11 07:49
Z0850,2026-07-11 07:49
Z0123,2026-07-11 07:50
Z0761,2026-07-11 07:52
Z0071,2026-07-11 07:56
Z0381,2026-07-11 07:56
Z0501,2026-07-11 07:56
Z0314,2026-07-11 07:57
Z0431,2026-07-11 07:57
Z0511,2026-07-11 08:00
Z0841,2026-07-11 08:00
Z0008,2026-07-11 08:02
Z0066,2026-07-11 08:07
Z0301,2026-07-11 08:09
Z0641,2026-07-11 08:10
Z0029,2026-07-11 08:11
Z0191,2026-07-11 08:12
Z0313,2026-07-11 08:13
Z0758,2026-07-11 08:14
Z0294,2026-07-11 08:15
Z0023,2026-07-11 08:16
Z0360,2026-07-11 08:16
Z0263,2026-07-11 08:17
Z0786,2026-07-11 08:18
Z0080,2026-07-11 08:20
Z0295,2026-07-11 08:20
Z0250,2026-07-11 08:22
Z0453,2026-07-11 08:23
Z0783,2026-07-11 08:24
Z0069,2026-07-11 08:28
Z0091,2026-07-11 08:30
Z0222,2026-07-11 08:30
Z0317,2026-07-11 08:30
Z0094,2026-07-11 08:35
Z0104,2026-07-11 08:40
Z0440,2026-07-11 08:45
Z0262,2026-07-11 08:49
Z0026,2026-07-11 08:53
Z0865,2026-07-11 08:53
Z0034,2026-07-11 08:54
Z0266,2026-07-11 08:54
Z0300,2026-07-11 08:58
Z0028,2026-07-11 09:03
Z0259,2026-07-11 09:06
Z0042,2026-07-11 09:07
Z0806,2026-07-11 09:11
Z0319,2026-07-11 09:13
Z0817,2026-07-11 09:22
Z0040,2026-07-11 09:26
Z0154,2026-07-11 09:26
Z0202,2026-07-11 09:31
Z0445,2026-07-11 09:31
Z0309,2026-07-11 09:38
Z0528,2026-07-11 12:01
Z0135,2026-07-11 12:03
Z0186,2026-07-11 12:05
Z0616,2026-07-11 12:08
Z0446,2026-07-11 12:09
Z0281,2026-07-11 12:12
Z0832,2026-07-11 12:16
Z0411,2026-07-11 12:17
Z0296,2026-07-11 12:23
Z0297,2026-07-11 12:23
Z0175,2026-07-11 12:34
Z0852,2026-07-11 12:36
Z0520,2026-07-11 12:38
Z0327,2026-07-11 12:39
Z0461,2026-07-11 12:55
Z0100,2026-07-11 12:56
Z0150,2026-07-11 13:03
Z0211,2026-07-11 13:05
Z0152,2026-07-11 13:06
Z0101,2026-07-11 13:08
Z0236,2026-07-11 13:10
Z0201,2026-07-11 13:12
Z0811,2026-07-11 13:17
Z0812,2026-07-11 13:20
Z0068,2026-07-11 13:29
Z0805,2026-07-11 13:29
Z0475,2026-07-11 13:30
Z0576,2026-07-11 13:32
Z0775,2026-07-11 13:34
Z0287,2026-07-11 13:39
Z0276,2026-07-11 13:40
Z0457,2026-07-11 13:40
Z0822,2026-07-11 13:41
Z0463,2026-07-11 13:46
Z0180,2026-07-11 13:47
Z0148,2026-07-11 13:50
Z0282,2026-07-11 13:50
Z0502,2026-07-11 13:57
Z0793,2026-07-11 17:00
Z0209,2026-07-11 17:03
Z0339,2026-07-11 17:04
Z0540,2026-07-11 17:06
Z0020,2026-07-11 17:10
Z0081,2026-07-11 17:11
Z0007,2026-07-11 17:21
Z0169,2026-07-11 17:21
Z0223,2026-07-11 17:21
Z0130,2026-07-11 17:26
Z0140,2026-07-11 17:26
Z0820,2026-07-11 17:34
Z0804,2026-07-11 17:49
Z0794,2026-07-11 17:51
Z0265,2026-07-11 17:56
Z0784,2026-07-11 17:58
Z0595,2026-07-11 18:00
Z0797,2026-07-11 18:00
Z0843,2026-07-11 18:01
Z0427,2026-07-11 18:02
Z0035,2026-07-11 18:03
Z0895,2026-07-11 18:03
Z0829,2026-07-11 18:07
Z0015,2026-07-11 18:08
Z0839,2026-07-11 18:08
Z0233,2026-07-11 18:09
Z0312,2026-07-11 18:13
Z0083,2026-07-11 18:14
Z0021,2026-07-11 18:15
Z0824,2026-07-11 18:17
Z0290,2026-07-11 18:18
Z0564,2026-07-11 18:23
Z0204,2026-07-11 18:27
Z0836,2026-07-11 18:27
Z0019,2026-07-11 18:30
Z0675,2026-07-11 18:30
Z0074,2026-07-11 18:31
Z0513,2026-07-11 18:31
Z0800,2026-07-11 18:31
Z0762,2026-07-11 18:33
Z0214,2026-07-11 18:36
Z0486,2026-07-11 18:36
Z0347,2026-07-11 18:38
Z0479,2026-07-11 18:38
Z0472,2026-07-11 18:41
Z0316,2026-07-11 18:42
Z0092,2026-07-11 18:43
Z0216,2026-07-11 18:43
Z0206,2026-07-11 18:44
Z0033,2026-07-11 18:46
Z0147,2026-07-11 18:46
Z0321,2026-07-11 18:46
Z0633,2026-07-11 18:50
Z0261,2026-07-11 18:53
Z0471,2026-07-11 18:54
Z0756,2026-07-11 18:56
Z0289,2026-07-11 18:58
Z0239,2026-07-11 18:59
Z0859,2026-07-11 19:00
Z0773,2026-07-11 19:04
Z0855,2026-07-11 19:04
Z0324,2026-07-11 19:07
Z0185,2026-07-11 19:10
Z0518,2026-07-11 19:10
Z0459,2026-07-11 19:12
Z0823,2026-07-11 19:12
Z0190,2026-07-11 19:13
Z0138,2026-07-11 19:16
Z0176,2026-07-11 19:16
Z0134,2026-07-11 19:18
Z0597,2026-07-11 19:18
Z0677,2026-07-11 19:18
Z0416,2026-07-11 19:20
Z0527,2026-07-11 19:20
Z0118,2026-07-11 19:22
Z0124,2026-07-11 19:24
Z0328,2026-07-11 19:24
Z0796,2026-07-11 19:29
Z0086,2026-07-11 19:30
Z0853,2026-07-11 19:32
Z0847,2026-07-11 19:33
Z0376,2026-07-11 19:35
Z0892,2026-07-11 19:36
Z0421,2026-07-11 19:37
Z0171,2026-07-11 19:38
Z0369,2026-07-11 19:38
Z0189,2026-07-11 19:39
Z0573,2026-07-11 19:39
Z0213,2026-07-11 19:45
Z0778,2026-07-11 19:47
Z0172,2026-07-11 19:49
Z0009,2026-07-11 19:50
Z0178,2026-07-11 19:50
Z0451,2026-07-11 19:50
Z0116,2026-07-11 19:51
Z0292,2026-07-11 19:51
Z0337,2026-07-11 19:51
Z0569,2026-07-11 19:53
Z0226,2026-07-11 19:57
Z0348,2026-07-11 19:58
Z0131,2026-07-11 19:59
Z0763,2026-07-11 19:59
Z0572,2026-07-11 20:02
Z0499,2026-07-11 20:06
Z0848,2026-07-11 20:06
Z0049,2026-07-11 20:07
Z0284,2026-07-11 20:08
Z0010,2026-07-11 20:09
Z0179,2026-07-11 20:09
Z0359,2026-07-11 20:11
Z0785,2026-07-11 20:11
Z0090,2026-07-11 20:15
Z0631,2026-07-11 20:17
Z0435,2026-07-11 20:18
Z0454,2026-07-11 20:21
Z0111,2026-07-11 20:24
Z0167,2026-07-11 20:26
Z0424,2026-07-11 20:27
Z0329,2026-07-11 20:29
Z0257,2026-07-11 20:30
Z0089,2026-07-11 20:32
Z0229,2026-07-11 20:33
Z0826,2026-07-11 20:33
Z0139,2026-07-11 20:42
Z0143,2026-07-11 20:42
Z0227,2026-07-11 20:42
Z0551,2026-07-11 20:46
Z0078,2026-07-11 20:53
Z0085,2026-07-11 20:53
Z0799,2026-07-11 20:53
Z0840,2026-07-11 20:54
Z0522,2026-07-11 20:55
Z0332,2026-07-11 20:56
Z0657,2026-07-11 20:56
Z0198,2026-07-11 20:58
Z0278,2026-07-11 20:58
Z0001,2026-07-11 20:59
Z0375,2026-07-11 20:59
Z0298,2026-07-12 06:02
Z0101,2026-07-12 06:05
Z0809,2026-07-12 06:05
Z0795,2026-07-12 06:08
Z0891,2026-07-12 06:09
Z0319,2026-07-12 06:11
Z0252,2026-07-12 06:16
Z0821,2026-07-12 06:18
Z0234,2026-07-12 06:19
Z0075,2026-07-12 06:23
Z0149,2026-07-12 06:26
Z0008,2026-07-12 06:27
Z0782,2026-07-12 06:28
Z0860,2026-07-12 06:30
Z0184,2026-07-12 06:33
Z0643,2026-07-12 06:36
Z0160,2026-07-12 06:39
Z0229,2026-07-12 06:40
Z0445,2026-07-12 06:40
Z0306,2026-07-12 06:41
Z0095,2026-07-12 06:45
Z0174,2026-07-12 06:47
Z0191,2026-07-12 06:47
Z0020,2026-07-12 06:55
Z0443,2026-07-12 06:55
Z0244,2026-07-12 06:57
Z0856,2026-07-12 07:00
Z0100,2026-07-12 07:01
Z0564,2026-07-12 07:02
Z0770,2026-07-12 07:03
Z0899,2026-07-12 07:03
Z0256,2026-07-12 07:06
Z0758,2026-07-12 07:07
Z0407,2026-07-12 07:09
Z0801,2026-07-12 07:09
Z0146,2026-07-12 07:10
Z0897,2026-07-12 07:10
Z0467,2026-07-12 07:11
Z0177,2026-07-12 07:12
Z0102,2026-07-12 07:14
Z0833,2026-07-12 07:14
Z0005,2026-07-12 07:15
Z0284,2026-07-12 07:16
Z0324,2026-07-12 07:16
Z0268,2026-07-12 07:17
Z0858,2026-07-12 07:17
Z0041,2026-07-12 07:19
Z0316,2026-07-12 07:19
Z0042,2026-07-12 07:24
Z0219,2026-07-12 07:24
Z0168,2026-07-12 07:26
Z0399,2026-07-12 07:26
Z0333,2026-07-12 07:30
Z0070,2026-07-12 07:31
Z0489,2026-07-12 07:32
Z0166,2026-07-12 07:35
Z0537,2026-07-12 07:35
Z0534,2026-07-12 07:36
Z0251,2026-07-12 07:37
Z0147,2026-07-12 07:39
Z0141,2026-07-12 07:40
Z0295,2026-07-12 07:40
Z0396,2026-07-12 07:40
Z0586,2026-07-12 07:42
Z0113,2026-07-12 07:43
Z0206,2026-07-12 07:43
Z0367,2026-07-12 07:43
Z0895,2026-07-12 07:43
Z0838,2026-07-12 07:44
Z0329,2026-07-12 07:50
Z0300,2026-07-12 07:53
Z0158,2026-07-12 07:54
Z0165,2026-07-12 07:54
Z0430,2026-07-12 07:55
Z0123,2026-07-12 07:56
Z0781,2026-07-12 07:57
Z0817,2026-07-12 07:57
Z0010,2026-07-12 07:58
Z0025,2026-07-12 07:58
Z0098,2026-07-12 08:03
Z0618,2026-07-12 08:03
Z0014,2026-07-12 08:05
Z0365,2026-07-12 08:10
Z0379,2026-07-12 08:13
Z0395,2026-07-12 08:13
Z0032,2026-07-12 08:15
Z0233,2026-07-12 08:19
Z0383,2026-07-12 08:22
Z0555,2026-07-12 08:22
Z0157,2026-07-12 08:23
Z0189,2026-07-12 08:24
Z0804,2026-07-12 08:24
Z0814,2026-07-12 08:25
Z0029,2026-07-12 08:27
Z0605,2026-07-12 08:27
Z0129,2026-07-12 08:29
Z0243,2026-07-12 08:30
Z0040,2026-07-12 08:31
Z0292,2026-07-12 08:31
Z0361,2026-07-12 08:34
Z0527,2026-07-12 08:35
Z0778,2026-07-12 08:36
Z0840,2026-07-12 08:39
Z0279,2026-07-12 08:48
Z0128,2026-07-12 08:49
Z0299,2026-07-12 08:51
Z0007,2026-07-12 08:52
Z0478,2026-07-12 08:55
Z0767,2026-07-12 09:00
Z0482,2026-07-12 09:15
Z0077,2026-07-12 09:16
Z0509,2026-07-12 09:18
Z0056,2026-07-12 09:34
Z0110,2026-07-12 09:37
Z0342,2026-07-12 09:38
Z0807,2026-07-12 09:43
Z0330,2026-07-12 09:47
Z0078,2026-07-12 12:02
Z0067,2026-07-12 12:03
Z0142,2026-07-12 12:04
Z0084,2026-07-12 12:08
Z0267,2026-07-12 12:09
Z0072,2026-07-12 12:13
Z0845,2026-07-12 12:16
Z0217,2026-07-12 12:19
Z0775,2026-07-12 12:20
Z0093,2026-07-12 12:28
Z0756,2026-07-12 12:30
Z0261,2026-07-12 12:34
Z0124,2026-07-12 12:41
Z0488,2026-07-12 12:43
Z0215,2026-07-12 12:46
Z0001,2026-07-12 12:50
Z0836,2026-07-12 12:51
Z0153,2026-07-12 12:52
Z0351,2026-07-12 12:52
Z0764,2026-07-12 12:53
Z0055,2026-07-12 13:04
Z0081,2026-07-12 13:04
Z0254,2026-07-12 13:04
Z0281,2026-07-12 13:07
Z0818,2026-07-12 13:09
Z0148,2026-07-12 13:12
Z0119,2026-07-12 13:16
Z0192,2026-07-12 13:16
Z0343,2026-07-12 13:21
Z0843,2026-07-12 13:23
Z0022,2026-07-12 13:25
Z0285,2026-07-12 13:28
Z0387,2026-07-12 13:35
Z0357,2026-07-12 13:36
Z0832,2026-07-12 13:38
Z0341,2026-07-12 13:39
Z0816,2026-07-12 13:39
Z0073,2026-07-12 13:50
Z0240,2026-07-12 13:50
Z0655,2026-07-12 13:57
Z0452,2026-07-12 13:59
Z0524,2026-07-12 17:07
Z0264,2026-07-12 17:10
Z0563,2026-07-12 17:11
Z0019,2026-07-12 17:14
Z0763,2026-07-12 17:19
Z0414,2026-07-12 17:20
Z0837,2026-07-12 17:20
Z0213,2026-07-12 17:21
Z0162,2026-07-12 17:22
Z0325,2026-07-12 17:23
Z0425,2026-07-12 17:23
Z0415,2026-07-12 17:24
Z0208,2026-07-12 17:25
Z0283,2026-07-12 17:26
Z0163,2026-07-12 17:28
Z0247,2026-07-12 17:29
Z0499,2026-07-12 17:31
Z0642,2026-07-12 17:32
Z0839,2026-07-12 17:33
Z0631,2026-07-12 17:34
Z0892,2026-07-12 17:34
Z0456,2026-07-12 17:36
Z0195,2026-07-12 17:40
Z0258,2026-07-12 17:40
Z0773,2026-07-12 17:42
Z0197,2026-07-12 17:43
Z0318,2026-07-12 17:43
Z0416,2026-07-12 17:43
Z0820,2026-07-12 17:50
Z0496,2026-07-12 17:51
Z0248,2026-07-12 17:52
Z0242,2026-07-12 17:54
Z0312,2026-07-12 17:55
Z0288,2026-07-12 17:57
Z0769,2026-07-12 17:57
Z0145,2026-07-12 17:58
Z0159,2026-07-12 17:58
Z0017,2026-07-12 18:00
Z0301,2026-07-12 18:00
Z0328,2026-07-12 18:01
Z0862,2026-07-12 18:02
Z0280,2026-07-12 18:03
Z0179,2026-07-12 18:06
Z0271,2026-07-12 18:06
Z0349,2026-07-12 18:07
Z0172,2026-07-12 18:08
Z0571,2026-07-12 18:08
Z0126,2026-07-12 18:11
Z0201,2026-07-12 18:12
Z0269,2026-07-12 18:12
Z0332,2026-07-12 18:13
Z0855,2026-07-12 18:13
Z0136,2026-07-12 18:14
Z0426,2026-07-12 18:15
Z0074,2026-07-12 18:16
Z0092,2026-07-12 18:20
Z0311,2026-07-12 18:21
Z0187,2026-07-12 18:22
Z0589,2026-07-12 18:22
Z0418,2026-07-12 18:24
Z0363,2026-07-12 18:26
Z0791,2026-07-12 18:26
Z0811,2026-07-12 18:27
Z0221,2026-07-12 18:30
Z0151,2026-07-12 18:32
Z0830,2026-07-12 18:33
Z0828,2026-07-12 18:35
Z0765,2026-07-12 18:36
Z0457,2026-07-12 18:38
Z0859,2026-07-12 18:38
Z0327,2026-07-12 18:41
Z0507,2026-07-12 18:41
Z0405,2026-07-12 18:43
Z0847,2026-07-12 18:45
Z0626,2026-07-12 18:49
Z0033,2026-07-12 18:50
Z0494,2026-07-12 18:50
Z0139,2026-07-12 18:53
Z0640,2026-07-12 18:53
Z0057,2026-07-12 18:54
Z0286,2026-07-12 18:54
Z0377,2026-07-12 18:55
Z0849,2026-07-12 18:56
Z0408,2026-07-12 18:57
Z0800,2026-07-12 18:57
Z0046,2026-07-12 19:00
Z0120,2026-07-12 19:00
Z0232,2026-07-12 19:00
Z0108,2026-07-12 19:01
Z0757,2026-07-12 19:05
Z0799,2026-07-12 19:05
Z0369,2026-07-12 19:11
Z0047,2026-07-12 19:13
Z0788,2026-07-12 19:15
Z0900,2026-07-12 19:15
Z0238,2026-07-12 19:17
Z0003,2026-07-12 19:18
Z0026,2026-07-12 19:18
Z0121,2026-07-12 19:20
Z0245,2026-07-12 19:21
Z0785,2026-07-12 19:21
Z0808,2026-07-12 19:23
Z0183,2026-07-12 19:24
Z0444,2026-07-12 19:28
Z0194,2026-07-12 19:30
Z0236,2026-07-12 19:30
Z0313,2026-07-12 19:30
Z0216,2026-07-12 19:31
Z0581,2026-07-12 19:35
Z0824,2026-07-12 19:36
Z0038,2026-07-12 19:42
Z0009,2026-07-12 19:44
Z0823,2026-07-12 19:44
Z0164,2026-07-12 19:45
Z0054,2026-07-12 19:47
Z0486,2026-07-12 19:51
Z0188,2026-07-12 19:52
Z0058,2026-07-12 19:53
Z0071,2026-07-12 19:59
Z0304,2026-07-12 19:59
Z0463,2026-07-12 19:59
Z0104,2026-07-12 20:02
Z0105,2026-07-12 20:03
Z0230,2026-07-12 20:04
Z0797,2026-07-12 20:06
Z0135,2026-07-12 20:09
Z0850,2026-07-12 20:12
Z0289,2026-07-12 20:13
Z0186,2026-07-12 20:14
Z0608,2026-07-12 20:15
Z0097,2026-07-12 20:20
Z0604,2026-07-12 20:23
Z0556,2026-07-12 20:27
Z0513,2026-07-12 20:31
Z0344,2026-07-12 20:36
Z0039,2026-07-12 20:48
Z0220,2026-07-12 20:53
Z0015,2026-07-12 20:56
Z0051,2026-07-12 20:57
Z0091,2026-07-12 20:57
Z0687,2026-07-12 20:59
Z0078,2026-07-13 06:00
Z0455,2026-07-13 06:00
Z0076,2026-07-13 06:01
Z0235,2026-07-13 06:03
Z0319,2026-07-13 06:04
Z0841,2026-07-13 06:04
Z0511,2026-07-13 06:05
Z0015,2026-07-13 06:07
Z0668,2026-07-13 06:09
Z0431,2026-07-13 06:10
Z0004,2026-07-13 06:11
Z0330,2026-07-13 06:11
Z0186,2026-07-13 06:12
Z0437,2026-07-13 06:12
Z0465,2026-07-13 06:12
Z0783,2026-07-13 06:12
Z0499,2026-07-13 06:15
Z0033,2026-07-13 06:16
Z0767,2026-07-13 06:20
Z0327,2026-07-13 06:21
Z0514,2026-07-13 06:22
Z0141,2026-07-13 06:25
Z0126,2026-07-13 06:27
Z0309,2026-07-13 06:27
Z0678,2026-07-13 06:27
Z0547,2026-07-13 06:28
Z0185,2026-07-13 06:35
Z0550,2026-07-13 06:35
Z0250,2026-07-13 06:41
Z0266,2026-07-13 06:41
Z0124,2026-07-13 06:43
Z0310,2026-07-13 06:47
Z0263,2026-07-13 06:49
Z0543,2026-07-13 06:49
Z0589,2026-07-13 06:51
Z0184,2026-07-13 06:52
Z0018,2026-07-13 06:54
Z0144,2026-07-13 06:54
Z0166,2026-07-13 06:56
Z0160,2026-07-13 06:58
Z0493,2026-07-13 07:01
Z0766,2026-07-13 07:01
Z0839,2026-07-13 07:02
Z0834,2026-07-13 07:04
Z0362,2026-07-13 07:05
Z0016,2026-07-13 07:06
Z0178,2026-07-13 07:07
Z0041,2026-07-13 07:08
Z0527,2026-07-13 07:08
Z0779,2026-07-13 07:11
Z0801,2026-07-13 07:14
Z0017,2026-07-13 07:15
Z0539,2026-07-13 07:15
Z0067,2026-07-13 07:19
Z0825,2026-07-13 07:19
Z0777,2026-07-13 07:24
Z0806,2026-07-13 07:24
Z0169,2026-07-13 07:26
Z0260,2026-07-13 07:26
Z0274,2026-07-13 07:26
Z0694,2026-07-13 07:27
Z0850,2026-07-13 07:27
Z0175,2026-07-13 07:29
Z0354,2026-07-13 07:31
Z0495,2026-07-13 07:32
Z0165,2026-07-13 07:34
Z0279,2026-07-13 07:34
Z0483,2026-07-13 07:34
Z0136,2026-07-13 07:36
Z0402,2026-07-13 07:36
Z0241,2026-07-13 07:39
Z0112,2026-07-13 07:40
Z0563,2026-07-13 07:40
Z0034,2026-07-13 07:41
Z0413,2026-07-13 07:41
Z0639,2026-07-13 07:42
Z0859,2026-07-13 07:42
Z0093,2026-07-13 07:44
Z0053,2026-07-13 07:45
Z0325,2026-07-13 07:45
Z0057,2026-07-13 07:46
Z0379,2026-07-13 07:49
Z0055,2026-07-13 07:50
Z0142,2026-07-13 07:50
Z0201,2026-07-13 07:50
Z0192,2026-07-13 07:51
Z0343,2026-07-13 07:52
Z0500,2026-07-13 07:52
Z0149,2026-07-13 07:55
Z0147,2026-07-13 07:56
Z0422,2026-07-13 07:57
Z0059,2026-07-13 07:58
Z0069,2026-07-13 07:58
Z0308,2026-07-13 07:58
Z0082,2026-07-13 08:03
Z0765,2026-07-13 08:04
Z0852,2026-07-13 08:05
Z0151,2026-07-13 08:11
Z0289,2026-07-13 08:11
Z0759,2026-07-13 08:11
Z0814,2026-07-13 08:12
Z0290,2026-07-13 08:13
Z0891,2026-07-13 08:13
Z0368,2026-07-13 08:16
Z0758,2026-07-13 08:16
Z0231,2026-07-13 08:19
Z0253,2026-07-13 08:19
Z0306,2026-07-13 08:19
Z0439,2026-07-13 08:19
Z0403,2026-07-13 08:20
Z0764,2026-07-13 08:20
Z0113,2026-07-13 08:24
Z0770,2026-07-13 08:26
Z0157,2026-07-13 08:27
Z0387,2026-07-13 08:30
Z0132,2026-07-13 08:33
Z0835,2026-07-13 08:33
Z0037,2026-07-13 08:34
Z0005,2026-07-13 08:35
Z0512,2026-07-13 08:35
Z0176,2026-07-13 08:40
Z0220,2026-07-13 08:41
Z0294,2026-07-13 08:44
Z0787,2026-07-13 08:44
Z0317,2026-07-13 08:48
Z0357,2026-07-13 08:49
Z0077,2026-07-13 08:50
Z0862,2026-07-13 08:51
Z0505,2026-07-13 08:52
Z0051,2026-07-13 08:53
Z0842,2026-07-13 08:53
Z0224,2026-07-13 08:54
Z0101,2026-07-13 08:55
Z0520,2026-07-13 08:56
Z0339,2026-07-13 08:57
Z0030,2026-07-13 09:06
Z0355,2026-07-13 09:12
Z0237,2026-07-13 09:34
Z0040,2026-07-13 09:45
Z0844,2026-07-13 09:49
Z0060,2026-07-13 09:52
Z0897,2026-07-13 12:00
Z0311,2026-07-13 12:01
Z0477,2026-07-13 12:02
Z0046,2026-07-13 12:04
Z0173,2026-07-13 12:06
Z0121,2026-07-13 12:07
Z0269,2026-07-13 12:08
Z0196,2026-07-13 12:10
Z0474,2026-07-13 12:11
Z0058,2026-07-13 12:12
Z0516,2026-07-13 12:17
Z0470,2026-07-13 12:19
Z0072,2026-07-13 12:22
Z0002,2026-07-13 12:23
Z0206,2026-07-13 12:24
Z0858,2026-07-13 12:31
Z0300,2026-07-13 12:36
Z0134,2026-07-13 12:39
Z0389,2026-07-13 12:41
Z0054,2026-07-13 12:43
Z0189,2026-07-13 12:43
Z0281,2026-07-13 12:43
Z0197,2026-07-13 12:47
Z0789,2026-07-13 12:47
Z0380,2026-07-13 12:51
Z0898,2026-07-13 12:51
Z0444,2026-07-13 12:52
Z0155,2026-07-13 12:58
Z0275,2026-07-13 13:03
Z0107,2026-07-13 13:05
Z0122,2026-07-13 13:05
Z0052,2026-07-13 13:08
Z0153,2026-07-13 13:10
Z0323,2026-07-13 13:10
Z0818,2026-07-13 13:16
Z0021,2026-07-13 13:18
Z0861,2026-07-13 13:19
Z0207,2026-07-13 13:21
Z0087,2026-07-13 13:27
Z0564,2026-07-13 13:27
Z0448,2026-07-13 13:36
Z0193,2026-07-13 13:37
Z0429,2026-07-13 13:38
Z0318,2026-07-13 13:44
Z0183,2026-07-13 13:46
Z0853,2026-07-13 13:47
Z0118,2026-07-13 13:49
Z0170,2026-07-13 13:54
Z0100,2026-07-13 13:56
Z0374,2026-07-13 13:58
Z0133,2026-07-13 13:59
Z0860,2026-07-13 17:02
Z0452,2026-07-13 17:03
Z0472,2026-07-13 17:04
Z0254,2026-07-13 17:10
Z0304,2026-07-13 17:14
Z0019,2026-07-13 17:24
Z0411,2026-07-13 17:37
Z0580,2026-07-13 17:37
Z0790,2026-07-13 17:42
Z0050,2026-07-13 17:43
Z0020,2026-07-13 17:46
Z0181,2026-07-13 17:47
Z0272,2026-07-13 18:00
Z0292,2026-07-13 18:01
Z0811,2026-07-13 18:02
Z0545,2026-07-13 18:06
Z0454,2026-07-13 18:08
Z0247,2026-07-13 18:10
Z0283,2026-07-13 18:11
Z0479,2026-07-13 18:13
Z0775,2026-07-13 18:13
Z0230,2026-07-13 18:15
Z0847,2026-07-13 18:15
Z0762,2026-07-13 18:17
Z0566,2026-07-13 18:19
Z0813,2026-07-13 18:19
Z0264,2026-07-13 18:22
Z0301,2026-07-13 18:22
Z0234,2026-07-13 18:27
Z0900,2026-07-13 18:28
Z0816,2026-07-13 18:32
Z0815,2026-07-13 18:33
Z0035,2026-07-13 18:35
Z0243,2026-07-13 18:36
Z0361,2026-07-13 18:36
Z0863,2026-07-13 18:36
Z0322,2026-07-13 18:38
Z0199,2026-07-13 18:39
Z0296,2026-07-13 18:40
Z0159,2026-07-13 18:42
Z0182,2026-07-13 18:42
Z0383,2026-07-13 18:42
Z0219,2026-07-13 18:43
Z0791,2026-07-13 18:43
Z0401,2026-07-13 18:44
Z0340,2026-07-13 18:45
Z0027,2026-07-13 18:47
Z0226,2026-07-13 18:48
Z0507,2026-07-13 18:50
Z0195,2026-07-13 18:51
Z0029,2026-07-13 18:54
Z0609,2026-07-13 18:54
Z0345,2026-07-13 18:55
Z0771,2026-07-13 18:57
Z0384,2026-07-13 19:03
Z0534,2026-07-13 19:03
Z0845,2026-07-13 19:03
Z0268,2026-07-13 19:04
Z0225,2026-07-13 19:06
Z0238,2026-07-13 19:12
Z0795,2026-07-13 19:13
Z0316,2026-07-13 19:14
Z0267,2026-07-13 19:18
Z0049,2026-07-13 19:22
Z0162,2026-07-13 19:25
Z0648,2026-07-13 19:33
Z0123,2026-07-13 19:35
Z0228,2026-07-13 19:38
Z0288,2026-07-13 19:39
Z0091,2026-07-13 19:41
Z0315,2026-07-13 19:41
Z0496,2026-07-13 19:44
Z0010,2026-07-13 19:46
Z0438,2026-07-13 19:47
Z0447,2026-07-13 19:47
Z0135,2026-07-13 19:48
Z0840,2026-07-13 19:48
Z0120,2026-07-13 19:51
Z0636,2026-07-13 19:53
Z0276,2026-07-13 19:55
Z0471,2026-07-13 19:57
Z0131,2026-07-13 20:04
Z0424,2026-07-13 20:04
Z0127,2026-07-13 20:05
Z0570,2026-07-13 20:08
Z0843,2026-07-13 20:08
Z0481,2026-07-13 20:10
Z0003,2026-07-13 20:17
Z0367,2026-07-13 20:17
Z0270,2026-07-13 20:19
Z0896,2026-07-13 20:19
Z0047,2026-07-13 20:21
Z0797,2026-07-13 20:25
Z0864,2026-07-13 20:25
Z0899,2026-07-13 20:37
Z0680,2026-07-13 20:57
Z0096,2026-07-14 06:00
Z0342,2026-07-14 06:00
Z0763,2026-07-14 06:00
Z0070,2026-07-14 06:03
Z0371,2026-07-14 06:03
Z0470,2026-07-14 06:05
Z0312,2026-07-14 06:08
Z0814,2026-07-14 06:11
Z0757,2026-07-14 06:14
Z0794,2026-07-14 06:14
Z0077,2026-07-14 06:15
Z0382,2026-07-14 06:17
Z0848,2026-07-14 06:17
Z0674,2026-07-14 06:18
Z0177,2026-07-14 06:22
Z0245,2026-07-14 06:22
Z0758,2026-07-14 06:22
Z0194,2026-07-14 06:24
Z0091,2026-07-14 06:26
Z0279,2026-07-14 06:28
Z0817,2026-07-14 06:31
Z0112,2026-07-14 06:37
Z0276,2026-07-14 06:37
Z0262,2026-07-14 06:41
Z0466,2026-07-14 06:45
Z0226,2026-07-14 06:47
Z0319,2026-07-14 06:53
Z0346,2026-07-14 06:53
Z0254,2026-07-14 06:57
Z0780,2026-07-14 06:58
Z0156,2026-07-14 06:59
Z0259,2026-07-14 07:00
Z0137,2026-07-14 07:02
Z0298,2026-07-14 07:02
Z0249,2026-07-14 07:04
Z0364,2026-07-14 07:04
Z0572,2026-07-14 07:04
Z0762,2026-07-14 07:06
Z0397,2026-07-14 07:07
Z0006,2026-07-14 07:08
Z0856,2026-07-14 07:08
Z0684,2026-07-14 07:09
Z0339,2026-07-14 07:10
Z0437,2026-07-14 07:10
Z0114,2026-07-14 07:14
Z0288,2026-07-14 07:14
Z0362,2026-07-14 07:15
Z0266,2026-07-14 07:17
Z0028,2026-07-14 07:19
Z0183,2026-07-14 07:21
Z0043,2026-07-14 07:22
Z0227,2026-07-14 07:24
Z0282,2026-07-14 07:24
Z0248,2026-07-14 07:25
Z0480,2026-07-14 07:25
Z0049,2026-07-14 07:26
Z0152,2026-07-14 07:26
Z0211,2026-07-14 07:26
Z0287,2026-07-14 07:27
Z0093,2026-07-14 07:30
Z0326,2026-07-14 07:30
Z0004,2026-07-14 07:31
Z0618,2026-07-14 07:32
Z0270,2026-07-14 07:34
Z0102,2026-07-14 07:35
Z0019,2026-07-14 07:36
Z0435,2026-07-14 07:36
Z0782,2026-07-14 07:36
Z0184,2026-07-14 07:38
Z0251,2026-07-14 07:39
Z0032,2026-07-14 07:40
Z0775,2026-07-14 07:40
Z0452,2026-07-14 07:42
Z0185,2026-07-14 07:43
Z0808,2026-07-14 07:43
Z0293,2026-07-14 07:44
Z0066,2026-07-14 07:45
Z0150,2026-07-14 07:45
Z0330,2026-07-14 07:45
Z0110,2026-07-14 07:46
Z0543,2026-07-14 07:46
Z0095,2026-07-14 07:47
Z0323,2026-07-14 07:47
Z0199,2026-07-14 07:48
Z0503,2026-07-14 07:48
Z0505,2026-07-14 07:48
Z0012,2026-07-14 07:50
Z0297,2026-07-14 07:50
Z0392,2026-07-14 07:50
Z0465,2026-07-14 07:50
Z0619,2026-07-14 07:51
Z0213,2026-07-14 07:52
Z0865,2026-07-14 07:52
Z0447,2026-07-14 07:53
Z0532,2026-07-14 07:56
Z0125,2026-07-14 07:57
Z0132,2026-07-14 07:58
Z0040,2026-07-14 07:59
Z0821,2026-07-14 08:01
Z0778,2026-07-14 08:03
Z0098,2026-07-14 08:06
Z0852,2026-07-14 08:09
Z0059,2026-07-14 08:11
Z0233,2026-07-14 08:11
Z0215,2026-07-14 08:17
Z0056,2026-07-14 08:18
Z0168,2026-07-14 08:18
Z0765,2026-07-14 08:20
Z0294,2026-07-14 08:23
Z0329,2026-07-14 08:30
Z0316,2026-07-14 08:32
Z0360,2026-07-14 08:35
Z0256,2026-07-14 08:36
Z0035,2026-07-14 08:38
Z0592,2026-07-14 08:38
Z0502,2026-07-14 08:39
Z0519,2026-07-14 08:39
Z0124,2026-07-14 08:41
Z0660,2026-07-14 08:41
Z0864,2026-07-14 08:41
Z0071,2026-07-14 08:42
Z0310,2026-07-14 08:46
Z0235,2026-07-14 08:47
Z0308,2026-07-14 08:49
Z0165,2026-07-14 08:50
Z0315,2026-07-14 08:54
Z0332,2026-07-14 08:54
Z0378,2026-07-14 08:54
Z0434,2026-07-14 08:55
Z0891,2026-07-14 08:56
Z0045,2026-07-14 08:57
Z0157,2026-07-14 09:01
Z0041,2026-07-14 09:05
Z0005,2026-07-14 09:29
Z0060,2026-07-14 09:44
Z0205,2026-07-14 09:57
Z0018,2026-07-14 12:03
Z0065,2026-07-14 12:03
Z0471,2026-07-14 12:04
Z0186,2026-07-14 12:07
Z0850,2026-07-14 12:07
Z0358,2026-07-14 12:10
Z0284,2026-07-14 12:11
Z0812,2026-07-14 12:11
Z0238,2026-07-14 12:12
Z0779,2026-07-14 12:17
Z0803,2026-07-14 12:22
Z0027,2026-07-14 12:23
Z0105,2026-07-14 12:24
Z0841,2026-07-14 12:28
Z0840,2026-07-14 12:30
Z0271,2026-07-14 12:40
Z0305,2026-07-14 12:41
Z0223,2026-07-14 12:53
Z0301,2026-07-14 13:01
Z0252,2026-07-14 13:05
Z0022,2026-07-14 13:06
Z0174,2026-07-14 13:10
Z0513,2026-07-14 13:12
Z0484,2026-07-14 13:13
Z0225,2026-07-14 13:16
Z0179,2026-07-14 13:20
Z0825,2026-07-14 13:20
Z0214,2026-07-14 13:21
Z0048,2026-07-14 13:25
Z0515,2026-07-14 13:25
Z0239,2026-07-14 13:29
Z0791,2026-07-14 13:29
Z0508,2026-07-14 13:34
Z0038,2026-07-14 13:37
Z0129,2026-07-14 13:37
Z0257,2026-07-14 13:37
Z0335,2026-07-14 13:42
Z0159,2026-07-14 13:43
Z0089,2026-07-14 13:45
Z0081,2026-07-14 13:46
Z0616,2026-07-14 13:46
Z0377,2026-07-14 13:50
Z0409,2026-07-14 13:52
Z0078,2026-07-14 13:54
Z0773,2026-07-14 13:54
Z0158,2026-07-14 13:56
Z0092,2026-07-14 17:00
Z0324,2026-07-14 17:02
Z0819,2026-07-14 17:07
Z0756,2026-07-14 17:13
Z0777,2026-07-14 17:15
Z0013,2026-07-14 17:17
Z0280,2026-07-14 17:21
Z0768,2026-07-14 17:25
Z0008,2026-07-14 17:36
Z0462,2026-07-14 17:37
Z0021,2026-07-14 17:40
Z0895,2026-07-14 17:40
Z0218,2026-07-14 17:41
Z0162,2026-07-14 17:42
Z0236,2026-07-14 17:46
Z0163,2026-07-14 17:51
Z0640,2026-07-14 17:51
Z0240,2026-07-14 17:54
Z0141,2026-07-14 18:03
Z0623,2026-07-14 18:04
Z0196,2026-07-14 18:05
Z0106,2026-07-14 18:06
Z0325,2026-07-14 18:06
Z0839,2026-07-14 18:08
Z0833,2026-07-14 18:10
Z0061,2026-07-14 18:11
Z0178,2026-07-14 18:11
Z0836,2026-07-14 18:13
Z0031,2026-07-14 18:14
Z0097,2026-07-14 18:14
Z0138,2026-07-14 18:14
Z0475,2026-07-14 18:15
Z0630,2026-07-14 18:17
Z0440,2026-07-14 18:21
Z0204,2026-07-14 18:22
Z0303,2026-07-14 18:25
Z0469,2026-07-14 18:27
Z0109,2026-07-14 18:28
Z0033,2026-07-14 18:30
Z0361,2026-07-14 18:32
Z0851,2026-07-14 18:32
Z0642,2026-07-14 18:33
Z0810,2026-07-14 18:36
Z0321,2026-07-14 18:37
Z0107,2026-07-14 18:38
Z0760,2026-07-14 18:38
Z0450,2026-07-14 18:40
Z0344,2026-07-14 18:41
Z0055,2026-07-14 18:42
Z0193,2026-07-14 18:42
Z0820,2026-07-14 18:44
Z0086,2026-07-14 18:45
Z0784,2026-07-14 18:48
Z0300,2026-07-14 18:49
Z0119,2026-07-14 18:50
Z0375,2026-07-14 18:50
Z0606,2026-07-14 18:50
Z0161,2026-07-14 18:51
Z0180,2026-07-14 18:51
Z0197,2026-07-14 18:51
Z0823,2026-07-14 18:52
Z0085,2026-07-14 18:58
Z0198,2026-07-14 18:58
Z0372,2026-07-14 18:58
Z0517,2026-07-14 18:58
Z0104,2026-07-14 18:59
Z0201,2026-07-14 18:59
Z0009,2026-07-14 19:00
Z0234,2026-07-14 19:01
Z0393,2026-07-14 19:02
Z0039,2026-07-14 19:04
Z0451,2026-07-14 19:06
Z0273,2026-07-14 19:07
Z0327,2026-07-14 19:07
Z0854,2026-07-14 19:08
Z0490,2026-07-14 19:09
Z0824,2026-07-14 19:11
Z0831,2026-07-14 19:17
Z0433,2026-07-14 19:18
Z0145,2026-07-14 19:19
Z0400,2026-07-14 19:19
Z0802,2026-07-14 19:22
Z0275,2026-07-14 19:23
Z0430,2026-07-14 19:23
Z0203,2026-07-14 19:25
Z0047,2026-07-14 19:27
Z0167,2026-07-14 19:27
Z0188,2026-07-14 19:27
Z0173,2026-07-14 19:31
Z0454,2026-07-14 19:35
Z0830,2026-07-14 19:37
Z0489,2026-07-14 19:38
Z0136,2026-07-14 19:41
Z0253,2026-07-14 19:42
Z0834,2026-07-14 19:47
Z0268,2026-07-14 19:48
Z0439,2026-07-14 19:48
Z0491,2026-07-14 19:49
Z0788,2026-07-14 19:51
Z0090,2026-07-14 19:52
Z0118,2026-07-14 19:52
Z0604,2026-07-14 19:52
Z0488,2026-07-14 19:53
Z0892,2026-07-14 19:53
Z0002,2026-07-14 19:54
Z0099,2026-07-14 19:56
Z0087,2026-07-14 19:58
Z0242,2026-07-14 19:58
Z0384,2026-07-14 20:00
Z0023,2026-07-14 20:04
Z0322,2026-07-14 20:04
Z0051,2026-07-14 20:10
Z0898,2026-07-14 20:12
Z0380,2026-07-14 20:15
Z0068,2026-07-14 20:23
Z0771,2026-07-14 20:23
Z0126,2026-07-14 20:24
Z0787,2026-07-14 20:35
Z0411,2026-07-14 20:36
Z0088,2026-07-14 20:38
Z0587,2026-07-14 20:40
Z0793,2026-07-14 20:40
Z0228,2026-07-14 20:41
Z0036,2026-07-14 20:44
Z0216,2026-07-14 20:48
Z0164,2026-07-14 20:49
Z0389,2026-07-14 20:52
Z0900,2026-07-14 20:53
Z0770,2026-07-14 20:58
Z0105,2026-07-15 06:04
Z0154,2026-07-15 06:10
Z0431,2026-07-15 06:14
Z0042,2026-07-15 06:15
Z0231,2026-07-15 06:16
Z0617,2026-07-15 06:16
Z0111,2026-07-15 06:20
Z0446,2026-07-15 06:20
Z0027,2026-07-15 06:22
Z0550,2026-07-15 06:23
Z0514,2026-07-15 06:24
Z0759,2026-07-15 06:24
Z0225,2026-07-15 06:25
Z0013,2026-07-15 06:27
Z0028,2026-07-15 06:28
Z0767,2026-07-15 06:29
Z0163,2026-07-15 06:32
Z0806,2026-07-15 06:32
Z0265,2026-07-15 06:33
Z0342,2026-07-15 06:35
Z0771,2026-07-15 06:35
Z0320,2026-07-15 06:38
Z0292,2026-07-15 06:39
Z0360,2026-07-15 06:44
Z0063,2026-07-15 06:46
Z0468,2026-07-15 06:46
Z0012,2026-07-15 06:47
Z0283,2026-07-15 06:47
Z0083,2026-07-15 06:53
Z0141,2026-07-15 06:56
Z0110,2026-07-15 06:57
Z0210,2026-07-15 07:00
Z0068,2026-07-15 07:01
Z0099,2026-07-15 07:03
Z0254,2026-07-15 07:03
Z0494,2026-07-15 07:03
Z0626,2026-07-15 07:04
Z0075,2026-07-15 07:07
Z0770,2026-07-15 07:09
Z0842,2026-07-15 07:10
Z0209,2026-07-15 07:11
Z0838,2026-07-15 07:14
Z0601,2026-07-15 07:16
Z0023,2026-07-15 07:17
Z0087,2026-07-15 07:17
Z0794,2026-07-15 07:17
Z0521,2026-07-15 07:19
Z0849,2026-07-15 07:22
Z0311,2026-07-15 07:24
Z0212,2026-07-15 07:28
Z0215,2026-07-15 07:28
Z0792,2026-07-15 07:31
Z0039,2026-07-15 07:34
Z0100,2026-07-15 07:34
Z0206,2026-07-15 07:34
Z0763,2026-07-15 07:34
Z0211,2026-07-15 07:35
Z0490,2026-07-15 07:35
Z0587,2026-07-15 07:35
Z0070,2026-07-15 07:38
Z0855,2026-07-15 07:38
Z0319,2026-07-15 07:40
Z0863,2026-07-15 07:40
Z0090,2026-07-15 07:43
Z0241,2026-07-15 07:43
Z0150,2026-07-15 07:44
Z0117,2026-07-15 07:45
Z0784,2026-07-15 07:45
Z0122,2026-07-15 07:48
Z0780,2026-07-15 07:49
Z0069,2026-07-15 07:50
Z0308,2026-07-15 07:50
Z0123,2026-07-15 07:53
Z0229,2026-07-15 07:55
Z0256,2026-07-15 07:55
Z0267,2026-07-15 07:55
Z0688,2026-07-15 07:55
Z0036,2026-07-15 07:58
Z0334,2026-07-15 07:59
Z0182,2026-07-15 08:00
Z0417,2026-07-15 08:00
Z0507,2026-07-15 08:05
Z0272,2026-07-15 08:06
Z0758,2026-07-15 08:06
Z0795,2026-07-15 08:06
Z0775,2026-07-15 08:10
Z0415,2026-07-15 08:11
Z0260,2026-07-15 08:14
Z0197,2026-07-15 08:16
Z0612,2026-07-15 08:16
Z0262,2026-07-15 08:17
Z0841,2026-07-15 08:17
Z0174,2026-07-15 08:23
Z0662,2026-07-15 08:24
Z0857,2026-07-15 08:24
Z0065,2026-07-15 08:25
Z0441,2026-07-15 08:26
Z0633,2026-07-15 08:27
Z0004,2026-07-15 08:29
Z0281,2026-07-15 08:30
Z0498,2026-07-15 08:31
Z0109,2026-07-15 08:32
Z0814,2026-07-15 08:36
Z0053,2026-07-15 08:38
Z0805,2026-07-15 08:38
Z0315,2026-07-15 08:40
Z0819,2026-07-15 08:43
Z0598,2026-07-15 08:45
Z0810,2026-07-15 08:47
Z0284,2026-07-15 08:50
Z0007,2026-07-15 08:53
Z0370,2026-07-15 08:53
Z0044,2026-07-15 08:55
Z0198,2026-07-15 08:57
Z0255,2026-07-15 08:57
Z0664,2026-07-15 08:57
Z0258,2026-07-15 08:59
Z0448,2026-07-15 08:59
Z0298,2026-07-15 09:02
Z0166,2026-07-15 09:07
Z0043,2026-07-15 09:12
Z0307,2026-07-15 09:17
Z0331,2026-07-15 09:18
Z0368,2026-07-15 09:22
Z0355,2026-07-15 09:23
Z0244,2026-07-15 09:26
Z0503,2026-07-15 09:26
Z0005,2026-07-15 09:29
Z0080,2026-07-15 09:31
Z0310,2026-07-15 09:52
Z0781,2026-07-15 09:52
Z0509,2026-07-15 09:55
Z0082,2026-07-15 12:02
Z0324,2026-07-15 12:04
Z0127,2026-07-15 12:08
Z0831,2026-07-15 12:10
Z0226,2026-07-15 12:13
Z0369,2026-07-15 12:14
Z0787,2026-07-15 12:23
Z0010,2026-07-15 12:26
Z0140,2026-07-15 12:37
Z0022,2026-07-15 12:38
Z0029,2026-07-15 12:47
Z0269,2026-07-15 12:51
Z0631,2026-07-15 12:51
Z0565,2026-07-15 12:55
Z0496,2026-07-15 13:00
Z0456,2026-07-15 13:11
Z0190,2026-07-15 13:12
Z0830,2026-07-15 13:12
Z0386,2026-07-15 13:14
Z0423,2026-07-15 13:18
Z0249,2026-07-15 13:20
Z0306,2026-07-15 13:25
Z0134,2026-07-15 13:27
Z0200,2026-07-15 13:29
Z0325,2026-07-15 13:29
Z0853,2026-07-15 13:32
Z0108,2026-07-15 13:33
Z0213,2026-07-15 13:36
Z0349,2026-07-15 13:38
Z0769,2026-07-15 13:40
Z0191,2026-07-15 13:41
Z0120,2026-07-15 13:46
Z0208,2026-07-15 13:47
Z0177,2026-07-15 13:48
Z0862,2026-07-15 13:50
Z0094,2026-07-15 13:58
Z0576,2026-07-15 13:59
Z0064,2026-07-15 17:00
Z0037,2026-07-15 17:09
Z0455,2026-07-15 17:09
Z0836,2026-07-15 17:10
Z0828,2026-07-15 17:11
Z0854,2026-07-15 17:12
Z0086,2026-07-15 17:16
Z0300,2026-07-15 17:18
Z0809,2026-07-15 17:19
Z0250,2026-07-15 17:27
Z0143,2026-07-15 17:30
Z0798,2026-07-15 17:30
Z0312,2026-07-15 17:47
Z0843,2026-07-15 17:47
Z0293,2026-07-15 18:01
Z0850,2026-07-15 18:01
Z0297,2026-07-15 18:04
Z0234,2026-07-15 18:05
Z0597,2026-07-15 18:05
Z0045,2026-07-15 18:08
Z0088,2026-07-15 18:10
Z0067,2026-07-15 18:12
Z0097,2026-07-15 18:12
Z0422,2026-07-15 18:12
Z0808,2026-07-15 18:12
Z0172,2026-07-15 18:13
Z0390,2026-07-15 18:13
Z0275,2026-07-15 18:14
Z0462,2026-07-15 18:15
Z0074,2026-07-15 18:16
Z0835,2026-07-15 18:17
Z0428,2026-07-15 18:18
Z0008,2026-07-15 18:21
Z0459,2026-07-15 18:21
Z0252,2026-07-15 18:23
Z0374,2026-07-15 18:25
Z0478,2026-07-15 18:28
Z0050,2026-07-15 18:32
Z0286,2026-07-15 18:34
Z0322,2026-07-15 18:34
Z0388,2026-07-15 18:36
Z0142,2026-07-15 18:38
Z0079,2026-07-15 18:40
Z0203,2026-07-15 18:40
Z0159,2026-07-15 18:44
Z0299,2026-07-15 18:48
Z0314,2026-07-15 18:48
Z0025,2026-07-15 18:51
Z0221,2026-07-15 18:54
Z0847,2026-07-15 18:54
Z0485,2026-07-15 18:55
Z0148,2026-07-15 18:56
Z0391,2026-07-15 18:56
Z0398,2026-07-15 18:59
Z0329,2026-07-15 19:00
Z0574,2026-07-15 19:00
Z0793,2026-07-15 19:01
Z0031,2026-07-15 19:02
Z0228,2026-07-15 19:11
Z0358,2026-07-15 19:12
Z0757,2026-07-15 19:12
Z0602,2026-07-15 19:13
Z0364,2026-07-15 19:20
Z0569,2026-07-15 19:21
Z0125,2026-07-15 19:22
Z0813,2026-07-15 19:22
Z0278,2026-07-15 19:23
Z0526,2026-07-15 19:23
Z0276,2026-07-15 19:24
Z0858,2026-07-15 19:24
Z0837,2026-07-15 19:26
Z0147,2026-07-15 19:27
Z0264,2026-07-15 19:28
Z0224,2026-07-15 19:37
Z0851,2026-07-15 19:38
Z0900,2026-07-15 19:38
Z0001,2026-07-15 19:40
Z0149,2026-07-15 19:41
Z0268,2026-07-15 19:43
Z0026,2026-07-15 19:44
Z0305,2026-07-15 19:45
Z0313,2026-07-15 19:45
Z0223,2026-07-15 19:46
Z0796,2026-07-15 19:47
Z0133,2026-07-15 19:48
Z0762,2026-07-15 19:48
Z0804,2026-07-15 19:48
Z0049,2026-07-15 19:49
Z0131,2026-07-15 19:53
Z0304,2026-07-15 19:53
Z0579,2026-07-15 19:53
Z0277,2026-07-15 19:54
Z0789,2026-07-15 19:54
Z0062,2026-07-15 19:55
Z0263,2026-07-15 19:55
Z0820,2026-07-15 19:58
Z0011,2026-07-15 20:03
Z0282,2026-07-15 20:03
Z0596,2026-07-15 20:03
Z0119,2026-07-15 20:04
Z0204,2026-07-15 20:07
Z0637,2026-07-15 20:09
Z0823,2026-07-15 20:11
Z0504,2026-07-15 20:12
Z0186,2026-07-15 20:17
Z0366,2026-07-15 20:20
Z0566,2026-07-15 20:20
Z0232,2026-07-15 20:22
Z0085,2026-07-15 20:24
Z0563,2026-07-15 20:28
Z0161,2026-07-15 20:30
Z0302,2026-07-15 20:32
Z0406,2026-07-15 20:34
Z0450,2026-07-15 20:37
Z0323,2026-07-15 20:39
Z0288,2026-07-15 20:42
Z0786,2026-07-15 20:45
Z0038,2026-07-15 20:46
Z0896,2026-07-15 20:48
Z0016,2026-07-15 20:55
Z0162,2026-07-15 20:55
Z0047,2026-07-15 20:57
Z0479,2026-07-15 20:58
Z0132,2026-07-16 06:02
Z0460,2026-07-16 06:04
Z0231,2026-07-16 06:06
Z0519,2026-07-16 06:10
Z0251,2026-07-16 06:13
Z0165,2026-07-16 06:15
Z0181,2026-07-16 06:20
Z0024,2026-07-16 06:21
Z0210,2026-07-16 06:21
Z0121,2026-07-16 06:23
Z0382,2026-07-16 06:23
Z0075,2026-07-16 06:34
Z0235,2026-07-16 06:35
Z0247,2026-07-16 06:36
Z0148,2026-07-16 06:37
Z0255,2026-07-16 06:43
Z0459,2026-07-16 06:44
Z0227,2026-07-16 06:50
Z0253,2026-07-16 06:50
Z0898,2026-07-16 06:51
Z0166,2026-07-16 06:57
Z0313,2026-07-16 06:57
Z0319,2026-07-16 06:57
Z0320,2026-07-16 06:59
Z0237,2026-07-16 07:02
Z0087,2026-07-16 07:03
Z0095,2026-07-16 07:03
Z0160,2026-07-16 07:03
Z0014,2026-07-16 07:06
Z0407,2026-07-16 07:06
Z0445,2026-07-16 07:07
Z0467,2026-07-16 07:08
Z0846,2026-07-16 07:09
Z0401,2026-07-16 07:10
Z0085,2026-07-16 07:12
Z0152,2026-07-16 07:12
Z0266,2026-07-16 07:12
Z0192,2026-07-16 07:13
Z0328,2026-07-16 07:13
Z0282,2026-07-16 07:15
Z0359,2026-07-16 07:15
Z0123,2026-07-16 07:18
Z0893,2026-07-16 07:18
Z0118,2026-07-16 07:19
Z0133,2026-07-16 07:21
Z0531,2026-07-16 07:21
Z0107,2026-07-16 07:22
Z0190,2026-07-16 07:22
Z0390,2026-07-16 07:22
Z0289,2026-07-16 07:23
Z0342,2026-07-16 07:23
Z0032,2026-07-16 07:24
Z0214,2026-07-16 07:24
Z0350,2026-07-16 07:25
Z0034,2026-07-16 07:26
Z0338,2026-07-16 07:28
Z0434,2026-07-16 07:28
Z0811,2026-07-16 07:29
Z0323,2026-07-16 07:30
Z0443,2026-07-16 07:30
Z0264,2026-07-16 07:32
Z0070,2026-07-16 07:34
Z0261,2026-07-16 07:35
Z0788,2026-07-16 07:35
Z0821,2026-07-16 07:38
Z0229,2026-07-16 07:39
Z0613,2026-07-16 07:41
Z0114,2026-07-16 07:42
Z0291,2026-07-16 07:42
Z0202,2026-07-16 07:43
Z0025,2026-07-16 07:44
Z0326,2026-07-16 07:44
Z0624,2026-07-16 07:44
Z0595,2026-07-16 07:45
Z0156,2026-07-16 07:46
Z0205,2026-07-16 07:47
Z0842,2026-07-16 07:50
Z0053,2026-07-16 07:52
Z0333,2026-07-16 07:52
Z0783,2026-07-16 07:53
Z0176,2026-07-16 07:55
Z0185,2026-07-16 07:55
Z0347,2026-07-16 07:56
Z0188,2026-07-16 07:57
Z0480,2026-07-16 07:57
Z0086,2026-07-16 07:58
Z0116,2026-07-16 07:59
Z0241,2026-07-16 07:59
Z0236,2026-07-16 08:01
Z0297,2026-07-16 08:03
Z0142,2026-07-16 08:10
Z0838,2026-07-16 08:13
Z0453,2026-07-16 08:15
Z0806,2026-07-16 08:16
Z0170,2026-07-16 08:18
Z0803,2026-07-16 08:18
Z0258,2026-07-16 08:19
Z0131,2026-07-16 08:21
Z0311,2026-07-16 08:21
Z0295,2026-07-16 08:26
Z0164,2026-07-16 08:28
Z0638,2026-07-16 08:29
Z0054,2026-07-16 08:30
Z0243,2026-07-16 08:30
Z0801,2026-07-16 08:34
Z0108,2026-07-16 08:39
Z0092,2026-07-16 08:41
Z0288,2026-07-16 08:41
Z0354,2026-07-16 08:44
Z0516,2026-07-16 08:44
Z0007,2026-07-16 08:48
Z0194,2026-07-16 08:51
Z0193,2026-07-16 08:53
Z0403,2026-07-16 08:53
Z0052,2026-07-16 08:55
Z0284,2026-07-16 08:55
Z0173,2026-07-16 08:56
Z0341,2026-07-16 08:56
Z0506,2026-07-16 09:29
Z0043,2026-07-16 09:49
Z0110,2026-07-16 09:52
Z0569,2026-07-16 12:03
Z0272,2026-07-16 12:08
Z0508,2026-07-16 12:10
Z0051,2026-07-16 12:20
Z0242,2026-07-16 12:23
Z0815,2026-07-16 12:23
Z0790,2026-07-16 12:25
Z0809,2026-07-16 12:27
Z0137,2026-07-16 12:28
Z0224,2026-07-16 12:31
Z0627,2026-07-16 12:37
Z0353,2026-07-16 12:40
Z0593,2026-07-16 12:42
Z0792,2026-07-16 12:45
Z0306,2026-07-16 12:48
Z0222,2026-07-16 12:49
Z0510,2026-07-16 12:49
Z0303,2026-07-16 12:55
Z0186,2026-07-16 12:56
Z0103,2026-07-16 13:02
Z0583,2026-07-16 13:06
Z0544,2026-07-16 13:08
Z0765,2026-07-16 13:08
Z0088,2026-07-16 13:09
Z0211,2026-07-16 13:13
Z0456,2026-07-16 13:14
Z0276,2026-07-16 13:15
Z0800,2026-07-16 13:16
Z0073,2026-07-16 13:18
Z0463,2026-07-16 13:19
Z0836,2026-07-16 13:20
Z0386,2026-07-16 13:42
Z0290,2026-07-16 13:43
Z0789,2026-07-16 13:46
Z0263,2026-07-16 13:49
Z0370,2026-07-16 13:56
Z0773,2026-07-16 13:56
Z0414,2026-07-16 13:59
Z0270,2026-07-16 17:03
Z0257,2026-07-16 17:06
Z0128,2026-07-16 17:07
Z0824,2026-07-16 17:14
Z0101,2026-07-16 17:15
Z0058,2026-07-16 17:20
Z0899,2026-07-16 17:21
Z0299,2026-07-16 17:23
Z0380,2026-07-16 17:25
Z0140,2026-07-16 17:36
Z0189,2026-07-16 17:37
Z0494,2026-07-16 17:39
Z0536,2026-07-16 17:43
Z0356,2026-07-16 17:54
Z0167,2026-07-16 18:00
Z0217,2026-07-16 18:02
Z0676,2026-07-16 18:02
Z0618,2026-07-16 18:05
Z0810,2026-07-16 18:05
Z0766,2026-07-16 18:06
Z0020,2026-07-16 18:07
Z0804,2026-07-16 18:07
Z0827,2026-07-16 18:11
Z0082,2026-07-16 18:13
Z0528,2026-07-16 18:13
Z0038,2026-07-16 18:14
Z0002,2026-07-16 18:15
Z0798,2026-07-16 18:15
Z0784,2026-07-16 18:16
Z0094,2026-07-16 18:17
Z0327,2026-07-16 18:20
Z0068,2026-07-16 18:22
Z0074,2026-07-16 18:22
Z0221,2026-07-16 18:22
Z0395,2026-07-16 18:22
Z0046,2026-07-16 18:23
Z0761,2026-07-16 18:23
Z0055,2026-07-16 18:27
Z0825,2026-07-16 18:27
Z0474,2026-07-16 18:35
Z0522,2026-07-16 18:36
Z0035,2026-07-16 18:41
Z0606,2026-07-16 18:41
Z0218,2026-07-16 18:42
Z0275,2026-07-16 18:43
Z0316,2026-07-16 18:44
Z0015,2026-07-16 18:45
Z0124,2026-07-16 18:45
Z0267,2026-07-16 18:45
Z0049,2026-07-16 18:46
Z0183,2026-07-16 18:49
Z0019,2026-07-16 18:50
Z0001,2026-07-16 18:51
Z0017,2026-07-16 18:54
Z0230,2026-07-16 18:54
Z0787,2026-07-16 18:54
Z0048,2026-07-16 19:01
Z0840,2026-07-16 19:02
Z0285,2026-07-16 19:03
Z0003,2026-07-16 19:05
Z0771,2026-07-16 19:06
Z0497,2026-07-16 19:09
Z0062,2026-07-16 19:10
Z0430,2026-07-16 19:11
Z0500,2026-07-16 19:11
Z0228,2026-07-16 19:17
Z0535,2026-07-16 19:17
Z0448,2026-07-16 19:20
Z0609,2026-07-16 19:21
Z0760,2026-07-16 19:21
Z0089,2026-07-16 19:22
Z0756,2026-07-16 19:22
Z0656,2026-07-16 19:25
Z0252,2026-07-16 19:26
Z0280,2026-07-16 19:29
Z0232,2026-07-16 19:30
Z0541,2026-07-16 19:31
Z0378,2026-07-16 19:34
Z0245,2026-07-16 19:35
Z0177,2026-07-16 19:36
Z0843,2026-07-16 19:36
Z0845,2026-07-16 19:37
Z0287,2026-07-16 19:38
Z0475,2026-07-16 19:38
Z0006,2026-07-16 19:42
Z0861,2026-07-16 19:44
Z0215,2026-07-16 19:47
Z0343,2026-07-16 19:49
Z0050,2026-07-16 19:50
Z0650,2026-07-16 19:50
Z0135,2026-07-16 19:51
Z0421,2026-07-16 19:53
Z0249,2026-07-16 19:54
Z0529,2026-07-16 19:54
Z0090,2026-07-16 19:55
Z0398,2026-07-16 19:58
Z0446,2026-07-16 19:58
Z0513,2026-07-16 20:01
Z0209,2026-07-16 20:03
Z0071,2026-07-16 20:07
Z0797,2026-07-16 20:07
Z0036,2026-07-16 20:12
Z0300,2026-07-16 20:15
Z0324,2026-07-16 20:18
Z0178,2026-07-16 20:19
Z0212,2026-07-16 20:23
Z0512,2026-07-16 20:26
Z0423,2026-07-16 20:27
Z0153,2026-07-16 20:29
Z0147,2026-07-16 20:32
Z0461,2026-07-16 20:32
Z0159,2026-07-16 20:39
Z0502,2026-07-16 20:42
Z0009,2026-07-16 20:48
Z0396,2026-07-17 06:01
Z0266,2026-07-17 06:03
Z0429,2026-07-17 06:03
Z0307,2026-07-17 06:04
Z0507,2026-07-17 06:04
Z0014,2026-07-17 06:07
Z0030,2026-07-17 06:07
Z0258,2026-07-17 06:11
Z0521,2026-07-17 06:13
Z0192,2026-07-17 06:14
Z0335,2026-07-17 06:16
Z0077,2026-07-17 06:19
Z0260,2026-07-17 06:20
Z0275,2026-07-17 06:20
Z0309,2026-07-17 06:20
Z0519,2026-07-17 06:21
Z0024,2026-07-17 06:24
Z0322,2026-07-17 06:25
Z0259,2026-07-17 06:27
Z0267,2026-07-17 06:27
Z0069,2026-07-17 06:29
Z0782,2026-07-17 06:31
Z0786,2026-07-17 06:31
Z0027,2026-07-17 06:34
Z0274,2026-07-17 06:36
Z0830,2026-07-17 06:41
Z0170,2026-07-17 06:42
Z0294,2026-07-17 06:42
Z0032,2026-07-17 06:43
Z0144,2026-07-17 06:43
Z0187,2026-07-17 06:47
Z0848,2026-07-17 06:48
Z0352,2026-07-17 06:49
Z0766,2026-07-17 06:49
Z0806,2026-07-17 06:50
Z0431,2026-07-17 06:52
Z0205,2026-07-17 06:54
Z0419,2026-07-17 06:55
Z0817,2026-07-17 06:56
Z0291,2026-07-17 06:59
Z0186,2026-07-17 07:04
Z0285,2026-07-17 07:06
Z0213,2026-07-17 07:07
Z0218,2026-07-17 07:07
Z0099,2026-07-17 07:12
Z0086,2026-07-17 07:13
Z0142,2026-07-17 07:13
Z0410,2026-07-17 07:14
Z0105,2026-07-17 07:17
Z0171,2026-07-17 07:17
Z0248,2026-07-17 07:19
Z0098,2026-07-17 07:20
Z0514,2026-07-17 07:20
Z0324,2026-07-17 07:23
Z0791,2026-07-17 07:24
Z0163,2026-07-17 07:25
Z0166,2026-07-17 07:25
Z0244,2026-07-17 07:25
Z0080,2026-07-17 07:26
Z0357,2026-07-17 07:28
Z0222,2026-07-17 07:30
Z0666,2026-07-17 07:30
Z0018,2026-07-17 07:31
Z0130,2026-07-17 07:31
Z0221,2026-07-17 07:31
Z0078,2026-07-17 07:32
Z0417,2026-07-17 07:32
Z0206,2026-07-17 07:34
Z0255,2026-07-17 07:35
Z0067,2026-07-17 07:37
Z0491,2026-07-17 07:37
Z0215,2026-07-17 07:38
Z0780,2026-07-17 07:39
Z0289,2026-07-17 07:40
Z0399,2026-07-17 07:40
Z0181,2026-07-17 07:41
Z0850,2026-07-17 07:41
Z0792,2026-07-17 07:43
Z0188,2026-07-17 07:44
Z0479,2026-07-17 07:44
Z0287,2026-07-17 07:45
Z0798,2026-07-17 07:45
Z0296,2026-07-17 07:47
Z0308,2026-07-17 07:47
Z0457,2026-07-17 07:48
Z0004,2026-07-17 07:49
Z0336,2026-07-17 07:50
Z0112,2026-07-17 07:51
Z0892,2026-07-17 07:51
Z0026,2026-07-17 07:52
Z0034,2026-07-17 07:52
Z0829,2026-07-17 07:52
Z0240,2026-07-17 07:53
Z0081,2026-07-17 07:54
Z0052,2026-07-17 07:56
Z0100,2026-07-17 07:57
Z0114,2026-07-17 07:57
Z0172,2026-07-17 07:57
Z0132,2026-07-17 07:58
Z0428,2026-07-17 07:58
Z0084,2026-07-17 08:01
Z0003,2026-07-17 08:02
Z0129,2026-07-17 08:05
Z0054,2026-07-17 08:06
Z0498,2026-07-17 08:08
Z0826,2026-07-17 08:10
Z0333,2026-07-17 08:12
Z0251,2026-07-17 08:15
Z0031,2026-07-17 08:34
Z0165,2026-07-17 08:36
Z0216,2026-07-17 08:36
Z0131,2026-07-17 08:41
Z0897,2026-07-17 08:41
Z0252,2026-07-17 08:42
Z0264,2026-07-17 08:42
Z0407,2026-07-17 08:43
Z0261,2026-07-17 08:45
Z0426,2026-07-17 08:45
Z0518,2026-07-17 08:47
Z0895,2026-07-17 08:47
Z0295,2026-07-17 08:51
Z0832,2026-07-17 08:51
Z0303,2026-07-17 08:54
Z0160,2026-07-17 08:55
Z0006,2026-07-17 08:57
Z0292,2026-07-17 08:57
Z0113,2026-07-17 09:01
Z0758,2026-07-17 09:03
Z0117,2026-07-17 09:06
Z0110,2026-07-17 09:12
Z0857,2026-07-17 09:27
Z0040,2026-07-17 09:33
Z0198,2026-07-17 12:03
Z0395,2026-07-17 12:06
Z0153,2026-07-17 12:07
Z0021,2026-07-17 12:10
Z0091,2026-07-17 12:10
Z0012,2026-07-17 12:16
Z0122,2026-07-17 12:19
Z0504,2026-07-17 12:19
Z0785,2026-07-17 12:24
Z0542,2026-07-17 12:30
Z0119,2026-07-17 12:31
Z0277,2026-07-17 12:33
Z0402,2026-07-17 12:37
Z0219,2026-07-17 12:44
Z0434,2026-07-17 12:46
Z0511,2026-07-17 12:46
Z0273,2026-07-17 12:53
Z0769,2026-07-17 12:56
Z0461,2026-07-17 12:57
Z0690,2026-07-17 13:02
Z0128,2026-07-17 13:03
Z0146,2026-07-17 13:10
Z0207,2026-07-17 13:10
Z0029,2026-07-17 13:11
Z0471,2026-07-17 13:13
Z0556,2026-07-17 13:14
Z0793,2026-07-17 13:19
Z0795,2026-07-17 13:25
Z0072,2026-07-17 13:29
Z0404,2026-07-17 13:30
Z0790,2026-07-17 13:31
Z0109,2026-07-17 13:37
Z0328,2026-07-17 13:39
Z0607,2026-07-17 13:46
Z0822,2026-07-17 13:51
Z0233,2026-07-17 13:54
Z0234,2026-07-17 13:54
Z0774,2026-07-17 13:54
Z0047,2026-07-17 13:56
Z0164,2026-07-17 13:57
Z0314,2026-07-17 13:57
Z0033,2026-07-17 13:59
Z0169,2026-07-17 17:10
Z0271,2026-07-17 17:18
Z0625,2026-07-17 17:22
Z0777,2026-07-17 17:23
Z0855,2026-07-17 17:23
Z0087,2026-07-17 17:37
Z0064,2026-07-17 17:39
Z0416,2026-07-17 17:41
Z0150,2026-07-17 17:48
Z0265,2026-07-17 17:56
Z0840,2026-07-17 17:59
Z0200,2026-07-17 18:01
Z0141,2026-07-17 18:03
Z0173,2026-07-17 18:03
Z0845,2026-07-17 18:03
Z0486,2026-07-17 18:04
Z0859,2026-07-17 18:04
Z0815,2026-07-17 18:05
Z0413,2026-07-17 18:08
Z0818,2026-07-17 18:09
Z0194,2026-07-17 18:10
Z0217,2026-07-17 18:10
Z0180,2026-07-17 18:14
Z0318,2026-07-17 18:14
Z0305,2026-07-17 18:19
Z0584,2026-07-17 18:22
Z0644,2026-07-17 18:23
Z0209,2026-07-17 18:25
Z0312,2026-07-17 18:27
Z0516,2026-07-17 18:27
Z0369,2026-07-17 18:28
Z0608,2026-07-17 18:28
Z0016,2026-07-17 18:29
Z0345,2026-07-17 18:29
Z0120,2026-07-17 18:31
Z0059,2026-07-17 18:35
Z0044,2026-07-17 18:38
Z0827,2026-07-17 18:38
Z0839,2026-07-17 18:39
Z0371,2026-07-17 18:45
Z0115,2026-07-17 18:47
Z0581,2026-07-17 18:47
Z0819,2026-07-17 18:49
Z0820,2026-07-17 18:49
Z0284,2026-07-17 18:50
Z0097,2026-07-17 18:52
Z0111,2026-07-17 18:52
Z0061,2026-07-17 18:56
Z0138,2026-07-17 18:56
Z0762,2026-07-17 18:56
Z0861,2026-07-17 19:01
Z0124,2026-07-17 19:07
Z0208,2026-07-17 19:09
Z0179,2026-07-17 19:12
Z0079,2026-07-17 19:14
Z0137,2026-07-17 19:15
Z0089,2026-07-17 19:16
Z0393,2026-07-17 19:17
Z0375,2026-07-17 19:20
Z0459,2026-07-17 19:20
Z0073,2026-07-17 19:21
Z0013,2026-07-17 19:23
Z0588,2026-07-17 19:23
Z0363,2026-07-17 19:24
Z0058,2026-07-17 19:25
Z0093,2026-07-17 19:26
Z0177,2026-07-17 19:28
Z0183,2026-07-17 19:31
Z0151,2026-07-17 19:36
Z0532,2026-07-17 19:38
Z0856,2026-07-17 19:39
Z0847,2026-07-17 19:41
Z0615,2026-07-17 19:42
Z0351,2026-07-17 19:44
Z0321,2026-07-17 19:46
Z0121,2026-07-17 19:50
Z0288,2026-07-17 19:53
Z0062,2026-07-17 19:55
Z0339,2026-07-17 19:57
Z0201,2026-07-17 20:00
Z0135,2026-07-17 20:01
Z0470,2026-07-17 20:04
Z0797,2026-07-17 20:07
Z0226,2026-07-17 20:14
Z0253,2026-07-17 20:16
Z0773,2026-07-17 20:16
Z0835,2026-07-17 20:19
Z0066,2026-07-17 20:25
Z0195,2026-07-17 20:25
Z0812,2026-07-17 20:27
Z0348,2026-07-17 20:29
Z0898,2026-07-17 20:31
Z0149,2026-07-17 20:32
Z0864,2026-07-17 20:37
Z0772,2026-07-17 20:41
Z0139,2026-07-17 20:43
Z0387,2026-07-17 20:45
Z0775,2026-07-17 20:52
Z0092,2026-07-17 20:56
Z0816,2026-07-17 20:56
Z0415,2026-07-17 20:58
Z0065,2026-07-18 06:03
Z0757,2026-07-18 06:13
Z0290,2026-07-18 06:14
Z0325,2026-07-18 06:15
Z0672,2026-07-18 06:16
Z0129,2026-07-18 06:17
Z0060,2026-07-18 06:18
Z0043,2026-07-18 06:19
Z0193,2026-07-18 06:20
Z0284,2026-07-18 06:20
Z0288,2026-07-18 06:20
Z0030,2026-07-18 06:21
Z0814,2026-07-18 06:21
Z0075,2026-07-18 06:24
Z0028,2026-07-18 06:25
Z0226,2026-07-18 06:25
Z0432,2026-07-18 06:27
Z0759,2026-07-18 06:28
Z0214,2026-07-18 06:29
Z0249,2026-07-18 06:31
Z0175,2026-07-18 06:35
Z0787,2026-07-18 06:35
Z0036,2026-07-18 06:39
Z0160,2026-07-18 06:39
Z0112,2026-07-18 06:40
Z0320,2026-07-18 06:45
Z0317,2026-07-18 06:47
Z0807,2026-07-18 06:47
Z0815,2026-07-18 06:47
Z0783,2026-07-18 06:51
Z0834,2026-07-18 06:54
Z0262,2026-07-18 06:55
Z0652,2026-07-18 06:58
Z0802,2026-07-18 07:01
Z0838,2026-07-18 07:02
Z0453,2026-07-18 07:03
Z0388,2026-07-18 07:04
Z0184,2026-07-18 07:05
Z0433,2026-07-18 07:05
Z0145,2026-07-18 07:06
Z0194,2026-07-18 07:08
Z0154,2026-07-18 07:09
Z0896,2026-07-18 07:11
Z0274,2026-07-18 07:13
Z0220,2026-07-18 07:15
Z0056,2026-07-18 07:17
Z0244,2026-07-18 07:17
Z0286,2026-07-18 07:17
Z0518,2026-07-18 07:17
Z0263,2026-07-18 07:18
Z0497,2026-07-18 07:20
Z0451,2026-07-18 07:21
Z0768,2026-07-18 07:22
Z0468,2026-07-18 07:23
Z0042,2026-07-18 07:25
Z0331,2026-07-18 07:25
Z0064,2026-07-18 07:26
Z0033,2026-07-18 07:27
Z0816,2026-07-18 07:27
Z0032,2026-07-18 07:30
Z0117,2026-07-18 07:31
Z0235,2026-07-18 07:32
Z0142,2026-07-18 07:33
Z0187,2026-07-18 07:33
Z0271,2026-07-18 07:33
Z0029,2026-07-18 07:34
Z0189,2026-07-18 07:37
Z0789,2026-07-18 07:37
Z0076,2026-07-18 07:38
Z0524,2026-07-18 07:38
Z0856,2026-07-18 07:38
Z0571,2026-07-18 07:39
Z0310,2026-07-18 07:41
Z0446,2026-07-18 07:41
Z0293,2026-07-18 07:42
Z0441,2026-07-18 07:43
Z0144,2026-07-18 07:44
Z0210,2026-07-18 07:45
Z0283,2026-07-18 07:45
Z0692,2026-07-18 07:45
Z0893,2026-07-18 07:46
Z0106,2026-07-18 07:47
Z0245,2026-07-18 07:47
Z0256,2026-07-18 07:49
Z0781,2026-07-18 07:51
Z0024,2026-07-18 07:52
Z0300,2026-07-18 07:52
Z0646,2026-07-18 07:54
Z0102,2026-07-18 07:56
Z0396,2026-07-18 07:57
Z0208,2026-07-18 07:58
Z0265,2026-07-18 07:58
Z0844,2026-07-18 07:58
Z0157,2026-07-18 08:01
Z0113,2026-07-18 08:06
Z0821,2026-07-18 08:06
Z0180,2026-07-18 08:07
Z0501,2026-07-18 08:08
Z0128,2026-07-18 08:10
Z0041,2026-07-18 08:11
Z0266,2026-07-18 08:14
Z0068,2026-07-18 08:24
Z0138,2026-07-18 08:24
Z0352,2026-07-18 08:26
Z0686,2026-07-18 08:31
Z0314,2026-07-18 08:40
Z0063,2026-07-18 08:42
Z0084,2026-07-18 08:44
Z0118,2026-07-18 08:45
Z0098,2026-07-18 08:51
Z0523,2026-07-18 08:54
Z0015,2026-07-18 08:55
Z0209,2026-07-18 08:58
Z0299,2026-07-18 08:59
Z0298,2026-07-18 09:04
Z0080,2026-07-18 09:10
Z0291,2026-07-18 09:13
Z0069,2026-07-18 09:18
Z0279,2026-07-18 09:23
Z0237,2026-07-18 09:34
Z0294,2026-07-18 09:43
Z0410,2026-07-18 09:44
Z0241,2026-07-18 09:47
Z0495,2026-07-18 09:48
Z0326,2026-07-18 09:58
Z0654,2026-07-18 12:05
Z0232,2026-07-18 12:11
Z0067,2026-07-18 12:14
Z0634,2026-07-18 12:14
Z0892,2026-07-18 12:15
Z0234,2026-07-18 12:18
Z0426,2026-07-18 12:18
Z0552,2026-07-18 12:32
Z0001,2026-07-18 12:45
Z0853,2026-07-18 12:57
Z0427,2026-07-18 12:59
Z0600,2026-07-18 13:03
Z0799,2026-07-18 13:05
Z0071,2026-07-18 13:13
Z0126,2026-07-18 13:14
Z0409,2026-07-18 13:14
Z0103,2026-07-18 13:15
Z0455,2026-07-18 13:15
Z0021,2026-07-18 13:21
Z0083,2026-07-18 13:28
Z0101,2026-07-18 13:29
Z0483,2026-07-18 13:32
Z0860,2026-07-18 13:32
Z0416,2026-07-18 13:35
Z0177,2026-07-18 13:41
Z0108,2026-07-18 13:43
Z0392,2026-07-18 13:47
Z0772,2026-07-18 13:56
Z0046,2026-07-18 17:02
Z0473,2026-07-18 17:02
Z0769,2026-07-18 17:02
Z0507,2026-07-18 17:05
Z0127,2026-07-18 17:06
Z0125,2026-07-18 17:09
Z0191,2026-07-18 17:15
Z0073,2026-07-18 17:18
Z0337,2026-07-18 17:18
Z0240,2026-07-18 17:28
Z0859,2026-07-18 17:28
Z0496,2026-07-18 17:29
Z0171,2026-07-18 17:32
Z0406,2026-07-18 17:36
Z0306,2026-07-18 17:41
Z0486,2026-07-18 17:41
Z0861,2026-07-18 17:43
Z0324,2026-07-18 17:45
Z0115,2026-07-18 17:48
Z0239,2026-07-18 17:49
Z0347,2026-07-18 17:51
Z0484,2026-07-18 17:53
Z0628,2026-07-18 17:54
Z0111,2026-07-18 17:58
Z0238,2026-07-18 17:59
Z0420,2026-07-18 18:01
Z0756,2026-07-18 18:01
Z0796,2026-07-18 18:02
Z0779,2026-07-18 18:03
Z0854,2026-07-18 18:05
Z0370,2026-07-18 18:11
Z0478,2026-07-18 18:12
Z0424,2026-07-18 18:14
Z0805,2026-07-18 18:15
Z0207,2026-07-18 18:17
Z0072,2026-07-18 18:18
Z0302,2026-07-18 18:18
Z0037,2026-07-18 18:20
Z0500,2026-07-18 18:20
Z0079,2026-07-18 18:21
Z0272,2026-07-18 18:22
Z0130,2026-07-18 18:23
Z0196,2026-07-18 18:23
Z0435,2026-07-18 18:23
Z0790,2026-07-18 18:26
Z0830,2026-07-18 18:29
Z0057,2026-07-18 18:31
Z0122,2026-07-18 18:32
Z0139,2026-07-18 18:33
Z0555,2026-07-18 18:36
Z0038,2026-07-18 18:38
Z0116,2026-07-18 18:39
Z0096,2026-07-18 18:40
Z0078,2026-07-18 18:41
Z0379,2026-07-18 18:41
Z0493,2026-07-18 18:44
Z0231,2026-07-18 18:46
Z0811,2026-07-18 18:52
Z0061,2026-07-18 18:53
Z0227,2026-07-18 18:55
Z0682,2026-07-18 18:56
Z0774,2026-07-18 18:56
Z0010,2026-07-18 18:58
Z0185,2026-07-18 18:59
Z0178,2026-07-18 19:01
Z0081,2026-07-18 19:02
Z0100,2026-07-18 19:03
Z0865,2026-07-18 19:04
Z0206,2026-07-18 19:08
Z0311,2026-07-18 19:08
Z0198,2026-07-18 19:09
Z0428,2026-07-18 19:09
Z0095,2026-07-18 19:13
Z0204,2026-07-18 19:14
Z0257,2026-07-18 19:14
Z0082,2026-07-18 19:15
Z0839,2026-07-18 19:15
Z0120,2026-07-18 19:16
Z0168,2026-07-18 19:17
Z0182,2026-07-18 19:17
Z0200,2026-07-18 19:17
Z0281,2026-07-18 19:17
Z0329,2026-07-18 19:17
Z0094,2026-07-18 19:18
Z0146,2026-07-18 19:18
Z0155,2026-07-18 19:18
Z0192,2026-07-18 19:21
Z0242,2026-07-18 19:25
Z0549,2026-07-18 19:27
Z0051,2026-07-18 19:29
Z0418,2026-07-18 19:31
Z0248,2026-07-18 19:32
Z0819,2026-07-18 19:32
Z0385,2026-07-18 19:34
Z0836,2026-07-18 19:34
Z0169,2026-07-18 19:36
Z0199,2026-07-18 19:37
Z0023,2026-07-18 19:38
Z0054,2026-07-18 19:41
Z0269,2026-07-18 19:43
Z0104,2026-07-18 19:45
Z0222,2026-07-18 19:45
Z0670,2026-07-18 19:45
Z0559,2026-07-18 19:46
Z0050,2026-07-18 19:47
Z0773,2026-07-18 19:48
Z0225,2026-07-18 19:50
Z0318,2026-07-18 19:50
Z0052,2026-07-18 19:51
Z0822,2026-07-18 19:52
Z0282,2026-07-18 19:54
Z0365,2026-07-18 19:55
Z0766,2026-07-18 19:55
Z0107,2026-07-18 19:56
Z0412,2026-07-18 19:56
Z0280,2026-07-18 19:57
Z0658,2026-07-18 19:57
Z0218,2026-07-18 19:59
Z0223,2026-07-18 19:59
Z0794,2026-07-18 20:00
Z0791,2026-07-18 20:06
Z0020,2026-07-18 20:07
Z0229,2026-07-18 20:10
Z0297,2026-07-18 20:21
Z0849,2026-07-18 20:21
Z0088,2026-07-18 20:22
Z0045,2026-07-18 20:24
Z0492,2026-07-18 20:25
Z0812,2026-07-18 20:28
Z0761,2026-07-18 20:29
Z0048,2026-07-18 20:35
Z0315,2026-07-18 20:39
Z0301,2026-07-18 20:41
Z0316,2026-07-18 20:41
Z0826,2026-07-18 20:41
Z0894,2026-07-18 20:44
Z0014,2026-07-18 20:49
Z0140,2026-07-18 20:49
Z0851,2026-07-18 20:50
Z0800,2026-07-18 20:52
Z0121,2026-07-18 20:55
Z0364,2026-07-18 20:55
Z0504,2026-07-18 20:55
Z0105,2026-07-18 20:57
Z0270,2026-07-18 20:58
Z0215,2026-07-19 06:00
Z0488,2026-07-19 06:00
Z0041,2026-07-19 06:01
Z0338,2026-07-19 06:01
Z0326,2026-07-19 06:02
Z0561,2026-07-19 06:02
Z0844,2026-07-19 06:03
Z0112,2026-07-19 06:07
Z0320,2026-07-19 06:07
Z0821,2026-07-19 06:10
Z0156,2026-07-19 06:11
Z0380,2026-07-19 06:12
Z0266,2026-07-19 06:18
Z0434,2026-07-19 06:25
Z0594,2026-07-19 06:26
Z0817,2026-07-19 06:28
Z0363,2026-07-19 06:29
Z0782,2026-07-19 06:35
Z0468,2026-07-19 06:38
Z0223,2026-07-19 06:40
Z0028,2026-07-19 06:43
Z0405,2026-07-19 06:43
Z0476,2026-07-19 06:43
Z0207,2026-07-19 06:53
Z0399,2026-07-19 06:54
Z0425,2026-07-19 06:54
Z0269,2026-07-19 06:57
Z0392,2026-07-19 06:57
Z0010,2026-07-19 06:59
Z0220,2026-07-19 07:02
Z0842,2026-07-19 07:02
Z0262,2026-07-19 07:03
Z0306,2026-07-19 07:06
Z0756,2026-07-19 07:06
Z0139,2026-07-19 07:07
Z0016,2026-07-19 07:08
Z0285,2026-07-19 07:08
Z0415,2026-07-19 07:09
Z0089,2026-07-19 07:12
Z0312,2026-07-19 07:12
Z0015,2026-07-19 07:13
Z0308,2026-07-19 07:13
Z0048,2026-07-19 07:17
Z0167,2026-07-19 07:17
Z0206,2026-07-19 07:17
Z0277,2026-07-19 07:17
Z0515,2026-07-19 07:17
Z0509,2026-07-19 07:21
Z0362,2026-07-19 07:22
Z0030,2026-07-19 07:23
Z0063,2026-07-19 07:24
Z0011,2026-07-19 07:29
Z0857,2026-07-19 07:29
Z0443,2026-07-19 07:32
Z0818,2026-07-19 07:32
Z0765,2026-07-19 07:33
Z0757,2026-07-19 07:35
Z0278,2026-07-19 07:37
Z0238,2026-07-19 07:39
Z0812,2026-07-19 07:39
Z0419,2026-07-19 07:40
Z0042,2026-07-19 07:41
Z0758,2026-07-19 07:43
Z0824,2026-07-19 07:43
Z0148,2026-07-19 07:46
Z0772,2026-07-19 07:46
Z0270,2026-07-19 07:47
Z0298,2026-07-19 07:48
Z0007,2026-07-19 07:49
Z0635,2026-07-19 07:49
Z0138,2026-07-19 07:54
Z0070,2026-07-19 07:55
Z0143,2026-07-19 07:57
Z0150,2026-07-19 07:57
Z0144,2026-07-19 07:58
Z0164,2026-07-19 07:59
Z0323,2026-07-19 07:59
Z0171,2026-07-19 08:01
Z0783,2026-07-19 08:01
Z0307,2026-07-19 08:04
Z0780,2026-07-19 08:04
Z0394,2026-07-19 08:06
Z0531,2026-07-19 08:06
Z0005,2026-07-19 08:10
Z0568,2026-07-19 08:12
Z0767,2026-07-19 08:12
Z0801,2026-07-19 08:15
Z0382,2026-07-19 08:16
Z0422,2026-07-19 08:19
Z0053,2026-07-19 08:24
Z0785,2026-07-19 08:25
Z0119,2026-07-19 08:26
Z0437,2026-07-19 08:27
Z0201,2026-07-19 08:28
Z0291,2026-07-19 08:30
Z0807,2026-07-19 08:33
Z0259,2026-07-19 08:34
Z0246,2026-07-19 08:35
Z0384,2026-07-19 08:36
Z0130,2026-07-19 08:38
Z0309,2026-07-19 08:40
Z0168,2026-07-19 08:42
Z0377,2026-07-19 08:42
Z0231,2026-07-19 08:44
Z0413,2026-07-19 08:44
Z0193,2026-07-19 08:45
Z0075,2026-07-19 08:46
Z0848,2026-07-19 08:47
Z0024,2026-07-19 08:49
Z0816,2026-07-19 08:49
Z0495,2026-07-19 08:50
Z0330,2026-07-19 08:51
Z0198,2026-07-19 08:55
Z0154,2026-07-19 08:56
Z0221,2026-07-19 08:57
Z0040,2026-07-19 09:02
Z0117,2026-07-19 09:11
Z0781,2026-07-19 09:13
Z0501,2026-07-19 09:17
Z0056,2026-07-19 09:18
Z0060,2026-07-19 09:21
Z0445,2026-07-19 09:23
Z0241,2026-07-19 09:24
Z0381,2026-07-19 09:40
Z0202,2026-07-19 09:50
Z0110,2026-07-19 09:51
Z0464,2026-07-19 12:00
Z0359,2026-07-19 12:02
Z0128,2026-07-19 12:08
Z0579,2026-07-19 12:11
Z0830,2026-07-19 12:15
Z0025,2026-07-19 12:23
Z0492,2026-07-19 12:35
Z0222,2026-07-19 12:37
Z0462,2026-07-19 12:37
Z0321,2026-07-19 12:43
Z0058,2026-07-19 12:45
Z0773,2026-07-19 12:47
Z0187,2026-07-19 12:48
Z0050,2026-07-19 12:49
Z0172,2026-07-19 12:52
Z0892,2026-07-19 12:52
Z0111,2026-07-19 12:53
Z0644,2026-07-19 12:53
Z0212,2026-07-19 13:00
Z0336,2026-07-19 13:01
Z0051,2026-07-19 13:03
Z0314,2026-07-19 13:04
Z0586,2026-07-19 13:04
Z0066,2026-07-19 13:12
Z0085,2026-07-19 13:15
Z0175,2026-07-19 13:15
Z0461,2026-07-19 13:15
Z0486,2026-07-19 13:16
Z0858,2026-07-19 13:16
Z0014,2026-07-19 13:17
Z0775,2026-07-19 13:19
Z0460,2026-07-19 13:21
Z0268,2026-07-19 13:22
Z0371,2026-07-19 13:22
Z0281,2026-07-19 13:23
Z0257,2026-07-19 13:24
Z0213,2026-07-19 13:26
Z0002,2026-07-19 13:28
Z0473,2026-07-19 13:34
Z0560,2026-07-19 13:34
Z0302,2026-07-19 13:42
Z0614,2026-07-19 13:48
Z0367,2026-07-19 13:49
Z0247,2026-07-19 13:51
Z0463,2026-07-19 13:59
Z0575,2026-07-19 17:11
Z0578,2026-07-19 17:11
Z0837,2026-07-19 17:11
Z0852,2026-07-19 17:17
Z0763,2026-07-19 17:19
Z0357,2026-07-19 17:22
Z0620,2026-07-19 17:23
Z0835,2026-07-19 17:24
Z0179,2026-07-19 17:27
Z0840,2026-07-19 17:27
Z0379,2026-07-19 17:30
Z0118,2026-07-19 17:36
Z0833,2026-07-19 17:42
Z0402,2026-07-19 17:44
Z0109,2026-07-19 17:47
Z0057,2026-07-19 17:48
Z0799,2026-07-19 17:49
Z0317,2026-07-19 17:51
Z0346,2026-07-19 17:55
Z0136,2026-07-19 17:57
Z0897,2026-07-19 17:58
Z0854,2026-07-19 18:01
Z0224,2026-07-19 18:02
Z0327,2026-07-19 18:02
Z0454,2026-07-19 18:04
Z0826,2026-07-19 18:07
Z0189,2026-07-19 18:09
Z0855,2026-07-19 18:09
Z0452,2026-07-19 18:11
Z0540,2026-07-19 18:12
Z0760,2026-07-19 18:12
Z0776,2026-07-19 18:14
Z0252,2026-07-19 18:15
Z0173,2026-07-19 18:16
Z0774,2026-07-19 18:16
Z0491,2026-07-19 18:17
Z0194,2026-07-19 18:23
Z0859,2026-07-19 18:23
Z0102,2026-07-19 18:24
Z0328,2026-07-19 18:24
Z0151,2026-07-19 18:28
Z0064,2026-07-19 18:29
Z0039,2026-07-19 18:30
Z0153,2026-07-19 18:30
Z0820,2026-07-19 18:31
Z0035,2026-07-19 18:33
Z0250,2026-07-19 18:33
Z0286,2026-07-19 18:33
Z0096,2026-07-19 18:36
Z0808,2026-07-19 18:36
Z0134,2026-07-19 18:37
Z0254,2026-07-19 18:38
Z0345,2026-07-19 18:38
Z0059,2026-07-19 18:40
Z0217,2026-07-19 18:40
Z0141,2026-07-19 18:42
Z0145,2026-07-19 18:45
Z0073,2026-07-19 18:46
Z0632,2026-07-19 18:46
Z0103,2026-07-19 18:47
Z0017,2026-07-19 18:49
Z0214,2026-07-19 18:53
Z0304,2026-07-19 18:56
Z0764,2026-07-19 18:56
Z0803,2026-07-19 18:57
Z0469,2026-07-19 19:00
Z0643,2026-07-19 19:02
Z0072,2026-07-19 19:05
Z0098,2026-07-19 19:05
Z0449,2026-07-19 19:05
Z0003,2026-07-19 19:09
Z0442,2026-07-19 19:14
Z0825,2026-07-19 19:14
Z0084,2026-07-19 19:15
Z0029,2026-07-19 19:17
Z0296,2026-07-19 19:25
Z0008,2026-07-19 19:27
Z0313,2026-07-19 19:27
Z0834,2026-07-19 19:30
Z0023,2026-07-19 19:31
Z0829,2026-07-19 19:31
Z0083,2026-07-19 19:32
Z0012,2026-07-19 19:34
Z0155,2026-07-19 19:35
Z0191,2026-07-19 19:36
Z0020,2026-07-19 19:39
Z0031,2026-07-19 19:40
Z0038,2026-07-19 19:40
Z0641,2026-07-19 19:40
Z0091,2026-07-19 19:41
Z0458,2026-07-19 19:43
Z0022,2026-07-19 19:44
Z0044,2026-07-19 19:45
Z0788,2026-07-19 19:45
Z0895,2026-07-19 19:47
Z0508,2026-07-19 19:48
Z0182,2026-07-19 19:49
Z0800,2026-07-19 19:49
Z0092,2026-07-19 19:51
Z0140,2026-07-19 19:51
Z0344,2026-07-19 19:52
Z0236,2026-07-19 19:53
Z0100,2026-07-19 19:55
Z0287,2026-07-19 19:56
Z0196,2026-07-19 19:58
Z0576,2026-07-19 19:58
Z0589,2026-07-19 20:04
Z0822,2026-07-19 20:06
Z0828,2026-07-19 20:09
Z0845,2026-07-19 20:11
Z0348,2026-07-19 20:15
Z0019,2026-07-19 20:17
Z0074,2026-07-19 20:20
Z0325,2026-07-19 20:24
Z0485,2026-07-19 20:24
Z0197,2026-07-19 20:25
Z0786,2026-07-19 20:27
Z0265,2026-07-19 20:28
Z0795,2026-07-19 20:32
Z0354,2026-07-19 20:37
Z0137,2026-07-19 20:38
Z0131,2026-07-19 20:40
Z0203,2026-07-19 20:41
Z0211,2026-07-19 20:41
Z0229,2026-07-19 20:42
Z0894,2026-07-19 20:45
Z0562,2026-07-19 20:46
Z0009,2026-07-19 20:47
Z0803,2026-07-20 06:03
Z0525,2026-07-20 06:04
Z0168,2026-07-20 06:06
Z0369,2026-07-20 06:07
Z0283,2026-07-20 06:08
Z0370,2026-07-20 06:08
Z0250,2026-07-20 06:13
Z0020,2026-07-20 06:15
Z0438,2026-07-20 06:17
Z0084,2026-07-20 06:20
Z0416,2026-07-20 06:22
Z0420,2026-07-20 06:23
Z0806,2026-07-20 06:25
Z0024,2026-07-20 06:26
Z0105,2026-07-20 06:26
Z0308,2026-07-20 06:26
Z0056,2026-07-20 06:31
Z0076,2026-07-20 06:32
Z0226,2026-07-20 06:39
Z0150,2026-07-20 06:40
Z0310,2026-07-20 06:41
Z0512,2026-07-20 06:41
Z0509,2026-07-20 06:45
Z0405,2026-07-20 06:46
Z0274,2026-07-20 06:48
Z0385,2026-07-20 06:48
Z0406,2026-07-20 06:49
Z0094,2026-07-20 06:50
Z0192,2026-07-20 06:51
Z0311,2026-07-20 06:51
Z0642,2026-07-20 06:55
Z0004,2026-07-20 06:56
Z0804,2026-07-20 06:57
Z0013,2026-07-20 07:00
Z0088,2026-07-20 07:02
Z0127,2026-07-20 07:02
Z0252,2026-07-20 07:03
Z0169,2026-07-20 07:04
Z0814,2026-07-20 07:07
Z0465,2026-07-20 07:09
Z0199,2026-07-20 07:11
Z0256,2026-07-20 07:11
Z0066,2026-07-20 07:12
Z0798,2026-07-20 07:12
Z0246,2026-07-20 07:13
Z0802,2026-07-20 07:13
Z0347,2026-07-20 07:14
Z0326,2026-07-20 07:15
Z0017,2026-07-20 07:16
Z0503,2026-07-20 07:17
Z0206,2026-07-20 07:18
Z0318,2026-07-20 07:20
Z0175,2026-07-20 07:21
Z0016,2026-07-20 07:22
Z0404,2026-07-20 07:22
Z0005,2026-07-20 07:23
Z0186,2026-07-20 07:24
Z0400,2026-07-20 07:24
Z0112,2026-07-20 07:26
Z0204,2026-07-20 07:27
Z0224,2026-07-20 07:27
Z0403,2026-07-20 07:27
Z0041,2026-07-20 07:28
Z0312,2026-07-20 07:28
Z0117,2026-07-20 07:29
Z0468,2026-07-20 07:30
Z0801,2026-07-20 07:31
Z0183,2026-07-20 07:32
Z0519,2026-07-20 07:35
Z0033,2026-07-20 07:36
Z0273,2026-07-20 07:36
Z0427,2026-07-20 07:38
Z0026,2026-07-20 07:39
Z0158,2026-07-20 07:39
Z0193,2026-07-20 07:41
Z0259,2026-07-20 07:41
Z0464,2026-07-20 07:42
Z0671,2026-07-20 07:43
Z0003,2026-07-20 07:44
Z0836,2026-07-20 07:45
Z0188,2026-07-20 07:47
Z0165,2026-07-20 07:49
Z0200,2026-07-20 07:49
Z0321,2026-07-20 07:49
Z0573,2026-07-20 07:49
Z0092,2026-07-20 07:50
Z0382,2026-07-20 07:50
Z0594,2026-07-20 07:52
Z0756,2026-07-20 07:52
Z0285,2026-07-20 07:53
Z0783,2026-07-20 07:54
Z0811,2026-07-20 07:55
Z0893,2026-07-20 07:55
Z0140,2026-07-20 07:56
Z0467,2026-07-20 07:56
Z0550,2026-07-20 07:56
Z0154,2026-07-20 07:58
Z0243,2026-07-20 07:58
Z0446,2026-07-20 07:58
Z0504,2026-07-20 07:58
Z0397,2026-07-20 08:00
Z0227,2026-07-20 08:04
Z0474,2026-07-20 08:04
Z0809,2026-07-20 08:05
Z0046,2026-07-20 08:06
Z0120,2026-07-20 08:06
Z0152,2026-07-20 08:06
Z0780,2026-07-20 08:06
Z0114,2026-07-20 08:10
Z0299,2026-07-20 08:13
Z0058,2026-07-20 08:15
Z0569,2026-07-20 08:15
Z0043,2026-07-20 08:17
Z0593,2026-07-20 08:19
Z0842,2026-07-20 08:19
Z0627,2026-07-20 08:20
Z0861,2026-07-20 08:20
Z0007,2026-07-20 08:28
Z0431,2026-07-20 08:31
Z0295,2026-07-20 08:32
Z0137,2026-07-20 08:33
Z0792,2026-07-20 08:34
Z0220,2026-07-20 08:37
Z0096,2026-07-20 08:38
Z0235,2026-07-20 08:39
Z0176,2026-07-20 08:40
Z0514,2026-07-20 08:40
Z0215,2026-07-20 08:47
Z0497,2026-07-20 08:48
Z0124,2026-07-20 08:51
Z0113,2026-07-20 08:53
Z0184,2026-07-20 08:55
Z0599,2026-07-20 08:56
Z0478,2026-07-20 08:58
Z0255,2026-07-20 09:01
Z0291,2026-07-20 09:05
Z0063,2026-07-20 09:08
Z0838,2026-07-20 09:12
Z0373,2026-07-20 09:13
Z0817,2026-07-20 09:21
Z0060,2026-07-20 09:26
Z0844,2026-07-20 09:31
Z0482,2026-07-20 09:33
Z0319,2026-07-20 09:51
Z0209,2026-07-20 12:03
Z0797,2026-07-20 12:03
Z0539,2026-07-20 12:06
Z0228,2026-07-20 12:07
Z0327,2026-07-20 12:08
Z0511,2026-07-20 12:10
Z0167,2026-07-20 12:12
Z0153,2026-07-20 12:13
Z0324,2026-07-20 12:13
Z0339,2026-07-20 12:17
Z0827,2026-07-20 12:18
Z0275,2026-07-20 12:20
Z0328,2026-07-20 12:20
Z0121,2026-07-20 12:21
Z0293,2026-07-20 12:21
Z0793,2026-07-20 12:26
Z0162,2026-07-20 12:28
Z0267,2026-07-20 12:28
Z0159,2026-07-20 12:31
Z0090,2026-07-20 12:36
Z0104,2026-07-20 12:40
Z0313,2026-07-20 12:49
Z0825,2026-07-20 12:52
Z0038,2026-07-20 12:55
Z0163,2026-07-20 13:00
Z0108,2026-07-20 13:03
Z0222,2026-07-20 13:04
Z0022,2026-07-20 13:09
Z0217,2026-07-20 13:09
Z0521,2026-07-20 13:09
Z0135,2026-07-20 13:14
Z0577,2026-07-20 13:14
Z0097,2026-07-20 13:16
Z0098,2026-07-20 13:16
Z0691,2026-07-20 13:19
Z0011,2026-07-20 13:26
Z0171,2026-07-20 13:26
Z0853,2026-07-20 13:26
Z0459,2026-07-20 13:30
Z0760,2026-07-20 13:33
Z0450,2026-07-20 13:34
Z0223,2026-07-20 13:37
Z0271,2026-07-20 13:37
Z0314,2026-07-20 13:46
Z0136,2026-07-20 13:47
Z0833,2026-07-20 13:50
Z0122,2026-07-20 13:52
Z0067,2026-07-20 13:53
Z0280,2026-07-20 13:56
Z0892,2026-07-20 13:56
Z0423,2026-07-20 13:59
Z0466,2026-07-20 17:00
Z0214,2026-07-20 17:02
Z0475,2026-07-20 17:06
Z0123,2026-07-20 17:10
Z0071,2026-07-20 17:14
Z0174,2026-07-20 17:15
Z0635,2026-07-20 17:15
Z0106,2026-07-20 17:22
Z0306,2026-07-20 17:23
Z0564,2026-07-20 17:25
Z0081,2026-07-20 17:26
Z0665,2026-07-20 17:27
Z0190,2026-07-20 17:31
Z0006,2026-07-20 17:32
Z0771,2026-07-20 17:33
Z0201,2026-07-20 17:35
Z0390,2026-07-20 17:37
Z0182,2026-07-20 17:42
Z0072,2026-07-20 17:43
Z0788,2026-07-20 17:44
Z0785,2026-07-20 17:50
Z0240,2026-07-20 17:52
Z0507,2026-07-20 18:00
Z0012,2026-07-20 18:01
Z0233,2026-07-20 18:01
Z0049,2026-07-20 18:05
Z0414,2026-07-20 18:07
Z0068,2026-07-20 18:09
Z0456,2026-07-20 18:10
Z0064,2026-07-20 18:12
Z0426,2026-07-20 18:13
Z0290,2026-07-20 18:14
Z0023,2026-07-20 18:19
Z0376,2026-07-20 18:25
Z0181,2026-07-20 18:26
Z0062,2026-07-20 18:28
Z0386,2026-07-20 18:28
Z0818,2026-07-20 18:30
Z0851,2026-07-20 18:30
Z0563,2026-07-20 18:32
Z0010,2026-07-20 18:35
Z0187,2026-07-20 18:35
Z0452,2026-07-20 18:35
Z0494,2026-07-20 18:35
Z0207,2026-07-20 18:36
Z0380,2026-07-20 18:40
Z0429,2026-07-20 18:41
Z0831,2026-07-20 18:45
Z0073,2026-07-20 18:47
Z0816,2026-07-20 18:47
Z0578,2026-07-20 18:49
Z0025,2026-07-20 18:50
Z0292,2026-07-20 18:52
Z0277,2026-07-20 18:53
Z0375,2026-07-20 18:53
Z0270,2026-07-20 18:58
Z0301,2026-07-20 18:59
Z0819,2026-07-20 19:00
Z0510,2026-07-20 19:02
Z0859,2026-07-20 19:03
Z0149,2026-07-20 19:04
Z0335,2026-07-20 19:04
Z0483,2026-07-20 19:04
Z0843,2026-07-20 19:06
Z0231,2026-07-20 19:09
Z0623,2026-07-20 19:11
Z0253,2026-07-20 19:16
Z0125,2026-07-20 19:17
Z0421,2026-07-20 19:17
Z0440,2026-07-20 19:17
Z0268,2026-07-20 19:20
Z0083,2026-07-20 19:22
Z0115,2026-07-20 19:23
Z0194,2026-07-20 19:23
Z0790,2026-07-20 19:23
Z0229,2026-07-20 19:26
Z0810,2026-07-20 19:27
Z0302,2026-07-20 19:28
Z0830,2026-07-20 19:30
Z0418,2026-07-20 19:31
Z0179,2026-07-20 19:32
Z0472,2026-07-20 19:32
Z0126,2026-07-20 19:34
Z0777,2026-07-20 19:38
Z0649,2026-07-20 19:40
Z0846,2026-07-20 19:42
Z0323,2026-07-20 19:44
Z0029,2026-07-20 19:48
Z0197,2026-07-20 19:48
Z0855,2026-07-20 19:51
Z0349,2026-07-20 19:52
Z0185,2026-07-20 19:53
Z0761,2026-07-20 19:53
Z0484,2026-07-20 19:55
Z0009,2026-07-20 19:56
Z0225,2026-07-20 19:56
Z0687,2026-07-20 20:09
Z0036,2026-07-20 20:16
Z0770,2026-07-20 20:17
Z0074,2026-07-20 20:21
Z0139,2026-07-20 20:22
Z0102,2026-07-20 20:24
Z0216,2026-07-20 20:24
Z0624,2026-07-20 20:28
Z0265,2026-07-20 20:31
Z0143,2026-07-20 20:34
Z0776,2026-07-20 20:38
Z0340,2026-07-20 20:40
Z0129,2026-07-20 20:41
Z0044,2026-07-20 20:42
Z0796,2026-07-20 20:42
Z0177,2026-07-20 20:44
Z0093,2026-07-20 20:49
Z0757,2026-07-20 20:50
Z0805,2026-07-20 20:51
Z0208,2026-07-20 20:58
Z0305,2026-07-21 06:02
Z0804,2026-07-21 06:04
Z0651,2026-07-21 06:07
Z0379,2026-07-21 06:08
Z0184,2026-07-21 06:09
Z0094,2026-07-21 06:10
Z0377,2026-07-21 06:12
Z0499,2026-07-21 06:12
Z0772,2026-07-21 06:12
Z0013,2026-07-21 06:13
Z0117,2026-07-21 06:15
Z0149,2026-07-21 06:19
Z0392,2026-07-21 06:21
Z0082,2026-07-21 06:22
Z0759,2026-07-21 06:26
Z0087,2026-07-21 06:28
Z0109,2026-07-21 06:28
Z0213,2026-07-21 06:30
Z0333,2026-07-21 06:34
Z0477,2026-07-21 06:37
Z0113,2026-07-21 06:41
Z0476,2026-07-21 06:41
Z0177,2026-07-21 06:45
Z0241,2026-07-21 06:46
Z0381,2026-07-21 06:46
Z0148,2026-07-21 06:47
Z0893,2026-07-21 06:47
Z0260,2026-07-21 06:48
Z0262,2026-07-21 06:48
Z0503,2026-07-21 06:48
Z0441,2026-07-21 06:50
Z0035,2026-07-21 06:51
Z0069,2026-07-21 06:51
Z0813,2026-07-21 06:55
Z0839,2026-07-21 06:56
Z0515,2026-07-21 06:57
Z0233,2026-07-21 07:00
Z0269,2026-07-21 07:00
Z0093,2026-07-21 07:01
Z0146,2026-07-21 07:01
Z0584,2026-07-21 07:02
Z0005,2026-07-21 07:07
Z0509,2026-07-21 07:08
Z0207,2026-07-21 07:10
Z0282,2026-07-21 07:10
Z0801,2026-07-21 07:12
Z0042,2026-07-21 07:14
Z0197,2026-07-21 07:16
Z0102,2026-07-21 07:18
Z0114,2026-07-21 07:19
Z0299,2026-07-21 07:20
Z0864,2026-07-21 07:20
Z0497,2026-07-21 07:23
Z0092,2026-07-21 07:24
Z0898,2026-07-21 07:25
Z0264,2026-07-21 07:26
Z0892,2026-07-21 07:26
Z0112,2026-07-21 07:28
Z0535,2026-07-21 07:30
Z0784,2026-07-21 07:30
Z0794,2026-07-21 07:30
Z0147,2026-07-21 07:32
Z0294,2026-07-21 07:32
Z0453,2026-07-21 07:32
Z0440,2026-07-21 07:35
Z0339,2026-07-21 07:36
Z0399,2026-07-21 07:39
Z0478,2026-07-21 07:39
Z0814,2026-07-21 07:39
Z0001,2026-07-21 07:40
Z0309,2026-07-21 07:40
Z0135,2026-07-21 07:42
Z0361,2026-07-21 07:42
Z0180,2026-07-21 07:44
Z0854,2026-07-21 07:44
Z0170,2026-07-21 07:46
Z0068,2026-07-21 07:48
Z0336,2026-07-21 07:48
Z0853,2026-07-21 07:49
Z0173,2026-07-21 07:50
Z0416,2026-07-21 07:50
Z0157,2026-07-21 07:51
Z0809,2026-07-21 07:51
Z0061,2026-07-21 07:52
Z0595,2026-07-21 07:52
Z0826,2026-07-21 07:54
Z0844,2026-07-21 07:55
Z0028,2026-07-21 07:56
Z0080,2026-07-21 07:56
Z0626,2026-07-21 07:56
Z0084,2026-07-21 07:57
Z0538,2026-07-21 07:57
Z0329,2026-07-21 07:58
Z0002,2026-07-21 07:59
Z0859,2026-07-21 07:59
Z0304,2026-07-21 08:01
Z0373,2026-07-21 08:03
Z0323,2026-07-21 08:06
Z0799,2026-07-21 08:07
Z0352,2026-07-21 08:09
Z0900,2026-07-21 08:09
Z0272,2026-07-21 08:11
Z0166,2026-07-21 08:16
Z0390,2026-07-21 08:18
Z0627,2026-07-21 08:18
Z0205,2026-07-21 08:19
Z0821,2026-07-21 08:20
Z0300,2026-07-21 08:26
Z0128,2026-07-21 08:28
Z0253,2026-07-21 08:28
Z0325,2026-07-21 08:35
Z0020,2026-07-21 08:38
Z0111,2026-07-21 08:40
Z0308,2026-07-21 08:43
Z0006,2026-07-21 08:47
Z0310,2026-07-21 08:50
Z0133,2026-07-21 08:52
Z0303,2026-07-21 08:54
Z0067,2026-07-21 08:56
Z0251,2026-07-21 08:56
Z0060,2026-07-21 09:10
Z0396,2026-07-21 09:22
Z0857,2026-07-21 09:35
Z0295,2026-07-21 09:53
Z0394,2026-07-21 09:58
Z0161,2026-07-21 12:08
Z0768,2026-07-21 12:09
Z0239,2026-07-21 12:10
Z0510,2026-07-21 12:11
Z0257,2026-07-21 12:12
Z0143,2026-07-21 12:22
Z0773,2026-07-21 12:23
Z0811,2026-07-21 12:24
Z0120,2026-07-21 12:26
Z0800,2026-07-21 12:26
Z0424,2026-07-21 12:32
Z0204,2026-07-21 12:37
Z0669,2026-07-21 12:38
Z0575,2026-07-21 12:39
Z0327,2026-07-21 12:42
Z0778,2026-07-21 12:49
Z0657,2026-07-21 12:50
Z0661,2026-07-21 12:50
Z0281,2026-07-21 12:53
Z0608,2026-07-21 12:55
Z0047,2026-07-21 12:56
Z0039,2026-07-21 13:02
Z0617,2026-07-21 13:06
Z0349,2026-07-21 13:11
Z0296,2026-07-21 13:13
Z0311,2026-07-21 13:16
Z0412,2026-07-21 13:21
Z0052,2026-07-21 13:22
Z0370,2026-07-21 13:23
Z0843,2026-07-21 13:25
Z0318,2026-07-21 13:34
Z0444,2026-07-21 13:35
Z0162,2026-07-21 13:40
Z0033,2026-07-21 13:42
Z0457,2026-07-21 13:48
Z0267,2026-07-21 13:58
Z0208,2026-07-21 13:59
Z0401,2026-07-21 17:00
Z0053,2026-07-21 17:11
Z0134,2026-07-21 17:11
Z0145,2026-07-21 17:19
Z0322,2026-07-21 17:20
Z0566,2026-07-21 17:22
Z0140,2026-07-21 17:24
Z0086,2026-07-21 17:26
Z0451,2026-07-21 17:37
Z0236,2026-07-21 17:39
Z0009,2026-07-21 17:56
Z0125,2026-07-21 17:57
Z0353,2026-07-21 18:02
Z0286,2026-07-21 18:03
Z0447,2026-07-21 18:05
Z0017,2026-07-21 18:06
Z0480,2026-07-21 18:06
Z0449,2026-07-21 18:07
Z0055,2026-07-21 18:10
Z0058,2026-07-21 18:17
Z0247,2026-07-21 18:17
Z0240,2026-07-21 18:19
Z0097,2026-07-21 18:21
Z0100,2026-07-21 18:21
Z0470,2026-07-21 18:23
Z0600,2026-07-21 18:23
Z0848,2026-07-21 18:24
Z0245,2026-07-21 18:25
Z0448,2026-07-21 18:27
Z0216,2026-07-21 18:30
Z0787,2026-07-21 18:31
Z0252,2026-07-21 18:33
Z0862,2026-07-21 18:36
Z0574,2026-07-21 18:37
Z0625,2026-07-21 18:37
Z0234,2026-07-21 18:41
Z0217,2026-07-21 18:42
Z0818,2026-07-21 18:42
Z0836,2026-07-21 18:46
Z0393,2026-07-21 18:47
Z0283,2026-07-21 18:48
Z0159,2026-07-21 18:49
Z0287,2026-07-21 18:52
Z0388,2026-07-21 18:52
Z0487,2026-07-21 18:52
Z0010,2026-07-21 18:54
Z0604,2026-07-21 18:57
Z0896,2026-07-21 18:58
Z0779,2026-07-21 19:04
Z0037,2026-07-21 19:05
Z0126,2026-07-21 19:07
Z0802,2026-07-21 19:07
Z0837,2026-07-21 19:08
Z0103,2026-07-21 19:09
Z0345,2026-07-21 19:10
Z0374,2026-07-21 19:13
Z0402,2026-07-21 19:13
Z0078,2026-07-21 19:15
Z0337,2026-07-21 19:15
Z0018,2026-07-21 19:18
Z0250,2026-07-21 19:18
Z0846,2026-07-21 19:18
Z0391,2026-07-21 19:20
Z0789,2026-07-21 19:20
Z0044,2026-07-21 19:21
Z0164,2026-07-21 19:21
Z0810,2026-07-21 19:22
Z0840,2026-07-21 19:25
Z0454,2026-07-21 19:27
Z0341,2026-07-21 19:28
Z0761,2026-07-21 19:31
Z0152,2026-07-21 19:32
Z0265,2026-07-21 19:33
Z0285,2026-07-21 19:35
Z0271,2026-07-21 19:36
Z0822,2026-07-21 19:36
Z0579,2026-07-21 19:37
Z0798,2026-07-21 19:39
Z0847,2026-07-21 19:39
Z0186,2026-07-21 19:41
Z0354,2026-07-21 19:45
Z0856,2026-07-21 19:50
Z0408,2026-07-21 19:53
Z0122,2026-07-21 19:56
Z0003,2026-07-21 19:57
Z0292,2026-07-21 19:59
Z0536,2026-07-21 20:00
Z0036,2026-07-21 20:01
Z0313,2026-07-21 20:01
Z0766,2026-07-21 20:02
Z0057,2026-07-21 20:03
Z0106,2026-07-21 20:06
Z0358,2026-07-21 20:08
Z0297,2026-07-21 20:10
Z0249,2026-07-21 20:12
Z0850,2026-07-21 20:14
Z0155,2026-07-21 20:16
Z0459,2026-07-21 20:19
Z0062,2026-07-21 20:22
Z0317,2026-07-21 20:22
Z0568,2026-07-21 20:23
Z0829,2026-07-21 20:23
Z0136,2026-07-21 20:26
Z0823,2026-07-21 20:27
Z0221,2026-07-21 20:31
Z0808,2026-07-21 20:31
Z0605,2026-07-21 20:40
Z0229,2026-07-21 20:43
Z0153,2026-07-21 20:44
Z0261,2026-07-21 20:44
Z0105,2026-07-21 20:46
Z0174,2026-07-21 20:49
Z0021,2026-07-21 20:52
Z0302,2026-07-21 20:53
Z0244,2026-07-22 06:01
Z0065,2026-07-22 06:02
Z0259,2026-07-22 06:02
Z0507,2026-07-22 06:02
Z0025,2026-07-22 06:03
Z0311,2026-07-22 06:03
Z0005,2026-07-22 06:04
Z0842,2026-07-22 06:05
Z0864,2026-07-22 06:08
Z0382,2026-07-22 06:12
Z0262,2026-07-22 06:15
Z0324,2026-07-22 06:17
Z0107,2026-07-22 06:19
Z0387,2026-07-22 06:19
Z0856,2026-07-22 06:20
Z0001,2026-07-22 06:23
Z0278,2026-07-22 06:25
Z0322,2026-07-22 06:27
Z0030,2026-07-22 06:32
Z0150,2026-07-22 06:32
Z0826,2026-07-22 06:32
Z0775,2026-07-22 06:35
Z0765,2026-07-22 06:36
Z0178,2026-07-22 06:40
Z0457,2026-07-22 06:40
Z0031,2026-07-22 06:41
Z0266,2026-07-22 06:43
Z0838,2026-07-22 06:43
Z0319,2026-07-22 06:46
Z0026,2026-07-22 06:48
Z0408,2026-07-22 06:49
Z0134,2026-07-22 06:51
Z0075,2026-07-22 06:52
Z0110,2026-07-22 06:52
Z0485,2026-07-22 06:53
Z0154,2026-07-22 06:54
Z0112,2026-07-22 07:01
Z0546,2026-07-22 07:01
Z0819,2026-07-22 07:02
Z0769,2026-07-22 07:05
Z0045,2026-07-22 07:06
Z0241,2026-07-22 07:06
Z0042,2026-07-22 07:07
Z0162,2026-07-22 07:08
Z0130,2026-07-22 07:09
Z0227,2026-07-22 07:09
Z0854,2026-07-22 07:09
Z0525,2026-07-22 07:10
Z0120,2026-07-22 07:11
Z0282,2026-07-22 07:13
Z0193,2026-07-22 07:16
Z0810,2026-07-22 07:20
Z0260,2026-07-22 07:22
Z0243,2026-07-22 07:24
Z0799,2026-07-22 07:24
Z0099,2026-07-22 07:25
Z0125,2026-07-22 07:26
Z0306,2026-07-22 07:26
Z0506,2026-07-22 07:26
Z0821,2026-07-22 07:27
Z0488,2026-07-22 07:28
Z0202,2026-07-22 07:31
Z0168,2026-07-22 07:35
Z0163,2026-07-22 07:37
Z0007,2026-07-22 07:38
Z0817,2026-07-22 07:39
Z0422,2026-07-22 07:40
Z0610,2026-07-22 07:40
Z0015,2026-07-22 07:41
Z0159,2026-07-22 07:41
Z0277,2026-07-22 07:41
Z0115,2026-07-22 07:43
Z0204,2026-07-22 07:43
Z0459,2026-07-22 07:44
Z0641,2026-07-22 07:44
Z0289,2026-07-22 07:47
Z0531,2026-07-22 07:49
Z0827,2026-07-22 07:49
Z0405,2026-07-22 07:50
Z0460,2026-07-22 07:50
Z0077,2026-07-22 07:52
Z0046,2026-07-22 07:55
Z0533,2026-07-22 07:55
Z0118,2026-07-22 07:57
Z0160,2026-07-22 07:58
Z0357,2026-07-22 07:58
Z0806,2026-07-22 07:58
Z0016,2026-07-22 08:00
Z0804,2026-07-22 08:01
Z0135,2026-07-22 08:02
Z0257,2026-07-22 08:05
Z0308,2026-07-22 08:06
Z0681,2026-07-22 08:06
Z0850,2026-07-22 08:07
Z0630,2026-07-22 08:13
Z0036,2026-07-22 08:14
Z0161,2026-07-22 08:14
Z0498,2026-07-22 08:15
Z0356,2026-07-22 08:20
Z0645,2026-07-22 08:20
Z0326,2026-07-22 08:27
Z0835,2026-07-22 08:27
Z0774,2026-07-22 08:28
Z0017,2026-07-22 08:29
Z0109,2026-07-22 08:31
Z0147,2026-07-22 08:31
Z0822,2026-07-22 08:31
Z0047,2026-07-22 08:34
Z0851,2026-07-22 08:38
Z0060,2026-07-22 08:40
Z0132,2026-07-22 08:40
Z0207,2026-07-22 08:44
Z0768,2026-07-22 08:44
Z0891,2026-07-22 08:48
Z0360,2026-07-22 08:49
Z0447,2026-07-22 08:49
Z0105,2026-07-22 08:51
Z0225,2026-07-22 08:51
Z0080,2026-07-22 08:52
Z0565,2026-07-22 08:53
Z0294,2026-07-22 08:55
Z0081,2026-07-22 08:59
Z0210,2026-07-22 09:02
Z0028,2026-07-22 09:07
Z0844,2026-07-22 09:10
Z0004,2026-07-22 09:16
Z0076,2026-07-22 09:22
Z0235,2026-07-22 09:22
Z0056,2026-07-22 09:31
Z0040,2026-07-22 09:42
Z0782,2026-07-22 09:43
Z0309,2026-07-22 09:53
Z0519,2026-07-22 09:54
Z0355,2026-07-22 09:55
Z0522,2026-07-22 12:03
Z0095,2026-07-22 12:09
Z0180,2026-07-22 12:09
Z0845,2026-07-22 12:10
Z0293,2026-07-22 12:20
Z0276,2026-07-22 12:22
Z0153,2026-07-22 12:23
Z0500,2026-07-22 12:23
Z0813,2026-07-22 12:24
Z0119,2026-07-22 12:36
Z0187,2026-07-22 12:40
Z0631,2026-07-22 12:40
Z0401,2026-07-22 12:43
Z0811,2026-07-22 12:49
Z0895,2026-07-22 12:50
Z0613,2026-07-22 12:52
Z0402,2026-07-22 12:58
Z0050,2026-07-22 13:00
Z0788,2026-07-22 13:03
Z0423,2026-07-22 13:04
Z0122,2026-07-22 13:10
Z0461,2026-07-22 13:10
Z0587,2026-07-22 13:20
Z0312,2026-07-22 13:22
Z0462,2026-07-22 13:23
Z0420,2026-07-22 13:25
Z0212,2026-07-22 13:26
Z0288,2026-07-22 13:29
Z0242,2026-07-22 13:35
Z0139,2026-07-22 13:43
Z0194,2026-07-22 13:43
Z0275,2026-07-22 13:46
Z0793,2026-07-22 13:47
Z0267,2026-07-22 13:48
Z0261,2026-07-22 13:52
Z0082,2026-07-22 17:00
Z0455,2026-07-22 17:03
Z0217,2026-07-22 17:07
Z0467,2026-07-22 17:08
Z0418,2026-07-22 17:09
Z0169,2026-07-22 17:12
Z0068,2026-07-22 17:13
Z0172,2026-07-22 17:13
Z0480,2026-07-22 17:15
Z0785,2026-07-22 17:15
Z0852,2026-07-22 17:15
Z0419,2026-07-22 17:17
Z0409,2026-07-22 17:19
Z0771,2026-07-22 17:23
Z0263,2026-07-22 17:30
Z0415,2026-07-22 17:32
Z0683,2026-07-22 17:38
Z0280,2026-07-22 17:40
Z0171,2026-07-22 17:42
Z0313,2026-07-22 17:42
Z0629,2026-07-22 17:47
Z0428,2026-07-22 17:48
Z0865,2026-07-22 17:48
Z0412,2026-07-22 17:49
Z0327,2026-07-22 17:51
Z0044,2026-07-22 17:53
Z0215,2026-07-22 17:53
Z0595,2026-07-22 17:54
Z0555,2026-07-22 17:59
Z0663,2026-07-22 18:01
Z0158,2026-07-22 18:02
Z0195,2026-07-22 18:04
Z0292,2026-07-22 18:08
Z0374,2026-07-22 18:09
Z0152,2026-07-22 18:10
Z0182,2026-07-22 18:12
Z0836,2026-07-22 18:12
Z0397,2026-07-22 18:13
Z0091,2026-07-22 18:14
Z0762,2026-07-22 18:14
Z0846,2026-07-22 18:15
Z0002,2026-07-22 18:16
Z0094,2026-07-22 18:16
Z0900,2026-07-22 18:17
Z0061,2026-07-22 18:18
Z0511,2026-07-22 18:19
Z0517,2026-07-22 18:22
Z0816,2026-07-22 18:22
Z0014,2026-07-22 18:25
Z0849,2026-07-22 18:25
Z0048,2026-07-22 18:26
Z0454,2026-07-22 18:29
Z0185,2026-07-22 18:32
Z0831,2026-07-22 18:34
Z0834,2026-07-22 18:36
Z0236,2026-07-22 18:38
Z0413,2026-07-22 18:40
Z0072,2026-07-22 18:41
Z0221,2026-07-22 18:42
Z0013,2026-07-22 18:44
Z0287,2026-07-22 18:46
Z0089,2026-07-22 18:47
Z0203,2026-07-22 18:47
Z0009,2026-07-22 18:48
Z0596,2026-07-22 18:50
Z0058,2026-07-22 18:51
Z0556,2026-07-22 18:52
Z0456,2026-07-22 18:58
Z0618,2026-07-22 19:00
Z0214,2026-07-22 19:02
Z0432,2026-07-22 19:02
Z0269,2026-07-22 19:04
Z0564,2026-07-22 19:10
Z0027,2026-07-22 19:12
Z0189,2026-07-22 19:13
Z0773,2026-07-22 19:13
Z0283,2026-07-22 19:15
Z0840,2026-07-22 19:15
Z0790,2026-07-22 19:17
Z0023,2026-07-22 19:18
Z0258,2026-07-22 19:21
Z0170,2026-07-22 19:22
Z0486,2026-07-22 19:22
Z0140,2026-07-22 19:25
Z0248,2026-07-22 19:28
Z0299,2026-07-22 19:29
Z0479,2026-07-22 19:29
Z0609,2026-07-22 19:30
Z0233,2026-07-22 19:33
Z0441,2026-07-22 19:33
Z0096,2026-07-22 19:34
Z0463,2026-07-22 19:36
Z0131,2026-07-22 19:39
Z0083,2026-07-22 19:43
Z0054,2026-07-22 19:44
Z0403,2026-07-22 19:46
Z0518,2026-07-22 19:47
Z0841,2026-07-22 19:50
Z0843,2026-07-22 19:52
Z0116,2026-07-22 19:53
Z0167,2026-07-22 19:54
Z0450,2026-07-22 19:54
Z0142,2026-07-22 19:55
Z0211,2026-07-22 19:55
Z0219,2026-07-22 19:55
Z0039,2026-07-22 19:56
Z0897,2026-07-22 19:59
Z0847,2026-07-22 20:00
Z0325,2026-07-22 20:01
Z0239,2026-07-22 20:05
Z0019,2026-07-22 20:06
Z0527,2026-07-22 20:06
Z0085,2026-07-22 20:09
Z0365,2026-07-22 20:09
Z0124,2026-07-22 20:10
Z0792,2026-07-22 20:12
Z0006,2026-07-22 20:16
Z0100,2026-07-22 20:18
Z0230,2026-07-22 20:22
Z0434,2026-07-22 20:24
Z0612,2026-07-22 20:26
Z0472,2026-07-22 20:27
Z0087,2026-07-22 20:28
Z0449,2026-07-22 20:30
Z0141,2026-07-22 20:31
Z0240,2026-07-22 20:31
Z0513,2026-07-22 20:31
Z0148,2026-07-22 20:33
Z0164,2026-07-22 20:33
Z0102,2026-07-22 20:35
Z0254,2026-07-22 20:45
Z0053,2026-07-22 20:50
Z0340,2026-07-22 20:51
Z0388,2026-07-22 20:53
Z0805,2026-07-22 20:53
Z0375,2026-07-22 20:57
Z0032,2026-07-23 06:00
Z0864,2026-07-23 06:05
Z0156,2026-07-23 06:07
Z0255,2026-07-23 06:09
Z0112,2026-07-23 06:10
Z0786,2026-07-23 06:10
Z0590,2026-07-23 06:11
Z0824,2026-07-23 06:15
Z0239,2026-07-23 06:20
Z0781,2026-07-23 06:20
Z0292,2026-07-23 06:22
Z0113,2026-07-23 06:23
Z0101,2026-07-23 06:24
Z0342,2026-07-23 06:24
Z0389,2026-07-23 06:30
Z0211,2026-07-23 06:32
Z0154,2026-07-23 06:33
Z0295,2026-07-23 06:34
Z0410,2026-07-23 06:35
Z0056,2026-07-23 06:36
Z0598,2026-07-23 06:36
Z0219,2026-07-23 06:37
Z0368,2026-07-23 06:37
Z0450,2026-07-23 06:40
Z0831,2026-07-23 06:43
Z0804,2026-07-23 06:44
Z0030,2026-07-23 06:45
Z0140,2026-07-23 06:48
Z0043,2026-07-23 06:54
Z0197,2026-07-23 06:54
Z0210,2026-07-23 06:56
Z0445,2026-07-23 07:00
Z0859,2026-07-23 07:00
Z0207,2026-07-23 07:01
Z0329,2026-07-23 07:01
Z0823,2026-07-23 07:01
Z0110,2026-07-23 07:02
Z0307,2026-07-23 07:02
Z0228,2026-07-23 07:03
Z0123,2026-07-23 07:04
Z0195,2026-07-23 07:04
Z0103,2026-07-23 07:05
Z0757,2026-07-23 07:05
Z0075,2026-07-23 07:06
Z0070,2026-07-23 07:07
Z0204,2026-07-23 07:08
Z0462,2026-07-23 07:09
Z0860,2026-07-23 07:09
Z0191,2026-07-23 07:10
Z0366,2026-07-23 07:11
Z0002,2026-07-23 07:12
Z0647,2026-07-23 07:12
Z0829,2026-07-23 07:13
Z0264,2026-07-23 07:15
Z0504,2026-07-23 07:17
Z0218,2026-07-23 07:18
Z0145,2026-07-23 07:19
Z0020,2026-07-23 07:20
Z0104,2026-07-23 07:25
Z0812,2026-07-23 07:25
Z0144,2026-07-23 07:26
Z0150,2026-07-23 07:26
Z0336,2026-07-23 07:26
Z0435,2026-07-23 07:29
Z0384,2026-07-23 07:32
Z0057,2026-07-23 07:34
Z0261,2026-07-23 07:35
Z0514,2026-07-23 07:36
Z0041,2026-07-23 07:40
Z0205,2026-07-23 07:41
Z0185,2026-07-23 07:44
Z0089,2026-07-23 07:45
Z0279,2026-07-23 07:45
Z0492,2026-07-23 07:45
Z0018,2026-07-23 07:48
Z0358,2026-07-23 07:48
Z0844,2026-07-23 07:48
Z0544,2026-07-23 07:52
Z0795,2026-07-23 07:53
Z0217,2026-07-23 07:55
Z0155,2026-07-23 07:56
Z0635,2026-07-23 07:56
Z0080,2026-07-23 07:57
Z0481,2026-07-23 07:57
Z0436,2026-07-23 07:59
Z0019,2026-07-23 08:06
Z0406,2026-07-23 08:08
Z0127,2026-07-23 08:11
Z0142,2026-07-23 08:12
Z0214,2026-07-23 08:13
Z0821,2026-07-23 08:16
Z0290,2026-07-23 08:19
Z0842,2026-07-23 08:20
Z0153,2026-07-23 08:22
Z0221,2026-07-23 08:22
Z0265,2026-07-23 08:22
Z0561,2026-07-23 08:23
Z0443,2026-07-23 08:31
Z0547,2026-07-23 08:31
Z0064,2026-07-23 08:32
Z0775,2026-07-23 08:32
Z0318,2026-07-23 08:37
Z0483,2026-07-23 08:38
Z0801,2026-07-23 08:38
Z0352,2026-07-23 08:42
Z0765,2026-07-23 08:43
Z0162,2026-07-23 08:44
Z0183,2026-07-23 08:45
Z0857,2026-07-23 08:46
Z0330,2026-07-23 08:50
Z0601,2026-07-23 08:50
Z0299,2026-07-23 08:51
Z0132,2026-07-23 08:52
Z0510,2026-07-23 08:53
Z0166,2026-07-23 08:56
Z0305,2026-07-23 08:57
Z0040,2026-07-23 08:59
Z0807,2026-07-23 09:03
Z0259,2026-07-23 09:11
Z0320,2026-07-23 09:12
Z0550,2026-07-23 09:14
Z0783,2026-07-23 09:15
Z0603,2026-07-23 09:18
Z0498,2026-07-23 09:36
Z0117,2026-07-23 09:45
Z0235,2026-07-23 09:50
Z0495,2026-07-23 09:52
Z0314,2026-07-23 12:00
Z0404,2026-07-23 12:08
Z0273,2026-07-23 12:13
Z0778,2026-07-23 12:14
Z0131,2026-07-23 12:20
Z0257,2026-07-23 12:22
Z0051,2026-07-23 12:23
Z0093,2026-07-23 12:24
Z0201,2026-07-23 12:25
Z0136,2026-07-23 12:28
Z0085,2026-07-23 12:32
Z0258,2026-07-23 12:42
Z0281,2026-07-23 12:43
Z0448,2026-07-23 12:44
Z0345,2026-07-23 12:46
Z0108,2026-07-23 12:49
Z0196,2026-07-23 12:49
Z0067,2026-07-23 12:51
Z0115,2026-07-23 12:57
Z0023,2026-07-23 12:58
Z0050,2026-07-23 13:11
Z0179,2026-07-23 13:11
Z0833,2026-07-23 13:12
Z0097,2026-07-23 13:13
Z0223,2026-07-23 13:18
Z0092,2026-07-23 13:27
Z0376,2026-07-23 13:27
Z0049,2026-07-23 13:31
Z0805,2026-07-23 13:45
Z0014,2026-07-23 13:54
Z0372,2026-07-23 13:55
Z0158,2026-07-23 13:59
Z0430,2026-07-23 17:02
Z0105,2026-07-23 17:05
Z0012,2026-07-23 17:10
Z0225,2026-07-23 17:17
Z0855,2026-07-23 17:18
Z0378,2026-07-23 17:20
Z0440,2026-07-23 17:20
Z0802,2026-07-23 17:21
Z0203,2026-07-23 17:23
Z0066,2026-07-23 17:27
Z0854,2026-07-23 17:28
Z0253,2026-07-23 17:30
Z0341,2026-07-23 17:34
Z0398,2026-07-23 17:35
Z0846,2026-07-23 17:37
Z0149,2026-07-23 17:38
Z0424,2026-07-23 17:38
Z0268,2026-07-23 17:40
Z0302,2026-07-23 17:50
Z0008,2026-07-23 17:51
Z0102,2026-07-23 17:56
Z0892,2026-07-23 18:02
Z0400,2026-07-23 18:04
Z0243,2026-07-23 18:11
Z0035,2026-07-23 18:12
Z0328,2026-07-23 18:12
Z0822,2026-07-23 18:13
Z0820,2026-07-23 18:16
Z0816,2026-07-23 18:19
Z0494,2026-07-23 18:20
Z0086,2026-07-23 18:21
Z0190,2026-07-23 18:23
Z0021,2026-07-23 18:27
Z0015,2026-07-23 18:28
Z0194,2026-07-23 18:30
Z0349,2026-07-23 18:34
Z0321,2026-07-23 18:39
Z0027,2026-07-23 18:42
Z0133,2026-07-23 18:43
Z0505,2026-07-23 18:43
Z0484,2026-07-23 18:46
Z0798,2026-07-23 18:47
Z0250,2026-07-23 18:48
Z0282,2026-07-23 18:49
Z0636,2026-07-23 18:51
Z0772,2026-07-23 18:52
Z0287,2026-07-23 18:54
Z0091,2026-07-23 18:55
Z0507,2026-07-23 18:55
Z0542,2026-07-23 18:58
Z0034,2026-07-23 18:59
Z0129,2026-07-23 19:02
Z0520,2026-07-23 19:03
Z0516,2026-07-23 19:06
Z0163,2026-07-23 19:07
Z0439,2026-07-23 19:12
Z0013,2026-07-23 19:13
Z0078,2026-07-23 19:14
Z0226,2026-07-23 19:15
Z0029,2026-07-23 19:16
Z0416,2026-07-23 19:16
Z0272,2026-07-23 19:18
Z0130,2026-07-23 19:20
Z0227,2026-07-23 19:20
Z0850,2026-07-23 19:22
Z0090,2026-07-23 19:26
Z0099,2026-07-23 19:26
Z0107,2026-07-23 19:27
Z0315,2026-07-23 19:28
Z0522,2026-07-23 19:28
Z0359,2026-07-23 19:30
Z0642,2026-07-23 19:30
Z0865,2026-07-23 19:30
Z0010,2026-07-23 19:31
Z0763,2026-07-23 19:32
Z0026,2026-07-23 19:33
Z0171,2026-07-23 19:33
Z0116,2026-07-23 19:37
Z0390,2026-07-23 19:38
Z0894,2026-07-23 19:39
Z0338,2026-07-23 19:41
Z0293,2026-07-23 19:43
Z0383,2026-07-23 19:43
Z0852,2026-07-23 19:43
Z0766,2026-07-23 19:45
Z0121,2026-07-23 19:46
Z0011,2026-07-23 19:48
Z0679,2026-07-23 19:48
Z0409,2026-07-23 19:49
Z0061,2026-07-23 19:51
Z0779,2026-07-23 19:51
Z0275,2026-07-23 19:53
Z0284,2026-07-23 19:53
Z0862,2026-07-23 19:57
Z0065,2026-07-23 20:01
Z0073,2026-07-23 20:02
Z0137,2026-07-23 20:05
Z0111,2026-07-23 20:07
Z0071,2026-07-23 20:09
Z0323,2026-07-23 20:10
Z0457,2026-07-23 20:11
Z0343,2026-07-23 20:15
Z0175,2026-07-23 20:17
Z0003,2026-07-23 20:18
Z0832,2026-07-23 20:18
Z0363,2026-07-23 20:19
Z0441,2026-07-23 20:19
Z0234,2026-07-23 20:22
Z0388,2026-07-23 20:27
Z0300,2026-07-23 20:28
Z0571,2026-07-23 20:29
Z0141,2026-07-23 20:31
Z0055,2026-07-23 20:36
Z0047,2026-07-23 20:38
Z0016,2026-07-23 20:41
Z0364,2026-07-23 20:41
Z0306,2026-07-23 20:50
Z0764,2026-07-23 20:56
Z0245,2026-07-23 20:58
Z0589,2026-07-23 20:59
Z0181,2026-07-24 06:00
Z0399,2026-07-24 06:00
Z0025,2026-07-24 06:01
Z0782,2026-07-24 06:02
Z0266,2026-07-24 06:04
Z0381,2026-07-24 06:05
Z0237,2026-07-24 06:06
Z0106,2026-07-24 06:09
Z0367,2026-07-24 06:10
Z0780,2026-07-24 06:10
Z0893,2026-07-24 06:18
Z0160,2026-07-24 06:23
Z0246,2026-07-24 06:23
Z0114,2026-07-24 06:26
Z0774,2026-07-24 06:26
Z0041,2026-07-24 06:28
Z0225,2026-07-24 06:28
Z0226,2026-07-24 06:29
Z0051,2026-07-24 06:30
Z0295,2026-07-24 06:30
Z0027,2026-07-24 06:32
Z0165,2026-07-24 06:33
Z0673,2026-07-24 06:33
Z0861,2026-07-24 06:33
Z0776,2026-07-24 06:36
Z0382,2026-07-24 06:38
Z0172,2026-07-24 06:39
Z0278,2026-07-24 06:39
Z0777,2026-07-24 06:40
Z0812,2026-07-24 06:40
Z0767,2026-07-24 06:41
Z0287,2026-07-24 06:43
Z0255,2026-07-24 06:45
Z0857,2026-07-24 06:48
Z0090,2026-07-24 06:51
Z0032,2026-07-24 06:52
Z0205,2026-07-24 06:53
Z0759,2026-07-24 06:55
Z0060,2026-07-24 06:56
Z0848,2026-07-24 06:56
Z0026,2026-07-24 07:01
Z0139,2026-07-24 07:01
Z0077,2026-07-24 07:02
Z0155,2026-07-24 07:03
Z0222,2026-07-24 07:04
Z0173,2026-07-24 07:05
Z0274,2026-07-24 07:05
Z0576,2026-07-24 07:05
Z0819,2026-07-24 07:06
Z0258,2026-07-24 07:07
Z0764,2026-07-24 07:08
Z0830,2026-07-24 07:08
Z0202,2026-07-24 07:09
Z0473,2026-07-24 07:09
Z0758,2026-07-24 07:09
Z0479,2026-07-24 07:10
Z0145,2026-07-24 07:13
Z0156,2026-07-24 07:13
Z0275,2026-07-24 07:13
Z0075,2026-07-24 07:15
Z0468,2026-07-24 07:15
Z0794,2026-07-24 07:16
Z0282,2026-07-24 07:17
Z0330,2026-07-24 07:17
Z0351,2026-07-24 07:19
Z0689,2026-07-24 07:19
Z0493,2026-07-24 07:20
Z0560,2026-07-24 07:20
Z0825,2026-07-24 07:21
Z0063,2026-07-24 07:23
Z0030,2026-07-24 07:26
Z0803,2026-07-24 07:28
Z0178,2026-07-24 07:32
Z0199,2026-07-24 07:34
Z0332,2026-07-24 07:36
Z0344,2026-07-24 07:36
Z0011,2026-07-24 07:38
Z0138,2026-07-24 07:38
Z0157,2026-07-24 07:40
Z0506,2026-07-24 07:40
Z0310,2026-07-24 07:41
Z0615,2026-07-24 07:41
Z0290,2026-07-24 07:42
Z0327,2026-07-24 07:44
Z0849,2026-07-24 07:44
Z0331,2026-07-24 07:46
Z0251,2026-07-24 07:48
Z0108,2026-07-24 07:50
Z0309,2026-07-24 07:51
Z0069,2026-07-24 07:52
Z0835,2026-07-24 07:54
Z0791,2026-07-24 07:55
Z0318,2026-07-24 07:56
Z0442,2026-07-24 07:57
Z0568,2026-07-24 07:57
Z0769,2026-07-24 07:57
Z0321,2026-07-24 08:01
Z0117,2026-07-24 08:08
Z0183,2026-07-24 08:09
Z0124,2026-07-24 08:11
Z0458,2026-07-24 08:11
Z0013,2026-07-24 08:14
Z0187,2026-07-24 08:15
Z0001,2026-07-24 08:16
Z0223,2026-07-24 08:16
Z0070,2026-07-24 08:21
Z0355,2026-07-24 08:24
Z0334,2026-07-24 08:27
Z0161,2026-07-24 08:29
Z0121,2026-07-24 08:31
Z0221,2026-07-24 08:34
Z0783,2026-07-24 08:34
Z0808,2026-07-24 08:40
Z0756,2026-07-24 08:51
Z0260,2026-07-24 08:55
Z0078,2026-07-24 08:58
Z0166,2026-07-24 09:07
Z0619,2026-07-24 09:16
Z0040,2026-07-24 09:23
Z0807,2026-07-24 09:37
Z0806,2026-07-24 09:48
Z0113,2026-07-24 09:52
Z0850,2026-07-24 12:02
Z0338,2026-07-24 12:08
Z0150,2026-07-24 12:12
Z0412,2026-07-24 12:18
Z0007,2026-07-24 12:19
Z0851,2026-07-24 12:19
Z0029,2026-07-24 12:28
Z0463,2026-07-24 12:28
Z0177,2026-07-24 12:29
Z0778,2026-07-24 12:34
Z0229,2026-07-24 12:36
Z0484,2026-07-24 12:37
Z0098,2026-07-24 12:40
Z0215,2026-07-24 12:40
Z0773,2026-07-24 12:43
Z0293,2026-07-24 12:48
Z0196,2026-07-24 12:51
Z0586,2026-07-24 12:52
Z0018,2026-07-24 12:57
Z0015,2026-07-24 13:06
Z0896,2026-07-24 13:07
Z0313,2026-07-24 13:17
Z0630,2026-07-24 13:17
Z0521,2026-07-24 13:22
Z0035,2026-07-24 13:28
Z0281,2026-07-24 13:28
Z0397,2026-07-24 13:32
Z0086,2026-07-24 13:37
Z0606,2026-07-24 13:37
Z0220,2026-07-24 13:38
Z0168,2026-07-24 13:40
Z0541,2026-07-24 13:41
Z0492,2026-07-24 13:43
Z0285,2026-07-24 13:44
Z0841,2026-07-24 13:44
Z0151,2026-07-24 13:45
Z0461,2026-07-24 13:46
Z0462,2026-07-24 13:48
Z0862,2026-07-24 13:49
Z0766,2026-07-24 13:50
Z0242,2026-07-24 13:51
Z0066,2026-07-24 13:54
Z0212,2026-07-24 13:54
Z0505,2026-07-24 13:55
Z0317,2026-07-24 17:02
Z0407,2026-07-24 17:06
Z0095,2026-07-24 17:07
Z0203,2026-07-24 17:07
Z0380,2026-07-24 17:11
Z0087,2026-07-24 17:12
Z0829,2026-07-24 17:15
Z0200,2026-07-24 17:16
Z0900,2026-07-24 17:16
Z0384,2026-07-24 17:23
Z0123,2026-07-24 17:27
Z0533,2026-07-24 17:32
Z0335,2026-07-24 17:36
Z0824,2026-07-24 17:37
Z0558,2026-07-24 17:38
Z0304,2026-07-24 17:40
Z0898,2026-07-24 17:41
Z0174,2026-07-24 17:42
Z0520,2026-07-24 17:46
Z0189,2026-07-24 17:49
Z0277,2026-07-24 17:50
Z0134,2026-07-24 17:51
Z0280,2026-07-24 17:53
Z0499,2026-07-24 17:55
Z0306,2026-07-24 17:58
Z0314,2026-07-24 18:01
Z0523,2026-07-24 18:01
Z0194,2026-07-24 18:02
Z0418,2026-07-24 18:03
Z0797,2026-07-24 18:06
Z0364,2026-07-24 18:08
Z0054,2026-07-24 18:14
Z0640,2026-07-24 18:14
Z0232,2026-07-24 18:15
Z0823,2026-07-24 18:16
Z0296,2026-07-24 18:23
Z0340,2026-07-24 18:24
Z0140,2026-07-24 18:28
Z0448,2026-07-24 18:28
Z0460,2026-07-24 18:28
Z0605,2026-07-24 18:28
Z0206,2026-07-24 18:30
Z0580,2026-07-24 18:32
Z0264,2026-07-24 18:34
Z0091,2026-07-24 18:36
Z0170,2026-07-24 18:40
Z0762,2026-07-24 18:41
Z0071,2026-07-24 18:42
Z0502,2026-07-24 18:43
Z0263,2026-07-24 18:47
Z0513,2026-07-24 18:47
Z0128,2026-07-24 18:48
Z0545,2026-07-24 18:48
Z0328,2026-07-24 18:49
Z0303,2026-07-24 18:51
Z0897,2026-07-24 18:53
Z0378,2026-07-24 18:55
Z0120,2026-07-24 18:59
Z0451,2026-07-24 18:59
Z0052,2026-07-24 19:05
Z0219,2026-07-24 19:06
Z0055,2026-07-24 19:08
Z0512,2026-07-24 19:09
Z0252,2026-07-24 19:14
Z0779,2026-07-24 19:14
Z0230,2026-07-24 19:16
Z0079,2026-07-24 19:17
Z0305,2026-07-24 19:17
Z0485,2026-07-24 19:19
Z0038,2026-07-24 19:20
Z0159,2026-07-24 19:21
Z0312,2026-07-24 19:21
Z0009,2026-07-24 19:22
Z0101,2026-07-24 19:22
Z0789,2026-07-24 19:24
Z0227,2026-07-24 19:26
Z0092,2026-07-24 19:27
Z0894,2026-07-24 19:27
Z0268,2026-07-24 19:30
Z0353,2026-07-24 19:31
Z0191,2026-07-24 19:35
Z0899,2026-07-24 19:35
Z0858,2026-07-24 19:36
Z0053,2026-07-24 19:39
Z0164,2026-07-24 19:39
Z0316,2026-07-24 19:39
Z0452,2026-07-24 19:40
Z0247,2026-07-24 19:43
Z0553,2026-07-24 19:43
Z0802,2026-07-24 19:45
Z0288,2026-07-24 19:46
Z0677,2026-07-24 19:46
Z0834,2026-07-24 19:46
Z0142,2026-07-24 19:47
Z0249,2026-07-24 19:49
Z0169,2026-07-24 19:51
Z0818,2026-07-24 19:51
Z0083,2026-07-24 19:52
Z0828,2026-07-24 19:53
Z0072,2026-07-24 19:54
Z0031,2026-07-24 19:56
Z0784,2026-07-24 19:56
Z0059,2026-07-24 19:59
Z0633,2026-07-24 19:59
Z0301,2026-07-24 20:04
Z0667,2026-07-24 20:04
Z0761,2026-07-24 20:04
Z0845,2026-07-24 20:05
Z0171,2026-07-24 20:13
Z0074,2026-07-24 20:14
Z0481,2026-07-24 20:18
Z0618,2026-07-24 20:18
Z0048,2026-07-24 20:23
Z0385,2026-07-24 20:23
Z0315,2026-07-24 20:26
Z0567,2026-07-24 20:34
Z0329,2026-07-24 20:52
Z0641,2026-07-24 20:59
Z0427,2026-07-25 06:00
Z0307,2026-07-25 06:01
Z0242,2026-07-25 06:02
Z0054,2026-07-25 06:03
Z0045,2026-07-25 06:06
Z0218,2026-07-25 06:07
Z0501,2026-07-25 06:08
Z0043,2026-07-25 06:10
Z0273,2026-07-25 06:10
Z0795,2026-07-25 06:10
Z0759,2026-07-25 06:11
Z0041,2026-07-25 06:13
Z0509,2026-07-25 06:17
Z0167,2026-07-25 06:18
Z0841,2026-07-25 06:20
Z0309,2026-07-25 06:21
Z0324,2026-07-25 06:21
Z0326,2026-07-25 06:21
Z0023,2026-07-25 06:22
Z0030,2026-07-25 06:22
Z0141,2026-07-25 06:22
Z0244,2026-07-25 06:27
Z0357,2026-07-25 06:28
Z0118,2026-07-25 06:36
Z0379,2026-07-25 06:38
Z0221,2026-07-25 06:42
Z0256,2026-07-25 06:42
Z0255,2026-07-25 06:45
Z0260,2026-07-25 06:45
Z0896,2026-07-25 06:46
Z0182,2026-07-25 06:47
Z0410,2026-07-25 06:51
Z0298,2026-07-25 06:52
Z0264,2026-07-25 06:55
Z0817,2026-07-25 06:55
Z0394,2026-07-25 06:57
Z0204,2026-07-25 06:58
Z0819,2026-07-25 07:01
Z0839,2026-07-25 07:02
Z0193,2026-07-25 07:03
Z0856,2026-07-25 07:03
Z0806,2026-07-25 07:04
Z0160,2026-07-25 07:05
Z0330,2026-07-25 07:07
Z0198,2026-07-25 07:08
Z0597,2026-07-25 07:08
Z0276,2026-07-25 07:09
Z0518,2026-07-25 07:11
Z0165,2026-07-25 07:12
Z0787,2026-07-25 07:12
Z0793,2026-07-25 07:12
Z0820,2026-07-25 07:13
Z0891,2026-07-25 07:14
Z0181,2026-07-25 07:18
Z0695,2026-07-25 07:18
Z0119,2026-07-25 07:22
Z0258,2026-07-25 07:22
Z0099,2026-07-25 07:23
Z0147,2026-07-25 07:23
Z0291,2026-07-25 07:23
Z0090,2026-07-25 07:24
Z0074,2026-07-25 07:26
Z0775,2026-07-25 07:26
Z0296,2026-07-25 07:28
Z0144,2026-07-25 07:30
Z0448,2026-07-25 07:30
Z0837,2026-07-25 07:30
Z0203,2026-07-25 07:32
Z0314,2026-07-25 07:32
Z0024,2026-07-25 07:33
Z0261,2026-07-25 07:33
Z0359,2026-07-25 07:34
Z0080,2026-07-25 07:36
Z0161,2026-07-25 07:36
Z0416,2026-07-25 07:37
Z0113,2026-07-25 07:38
Z0301,2026-07-25 07:39
Z0758,2026-07-25 07:40
Z0336,2026-07-25 07:42
Z0157,2026-07-25 07:43
Z0237,2026-07-25 07:45
Z0107,2026-07-25 07:46
Z0476,2026-07-25 07:47
Z0763,2026-07-25 07:47
Z0554,2026-07-25 07:49
Z0278,2026-07-25 07:52
Z0180,2026-07-25 07:53
Z0391,2026-07-25 07:53
Z0025,2026-07-25 07:54
Z0779,2026-07-25 07:54
Z0225,2026-07-25 07:55
Z0073,2026-07-25 07:56
Z0838,2026-07-25 07:57
Z0251,2026-07-25 07:58
Z0495,2026-07-25 07:58
Z0420,2026-07-25 07:59
Z0785,2026-07-25 07:59
Z0762,2026-07-25 08:01
Z0791,2026-07-25 08:01
Z0310,2026-07-25 08:02
Z0146,2026-07-25 08:12
Z0274,2026-07-25 08:12
Z0212,2026-07-25 08:13
Z0320,2026-07-25 08:15
Z0863,2026-07-25 08:15
Z0117,2026-07-25 08:17
Z0014,2026-07-25 08:20
Z0449,2026-07-25 08:22
Z0485,2026-07-25 08:23
Z0297,2026-07-25 08:27
Z0443,2026-07-25 08:31
Z0294,2026-07-25 08:32
Z0428,2026-07-25 08:32
Z0241,2026-07-25 08:34
Z0523,2026-07-25 08:42
Z0238,2026-07-25 08:49
Z0455,2026-07-25 08:50
Z0632,2026-07-25 08:55
Z0188,2026-07-25 08:58
Z0783,2026-07-25 09:03
Z0599,2026-07-25 09:16
Z0262,2026-07-25 09:17
Z0807,2026-07-25 09:26
Z0514,2026-07-25 09:27
Z0063,2026-07-25 09:28
Z0279,2026-07-25 09:38
Z0076,2026-07-25 09:43
Z0582,2026-07-25 09:48
Z0266,2026-07-25 09:55
Z0808,2026-07-25 12:08
Z0231,2026-07-25 12:09
Z0389,2026-07-25 12:14
Z0145,2026-07-25 12:17
Z0840,2026-07-25 12:18
Z0898,2026-07-25 12:18
Z0835,2026-07-25 12:21
Z0263,2026-07-25 12:26
Z0327,2026-07-25 12:27
Z0213,2026-07-25 12:34
Z0269,2026-07-25 12:38
Z0317,2026-07-25 12:38
Z0126,2026-07-25 12:40
Z0790,2026-07-25 12:42
Z0094,2026-07-25 12:44
Z0544,2026-07-25 12:47
Z0010,2026-07-25 12:49
Z0549,2026-07-25 12:49
Z0059,2026-07-25 12:52
Z0499,2026-07-25 12:58
Z0057,2026-07-25 12:59
Z0415,2026-07-25 13:07
Z0323,2026-07-25 13:08
Z0284,2026-07-25 13:09
Z0022,2026-07-25 13:10
Z0190,2026-07-25 13:12
Z0321,2026-07-25 13:12
Z0143,2026-07-25 13:14
Z0082,2026-07-25 13:21
Z0051,2026-07-25 13:25
Z0897,2026-07-25 13:27
Z0892,2026-07-25 13:28
Z0800,2026-07-25 13:30
Z0830,2026-07-25 13:30
Z0039,2026-07-25 13:31
Z0570,2026-07-25 13:34
Z0216,2026-07-25 13:37
Z0815,2026-07-25 13:43
Z0149,2026-07-25 13:45
Z0322,2026-07-25 13:46
Z0369,2026-07-25 13:50
Z0524,2026-07-25 13:58
Z0272,2026-07-25 13:59
Z0133,2026-07-25 17:02
Z0530,2026-07-25 17:03
Z0115,2026-07-25 17:05
Z0175,2026-07-25 17:07
Z0171,2026-07-25 17:09
Z0222,2026-07-25 17:10
Z0828,2026-07-25 17:13
Z0895,2026-07-25 17:15
Z0372,2026-07-25 17:17
Z0825,2026-07-25 17:23
Z0220,2026-07-25 17:24
Z0236,2026-07-25 17:32
Z0254,2026-07-25 17:34
Z0304,2026-07-25 17:37
Z0475,2026-07-25 17:39
Z0058,2026-07-25 17:46
Z0139,2026-07-25 17:49
Z0316,2026-07-25 17:55
Z0048,2026-07-25 17:56
Z0035,2026-07-25 17:58
Z0096,2026-07-25 18:01
Z0402,2026-07-25 18:01
Z0768,2026-07-25 18:01
Z0081,2026-07-25 18:02
Z0303,2026-07-25 18:02
Z0578,2026-07-25 18:02
Z0286,2026-07-25 18:09
Z0265,2026-07-25 18:10
Z0827,2026-07-25 18:11
Z0811,2026-07-25 18:13
Z0271,2026-07-25 18:15
Z0135,2026-07-25 18:16
Z0325,2026-07-25 18:17
Z0224,2026-07-25 18:21
Z0086,2026-07-25 18:22
Z0015,2026-07-25 18:23
Z0285,2026-07-25 18:30
Z0239,2026-07-25 18:32
Z0450,2026-07-25 18:32
Z0465,2026-07-25 18:32
Z0548,2026-07-25 18:32
Z0071,2026-07-25 18:33
Z0174,2026-07-25 18:33
Z0036,2026-07-25 18:37
Z0305,2026-07-25 18:37
Z0192,2026-07-25 18:41
Z0858,2026-07-25 18:42
Z0384,2026-07-25 18:43
Z0419,2026-07-25 18:43
Z0214,2026-07-25 18:44
Z0176,2026-07-25 18:45
Z0356,2026-07-25 18:45
Z0020,2026-07-25 18:47
Z0537,2026-07-25 18:52
Z0104,2026-07-25 18:53
Z0201,2026-07-25 18:54
Z0008,2026-07-25 18:57
Z0128,2026-07-25 18:59
Z0103,2026-07-25 19:00
Z0227,2026-07-25 19:01
Z0797,2026-07-25 19:01
Z0084,2026-07-25 19:02
Z0093,2026-07-25 19:02
Z0847,2026-07-25 19:05
Z0404,2026-07-25 19:06
Z0130,2026-07-25 19:08
Z0088,2026-07-25 19:10
Z0421,2026-07-25 19:12
Z0770,2026-07-25 19:17
Z0226,2026-07-25 19:19
Z0199,2026-07-25 19:20
Z0614,2026-07-25 19:21
Z0151,2026-07-25 19:22
Z0257,2026-07-25 19:23
Z0270,2026-07-25 19:24
Z0017,2026-07-25 19:25
Z0016,2026-07-25 19:26
Z0312,2026-07-25 19:28
Z0195,2026-07-25 19:29
Z0169,2026-07-25 19:30
Z0011,2026-07-25 19:34
Z0899,2026-07-25 19:34
Z0050,2026-07-25 19:35
Z0602,2026-07-25 19:36
Z0138,2026-07-25 19:38
Z0207,2026-07-25 19:39
Z0771,2026-07-25 19:40
Z0037,2026-07-25 19:42
Z0459,2026-07-25 19:46
Z0034,2026-07-25 19:47
Z0414,2026-07-25 19:48
Z0772,2026-07-25 19:48
Z0079,2026-07-25 19:51
Z0451,2026-07-25 19:51
Z0234,2026-07-25 19:52
Z0053,2026-07-25 19:53
Z0089,2026-07-25 19:54
Z0215,2026-07-25 19:54
Z0189,2026-07-25 19:59
Z0315,2026-07-25 19:59
Z0540,2026-07-25 20:01
Z0002,2026-07-25 20:03
Z0489,2026-07-25 20:16
Z0439,2026-07-25 20:22
Z0288,2026-07-25 20:25
Z0197,2026-07-25 20:38
Z0078,2026-07-25 20:42
Z0628,2026-07-25 20:43
Z0007,2026-07-25 20:46
Z0245,2026-07-25 20:50
Z0248,2026-07-25 20:50
Z0183,2026-07-25 20:53
Z0095,2026-07-25 20:54
Z0111,2026-07-25 20:55
Z0114,2026-07-26 06:02
Z0156,2026-07-26 06:03
Z0761,2026-07-26 06:03
Z0833,2026-07-26 06:03
Z0251,2026-07-26 06:05
Z0382,2026-07-26 06:08
Z0402,2026-07-26 06:08
Z0008,2026-07-26 06:10
Z0132,2026-07-26 06:11
Z0543,2026-07-26 06:12
Z0775,2026-07-26 06:16
Z0783,2026-07-26 06:16
Z0108,2026-07-26 06:18
Z0362,2026-07-26 06:18
Z0291,2026-07-26 06:19
Z0169,2026-07-26 06:24
Z0320,2026-07-26 06:25
Z0157,2026-07-26 06:28
Z0330,2026-07-26 06:28
Z0782,2026-07-26 06:30
Z0768,2026-07-26 06:33
Z0069,2026-07-26 06:34
Z0237,2026-07-26 06:35
Z0027,2026-07-26 06:37
Z0329,2026-07-26 06:38
Z0070,2026-07-26 06:39
Z0230,2026-07-26 06:41
Z0176,2026-07-26 06:42
Z0529,2026-07-26 06:43
Z0216,2026-07-26 06:44
Z0154,2026-07-26 06:46
Z0256,2026-07-26 06:50
Z0756,2026-07-26 06:53
Z0260,2026-07-26 06:54
Z0793,2026-07-26 06:55
Z0308,2026-07-26 06:56
Z0270,2026-07-26 06:58
Z0458,2026-07-26 06:58
Z0271,2026-07-26 07:00
Z0531,2026-07-26 07:00
Z0159,2026-07-26 07:02
Z0209,2026-07-26 07:02
Z0061,2026-07-26 07:03
Z0792,2026-07-26 07:03
Z0259,2026-07-26 07:06
Z0354,2026-07-26 07:06
Z0040,2026-07-26 07:07
Z0276,2026-07-26 07:07
Z0517,2026-07-26 07:07
Z0028,2026-07-26 07:08
Z0298,2026-07-26 07:10
Z0405,2026-07-26 07:10
Z0126,2026-07-26 07:12
Z0229,2026-07-26 07:13
Z0060,2026-07-26 07:17
Z0203,2026-07-26 07:17
Z0247,2026-07-26 07:18
Z0307,2026-07-26 07:18
Z0309,2026-07-26 07:18
Z0197,2026-07-26 07:20
Z0223,2026-07-26 07:20
Z0771,2026-07-26 07:21
Z0232,2026-07-26 07:25
Z0302,2026-07-26 07:28
Z0807,2026-07-26 07:31
Z0078,2026-07-26 07:32
Z0033,2026-07-26 07:33
Z0284,2026-07-26 07:33
Z0109,2026-07-26 07:34
Z0848,2026-07-26 07:34
Z0262,2026-07-26 07:37
Z0036,2026-07-26 07:39
Z0195,2026-07-26 07:40
Z0659,2026-07-26 07:40
Z0770,2026-07-26 07:40
Z0056,2026-07-26 07:41
Z0180,2026-07-26 07:42
Z0410,2026-07-26 07:42
Z0784,2026-07-26 07:42
Z0893,2026-07-26 07:44
Z0576,2026-07-26 07:46
Z0110,2026-07-26 07:47
Z0476,2026-07-26 07:47
Z0162,2026-07-26 07:48
Z0532,2026-07-26 07:48
Z0076,2026-07-26 07:49
Z0198,2026-07-26 07:49
Z0063,2026-07-26 07:50
Z0263,2026-07-26 07:50
Z0810,2026-07-26 07:51
Z0280,2026-07-26 07:53
Z0235,2026-07-26 07:55
Z0297,2026-07-26 07:55
Z0338,2026-07-26 07:55
Z0241,2026-07-26 07:56
Z0496,2026-07-26 07:56
Z0134,2026-07-26 07:57
Z0378,2026-07-26 07:57
Z0129,2026-07-26 07:59
Z0099,2026-07-26 08:03
Z0805,2026-07-26 08:03
Z0506,2026-07-26 08:04
Z0838,2026-07-26 08:07
Z0032,2026-07-26 08:09
Z0119,2026-07-26 08:09
Z0491,2026-07-26 08:11
Z0323,2026-07-26 08:16
Z0822,2026-07-26 08:17
Z0360,2026-07-26 08:20
Z0407,2026-07-26 08:25
Z0058,2026-07-26 08:31
Z0443,2026-07-26 08:32
Z0429,2026-07-26 08:35
Z0891,2026-07-26 08:38
Z0814,2026-07-26 08:40
Z0082,2026-07-26 08:42
Z0077,2026-07-26 08:46
Z0243,2026-07-26 08:47
Z0386,2026-07-26 08:48
Z0693,2026-07-26 08:50
Z0358,2026-07-26 08:52
Z0047,2026-07-26 08:55
Z0781,2026-07-26 09:02
Z0004,2026-07-26 09:08
Z0585,2026-07-26 09:10
Z0024,2026-07-26 09:41
Z0041,2026-07-26 09:48
Z0286,2026-07-26 12:05
Z0464,2026-07-26 12:05
Z0854,2026-07-26 12:09
Z0208,2026-07-26 12:13
Z0558,2026-07-26 12:20
Z0096,2026-07-26 12:28
Z0186,2026-07-26 12:31
Z0051,2026-07-26 12:32
Z0111,2026-07-26 12:33
Z0481,2026-07-26 12:33
Z0179,2026-07-26 12:38
Z0839,2026-07-26 12:38
Z0242,2026-07-26 12:46
Z0272,2026-07-26 12:46
Z0655,2026-07-26 12:46
Z0124,2026-07-26 12:50
Z0409,2026-07-26 12:50
Z0101,2026-07-26 12:57
Z0010,2026-07-26 12:58
Z0137,2026-07-26 13:04
Z0021,2026-07-26 13:06
Z0312,2026-07-26 13:06
Z0408,2026-07-26 13:07
Z0087,2026-07-26 13:13
Z0534,2026-07-26 13:17
Z0188,2026-07-26 13:22
Z0253,2026-07-26 13:22
Z0315,2026-07-26 13:25
Z0084,2026-07-26 13:26
Z0152,2026-07-26 13:26
Z0104,2026-07-26 13:29
Z0191,2026-07-26 13:34
Z0828,2026-07-26 13:35
Z0763,2026-07-26 13:39
Z0845,2026-07-26 13:40
Z0864,2026-07-26 13:43
Z0288,2026-07-26 13:45
Z0172,2026-07-26 13:46
Z0513,2026-07-26 13:47
Z0478,2026-07-26 13:55
Z0102,2026-07-26 17:03
Z0071,2026-07-26 17:26
Z0789,2026-07-26 17:30
Z0419,2026-07-26 17:31
Z0643,2026-07-26 17:33
Z0825,2026-07-26 17:33
Z0081,2026-07-26 17:34
Z0820,2026-07-26 17:36
Z0830,2026-07-26 17:36
Z0832,2026-07-26 17:40
Z0776,2026-07-26 17:42
Z0762,2026-07-26 17:48
Z0200,2026-07-26 17:54
Z0305,2026-07-26 17:55
Z0018,2026-07-26 17:59
Z0278,2026-07-26 18:00
Z0809,2026-07-26 18:03
Z0133,2026-07-26 18:06
Z0011,2026-07-26 18:08
Z0385,2026-07-26 18:09
Z0131,2026-07-26 18:10
Z0185,2026-07-26 18:14
Z0404,2026-07-26 18:15
Z0066,2026-07-26 18:16
Z0324,2026-07-26 18:16
Z0840,2026-07-26 18:16
Z0012,2026-07-26 18:19
Z0120,2026-07-26 18:20
Z0193,2026-07-26 18:20
Z0273,2026-07-26 18:20
Z0592,2026-07-26 18:21
Z0187,2026-07-26 18:22
Z0170,2026-07-26 18:23
Z0515,2026-07-26 18:24
Z0022,2026-07-26 18:27
Z0788,2026-07-26 18:28
Z0065,2026-07-26 18:29
Z0471,2026-07-26 18:29
Z0038,2026-07-26 18:30
Z0454,2026-07-26 18:30
Z0894,2026-07-26 18:31
Z0079,2026-07-26 18:32
Z0196,2026-07-26 18:34
Z0460,2026-07-26 18:37
Z0048,2026-07-26 18:39
Z0502,2026-07-26 18:39
Z0220,2026-07-26 18:40
Z0803,2026-07-26 18:40
Z0289,2026-07-26 18:43
Z0785,2026-07-26 18:43
Z0487,2026-07-26 18:46
Z0899,2026-07-26 18:46
Z0367,2026-07-26 18:47
Z0795,2026-07-26 18:51
Z0151,2026-07-26 18:52
Z0258,2026-07-26 18:58
Z0093,2026-07-26 19:00
Z0467,2026-07-26 19:00
Z0369,2026-07-26 19:02
Z0796,2026-07-26 19:04
Z0218,2026-07-26 19:05
Z0339,2026-07-26 19:05
Z0572,2026-07-26 19:07
Z0675,2026-07-26 19:07
Z0089,2026-07-26 19:09
Z0155,2026-07-26 19:10
Z0199,2026-07-26 19:13
Z0136,2026-07-26 19:14
Z0303,2026-07-26 19:14
Z0413,2026-07-26 19:14
Z0088,2026-07-26 19:15
Z0766,2026-07-26 19:16
Z0236,2026-07-26 19:17
Z0637,2026-07-26 19:18
Z0895,2026-07-26 19:18
Z0461,2026-07-26 19:19
Z0301,2026-07-26 19:23
Z0212,2026-07-26 19:25
Z0831,2026-07-26 19:30
Z0567,2026-07-26 19:31
Z0046,2026-07-26 19:36
Z0837,2026-07-26 19:37
Z0142,2026-07-26 19:39
Z0588,2026-07-26 19:40
Z0153,2026-07-26 19:41
Z0897,2026-07-26 19:42
Z0334,2026-07-26 19:43
Z0395,2026-07-26 19:44
Z0249,2026-07-26 19:47
Z0591,2026-07-26 19:47
Z0653,2026-07-26 19:47
Z0178,2026-07-26 19:48
Z0316,2026-07-26 19:49
Z0182,2026-07-26 19:51
Z0415,2026-07-26 19:51
Z0073,2026-07-26 19:53
Z0393,2026-07-26 19:53
Z0406,2026-07-26 19:58
Z0353,2026-07-26 19:59
Z0469,2026-07-26 19:59
Z0774,2026-07-26 19:59
Z0100,2026-07-26 20:01
Z0847,2026-07-26 20:06
Z0490,2026-07-26 20:08
Z0228,2026-07-26 20:11
Z0034,2026-07-26 20:22
Z0815,2026-07-26 20:22
Z0436,2026-07-26 20:30
Z0863,2026-07-26 20:31
Z0064,2026-07-26 20:38
Z0192,2026-07-26 20:41
Z0213,2026-07-26 20:41
Z0050,2026-07-26 20:44
Z0685,2026-07-26 20:44
Z0800,2026-07-26 20:44
Z0222,2026-07-26 20:46
Z0173,2026-07-26 20:49
Z0492,2026-07-26 20:51
Z0790,2026-07-26 20:51
Z0559,2026-07-26 20:54
Z0813,2026-07-26 20:56
Z0019,2026-07-27 06:00
Z0281,2026-07-27 06:02
Z0842,2026-07-27 06:06
Z0141,2026-07-27 06:07
Z0309,2026-07-27 06:07
Z0248,2026-07-27 06:08
Z0042,2026-07-27 06:09
Z0056,2026-07-27 06:09
Z0552,2026-07-27 06:11
Z0296,2026-07-27 06:13
Z0086,2026-07-27 06:18
Z0090,2026-07-27 06:20
Z0085,2026-07-27 06:24
Z0833,2026-07-27 06:25
Z0240,2026-07-27 06:26
Z0524,2026-07-27 06:30
Z0801,2026-07-27 06:31
Z0256,2026-07-27 06:33
Z0409,2026-07-27 06:37
Z0504,2026-07-27 06:37
Z0523,2026-07-27 06:38
Z0425,2026-07-27 06:40
Z0262,2026-07-27 06:41
Z0802,2026-07-27 06:42
Z0294,2026-07-27 06:43
Z0780,2026-07-27 06:44
Z0369,2026-07-27 06:46
Z0830,2026-07-27 06:48
Z0241,2026-07-27 06:57
Z0004,2026-07-27 06:59
Z0783,2026-07-27 06:59
Z0022,2026-07-27 07:02
Z0144,2026-07-27 07:02
Z0093,2026-07-27 07:05
Z0380,2026-07-27 07:05
Z0474,2026-07-27 07:05
Z0311,2026-07-27 07:06
Z0591,2026-07-27 07:06
Z0058,2026-07-27 07:07
Z0582,2026-07-27 07:08
Z0199,2026-07-27 07:09
Z0264,2026-07-27 07:09
Z0343,2026-07-27 07:10
Z0190,2026-07-27 07:11
Z0068,2026-07-27 07:12
Z0080,2026-07-27 07:12
Z0368,2026-07-27 07:13
Z0067,2026-07-27 07:15
Z0376,2026-07-27 07:17
Z0803,2026-07-27 07:18
Z0011,2026-07-27 07:21
Z0541,2026-07-27 07:22
Z0074,2026-07-27 07:23
Z0826,2026-07-27 07:24
Z0118,2026-07-27 07:25
Z0559,2026-07-27 07:25
Z0028,2026-07-27 07:27
Z0439,2026-07-27 07:27
Z0069,2026-07-27 07:29
Z0373,2026-07-27 07:29
Z0806,2026-07-27 07:29
Z0807,2026-07-27 07:30
Z0307,2026-07-27 07:31
Z0414,2026-07-27 07:33
Z0060,2026-07-27 07:34
Z0193,2026-07-27 07:37
Z0469,2026-07-27 07:37
Z0207,2026-07-27 07:38
Z0445,2026-07-27 07:39
Z0266,2026-07-27 07:41
Z0781,2026-07-27 07:41
Z0435,2026-07-27 07:42
Z0298,2026-07-27 07:45
Z0341,2026-07-27 07:46
Z0235,2026-07-27 07:47
Z0122,2026-07-27 07:48
Z0181,2026-07-27 07:49
Z0210,2026-07-27 07:52
Z0178,2026-07-27 07:53
Z0326,2026-07-27 07:55
Z0633,2026-07-27 07:57
Z0503,2026-07-27 07:59
Z0611,2026-07-27 08:01
Z0817,2026-07-27 08:02
Z0455,2026-07-27 08:07
Z0522,2026-07-27 08:07
Z0390,2026-07-27 08:08
Z0127,2026-07-27 08:10
Z0481,2026-07-27 08:14
Z0308,2026-07-27 08:17
Z0865,2026-07-27 08:18
Z0119,2026-07-27 08:19
Z0269,2026-07-27 08:19
Z0029,2026-07-27 08:20
Z0336,2026-07-27 08:21
Z0516,2026-07-27 08:25
Z0327,2026-07-27 08:27
Z0424,2026-07-27 08:27
Z0778,2026-07-27 08:32
Z0324,2026-07-27 08:36
Z0329,2026-07-27 08:38
Z0852,2026-07-27 08:40
Z0849,2026-07-27 08:43
Z0039,2026-07-27 08:49
Z0291,2026-07-27 08:49
Z0401,2026-07-27 08:52
Z0493,2026-07-27 08:52
Z0032,2026-07-27 08:53
Z0652,2026-07-27 08:54
Z0084,2026-07-27 08:59
Z0024,2026-07-27 09:03
Z0514,2026-07-27 09:11
Z0279,2026-07-27 09:22
Z0040,2026-07-27 09:23
Z0113,2026-07-27 09:31
Z0331,2026-07-27 09:32
Z0156,2026-07-27 09:42
Z0070,2026-07-27 09:50
Z0893,2026-07-27 09:52
Z0850,2026-07-27 12:00
Z0430,2026-07-27 12:04
Z0131,2026-07-27 12:05
Z0149,2026-07-27 12:06
Z0094,2026-07-27 12:07
Z0107,2026-07-27 12:07
Z0140,2026-07-27 12:10
Z0142,2026-07-27 12:10
Z0016,2026-07-27 12:11
Z0135,2026-07-27 12:19
Z0276,2026-07-27 12:21
Z0242,2026-07-27 12:22
Z0218,2026-07-27 12:23
Z0289,2026-07-27 12:29
Z0183,2026-07-27 12:30
Z0387,2026-07-27 12:33
Z0008,2026-07-27 12:41
Z0198,2026-07-27 12:41
Z0206,2026-07-27 12:42
Z0287,2026-07-27 12:43
Z0837,2026-07-27 12:46
Z0600,2026-07-27 12:48
Z0819,2026-07-27 12:52
Z0120,2026-07-27 12:58
Z0143,2026-07-27 12:59
Z0441,2026-07-27 13:03
Z0275,2026-07-27 13:05
Z0012,2026-07-27 13:08
Z0145,2026-07-27 13:08
Z0321,2026-07-27 13:09
Z0088,2026-07-27 13:11
Z0348,2026-07-27 13:11
Z0125,2026-07-27 13:17
Z0203,2026-07-27 13:17
Z0508,2026-07-27 13:18
Z0026,2026-07-27 13:19
Z0061,2026-07-27 13:27
Z0267,2026-07-27 13:28
Z0426,2026-07-27 13:31
Z0059,2026-07-27 13:34
Z0788,2026-07-27 13:37
Z0354,2026-07-27 13:40
Z0855,2026-07-27 13:43
Z0225,2026-07-27 13:44
Z0670,2026-07-27 13:49
Z0211,2026-07-27 13:56
Z0851,2026-07-27 17:09
Z0095,2026-07-27 17:12
Z0375,2026-07-27 17:14
Z0384,2026-07-27 17:14
Z0146,2026-07-27 17:22
Z0073,2026-07-27 17:23
Z0003,2026-07-27 17:24
Z0268,2026-07-27 17:27
Z0055,2026-07-27 17:29
Z0823,2026-07-27 17:31
Z0282,2026-07-27 17:32
Z0345,2026-07-27 17:40
Z0151,2026-07-27 17:42
Z0219,2026-07-27 17:42
Z0462,2026-07-27 17:45
Z0138,2026-07-27 17:47
Z0418,2026-07-27 17:54
Z0083,2026-07-27 18:02
Z0440,2026-07-27 18:02
Z0372,2026-07-27 18:03
Z0072,2026-07-27 18:04
Z0288,2026-07-27 18:09
Z0467,2026-07-27 18:12
Z0690,2026-07-27 18:12
Z0775,2026-07-27 18:13
Z0121,2026-07-27 18:14
Z0115,2026-07-27 18:17
Z0841,2026-07-27 18:18
Z0386,2026-07-27 18:19
Z0286,2026-07-27 18:21
Z0834,2026-07-27 18:25
Z0314,2026-07-27 18:26
Z0374,2026-07-27 18:26
Z0485,2026-07-27 18:26
Z0898,2026-07-27 18:27
Z0179,2026-07-27 18:28
Z0576,2026-07-27 18:28
Z0843,2026-07-27 18:29
Z0009,2026-07-27 18:30
Z0006,2026-07-27 18:31
Z0400,2026-07-27 18:35
Z0472,2026-07-27 18:37
Z0432,2026-07-27 18:44
Z0827,2026-07-27 18:45
Z0050,2026-07-27 18:47
Z0438,2026-07-27 18:48
Z0899,2026-07-27 18:49
Z0175,2026-07-27 18:51
Z0252,2026-07-27 18:51
Z0502,2026-07-27 18:52
Z0091,2026-07-27 18:53
Z0604,2026-07-27 18:53
Z0542,2026-07-27 18:55
Z0303,2026-07-27 18:57
Z0129,2026-07-27 19:06
Z0292,2026-07-27 19:07
Z0253,2026-07-27 19:09
Z0234,2026-07-27 19:10
Z0549,2026-07-27 19:11
Z0846,2026-07-27 19:12
Z0798,2026-07-27 19:13
Z0130,2026-07-27 19:14
Z0101,2026-07-27 19:16
Z0123,2026-07-27 19:16
Z0313,2026-07-27 19:16
Z0561,2026-07-27 19:17
Z0421,2026-07-27 19:20
Z0779,2026-07-27 19:20
Z0415,2026-07-27 19:22
Z0304,2026-07-27 19:23
Z0434,2026-07-27 19:25
Z0270,2026-07-27 19:29
Z0832,2026-07-27 19:29
Z0243,2026-07-27 19:30
Z0044,2026-07-27 19:31
Z0102,2026-07-27 19:31
Z0764,2026-07-27 19:32
Z0137,2026-07-27 19:34
Z0164,2026-07-27 19:34
Z0366,2026-07-27 19:34
Z0896,2026-07-27 19:35
Z0299,2026-07-27 19:38
Z0017,2026-07-27 19:43
Z0521,2026-07-27 19:48
Z0306,2026-07-27 19:51
Z0471,2026-07-27 19:56
Z0176,2026-07-27 19:57
Z0213,2026-07-27 20:02
Z0818,2026-07-27 20:05
Z0187,2026-07-27 20:11
Z0257,2026-07-27 20:11
Z0520,2026-07-27 20:13
Z0246,2026-07-27 20:16
Z0359,2026-07-27 20:16
Z0499,2026-07-27 20:17
Z0182,2026-07-27 20:21
Z0104,2026-07-27 20:24
Z0654,2026-07-27 20:25
Z0065,2026-07-27 20:26
Z0771,2026-07-27 20:26
Z0232,2026-07-27 20:27
Z0318,2026-07-27 20:28
Z0300,2026-07-27 20:29
Z0064,2026-07-27 20:31
Z0477,2026-07-27 20:31
Z0383,2026-07-27 20:33
Z0097,2026-07-27 20:38
Z0328,2026-07-27 20:39
Z0273,2026-07-27 20:55
Z0263,2026-07-27 20:57
Z0294,2026-07-28 06:01
Z0161,2026-07-28 06:02
Z0442,2026-07-28 06:05
Z0274,2026-07-28 06:10
Z0310,2026-07-28 06:10
Z0097,2026-07-28 06:15
Z0191,2026-07-28 06:15
Z0008,2026-07-28 06:17
Z0388,2026-07-28 06:17
Z0622,2026-07-28 06:17
Z0468,2026-07-28 06:22
Z0039,2026-07-28 06:23
Z0782,2026-07-28 06:27
Z0783,2026-07-28 06:31
Z0453,2026-07-28 06:35
Z0219,2026-07-28 06:36
Z0320,2026-07-28 06:36
Z0806,2026-07-28 06:36
Z0028,2026-07-28 06:41
Z0257,2026-07-28 06:41
Z0780,2026-07-28 06:44
Z0316,2026-07-28 06:48
Z0002,2026-07-28 06:49
Z0060,2026-07-28 06:49
Z0394,2026-07-28 06:50
Z0446,2026-07-28 06:50
Z0482,2026-07-28 06:50
Z0582,2026-07-28 06:50
Z0157,2026-07-28 06:53
Z0187,2026-07-28 06:53
Z0337,2026-07-28 06:53
Z0562,2026-07-28 06:53
Z0790,2026-07-28 06:53
Z0838,2026-07-28 06:54
Z0078,2026-07-28 06:56
Z0295,2026-07-28 06:58
Z0529,2026-07-28 06:58
Z0043,2026-07-28 06:59
Z0791,2026-07-28 06:59
Z0052,2026-07-28 07:00
Z0501,2026-07-28 07:01
Z0503,2026-07-28 07:03
Z0473,2026-07-28 07:04
Z0214,2026-07-28 07:05
Z0242,2026-07-28 07:05
Z0360,2026-07-28 07:07
Z0801,2026-07-28 07:07
Z0864,2026-07-28 07:07
Z0098,2026-07-28 07:11
Z0123,2026-07-28 07:11
Z0104,2026-07-28 07:14
Z0812,2026-07-28 07:15
Z0117,2026-07-28 07:18
Z0845,2026-07-28 07:22
Z0381,2026-07-28 07:25
Z0323,2026-07-28 07:26
Z0328,2026-07-28 07:26
Z0308,2026-07-28 07:28
Z0789,2026-07-28 07:28
Z0054,2026-07-28 07:31
Z0619,2026-07-28 07:31
Z0258,2026-07-28 07:32
Z0141,2026-07-28 07:33
Z0560,2026-07-28 07:33
Z0036,2026-07-28 07:35
Z0563,2026-07-28 07:35
Z0759,2026-07-28 07:36
Z0075,2026-07-28 07:37
Z0803,2026-07-28 07:38
Z0792,2026-07-28 07:39
Z0109,2026-07-28 07:44
Z0237,2026-07-28 07:46
Z0422,2026-07-28 07:48
Z0142,2026-07-28 07:49
Z0180,2026-07-28 07:50
Z0130,2026-07-28 07:51
Z0757,2026-07-28 07:51
Z0857,2026-07-28 07:51
Z0283,2026-07-28 07:52
Z0027,2026-07-28 07:53
Z0079,2026-07-28 07:54
Z0107,2026-07-28 07:54
Z0113,2026-07-28 07:58
Z0124,2026-07-28 07:58
Z0131,2026-07-28 07:58
Z0269,2026-07-28 07:58
Z0800,2026-07-28 07:59
Z0159,2026-07-28 08:04
Z0202,2026-07-28 08:11
Z0318,2026-07-28 08:12
Z0251,2026-07-28 08:15
Z0458,2026-07-28 08:15
Z0112,2026-07-28 08:16
Z0136,2026-07-28 08:16
Z0222,2026-07-28 08:16
Z0506,2026-07-28 08:19
Z0638,2026-07-28 08:22
Z0126,2026-07-28 08:23
Z0229,2026-07-28 08:23
Z0805,2026-07-28 08:25
Z0464,2026-07-28 08:36
Z0249,2026-07-28 08:39
Z0427,2026-07-28 08:39
Z0300,2026-07-28 08:41
Z0819,2026-07-28 08:42
Z0414,2026-07-28 08:43
Z0148,2026-07-28 08:45
Z0311,2026-07-28 08:47
Z0302,2026-07-28 08:50
Z0537,2026-07-28 08:54
Z0839,2026-07-28 08:55
Z0030,2026-07-28 08:56
Z0319,2026-07-28 09:10
Z0326,2026-07-28 09:12
Z0362,2026-07-28 09:37
Z0235,2026-07-28 09:40
Z0259,2026-07-28 09:41
Z0352,2026-07-28 09:47
Z0599,2026-07-28 09:59
Z0566,2026-07-28 12:02
Z0772,2026-07-28 12:03
Z0268,2026-07-28 12:07
Z0007,2026-07-28 12:08
Z0193,2026-07-28 12:17
Z0072,2026-07-28 12:30
Z0285,2026-07-28 12:31
Z0508,2026-07-28 12:32
Z0385,2026-07-28 12:36
Z0327,2026-07-28 12:37
Z0173,2026-07-28 12:39
Z0513,2026-07-28 12:41
Z0108,2026-07-28 12:45
Z0590,2026-07-28 12:50
Z0301,2026-07-28 12:53
Z0033,2026-07-28 12:54
Z0213,2026-07-28 12:55
Z0071,2026-07-28 12:58
Z0223,2026-07-28 13:04
Z0797,2026-07-28 13:04
Z0216,2026-07-28 13:06
Z0312,2026-07-28 13:08
Z0524,2026-07-28 13:08
Z0822,2026-07-28 13:10
Z0827,2026-07-28 13:12
Z0484,2026-07-28 13:15
Z0764,2026-07-28 13:15
Z0203,2026-07-28 13:17
Z0212,2026-07-28 13:22
Z0147,2026-07-28 13:30
Z0277,2026-07-28 13:30
Z0275,2026-07-28 13:34
Z0452,2026-07-28 13:34
Z0106,2026-07-28 13:36
Z0504,2026-07-28 13:46
Z0816,2026-07-28 13:46
Z0017,2026-07-28 13:53
Z0766,2026-07-28 13:53
Z0050,2026-07-28 13:55
Z0641,2026-07-28 13:55
Z0096,2026-07-28 13:58
Z0013,2026-07-28 17:00
Z0066,2026-07-28 17:06
Z0815,2026-07-28 17:08
Z0894,2026-07-28 17:10
Z0200,2026-07-28 17:13
Z0424,2026-07-28 17:15
Z0044,2026-07-28 17:16
Z0479,2026-07-28 17:16
Z0178,2026-07-28 17:17
Z0090,2026-07-28 17:23
Z0403,2026-07-28 17:24
Z0666,2026-07-28 17:27
Z0116,2026-07-28 17:28
Z0616,2026-07-28 17:30
Z0146,2026-07-28 17:33
Z0198,2026-07-28 17:33
Z0793,2026-07-28 17:33
Z0163,2026-07-28 17:41
Z0059,2026-07-28 17:44
Z0347,2026-07-28 17:45
Z0823,2026-07-28 17:46
Z0499,2026-07-28 17:47
Z0809,2026-07-28 17:47
Z0324,2026-07-28 17:51
Z0896,2026-07-28 17:52
Z0571,2026-07-28 17:56
Z0034,2026-07-28 18:00
Z0449,2026-07-28 18:00
Z0325,2026-07-28 18:01
Z0475,2026-07-28 18:04
Z0073,2026-07-28 18:06
Z0037,2026-07-28 18:07
Z0530,2026-07-28 18:07
Z0299,2026-07-28 18:08
Z0102,2026-07-28 18:09
Z0226,2026-07-28 18:09
Z0656,2026-07-28 18:09
Z0379,2026-07-28 18:10
Z0095,2026-07-28 18:15
Z0796,2026-07-28 18:15
Z0232,2026-07-28 18:16
Z0292,2026-07-28 18:16
Z0853,2026-07-28 18:16
Z0051,2026-07-28 18:18
Z0802,2026-07-28 18:19
Z0177,2026-07-28 18:24
Z0462,2026-07-28 18:24
Z0863,2026-07-28 18:26
Z0089,2026-07-28 18:28
Z0128,2026-07-28 18:28
Z0834,2026-07-28 18:28
Z0118,2026-07-28 18:31
Z0238,2026-07-28 18:32
Z0768,2026-07-28 18:34
Z0018,2026-07-28 18:35
Z0463,2026-07-28 18:37
Z0332,2026-07-28 18:38
Z0761,2026-07-28 18:39
Z0120,2026-07-28 18:40
Z0296,2026-07-28 18:41
Z0406,2026-07-28 18:41
Z0773,2026-07-28 18:41
Z0799,2026-07-28 18:44
Z0046,2026-07-28 18:46
Z0556,2026-07-28 18:47
Z0770,2026-07-28 18:47
Z0370,2026-07-28 18:50
Z0153,2026-07-28 18:55
Z0587,2026-07-28 18:56
Z0568,2026-07-28 18:57
Z0290,2026-07-28 18:59
Z0436,2026-07-28 18:59
Z0435,2026-07-28 19:01
Z0314,2026-07-28 19:06
Z0151,2026-07-28 19:07
Z0215,2026-07-28 19:10
Z0227,2026-07-28 19:12
Z0472,2026-07-28 19:12
Z0224,2026-07-28 19:13
Z0263,2026-07-28 19:13
Z0197,2026-07-28 19:15
Z0315,2026-07-28 19:15
Z0208,2026-07-28 19:17
Z0091,2026-07-28 19:18
Z0304,2026-07-28 19:20
Z0048,2026-07-28 19:22
Z0129,2026-07-28 19:23
Z0437,2026-07-28 19:24
Z0380,2026-07-28 19:25
Z0158,2026-07-28 19:26
Z0011,2026-07-28 19:30
Z0218,2026-07-28 19:31
Z0082,2026-07-28 19:33
Z0140,2026-07-28 19:33
Z0084,2026-07-28 19:35
Z0009,2026-07-28 19:40
Z0196,2026-07-28 19:40
Z0824,2026-07-28 19:40
Z0105,2026-07-28 19:41
Z0220,2026-07-28 19:42
Z0813,2026-07-28 19:43
Z0286,2026-07-28 19:44
Z0183,2026-07-28 19:45
Z0507,2026-07-28 19:46
Z0092,2026-07-28 19:47
Z0231,2026-07-28 19:48
Z0786,2026-07-28 19:51
Z0250,2026-07-28 19:54
Z0086,2026-07-28 19:56
Z0293,2026-07-28 19:56
Z0595,2026-07-28 19:56
Z0798,2026-07-28 19:56
Z0225,2026-07-28 19:59
Z0236,2026-07-28 20:03
Z0392,2026-07-28 20:03
Z0115,2026-07-28 20:05
Z0547,2026-07-28 20:05
Z0175,2026-07-28 20:09
Z0125,2026-07-28 20:12
Z0194,2026-07-28 20:14
Z0081,2026-07-28 20:17
Z0335,2026-07-28 20:18
Z0087,2026-07-28 20:23
Z0245,2026-07-28 20:23
Z0357,2026-07-28 20:26
Z0387,2026-07-28 20:31
Z0067,2026-07-28 20:33
Z0099,2026-07-28 20:41
Z0020,2026-07-28 20:50
Z0064,2026-07-28 20:51
Z0862,2026-07-28 20:54
Z0289,2026-07-29 06:00
Z0857,2026-07-29 06:01
Z0473,2026-07-29 06:02
Z0025,2026-07-29 06:03
Z0155,2026-07-29 06:05
Z0341,2026-07-29 06:05
Z0295,2026-07-29 06:06
Z0619,2026-07-29 06:08
Z0028,2026-07-29 06:11
Z0490,2026-07-29 06:14
Z0077,2026-07-29 06:15
Z0287,2026-07-29 06:19
Z0320,2026-07-29 06:19
Z0817,2026-07-29 06:19
Z0255,2026-07-29 06:20
Z0116,2026-07-29 06:21
Z0781,2026-07-29 06:26
Z0080,2026-07-29 06:27
Z0247,2026-07-29 06:27
Z0132,2026-07-29 06:28
Z0401,2026-07-29 06:29
Z0172,2026-07-29 06:30
Z0507,2026-07-29 06:32
Z0842,2026-07-29 06:32
Z0506,2026-07-29 06:39
Z0476,2026-07-29 06:40
Z0202,2026-07-29 06:42
Z0117,2026-07-29 06:44
Z0371,2026-07-29 06:44
Z0818,2026-07-29 06:44
Z0144,2026-07-29 06:45
Z0485,2026-07-29 06:46
Z0088,2026-07-29 06:47
Z0083,2026-07-29 06:49
Z0688,2026-07-29 06:49
Z0328,2026-07-29 06:50
Z0844,2026-07-29 06:51
Z0279,2026-07-29 06:53
Z0330,2026-07-29 06:53
Z0394,2026-07-29 06:55
Z0400,2026-07-29 06:55
Z0131,2026-07-29 06:56
Z0435,2026-07-29 06:56
Z0103,2026-07-29 06:57
Z0373,2026-07-29 06:57
Z0526,2026-07-29 06:58
Z0448,2026-07-29 07:04
Z0678,2026-07-29 07:05
Z0497,2026-07-29 07:06
Z0766,2026-07-29 07:07
Z0259,2026-07-29 07:08
Z0427,2026-07-29 07:09
Z0470,2026-07-29 07:09
Z0814,2026-07-29 07:09
Z0297,2026-07-29 07:11
Z0770,2026-07-29 07:12
Z0396,2026-07-29 07:13
Z0281,2026-07-29 07:15
Z0816,2026-07-29 07:15
Z0032,2026-07-29 07:18
Z0071,2026-07-29 07:18
Z0203,2026-07-29 07:18
Z0558,2026-07-29 07:21
Z0783,2026-07-29 07:21
Z0519,2026-07-29 07:26
Z0395,2026-07-29 07:27
Z0260,2026-07-29 07:28
Z0787,2026-07-29 07:28
Z0897,2026-07-29 07:29
Z0038,2026-07-29 07:30
Z0099,2026-07-29 07:30
Z0138,2026-07-29 07:30
Z0283,2026-07-29 07:30
Z0299,2026-07-29 07:32
Z0631,2026-07-29 07:32
Z0109,2026-07-29 07:33
Z0122,2026-07-29 07:34
Z0585,2026-07-29 07:35
Z0051,2026-07-29 07:36
Z0771,2026-07-29 07:36
Z0060,2026-07-29 07:37
Z0437,2026-07-29 07:38
Z0301,2026-07-29 07:39
Z0153,2026-07-29 07:40
Z0551,2026-07-29 07:40
Z0017,2026-07-29 07:42
Z0323,2026-07-29 07:42
Z0091,2026-07-29 07:44
Z0004,2026-07-29 07:46
Z0033,2026-07-29 07:48
Z0158,2026-07-29 07:48
Z0831,2026-07-29 07:49
Z0102,2026-07-29 07:51
Z0319,2026-07-29 07:51
Z0811,2026-07-29 07:52
Z0277,2026-07-29 07:53
Z0445,2026-07-29 07:53
Z0367,2026-07-29 07:54
Z0793,2026-07-29 07:55
Z0178,2026-07-29 07:58
Z0635,2026-07-29 07:58
Z0137,2026-07-29 08:01
Z0838,2026-07-29 08:02
Z0107,2026-07-29 08:03
Z0815,2026-07-29 08:05
Z0021,2026-07-29 08:09
Z0047,2026-07-29 08:09
Z0184,2026-07-29 08:11
Z0270,2026-07-29 08:11
Z0426,2026-07-29 08:11
Z0049,2026-07-29 08:14
Z0251,2026-07-29 08:14
Z0298,2026-07-29 08:15
Z0894,2026-07-29 08:16
Z0525,2026-07-29 08:17
Z0790,2026-07-29 08:17
Z0625,2026-07-29 08:18
Z0220,2026-07-29 08:19
Z0143,2026-07-29 08:21
Z0063,2026-07-29 08:22
Z0210,2026-07-29 08:24
Z0090,2026-07-29 08:26
Z0241,2026-07-29 08:27
Z0076,2026-07-29 08:31
Z0502,2026-07-29 08:32
Z0456,2026-07-29 08:33
Z0075,2026-07-29 08:35
Z0006,2026-07-29 08:40
Z0767,2026-07-29 08:40
Z0800,2026-07-29 08:40
Z0127,2026-07-29 08:43
Z0798,2026-07-29 08:43
Z0797,2026-07-29 08:44
Z0146,2026-07-29 08:47
Z0252,2026-07-29 08:48
Z0136,2026-07-29 08:50
Z0773,2026-07-29 08:51
Z0383,2026-07-29 08:52
Z0244,2026-07-29 08:55
Z0108,2026-07-29 08:56
Z0308,2026-07-29 08:57
Z0318,2026-07-29 08:58
Z0503,2026-07-29 09:00
Z0310,2026-07-29 09:09
Z0355,2026-07-29 09:12
Z0498,2026-07-29 09:17
Z0256,2026-07-29 09:18
Z0024,2026-07-29 09:33
Z0694,2026-07-29 09:37
Z0166,2026-07-29 09:43
Z0758,2026-07-29 09:52
Z0154,2026-07-29 09:54
Z0893,2026-07-29 09:59
Z0173,2026-07-29 12:00
Z0861,2026-07-29 12:02
Z0072,2026-07-29 12:04
Z0837,2026-07-29 12:05
Z0191,2026-07-29 12:21
Z0601,2026-07-29 12:38
Z0658,2026-07-29 12:38
Z0854,2026-07-29 12:41
Z0278,2026-07-29 12:42
Z0125,2026-07-29 12:43
Z0290,2026-07-29 12:46
Z0284,2026-07-29 12:47
Z0900,2026-07-29 12:51
Z0441,2026-07-29 12:55
Z0054,2026-07-29 13:01
Z0467,2026-07-29 13:10
Z0035,2026-07-29 13:14
Z0217,2026-07-29 13:24
Z0574,2026-07-29 13:25
Z0343,2026-07-29 13:26
Z0378,2026-07-29 13:27
Z0204,2026-07-29 13:28
Z0829,2026-07-29 13:30
Z0105,2026-07-29 13:31
Z0179,2026-07-29 13:31
Z0820,2026-07-29 13:33
Z0201,2026-07-29 13:34
Z0804,2026-07-29 13:34
Z0784,2026-07-29 13:42
Z0052,2026-07-29 13:44
Z0350,2026-07-29 13:44
Z0167,2026-07-29 13:45
Z0249,2026-07-29 13:45
Z0082,2026-07-29 13:46
Z0398,2026-07-29 13:50
Z0001,2026-07-29 13:54
Z0768,2026-07-29 13:54
Z0240,2026-07-29 13:55
Z0147,2026-07-29 13:59
Z0233,2026-07-29 17:03
Z0860,2026-07-29 17:08
Z0008,2026-07-29 17:09
Z0423,2026-07-29 17:12
Z0073,2026-07-29 17:13
Z0662,2026-07-29 17:17
Z0128,2026-07-29 17:20
Z0272,2026-07-29 17:22
Z0454,2026-07-29 17:23
Z0229,2026-07-29 17:25
Z0828,2026-07-29 17:27
Z0046,2026-07-29 17:33
Z0571,2026-07-29 17:34
Z0851,2026-07-29 17:55
Z0219,2026-07-29 18:01
Z0785,2026-07-29 18:02
Z0195,2026-07-29 18:03
Z0580,2026-07-29 18:06
Z0029,2026-07-29 18:07
Z0812,2026-07-29 18:07
Z0492,2026-07-29 18:08
Z0254,2026-07-29 18:11
Z0841,2026-07-29 18:13
Z0148,2026-07-29 18:14
Z0234,2026-07-29 18:14
Z0444,2026-07-29 18:14
Z0433,2026-07-29 18:17
Z0672,2026-07-29 18:17
Z0177,2026-07-29 18:18
Z0223,2026-07-29 18:22
Z0486,2026-07-29 18:22
Z0692,2026-07-29 18:24
Z0544,2026-07-29 18:30
Z0216,2026-07-29 18:35
Z0791,2026-07-29 18:35
Z0238,2026-07-29 18:36
Z0406,2026-07-29 18:37
Z0197,2026-07-29 18:40
Z0228,2026-07-29 18:41
Z0447,2026-07-29 18:42
Z0181,2026-07-29 18:44
Z0609,2026-07-29 18:45
Z0124,2026-07-29 18:46
Z0134,2026-07-29 18:46
Z0304,2026-07-29 18:46
Z0020,2026-07-29 18:47
Z0095,2026-07-29 18:49
Z0036,2026-07-29 18:50
Z0419,2026-07-29 18:51
Z0313,2026-07-29 18:53
Z0321,2026-07-29 18:57
Z0276,2026-07-29 18:58
Z0349,2026-07-29 18:58
Z0776,2026-07-29 18:58
Z0066,2026-07-29 19:01
Z0062,2026-07-29 19:04
Z0686,2026-07-29 19:04
Z0012,2026-07-29 19:07
Z0317,2026-07-29 19:07
Z0045,2026-07-29 19:17
Z0306,2026-07-29 19:18
Z0296,2026-07-29 19:21
Z0430,2026-07-29 19:21
Z0608,2026-07-29 19:21
Z0847,2026-07-29 19:22
Z0862,2026-07-29 19:23
Z0898,2026-07-29 19:23
Z0253,2026-07-29 19:25
Z0567,2026-07-29 19:25
Z0261,2026-07-29 19:30
Z0354,2026-07-29 19:30
Z0068,2026-07-29 19:32
Z0405,2026-07-29 19:32
Z0440,2026-07-29 19:33
Z0133,2026-07-29 19:34
Z0487,2026-07-29 19:35
Z0189,2026-07-29 19:38
Z0605,2026-07-29 19:42
Z0126,2026-07-29 19:43
Z0067,2026-07-29 19:46
Z0159,2026-07-29 19:46
Z0250,2026-07-29 19:46
Z0285,2026-07-29 19:51
Z0839,2026-07-29 19:51
Z0418,2026-07-29 19:55
Z0465,2026-07-29 19:55
Z0504,2026-07-29 19:55
Z0119,2026-07-29 19:56
Z0644,2026-07-29 19:56
Z0389,2026-07-29 19:59
Z0520,2026-07-29 20:00
Z0386,2026-07-29 20:02
Z0106,2026-07-29 20:05
Z0452,2026-07-29 20:06
Z0855,2026-07-29 20:13
Z0348,2026-07-29 20:15
Z0022,2026-07-29 20:17
Z0305,2026-07-29 20:20
Z0826,2026-07-29 20:21
Z0089,2026-07-29 20:23
Z0059,2026-07-29 20:27
Z0222,2026-07-29 20:29
Z0275,2026-07-29 20:29
Z0614,2026-07-29 20:29
Z0013,2026-07-29 20:33
Z0779,2026-07-29 20:34
Z0404,2026-07-29 20:36
Z0810,2026-07-29 20:37
Z0230,2026-07-29 20:39
Z0246,2026-07-29 20:40
Z0152,2026-07-29 20:56
Z0162,2026-07-29 20:56
Z0121,2026-07-29 20:57
Z0421,2026-07-29 20:57
Z0076,2026-07-30 06:00
Z0096,2026-07-30 06:03
Z0854,2026-07-30 06:03
Z0114,2026-07-30 06:05
Z0042,2026-07-30 06:07
Z0014,2026-07-30 06:08
Z0149,2026-07-30 06:09
Z0161,2026-07-30 06:10
Z0056,2026-07-30 06:11
Z0036,2026-07-30 06:12
Z0157,2026-07-30 06:12
Z0199,2026-07-30 06:12
Z0776,2026-07-30 06:12
Z0217,2026-07-30 06:16
Z0795,2026-07-30 06:19
Z0030,2026-07-30 06:23
Z0176,2026-07-30 06:23
Z0279,2026-07-30 06:23
Z0041,2026-07-30 06:25
Z0134,2026-07-30 06:31
Z0098,2026-07-30 06:32
Z0122,2026-07-30 06:37
Z0319,2026-07-30 06:37
Z0184,2026-07-30 06:44
Z0132,2026-07-30 06:45
Z0821,2026-07-30 06:45
Z0058,2026-07-30 06:46
Z0087,2026-07-30 06:46
Z0236,2026-07-30 06:53
Z0757,2026-07-30 06:54
Z0070,2026-07-30 06:56
Z0274,2026-07-30 07:00
Z0771,2026-07-30 07:00
Z0262,2026-07-30 07:02
Z0460,2026-07-30 07:02
Z0501,2026-07-30 07:02
Z0057,2026-07-30 07:03
Z0229,2026-07-30 07:03
Z0170,2026-07-30 07:04
Z0530,2026-07-30 07:04
Z0801,2026-07-30 07:04
Z0232,2026-07-30 07:05
Z0511,2026-07-30 07:05
Z0505,2026-07-30 07:06
Z0208,2026-07-30 07:07
Z0807,2026-07-30 07:07
Z0117,2026-07-30 07:08
Z0285,2026-07-30 07:08
Z0179,2026-07-30 07:11
Z0302,2026-07-30 07:12
Z0759,2026-07-30 07:12
Z0095,2026-07-30 07:14
Z0011,2026-07-30 07:18
Z0083,2026-07-30 07:19
Z0123,2026-07-30 07:19
Z0100,2026-07-30 07:20
Z0178,2026-07-30 07:24
Z0219,2026-07-30 07:24
Z0256,2026-07-30 07:25
Z0021,2026-07-30 07:26
Z0290,2026-07-30 07:27
Z0272,2026-07-30 07:29
Z0764,2026-07-30 07:29
Z0124,2026-07-30 07:31
Z0216,2026-07-30 07:31
Z0573,2026-07-30 07:31
Z0371,2026-07-30 07:32
Z0205,2026-07-30 07:33
Z0194,2026-07-30 07:34
Z0266,2026-07-30 07:34
Z0780,2026-07-30 07:34
Z0443,2026-07-30 07:35
Z0118,2026-07-30 07:36
Z0830,2026-07-30 07:37
Z0458,2026-07-30 07:38
Z0497,2026-07-30 07:38
Z0331,2026-07-30 07:39
Z0401,2026-07-30 07:41
Z0836,2026-07-30 07:43
Z0059,2026-07-30 07:48
Z0133,2026-07-30 07:50
Z0028,2026-07-30 07:51
Z0239,2026-07-30 07:51
Z0040,2026-07-30 07:52
Z0061,2026-07-30 07:52
Z0195,2026-07-30 07:52
Z0294,2026-07-30 07:52
Z0204,2026-07-30 07:53
Z0293,2026-07-30 07:53
Z0283,2026-07-30 07:54
Z0147,2026-07-30 07:55
Z0814,2026-07-30 07:55
Z0397,2026-07-30 07:57
Z0108,2026-07-30 07:58
Z0165,2026-07-30 07:58
Z0313,2026-07-30 07:58
Z0034,2026-07-30 08:01
Z0825,2026-07-30 08:05
Z0858,2026-07-30 08:07
Z0033,2026-07-30 08:08
Z0238,2026-07-30 08:08
Z0022,2026-07-30 08:09
Z0106,2026-07-30 08:10
Z0842,2026-07-30 08:12
Z0010,2026-07-30 08:16
Z0075,2026-07-30 08:17
Z0620,2026-07-30 08:27
Z0067,2026-07-30 08:31
Z0172,2026-07-30 08:31
Z0339,2026-07-30 08:31
Z0128,2026-07-30 08:33
Z0237,2026-07-30 08:34
Z0362,2026-07-30 08:35
Z0241,2026-07-30 08:37
Z0127,2026-07-30 08:38
Z0230,2026-07-30 08:40
Z0333,2026-07-30 08:40
Z0066,2026-07-30 08:43
Z0280,2026-07-30 08:43
Z0323,2026-07-30 08:45
Z0632,2026-07-30 08:45
Z0077,2026-07-30 08:46
Z0105,2026-07-30 08:48
Z0758,2026-07-30 08:50
Z0593,2026-07-30 08:53
Z0068,2026-07-30 08:55
Z0838,2026-07-30 08:55
Z0064,2026-07-30 08:58
Z0797,2026-07-30 08:59
Z0110,2026-07-30 09:00
Z0259,2026-07-30 09:06
Z0005,2026-07-30 09:09
Z0295,2026-07-30 09:23
Z0783,2026-07-30 09:25
Z0113,2026-07-30 09:40
Z0160,2026-07-30 09:42
Z0210,2026-07-30 09:42
Z0342,2026-07-30 09:43
Z0320,2026-07-30 09:46
Z0382,2026-07-30 09:48
Z0550,2026-07-30 09:55
Z0166,2026-07-30 09:56
Z0063,2026-07-30 09:59
Z0351,2026-07-30 12:00
Z0523,2026-07-30 12:02
Z0405,2026-07-30 12:05
Z0023,2026-07-30 12:20
Z0273,2026-07-30 12:22
Z0346,2026-07-30 12:23
Z0822,2026-07-30 12:23
Z0374,2026-07-30 12:24
Z0451,2026-07-30 12:25
Z0845,2026-07-30 12:27
Z0391,2026-07-30 12:29
Z0129,2026-07-30 12:30
Z0275,2026-07-30 12:33
Z0088,2026-07-30 12:34
Z0682,2026-07-30 12:37
Z0766,2026-07-30 12:37
Z0508,2026-07-30 12:40
Z0565,2026-07-30 12:42
Z0818,2026-07-30 12:46
Z0019,2026-07-30 12:54
Z0050,2026-07-30 12:57
Z0074,2026-07-30 12:58
Z0049,2026-07-30 13:09
Z0082,2026-07-30 13:11
Z0553,2026-07-30 13:11
Z0212,2026-07-30 13:12
Z0800,2026-07-30 13:14
Z0638,2026-07-30 13:16
Z0185,2026-07-30 13:22
Z0810,2026-07-30 13:22
Z0312,2026-07-30 13:24
Z0812,2026-07-30 13:24
Z0379,2026-07-30 13:35
Z0363,2026-07-30 13:40
Z0356,2026-07-30 13:44
Z0268,2026-07-30 13:49
Z0763,2026-07-30 13:49
Z0168,2026-07-30 13:51
Z0788,2026-07-30 13:54
Z0012,2026-07-30 17:03
Z0762,2026-07-30 17:11
Z0234,2026-07-30 17:13
Z0816,2026-07-30 17:15
Z0444,2026-07-30 17:16
Z0035,2026-07-30 17:18
Z0189,2026-07-30 17:19
Z0137,2026-07-30 17:20
Z0002,2026-07-30 17:22
Z0169,2026-07-30 17:22
Z0015,2026-07-30 17:28
Z0390,2026-07-30 17:32
Z0215,2026-07-30 17:34
Z0065,2026-07-30 17:36
Z0092,2026-07-30 17:38
Z0281,2026-07-30 17:41
Z0804,2026-07-30 17:41
Z0093,2026-07-30 17:44
Z0761,2026-07-30 17:46
Z0404,2026-07-30 17:47
Z0420,2026-07-30 17:49
Z0489,2026-07-30 17:51
Z0350,2026-07-30 17:53
Z0894,2026-07-30 17:58
Z0186,2026-07-30 18:00
Z0419,2026-07-30 18:00
Z0188,2026-07-30 18:02
Z0475,2026-07-30 18:03
Z0548,2026-07-30 18:05
Z0433,2026-07-30 18:06
Z0469,2026-07-30 18:06
Z0765,2026-07-30 18:06
Z0455,2026-07-30 18:09
Z0085,2026-07-30 18:13
Z0334,2026-07-30 18:14
Z0016,2026-07-30 18:15
Z0840,2026-07-30 18:16
Z0051,2026-07-30 18:19
Z0097,2026-07-30 18:22
Z0136,2026-07-30 18:24
Z0587,2026-07-30 18:27
Z0824,2026-07-30 18:28
Z0037,2026-07-30 18:29
Z0171,2026-07-30 18:29
Z0086,2026-07-30 18:31
Z0141,2026-07-30 18:31
Z0158,2026-07-30 18:32
Z0329,2026-07-30 18:34
Z0227,2026-07-30 18:36
Z0200,2026-07-30 18:37
Z0416,2026-07-30 18:38
Z0335,2026-07-30 18:39
Z0900,2026-07-30 18:40
Z0231,2026-07-30 18:48
Z0448,2026-07-30 18:48
Z0492,2026-07-30 18:50
Z0090,2026-07-30 18:51
Z0494,2026-07-30 18:51
Z0039,2026-07-30 18:52
Z0859,2026-07-30 18:54
Z0769,2026-07-30 18:58
Z0848,2026-07-30 18:58
Z0347,2026-07-30 18:59
Z0220,2026-07-30 19:01
Z0835,2026-07-30 19:02
Z0139,2026-07-30 19:07
Z0596,2026-07-30 19:08
Z0617,2026-07-30 19:08
Z0645,2026-07-30 19:08
Z0135,2026-07-30 19:09
Z0829,2026-07-30 19:09
Z0794,2026-07-30 19:10
Z0164,2026-07-30 19:12
Z0104,2026-07-30 19:16
Z0150,2026-07-30 19:16
Z0196,2026-07-30 19:18
Z0466,2026-07-30 19:27
Z0187,2026-07-30 19:29
Z0483,2026-07-30 19:29
Z0001,2026-07-30 19:30
Z0278,2026-07-30 19:31
Z0828,2026-07-30 19:32
Z0808,2026-07-30 19:33
Z0359,2026-07-30 19:34
Z0153,2026-07-30 19:36
Z0372,2026-07-30 19:37
Z0760,2026-07-30 19:41
Z0261,2026-07-30 19:43
Z0249,2026-07-30 19:44
Z0564,2026-07-30 19:45
Z0055,2026-07-30 19:48
Z0121,2026-07-30 19:48
Z0357,2026-07-30 19:48
Z0398,2026-07-30 19:50
Z0193,2026-07-30 19:51
Z0263,2026-07-30 19:54
Z0413,2026-07-30 19:55
Z0487,2026-07-30 19:58
Z0459,2026-07-30 20:03
Z0364,2026-07-30 20:04
Z0052,2026-07-30 20:05
Z0301,2026-07-30 20:05
Z0811,2026-07-30 20:05
Z0031,2026-07-30 20:06
Z0778,2026-07-30 20:07
Z0287,2026-07-30 20:11
Z0206,2026-07-30 20:24
Z0892,2026-07-30 20:24
Z0786,2026-07-30 20:26
Z0631,2026-07-30 20:27
Z0152,2026-07-30 20:34
Z0637,2026-07-30 20:46
Z0007,2026-07-30 20:55
Z0181,2026-07-30 20:58
Z0251,2026-07-31 06:02
Z0104,2026-07-31 06:03
Z0817,2026-07-31 06:03
Z0382,2026-07-31 06:04
Z0030,2026-07-31 06:07
Z0320,2026-07-31 06:07
Z0155,2026-07-31 06:09
Z0357,2026-07-31 06:10
Z0758,2026-07-31 06:16
Z0118,2026-07-31 06:20
Z0634,2026-07-31 06:20
Z0114,2026-07-31 06:24
Z0260,2026-07-31 06:24
Z0070,2026-07-31 06:25
Z0525,2026-07-31 06:25
Z0630,2026-07-31 06:25
Z0823,2026-07-31 06:26
Z0294,2026-07-31 06:30
Z0844,2026-07-31 06:30
Z0084,2026-07-31 06:32
Z0274,2026-07-31 06:34
Z0610,2026-07-31 06:38
Z0144,2026-07-31 06:39
Z0478,2026-07-31 06:40
Z0041,2026-07-31 06:41
Z0316,2026-07-31 06:42
Z0032,2026-07-31 06:43
Z0299,2026-07-31 06:43
Z0203,2026-07-31 06:45
Z0358,2026-07-31 06:51
Z0458,2026-07-31 06:51
Z0160,2026-07-31 06:52
Z0301,2026-07-31 06:52
Z0368,2026-07-31 06:52
Z0586,2026-07-31 06:58
Z0121,2026-07-31 06:59
Z0266,2026-07-31 06:59
Z0307,2026-07-31 07:01
Z0781,2026-07-31 07:04
Z0377,2026-07-31 07:06
Z0173,2026-07-31 07:10
Z0044,2026-07-31 07:11
Z0209,2026-07-31 07:11
Z0228,2026-07-31 07:11
Z0757,2026-07-31 07:11
Z0864,2026-07-31 07:11
Z0836,2026-07-31 07:13
Z0291,2026-07-31 07:14
Z0066,2026-07-31 07:15
Z0317,2026-07-31 07:15
Z0415,2026-07-31 07:16
Z0050,2026-07-31 07:17
Z0112,2026-07-31 07:18
Z0040,2026-07-31 07:19
Z0078,2026-07-31 07:20
Z0205,2026-07-31 07:22
Z0088,2026-07-31 07:23
Z0796,2026-07-31 07:24
Z0326,2026-07-31 07:31
Z0450,2026-07-31 07:32
Z0840,2026-07-31 07:32
Z0309,2026-07-31 07:33
Z0488,2026-07-31 07:33
Z0416,2026-07-31 07:34
Z0007,2026-07-31 07:36
Z0138,2026-07-31 07:36
Z0158,2026-07-31 07:39
Z0493,2026-07-31 07:46
Z0564,2026-07-31 07:46
Z0760,2026-07-31 07:47
Z0806,2026-07-31 07:47
Z0143,2026-07-31 07:49
Z0202,2026-07-31 07:49
Z0264,2026-07-31 07:50
Z0676,2026-07-31 07:50
Z0891,2026-07-31 07:50
Z0536,2026-07-31 07:51
Z0154,2026-07-31 07:52
Z0225,2026-07-31 07:52
Z0585,2026-07-31 07:52
Z0153,2026-07-31 07:55
Z0361,2026-07-31 07:55
Z0892,2026-07-31 07:55
Z0311,2026-07-31 07:58
Z0038,2026-07-31 07:59
Z0346,2026-07-31 08:01
Z0522,2026-07-31 08:01
Z0814,2026-07-31 08:01
Z0333,2026-07-31 08:02
Z0821,2026-07-31 08:02
Z0388,2026-07-31 08:06
Z0447,2026-07-31 08:07
Z0353,2026-07-31 08:11
Z0159,2026-07-31 08:12
Z0281,2026-07-31 08:14
Z0004,2026-07-31 08:15
Z0256,2026-07-31 08:15
Z0684,2026-07-31 08:18
Z0445,2026-07-31 08:20
Z0188,2026-07-31 08:22
Z0075,2026-07-31 08:27
Z0410,2026-07-31 08:29
Z0222,2026-07-31 08:36
Z0841,2026-07-31 08:37
Z0183,2026-07-31 08:43
Z0396,2026-07-31 08:45
Z0006,2026-07-31 08:50
Z0519,2026-07-31 09:19
Z0842,2026-07-31 09:20
Z0259,2026-07-31 09:23
Z0310,2026-07-31 09:28
Z0069,2026-07-31 09:37
Z0063,2026-07-31 09:40
Z0005,2026-07-31 09:41
Z0330,2026-07-31 09:41
Z0893,2026-07-31 09:46
Z0076,2026-07-31 09:48
Z0279,2026-07-31 09:55
Z0431,2026-07-31 09:55
Z0136,2026-07-31 12:02
Z0314,2026-07-31 12:02
Z0008,2026-07-31 12:07
Z0240,2026-07-31 12:10
Z0198,2026-07-31 12:12
Z0787,2026-07-31 12:13
Z0411,2026-07-31 12:15
Z0335,2026-07-31 12:16
Z0794,2026-07-31 12:19
Z0174,2026-07-31 12:20
Z0481,2026-07-31 12:21
Z0327,2026-07-31 12:23
Z0111,2026-07-31 12:24
Z0762,2026-07-31 12:24
Z0304,2026-07-31 12:27
Z0858,2026-07-31 12:27
Z0116,2026-07-31 12:28
Z0769,2026-07-31 12:29
Z0058,2026-07-31 12:30
Z0177,2026-07-31 12:31
Z0023,2026-07-31 12:32
Z0837,2026-07-31 12:32
Z0322,2026-07-31 12:33
Z0791,2026-07-31 12:34
Z0033,2026-07-31 12:36
Z0103,2026-07-31 12:36
Z0254,2026-07-31 12:38
Z0809,2026-07-31 12:42
Z0300,2026-07-31 12:50
Z0131,2026-07-31 12:51
Z0422,2026-07-31 12:51
Z0459,2026-07-31 12:51
Z0192,2026-07-31 12:53
Z0115,2026-07-31 12:54
Z0215,2026-07-31 12:54
Z0199,2026-07-31 12:55
Z0489,2026-07-31 12:59
Z0845,2026-07-31 12:59
Z0091,2026-07-31 13:02
Z0640,2026-07-31 13:05
Z0212,2026-07-31 13:06
Z0820,2026-07-31 13:10
Z0474,2026-07-31 13:13
Z0273,2026-07-31 13:14
Z0031,2026-07-31 13:18
Z0200,2026-07-31 13:18
Z0818,2026-07-31 13:18
Z0216,2026-07-31 13:21
Z0119,2026-07-31 13:23
Z0002,2026-07-31 13:29
Z0477,2026-07-31 13:30
Z0275,2026-07-31 13:32
Z0829,2026-07-31 13:40
Z0025,2026-07-31 13:43
Z0805,2026-07-31 13:46
Z0819,2026-07-31 13:47
Z0093,2026-07-31 13:48
Z0804,2026-07-31 13:56
Z0393,2026-07-31 17:03
Z0224,2026-07-31 17:04
Z0218,2026-07-31 17:06
Z0248,2026-07-31 17:06
Z0897,2026-07-31 17:11
Z0250,2026-07-31 17:17
Z0052,2026-07-31 17:20
Z0646,2026-07-31 17:21
Z0364,2026-07-31 17:33
Z0452,2026-07-31 17:33
Z0135,2026-07-31 17:34
Z0580,2026-07-31 17:34
Z0835,2026-07-31 17:38
Z0500,2026-07-31 17:39
Z0046,2026-07-31 17:45
Z0019,2026-07-31 17:47
Z0825,2026-07-31 17:47
Z0182,2026-07-31 17:53
Z0265,2026-07-31 17:56
Z0594,2026-07-31 18:00
Z0464,2026-07-31 18:01
Z0438,2026-07-31 18:02
Z0339,2026-07-31 18:03
Z0523,2026-07-31 18:04
Z0269,2026-07-31 18:05
Z0822,2026-07-31 18:08
Z0639,2026-07-31 18:09
Z0899,2026-07-31 18:09
Z0756,2026-07-31 18:10
Z0213,2026-07-31 18:11
Z0420,2026-07-31 18:12
Z0137,2026-07-31 18:14
Z0097,2026-07-31 18:15
Z0433,2026-07-31 18:16
Z0612,2026-07-31 18:16
Z0267,2026-07-31 18:17
Z0293,2026-07-31 18:18
Z0003,2026-07-31 18:20
Z0045,2026-07-31 18:20
Z0367,2026-07-31 18:20
Z0282,2026-07-31 18:22
Z0329,2026-07-31 18:22
Z0170,2026-07-31 18:24
Z0055,2026-07-31 18:27
Z0553,2026-07-31 18:28
Z0081,2026-07-31 18:30
Z0386,2026-07-31 18:31
Z0280,2026-07-31 18:32
Z0134,2026-07-31 18:36
Z0344,2026-07-31 18:36
Z0027,2026-07-31 18:43
Z0223,2026-07-31 18:45
Z0359,2026-07-31 18:47
Z0127,2026-07-31 18:51
Z0785,2026-07-31 18:51
Z0089,2026-07-31 18:54
Z0312,2026-07-31 18:55
Z0053,2026-07-31 18:56
Z0068,2026-07-31 18:58
Z0839,2026-07-31 18:58
Z0521,2026-07-31 18:59
Z0847,2026-07-31 19:00
Z0229,2026-07-31 19:01
Z0371,2026-07-31 19:01
Z0494,2026-07-31 19:01
Z0034,2026-07-31 19:03
Z0436,2026-07-31 19:04
Z0798,2026-07-31 19:04
Z0894,2026-07-31 19:04
Z0074,2026-07-31 19:05
Z0627,2026-07-31 19:05
Z0816,2026-07-31 19:05
Z0021,2026-07-31 19:12
Z0850,2026-07-31 19:12
Z0245,2026-07-31 19:13
Z0349,2026-07-31 19:16
Z0096,2026-07-31 19:17
Z0626,2026-07-31 19:19
Z0290,2026-07-31 19:21
Z0037,2026-07-31 19:22
Z0347,2026-07-31 19:24
Z0660,2026-07-31 19:25
Z0163,2026-07-31 19:30
Z0176,2026-07-31 19:30
Z0211,2026-07-31 19:31
Z0100,2026-07-31 19:32
Z0139,2026-07-31 19:34
Z0067,2026-07-31 19:39
Z0284,2026-07-31 19:41
Z0492,2026-07-31 19:45
Z0253,2026-07-31 19:47
Z0469,2026-07-31 19:47
Z0126,2026-07-31 19:49
Z0171,2026-07-31 19:50
Z0776,2026-07-31 19:50
Z0214,2026-07-31 19:51
Z0226,2026-07-31 19:53
Z0258,2026-07-31 19:55
Z0351,2026-07-31 19:55
Z0856,2026-07-31 19:55
Z0292,2026-07-31 19:56
Z0369,2026-07-31 19:57
Z0014,2026-07-31 19:59
Z0774,2026-07-31 19:59
Z0185,2026-07-31 20:00
Z0221,2026-07-31 20:00
Z0233,2026-07-31 20:02
Z0763,2026-07-31 20:02
Z0470,2026-07-31 20:05
Z0026,2026-07-31 20:10
Z0122,2026-07-31 20:10
Z0009,2026-07-31 20:12
Z0020,2026-07-31 20:15
Z0018,2026-07-31 20:16
Z0815,2026-07-31 20:17
Z0497,2026-07-31 20:19
Z0133,2026-07-31 20:21
Z0051,2026-07-31 20:29
Z0036,2026-07-31 20:30
Z0786,2026-07-31 20:34
Z0150,2026-07-31 20:38
Z0426,2026-07-31 20:38
Z0554,2026-07-31 20:38
Z0271,2026-07-31 20:42
Z0826,2026-07-31 20:43
Z0770,2026-07-31 20:44
Z0461,2026-07-31 20:47
Z0057,2026-07-31 20:48
Z0524,2026-07-31 20:48
Z0318,2026-07-31 20:52
Z0082,2026-08-01 06:01
Z0333,2026-08-01 06:01
Z0526,2026-08-01 06:01
Z0509,2026-08-01 06:02
Z0262,2026-08-01 06:03
Z0459,2026-08-01 06:03
Z0856,2026-08-01 06:03
Z0201,2026-08-01 06:05
Z0239,2026-08-01 06:07
Z0117,2026-08-01 06:09
Z0309,2026-08-01 06:12
Z0381,2026-08-01 06:12
Z0515,2026-08-01 06:12
Z0061,2026-08-01 06:17
Z0790,2026-08-01 06:17
Z0296,2026-08-01 06:18
Z0836,2026-08-01 06:18
Z0230,2026-08-01 06:22
Z0241,2026-08-01 06:23
Z0758,2026-08-01 06:23
Z0095,2026-08-01 06:24
Z0399,2026-08-01 06:25
Z0664,2026-08-01 06:26
Z0110,2026-08-01 06:27
Z0840,2026-08-01 06:29
Z0087,2026-08-01 06:30
Z0800,2026-08-01 06:30
Z0535,2026-08-01 06:31
Z0267,2026-08-01 06:33
Z0294,2026-08-01 06:34
Z0251,2026-08-01 06:43
Z0514,2026-08-01 06:43
Z0468,2026-08-01 06:44
Z0794,2026-08-01 06:49
Z0031,2026-08-01 06:52
Z0471,2026-08-01 06:52
Z0826,2026-08-01 06:54
Z0397,2026-08-01 06:55
Z0076,2026-08-01 06:58
Z0099,2026-08-01 06:59
Z0307,2026-08-01 07:00
Z0811,2026-08-01 07:00
Z0260,2026-08-01 07:05
Z0042,2026-08-01 07:06
Z0060,2026-08-01 07:08
Z0766,2026-08-01 07:08
Z0821,2026-08-01 07:08
Z0272,2026-08-01 07:09
Z0224,2026-08-01 07:10
Z0789,2026-08-01 07:10
Z0003,2026-08-01 07:13
Z0077,2026-08-01 07:16
Z0303,2026-08-01 07:17
Z0462,2026-08-01 07:18
Z0533,2026-08-01 07:18
Z0610,2026-08-01 07:19
Z0861,2026-08-01 07:19
Z0231,2026-08-01 07:20
Z0421,2026-08-01 07:20
Z0482,2026-08-01 07:21
Z0249,2026-08-01 07:22
Z0149,2026-08-01 07:23
Z0237,2026-08-01 07:24
Z0100,2026-08-01 07:25
Z0448,2026-08-01 07:25
Z0598,2026-08-01 07:26
Z0071,2026-08-01 07:28
Z0264,2026-08-01 07:28
Z0621,2026-08-01 07:28
Z0212,2026-08-01 07:29
Z0353,2026-08-01 07:29
Z0206,2026-08-01 07:31
Z0292,2026-08-01 07:32
Z0238,2026-08-01 07:34
Z0040,2026-08-01 07:35
Z0132,2026-08-01 07:35
Z0331,2026-08-01 07:36
Z0103,2026-08-01 07:39
Z0674,2026-08-01 07:40
Z0197,2026-08-01 07:41
Z0543,2026-08-01 07:41
Z0391,2026-08-01 07:43
Z0479,2026-08-01 07:46
Z0005,2026-08-01 07:47
Z0070,2026-08-01 07:48
Z0208,2026-08-01 07:50
Z0865,2026-08-01 07:50
Z0838,2026-08-01 07:51
Z0184,2026-08-01 07:54
Z0205,2026-08-01 07:54
Z0056,2026-08-01 07:55
Z0047,2026-08-01 07:56
Z0112,2026-08-01 07:56
Z0128,2026-08-01 07:57
Z0195,2026-08-01 07:58
Z0513,2026-08-01 07:58
Z0783,2026-08-01 07:58
Z0258,2026-08-01 07:59
Z0809,2026-08-01 07:59
Z0013,2026-08-01 08:00
Z0330,2026-08-01 08:04
Z0073,2026-08-01 08:06
Z0782,2026-08-01 08:06
Z0069,2026-08-01 08:07
Z0166,2026-08-01 08:09
Z0010,2026-08-01 08:10
Z0214,2026-08-01 08:13
Z0844,2026-08-01 08:18
Z0137,2026-08-01 08:30
Z0360,2026-08-01 08:33
Z0273,2026-08-01 08:35
Z0382,2026-08-01 08:35
Z0183,2026-08-01 08:41
Z0810,2026-08-01 08:46
Z0233,2026-08-01 08:47
Z0431,2026-08-01 08:52
Z0443,2026-08-01 08:53
Z0799,2026-08-01 08:54
Z0167,2026-08-01 08:57
Z0408,2026-08-01 08:57
Z0557,2026-08-01 09:10
Z0603,2026-08-01 09:16
Z0759,2026-08-01 09:17
Z0394,2026-08-01 09:19
Z0495,2026-08-01 09:27
Z0235,2026-08-01 09:29
Z0080,2026-08-01 09:38
Z0043,2026-08-01 09:42
Z0113,2026-08-01 09:42
Z0063,2026-08-01 09:44
Z0891,2026-08-01 09:52
Z0328,2026-08-01 12:02
Z0079,2026-08-01 12:05
Z0334,2026-08-01 12:09
Z0392,2026-08-01 12:11
Z0168,2026-08-01 12:13
Z0094,2026-08-01 12:15
Z0484,2026-08-01 12:15
Z0528,2026-08-01 12:15
Z0467,2026-08-01 12:17
Z0305,2026-08-01 12:19
Z0163,2026-08-01 12:31
Z0457,2026-08-01 12:34
Z0218,2026-08-01 12:38
Z0247,2026-08-01 12:40
Z0371,2026-08-01 12:43
Z0226,2026-08-01 12:46
Z0772,2026-08-01 12:47
Z0813,2026-08-01 12:47
Z0148,2026-08-01 12:48
Z0648,2026-08-01 12:56
Z0188,2026-08-01 12:57
Z0428,2026-08-01 13:04
Z0828,2026-08-01 13:08
Z0123,2026-08-01 13:09
Z0765,2026-08-01 13:11
Z0375,2026-08-01 13:13
Z0089,2026-08-01 13:14
Z0777,2026-08-01 13:16
Z0221,2026-08-01 13:20
Z0404,2026-08-01 13:22
Z0337,2026-08-01 13:25
Z0261,2026-08-01 13:30
Z0643,2026-08-01 13:31
Z0026,2026-08-01 13:37
Z0098,2026-08-01 13:44
Z0522,2026-08-01 13:44
Z0263,2026-08-01 13:46
Z0378,2026-08-01 13:47
Z0775,2026-08-01 13:50
Z0350,2026-08-01 13:55
Z0323,2026-08-01 17:00
Z0222,2026-08-01 17:06
Z0169,2026-08-01 17:09
Z0322,2026-08-01 17:09
Z0896,2026-08-01 17:15
Z0217,2026-08-01 17:16
Z0145,2026-08-01 17:26
Z0293,2026-08-01 17:26
Z0315,2026-08-01 17:26
Z0054,2026-08-01 17:30
Z0140,2026-08-01 17:30
Z0485,2026-08-01 17:32
Z0512,2026-08-01 17:33
Z0496,2026-08-01 17:39
Z0106,2026-08-01 17:40
Z0161,2026-08-01 17:44
Z0131,2026-08-01 17:50
Z0164,2026-08-01 17:52
Z0899,2026-08-01 17:59
Z0086,2026-08-01 18:00
Z0248,2026-08-01 18:00
Z0894,2026-08-01 18:00
Z0804,2026-08-01 18:01
Z0324,2026-08-01 18:03
Z0055,2026-08-01 18:06
Z0182,2026-08-01 18:06
Z0015,2026-08-01 18:07
Z0423,2026-08-01 18:07
Z0795,2026-08-01 18:07
Z0340,2026-08-01 18:08
Z0511,2026-08-01 18:08
Z0300,2026-08-01 18:10
Z0491,2026-08-01 18:10
Z0774,2026-08-01 18:10
Z0314,2026-08-01 18:14
Z0209,2026-08-01 18:15
Z0372,2026-08-01 18:15
Z0452,2026-08-01 18:16
Z0592,2026-08-01 18:16
Z0142,2026-08-01 18:18
Z0832,2026-08-01 18:20
Z0126,2026-08-01 18:22
Z0045,2026-08-01 18:23
Z0450,2026-08-01 18:26
Z0102,2026-08-01 18:28
Z0779,2026-08-01 18:28
Z0784,2026-08-01 18:28
Z0820,2026-08-01 18:29
Z0062,2026-08-01 18:30
Z0290,2026-08-01 18:31
Z0438,2026-08-01 18:31
Z0285,2026-08-01 18:32
Z0146,2026-08-01 18:34
Z0034,2026-08-01 18:35
Z0588,2026-08-01 18:36
Z0016,2026-08-01 18:37
Z0228,2026-08-01 18:37
Z0053,2026-08-01 18:39
Z0036,2026-08-01 18:40
Z0478,2026-08-01 18:43
Z0277,2026-08-01 18:44
Z0316,2026-08-01 18:48
Z0895,2026-08-01 18:50
Z0009,2026-08-01 18:51
Z0297,2026-08-01 18:52
Z0636,2026-08-01 18:54
Z0824,2026-08-01 18:55
Z0190,2026-08-01 19:03
Z0152,2026-08-01 19:08
Z0196,2026-08-01 19:08
Z0376,2026-08-01 19:10
Z0454,2026-08-01 19:10
Z0039,2026-08-01 19:12
Z0162,2026-08-01 19:12
Z0853,2026-08-01 19:13
Z0383,2026-08-01 19:18
Z0234,2026-08-01 19:20
Z0302,2026-08-01 19:21
Z0756,2026-08-01 19:21
Z0769,2026-08-01 19:23
Z0189,2026-08-01 19:24
Z0859,2026-08-01 19:26
Z0143,2026-08-01 19:27
Z0572,2026-08-01 19:27
Z0194,2026-08-01 19:28
Z0792,2026-08-01 19:30
Z0178,2026-08-01 19:31
Z0048,2026-08-01 19:32
Z0280,2026-08-01 19:32
Z0174,2026-08-01 19:35
Z0138,2026-08-01 19:37
Z0153,2026-08-01 19:39
Z0321,2026-08-01 19:41
Z0027,2026-08-01 19:43
Z0276,2026-08-01 19:43
Z0199,2026-08-01 19:44
Z0434,2026-08-01 19:44
Z0313,2026-08-01 19:46
Z0021,2026-08-01 19:47
Z0271,2026-08-01 19:49
Z0049,2026-08-01 19:50
Z0286,2026-08-01 19:50
Z0185,2026-08-01 19:54
Z0265,2026-08-01 19:55
Z0250,2026-08-01 19:56
Z0831,2026-08-01 19:56
Z0827,2026-08-01 19:58
Z0456,2026-08-01 20:02
Z0074,2026-08-01 20:03
Z0081,2026-08-01 20:03
Z0150,2026-08-01 20:06
Z0038,2026-08-01 20:12
Z0232,2026-08-01 20:20
Z0609,2026-08-01 20:22
Z0227,2026-08-01 20:29
Z0798,2026-08-01 20:34
Z0097,2026-08-01 20:35
Z0109,2026-08-01 20:40
Z0325,2026-08-01 20:40
Z0773,2026-08-01 20:42
Z0860,2026-08-01 20:42
Z0204,2026-08-01 20:46
Z0288,2026-08-01 20:54
Z0006,2026-08-01 20:57
Z0413,2026-08-01 20:57
Z0819,2026-08-02 06:01
Z0392,2026-08-02 06:02
Z0323,2026-08-02 06:03
Z0368,2026-08-02 06:03
Z0101,2026-08-02 06:05
Z0781,2026-08-02 06:05
Z0255,2026-08-02 06:06
Z0315,2026-08-02 06:06
Z0100,2026-08-02 06:10
Z0312,2026-08-02 06:12
Z0103,2026-08-02 06:13
Z0764,2026-08-02 06:14
Z0322,2026-08-02 06:16
Z0403,2026-08-02 06:19
Z0171,2026-08-02 06:22
Z0210,2026-08-02 06:23
Z0394,2026-08-02 06:24
Z0011,2026-08-02 06:27
Z0186,2026-08-02 06:28
Z0540,2026-08-02 06:38
Z0447,2026-08-02 06:42
Z0806,2026-08-02 06:42
Z0130,2026-08-02 06:45
Z0303,2026-08-02 06:45
Z0115,2026-08-02 06:46
Z0043,2026-08-02 06:51
Z0027,2026-08-02 06:52
Z0334,2026-08-02 06:52
Z0279,2026-08-02 06:56
Z0340,2026-08-02 06:59
Z0506,2026-08-02 06:59
Z0202,2026-08-02 07:01
Z0041,2026-08-02 07:02
Z0402,2026-08-02 07:02
Z0509,2026-08-02 07:03
Z0226,2026-08-02 07:04
Z0160,2026-08-02 07:06
Z0046,2026-08-02 07:07
Z0154,2026-08-02 07:09
Z0151,2026-08-02 07:10
Z0443,2026-08-02 07:11
Z0515,2026-08-02 07:11
Z0558,2026-08-02 07:11
Z0602,2026-08-02 07:13
Z0175,2026-08-02 07:14
Z0451,2026-08-02 07:16
Z0251,2026-08-02 07:21
Z0291,2026-08-02 07:21
Z0546,2026-08-02 07:21
Z0807,2026-08-02 07:21
Z0800,2026-08-02 07:23
Z0517,2026-08-02 07:25
Z0782,2026-08-02 07:27
Z0287,2026-08-02 07:28
Z0410,2026-08-02 07:29
Z0612,2026-08-02 07:29
Z0863,2026-08-02 07:30
Z0397,2026-08-02 07:31
Z0065,2026-08-02 07:33
Z0407,2026-08-02 07:33
Z0618,2026-08-02 07:33
Z0104,2026-08-02 07:35
Z0355,2026-08-02 07:35
Z0790,2026-08-02 07:35
Z0283,2026-08-02 07:37
Z0309,2026-08-02 07:39
Z0823,2026-08-02 07:39
Z0405,2026-08-02 07:40
Z0547,2026-08-02 07:41
Z0145,2026-08-02 07:43
Z0378,2026-08-02 07:43
Z0258,2026-08-02 07:45
Z0261,2026-08-02 07:45
Z0470,2026-08-02 07:49
Z0417,2026-08-02 07:51
Z0259,2026-08-02 07:52
Z0833,2026-08-02 07:53
Z0057,2026-08-02 07:54
Z0207,2026-08-02 07:54
Z0326,2026-08-02 07:54
Z0843,2026-08-02 07:56
Z0370,2026-08-02 07:57
Z0053,2026-08-02 07:58
Z0096,2026-08-02 07:59
Z0607,2026-08-02 08:06
Z0844,2026-08-02 08:08
Z0442,2026-08-02 08:11
Z0298,2026-08-02 08:13
Z0538,2026-08-02 08:14
Z0116,2026-08-02 08:18
Z0184,2026-08-02 08:22
Z0264,2026-08-02 08:24
Z0257,2026-08-02 08:33
Z0668,2026-08-02 08:33
Z0898,2026-08-02 08:33
Z0148,2026-08-02 08:37
Z0531,2026-08-02 08:37
Z0797,2026-08-02 08:37
Z0077,2026-08-02 08:41
Z0174,2026-08-02 08:43
Z0767,2026-08-02 08:47
Z0256,2026-08-02 08:53
Z0114,2026-08-02 08:54
Z0548,2026-08-02 08:57
Z0048,2026-08-02 08:59
Z0144,2026-08-02 08:59
Z0295,2026-08-02 09:08
Z0024,2026-08-02 09:09
Z0205,2026-08-02 09:14
Z0893,2026-08-02 09:19
Z0453,2026-08-02 09:21
Z0821,2026-08-02 09:39
Z0396,2026-08-02 09:40
Z0110,2026-08-02 09:41
Z0028,2026-08-02 09:44
Z0235,2026-08-02 09:55
Z0310,2026-08-02 09:56
Z0284,2026-08-02 12:03
Z0044,2026-08-02 12:04
Z0125,2026-08-02 12:05
Z0195,2026-08-02 12:06
Z0463,2026-08-02 12:06
Z0846,2026-08-02 12:10
Z0816,2026-08-02 12:12
Z0785,2026-08-02 12:23
Z0159,2026-08-02 12:25
Z0017,2026-08-02 12:27
Z0239,2026-08-02 12:27
Z0314,2026-08-02 12:32
Z0590,2026-08-02 12:38
Z0008,2026-08-02 12:45
Z0577,2026-08-02 12:47
Z0827,2026-08-02 12:51
Z0074,2026-08-02 12:53
Z0208,2026-08-02 12:54
Z0518,2026-08-02 13:00
Z0267,2026-08-02 13:01
Z0494,2026-08-02 13:07
Z0642,2026-08-02 13:10
Z0815,2026-08-02 13:10
Z0892,2026-08-02 13:10
Z0346,2026-08-02 13:18
Z0204,2026-08-02 13:20
Z0446,2026-08-02 13:28
Z0489,2026-08-02 13:28
Z0478,2026-08-02 13:29
Z0796,2026-08-02 13:31
Z0849,2026-08-02 13:38
Z0777,2026-08-02 13:49
Z0068,2026-08-02 13:51
Z0778,2026-08-02 13:57
Z0090,2026-08-02 17:06
Z0142,2026-08-02 17:08
Z0213,2026-08-02 17:14
Z0097,2026-08-02 17:20
Z0146,2026-08-02 17:20
Z0225,2026-08-02 17:20
Z0094,2026-08-02 17:26
Z0325,2026-08-02 17:31
Z0233,2026-08-02 17:32
Z0252,2026-08-02 17:32
Z0413,2026-08-02 17:36
Z0206,2026-08-02 17:43
Z0190,2026-08-02 17:45
Z0021,2026-08-02 17:48
Z0092,2026-08-02 17:48
Z0015,2026-08-02 17:55
Z0079,2026-08-02 18:00
Z0201,2026-08-02 18:00
Z0757,2026-08-02 18:03
Z0457,2026-08-02 18:04
Z0650,2026-08-02 18:05
Z0155,2026-08-02 18:07
Z0029,2026-08-02 18:09
Z0408,2026-08-02 18:09
Z0680,2026-08-02 18:09
Z0220,2026-08-02 18:12
Z0189,2026-08-02 18:13
Z0196,2026-08-02 18:14
Z0268,2026-08-02 18:15
Z0022,2026-08-02 18:16
Z0139,2026-08-02 18:16
Z0149,2026-08-02 18:16
Z0365,2026-08-02 18:16
Z0191,2026-08-02 18:20
Z0852,2026-08-02 18:21
Z0085,2026-08-02 18:23
Z0774,2026-08-02 18:23
Z0182,2026-08-02 18:24
Z0535,2026-08-02 18:25
Z0289,2026-08-02 18:29
Z0321,2026-08-02 18:29
Z0490,2026-08-02 18:29
Z0121,2026-08-02 18:30
Z0135,2026-08-02 18:30
Z0147,2026-08-02 18:30
Z0270,2026-08-02 18:30
Z0218,2026-08-02 18:32
Z0229,2026-08-02 18:33
Z0127,2026-08-02 18:34
Z0058,2026-08-02 18:37
Z0282,2026-08-02 18:39
Z0793,2026-08-02 18:39
Z0845,2026-08-02 18:40
Z0429,2026-08-02 18:46
Z0423,2026-08-02 18:48
Z0001,2026-08-02 18:49
Z0072,2026-08-02 18:50
Z0230,2026-08-02 18:50
Z0829,2026-08-02 18:50
Z0049,2026-08-02 18:52
Z0078,2026-08-02 18:56
Z0834,2026-08-02 18:59
Z0271,2026-08-02 19:02
Z0305,2026-08-02 19:03
Z0134,2026-08-02 19:05
Z0194,2026-08-02 19:07
Z0306,2026-08-02 19:07
Z0278,2026-08-02 19:08
Z0839,2026-08-02 19:09
Z0254,2026-08-02 19:10
Z0012,2026-08-02 19:11
Z0583,2026-08-02 19:11
Z0756,2026-08-02 19:15
Z0047,2026-08-02 19:16
Z0772,2026-08-02 19:18
Z0242,2026-08-02 19:21
Z0084,2026-08-02 19:22
Z0760,2026-08-02 19:23
Z0152,2026-08-02 19:25
Z0273,2026-08-02 19:27
Z0293,2026-08-02 19:27
Z0384,2026-08-02 19:27
Z0167,2026-08-02 19:28
Z0348,2026-08-02 19:30
Z0035,2026-08-02 19:34
Z0338,2026-08-02 19:35
Z0170,2026-08-02 19:37
Z0361,2026-08-02 19:37
Z0527,2026-08-02 19:37
Z0246,2026-08-02 19:39
Z0432,2026-08-02 19:39
Z0628,2026-08-02 19:40
Z0623,2026-08-02 19:41
Z0129,2026-08-02 19:42
Z0120,2026-08-02 19:43
Z0444,2026-08-02 19:49
Z0219,2026-08-02 19:56
Z0163,2026-08-02 20:00
Z0311,2026-08-02 20:02
Z0119,2026-08-02 20:03
Z0400,2026-08-02 20:03
Z0441,2026-08-02 20:03
Z0023,2026-08-02 20:07
Z0589,2026-08-02 20:07
Z0162,2026-08-02 20:08
Z0297,2026-08-02 20:12
Z0848,2026-08-02 20:13
Z0248,2026-08-02 20:14
Z0768,2026-08-02 20:19
Z0089,2026-08-02 20:25
Z0131,2026-08-02 20:27
Z0356,2026-08-02 20:27
Z0140,2026-08-02 20:28
Z0813,2026-08-02 20:30
Z0010,2026-08-02 20:35
Z0516,2026-08-02 20:36
Z0769,2026-08-02 20:37
Z0830,2026-08-02 20:38
Z0247,2026-08-02 20:41
Z0087,2026-08-02 20:44
Z0487,2026-08-02 20:48
Z0014,2026-08-02 20:49
Z0143,2026-08-02 20:53
Z0439,2026-08-02 20:55
Z0762,2026-08-02 20:57
Z0410,2026-08-03 06:00
Z0079,2026-08-03 06:01
Z0053,2026-08-03 06:06
Z0627,2026-08-03 06:06
Z0080,2026-08-03 06:07
Z0285,2026-08-03 06:07
Z0044,2026-08-03 06:12
Z0018,2026-08-03 06:13
Z0800,2026-08-03 06:14
Z0092,2026-08-03 06:15
Z0665,2026-08-03 06:20
Z0083,2026-08-03 06:22
Z0582,2026-08-03 06:23
Z0503,2026-08-03 06:24
Z0197,2026-08-03 06:29
Z0205,2026-08-03 06:32
Z0075,2026-08-03 06:34
Z0315,2026-08-03 06:34
Z0817,2026-08-03 06:35
Z0673,2026-08-03 06:37
Z0219,2026-08-03 06:38
Z0834,2026-08-03 06:38
Z0068,2026-08-03 06:39
Z0357,2026-08-03 06:40
Z0396,2026-08-03 06:41
Z0113,2026-08-03 06:43
Z0194,2026-08-03 06:44
Z0814,2026-08-03 06:49
Z0806,2026-08-03 06:51
Z0256,2026-08-03 06:52
Z0295,2026-08-03 06:53
Z0296,2026-08-03 06:54
Z0184,2026-08-03 06:56
Z0430,2026-08-03 06:56
Z0457,2026-08-03 06:56
Z0596,2026-08-03 06:56
Z0043,2026-08-03 06:58
Z0780,2026-08-03 06:59
Z0050,2026-08-03 07:03
Z0162,2026-08-03 07:03
Z0217,2026-08-03 07:04
Z0553,2026-08-03 07:04
Z0865,2026-08-03 07:04
Z0222,2026-08-03 07:05
Z0203,2026-08-03 07:08
Z0204,2026-08-03 07:11
Z0160,2026-08-03 07:12
Z0293,2026-08-03 07:12
Z0261,2026-08-03 07:13
Z0314,2026-08-03 07:14
Z0567,2026-08-03 07:14
Z0005,2026-08-03 07:15
Z0103,2026-08-03 07:15
Z0513,2026-08-03 07:16
Z0257,2026-08-03 07:17
Z0115,2026-08-03 07:18
Z0262,2026-08-03 07:19
Z0118,2026-08-03 07:20
Z0233,2026-08-03 07:20
Z0471,2026-08-03 07:20
Z0465,2026-08-03 07:21
Z0224,2026-08-03 07:23
Z0631,2026-08-03 07:23
Z0061,2026-08-03 07:24
Z0210,2026-08-03 07:24
Z0114,2026-08-03 07:26
Z0169,2026-08-03 07:26
Z0150,2026-08-03 07:27
Z0206,2026-08-03 07:28
Z0441,2026-08-03 07:29
Z0056,2026-08-03 07:32
Z0268,2026-08-03 07:34
Z0810,2026-08-03 07:37
Z0234,2026-08-03 07:38
Z0801,2026-08-03 07:39
Z0894,2026-08-03 07:39
Z0321,2026-08-03 07:41
Z0259,2026-08-03 07:43
Z0301,2026-08-03 07:43
Z0004,2026-08-03 07:44
Z0146,2026-08-03 07:44
Z0401,2026-08-03 07:44
Z0862,2026-08-03 07:45
Z0381,2026-08-03 07:49
Z0863,2026-08-03 07:50
Z0060,2026-08-03 07:51
Z0202,2026-08-03 07:52
Z0243,2026-08-03 07:52
Z0832,2026-08-03 07:52
Z0032,2026-08-03 07:54
Z0258,2026-08-03 07:58
Z0159,2026-08-03 08:00
Z0008,2026-08-03 08:02
Z0294,2026-08-03 08:02
Z0063,2026-08-03 08:05
Z0373,2026-08-03 08:06
Z0039,2026-08-03 08:07
Z0166,2026-08-03 08:08
Z0846,2026-08-03 08:10
Z0527,2026-08-03 08:11
Z0284,2026-08-03 08:12
Z0307,2026-08-03 08:19
Z0391,2026-08-03 08:21
Z0782,2026-08-03 08:23
Z0851,2026-08-03 08:23
Z0071,2026-08-03 08:25
Z0121,2026-08-03 08:25
Z0636,2026-08-03 08:26
Z0397,2026-08-03 08:29
Z0281,2026-08-03 08:31
Z0033,2026-08-03 08:32
Z0442,2026-08-03 08:32
Z0575,2026-08-03 08:32
Z0253,2026-08-03 08:33
Z0687,2026-08-03 08:33
Z0837,2026-08-03 08:35
Z0049,2026-08-03 08:38
Z0211,2026-08-03 08:38
Z0464,2026-08-03 08:39
Z0835,2026-08-03 08:39
Z0028,2026-08-03 08:41
Z0796,2026-08-03 08:43
Z0399,2026-08-03 08:49
Z0509,2026-08-03 08:51
Z0502,2026-08-03 08:54
Z0072,2026-08-03 08:55
Z0892,2026-08-03 08:56
Z0040,2026-08-03 09:06
Z0331,2026-08-03 09:06
Z0531,2026-08-03 09:08
Z0291,2026-08-03 09:11
Z0077,2026-08-03 09:21
Z0237,2026-08-03 09:23
Z0309,2026-08-03 09:23
Z0241,2026-08-03 09:25
Z0235,2026-08-03 09:29
Z0431,2026-08-03 09:31
Z0838,2026-08-03 09:44
Z0362,2026-08-03 09:59
Z0022,2026-08-03 12:03
Z0825,2026-08-03 12:03
Z0819,2026-08-03 12:06
Z0220,2026-08-03 12:13
Z0282,2026-08-03 12:13
Z0137,2026-08-03 12:18
Z0826,2026-08-03 12:20
Z0896,2026-08-03 12:21
Z0087,2026-08-03 12:22
Z0551,2026-08-03 12:22
Z0095,2026-08-03 12:27
Z0088,2026-08-03 12:29
Z0142,2026-08-03 12:30
Z0669,2026-08-03 12:30
Z0161,2026-08-03 12:31
Z0400,2026-08-03 12:32
Z0574,2026-08-03 12:33
Z0145,2026-08-03 12:34
Z0025,2026-08-03 12:38
Z0377,2026-08-03 12:38
Z0438,2026-08-03 12:40
Z0424,2026-08-03 12:41
Z0246,2026-08-03 12:43
Z0809,2026-08-03 12:51
Z0136,2026-08-03 12:52
Z0100,2026-08-03 12:55
Z0347,2026-08-03 12:59
Z0010,2026-08-03 13:01
Z0051,2026-08-03 13:06
Z0615,2026-08-03 13:06
Z0207,2026-08-03 13:11
Z0180,2026-08-03 13:13
Z0859,2026-08-03 13:14
Z0586,2026-08-03 13:17
Z0414,2026-08-03 13:20
Z0472,2026-08-03 13:21
Z0188,2026-08-03 13:35
Z0254,2026-08-03 13:36
Z0290,2026-08-03 13:41
Z0288,2026-08-03 13:42
Z0270,2026-08-03 13:45
Z0312,2026-08-03 13:59
Z0196,2026-08-03 17:02
Z0494,2026-08-03 17:06
Z0409,2026-08-03 17:16
Z0411,2026-08-03 17:16
Z0830,2026-08-03 17:19
Z0390,2026-08-03 17:22
Z0760,2026-08-03 17:29
Z0311,2026-08-03 17:36
Z0774,2026-08-03 17:37
Z0090,2026-08-03 17:41
Z0016,2026-08-03 17:52
Z0446,2026-08-03 17:53
Z0511,2026-08-03 17:53
Z0175,2026-08-03 17:55
Z0351,2026-08-03 17:55
Z0129,2026-08-03 17:56
Z0149,2026-08-03 17:58
Z0313,2026-08-03 18:04
Z0186,2026-08-03 18:08
Z0123,2026-08-03 18:09
Z0275,2026-08-03 18:11
Z0483,2026-08-03 18:11
Z0860,2026-08-03 18:11
Z0507,2026-08-03 18:12
Z0106,2026-08-03 18:14
Z0242,2026-08-03 18:17
Z0126,2026-08-03 18:20
Z0269,2026-08-03 18:21
Z0179,2026-08-03 18:23
Z0788,2026-08-03 18:23
Z0276,2026-08-03 18:24
Z0300,2026-08-03 18:24
Z0250,2026-08-03 18:25
Z0178,2026-08-03 18:26
Z0271,2026-08-03 18:26
Z0602,2026-08-03 18:29
Z0297,2026-08-03 18:32
Z0478,2026-08-03 18:34
Z0280,2026-08-03 18:36
Z0601,2026-08-03 18:36
Z0119,2026-08-03 18:37
Z0516,2026-08-03 18:37
Z0105,2026-08-03 18:40
Z0085,2026-08-03 18:42
Z0208,2026-08-03 18:44
Z0526,2026-08-03 18:44
Z0086,2026-08-03 18:48
Z0249,2026-08-03 18:50
Z0277,2026-08-03 18:51
Z0084,2026-08-03 18:54
Z0223,2026-08-03 18:54
Z0433,2026-08-03 18:54
Z0764,2026-08-03 18:55
Z0845,2026-08-03 18:55
Z0009,2026-08-03 18:59
Z0055,2026-08-03 19:05
Z0798,2026-08-03 19:06
Z0841,2026-08-03 19:06
Z0236,2026-08-03 19:07
Z0213,2026-08-03 19:08
Z0487,2026-08-03 19:13
Z0768,2026-08-03 19:14
Z0632,2026-08-03 19:15
Z0323,2026-08-03 19:19
Z0528,2026-08-03 19:19
Z0036,2026-08-03 19:21
Z0278,2026-08-03 19:21
Z0828,2026-08-03 19:25
Z0849,2026-08-03 19:27
Z0021,2026-08-03 19:29
Z0380,2026-08-03 19:29
Z0429,2026-08-03 19:29
Z0272,2026-08-03 19:30
Z0346,2026-08-03 19:30
Z0364,2026-08-03 19:30
Z0515,2026-08-03 19:31
Z0209,2026-08-03 19:33
Z0097,2026-08-03 19:34
Z0792,2026-08-03 19:37
Z0316,2026-08-03 19:38
Z0491,2026-08-03 19:40
Z0057,2026-08-03 19:41
Z0189,2026-08-03 19:42
Z0318,2026-08-03 19:43
Z0376,2026-08-03 19:44
Z0436,2026-08-03 19:44
Z0239,2026-08-03 19:46
Z0803,2026-08-03 19:46
Z0131,2026-08-03 19:49
Z0228,2026-08-03 19:50
Z0303,2026-08-03 19:50
Z0544,2026-08-03 19:50
Z0037,2026-08-03 19:52
Z0089,2026-08-03 19:52
Z0500,2026-08-03 19:52
Z0012,2026-08-03 19:53
Z0325,2026-08-03 19:53
Z0338,2026-08-03 19:53
Z0524,2026-08-03 19:54
Z0820,2026-08-03 19:54
Z0629,2026-08-03 19:59
Z0292,2026-08-03 20:00
Z0029,2026-08-03 20:02
Z0133,2026-08-03 20:02
Z0378,2026-08-03 20:03
Z0576,2026-08-03 20:03
Z0469,2026-08-03 20:05
Z0232,2026-08-03 20:08
Z0843,2026-08-03 20:09
Z0048,2026-08-03 20:10
Z0141,2026-08-03 20:15
Z0176,2026-08-03 20:16
Z0794,2026-08-03 20:20
Z0505,2026-08-03 20:23
Z0836,2026-08-03 20:25
Z0448,2026-08-03 20:31
Z0109,2026-08-03 20:36
Z0081,2026-08-03 20:38
Z0158,2026-08-03 20:38
Z0247,2026-08-03 20:41
Z0428,2026-08-03 20:49
Z0289,2026-08-03 20:50
Z0273,2026-08-03 20:57
Z0489,2026-08-03 20:57
Z0052,2026-08-03 20:59
Z0019,2026-08-04 06:01
Z0161,2026-08-04 06:04
Z0188,2026-08-04 06:05
Z0568,2026-08-04 06:12
Z0394,2026-08-04 06:14
Z0190,2026-08-04 06:15
Z0427,2026-08-04 06:15
Z0059,2026-08-04 06:17
Z0057,2026-08-04 06:18
Z0121,2026-08-04 06:18
Z0026,2026-08-04 06:20
Z0042,2026-08-04 06:21
Z0053,2026-08-04 06:21
Z0288,2026-08-04 06:21
Z0160,2026-08-04 06:24
Z0845,2026-08-04 06:26
Z0805,2026-08-04 06:31
Z0032,2026-08-04 06:32
Z0610,2026-08-04 06:32
Z0077,2026-08-04 06:33
Z0013,2026-08-04 06:34
Z0495,2026-08-04 06:36
Z0506,2026-08-04 06:36
Z0171,2026-08-04 06:38
Z0812,2026-08-04 06:38
Z0006,2026-08-04 06:41
Z0189,2026-08-04 06:43
Z0541,2026-08-04 06:45
Z0112,2026-08-04 06:46
Z0056,2026-08-04 06:47
Z0235,2026-08-04 06:47
Z0818,2026-08-04 06:49
Z0069,2026-08-04 06:50
Z0157,2026-08-04 06:58
Z0513,2026-08-04 07:01
Z0600,2026-08-04 07:03
Z0034,2026-08-04 07:05
Z0225,2026-08-04 07:06
Z0266,2026-08-04 07:06
Z0101,2026-08-04 07:07
Z0309,2026-08-04 07:08
Z0068,2026-08-04 07:10
Z0236,2026-08-04 07:10
Z0272,2026-08-04 07:10
Z0117,2026-08-04 07:12
Z0332,2026-08-04 07:12
Z0341,2026-08-04 07:12
Z0891,2026-08-04 07:13
Z0050,2026-08-04 07:14
Z0299,2026-08-04 07:15
Z0141,2026-08-04 07:16
Z0017,2026-08-04 07:18
Z0219,2026-08-04 07:19
Z0086,2026-08-04 07:20
Z0149,2026-08-04 07:21
Z0405,2026-08-04 07:21
Z0671,2026-08-04 07:24
Z0106,2026-08-04 07:25
Z0269,2026-08-04 07:28
Z0324,2026-08-04 07:28
Z0313,2026-08-04 07:29
Z0784,2026-08-04 07:31
Z0663,2026-08-04 07:32
Z0085,2026-08-04 07:33
Z0125,2026-08-04 07:33
Z0563,2026-08-04 07:33
Z0283,2026-08-04 07:34
Z0295,2026-08-04 07:34
Z0330,2026-08-04 07:36
Z0294,2026-08-04 07:39
Z0507,2026-08-04 07:40
Z0251,2026-08-04 07:42
Z0228,2026-08-04 07:43
Z0429,2026-08-04 07:45
Z0764,2026-08-04 07:45
Z0277,2026-08-04 07:46
Z0140,2026-08-04 07:47
Z0326,2026-08-04 07:48
Z0007,2026-08-04 07:49
Z0170,2026-08-04 07:49
Z0198,2026-08-04 07:49
Z0011,2026-08-04 07:51
Z0256,2026-08-04 07:52
Z0132,2026-08-04 07:53
Z0262,2026-08-04 07:53
Z0308,2026-08-04 07:54
Z0893,2026-08-04 07:54
Z0244,2026-08-04 07:55
Z0258,2026-08-04 07:55
Z0342,2026-08-04 07:56
Z0450,2026-08-04 07:56
Z0642,2026-08-04 07:57
Z0265,2026-08-04 07:58
Z0530,2026-08-04 07:58
Z0407,2026-08-04 07:59
Z0432,2026-08-04 08:00
Z0075,2026-08-04 08:05
Z0021,2026-08-04 08:07
Z0300,2026-08-04 08:09
Z0562,2026-08-04 08:10
Z0810,2026-08-04 08:12
Z0836,2026-08-04 08:12
Z0139,2026-08-04 08:16
Z0156,2026-08-04 08:22
Z0447,2026-08-04 08:23
Z0209,2026-08-04 08:25
Z0166,2026-08-04 08:26
Z0278,2026-08-04 08:26
Z0084,2026-08-04 08:27
Z0091,2026-08-04 08:32
Z0164,2026-08-04 08:34
Z0200,2026-08-04 08:37
Z0800,2026-08-04 08:40
Z0837,2026-08-04 08:42
Z0355,2026-08-04 08:45
Z0074,2026-08-04 08:48
Z0461,2026-08-04 08:49
Z0508,2026-08-04 08:52
Z0343,2026-08-04 08:55
Z0360,2026-08-04 09:06
Z0599,2026-08-04 09:14
Z0070,2026-08-04 09:56
Z0055,2026-08-04 12:00
Z0463,2026-08-04 12:03
Z0639,2026-08-04 12:04
Z0379,2026-08-04 12:07
Z0358,2026-08-04 12:08
Z0130,2026-08-04 12:09
Z0100,2026-08-04 12:12
Z0553,2026-08-04 12:13
Z0481,2026-08-04 12:24
Z0297,2026-08-04 12:30
Z0071,2026-08-04 12:33
Z0403,2026-08-04 12:34
Z0384,2026-08-04 12:41
Z0167,2026-08-04 12:48
Z0561,2026-08-04 12:48
Z0760,2026-08-04 12:52
Z0135,2026-08-04 12:57
Z0289,2026-08-04 13:00
Z0770,2026-08-04 13:01
Z0811,2026-08-04 13:01
Z0357,2026-08-04 13:05
Z0173,2026-08-04 13:18
Z0897,2026-08-04 13:29
Z0499,2026-08-04 13:30
Z0630,2026-08-04 13:33
Z0108,2026-08-04 13:37
Z0850,2026-08-04 13:38
Z0179,2026-08-04 13:39
Z0008,2026-08-04 13:44
Z0134,2026-08-04 13:47
Z0345,2026-08-04 13:53
Z0834,2026-08-04 13:54
Z0426,2026-08-04 17:02
Z0846,2026-08-04 17:04
Z0855,2026-08-04 17:06
Z0177,2026-08-04 17:07
Z0254,2026-08-04 17:08
Z0282,2026-08-04 17:18
Z0311,2026-08-04 17:21
Z0451,2026-08-04 17:27
Z0098,2026-08-04 17:29
Z0087,2026-08-04 17:30
Z0796,2026-08-04 17:31
Z0250,2026-08-04 17:39
Z0808,2026-08-04 17:43
Z0822,2026-08-04 17:46
Z0419,2026-08-04 17:47
Z0035,2026-08-04 17:53
Z0480,2026-08-04 17:53
Z0227,2026-08-04 17:57
Z0234,2026-08-04 18:00
Z0335,2026-08-04 18:00
Z0136,2026-08-04 18:01
Z0535,2026-08-04 18:01
Z0120,2026-08-04 18:03
Z0078,2026-08-04 18:04
Z0572,2026-08-04 18:05
Z0093,2026-08-04 18:08
Z0208,2026-08-04 18:10
Z0323,2026-08-04 18:10
Z0756,2026-08-04 18:10
Z0038,2026-08-04 18:11
Z0828,2026-08-04 18:11
Z0590,2026-08-04 18:12
Z0404,2026-08-04 18:14
Z0002,2026-08-04 18:15
Z0129,2026-08-04 18:15
Z0252,2026-08-04 18:15
Z0061,2026-08-04 18:16
Z0247,2026-08-04 18:17
Z0325,2026-08-04 18:19
Z0862,2026-08-04 18:23
Z0246,2026-08-04 18:25
Z0402,2026-08-04 18:26
Z0825,2026-08-04 18:28
Z0118,2026-08-04 18:30
Z0823,2026-08-04 18:30
Z0127,2026-08-04 18:33
Z0522,2026-08-04 18:33
Z0180,2026-08-04 18:36
Z0768,2026-08-04 18:37
Z0178,2026-08-04 18:40
Z0517,2026-08-04 18:45
Z0193,2026-08-04 18:46
Z0264,2026-08-04 18:49
Z0126,2026-08-04 18:51
Z0896,2026-08-04 18:53
Z0587,2026-08-04 18:54
Z0766,2026-08-04 18:55
Z0628,2026-08-04 18:56
Z0281,2026-08-04 19:03
Z0267,2026-08-04 19:04
Z0261,2026-08-04 19:06
Z0062,2026-08-04 19:08
Z0479,2026-08-04 19:08
Z0675,2026-08-04 19:08
Z0220,2026-08-04 19:09
Z0046,2026-08-04 19:15
Z0263,2026-08-04 19:20
Z0242,2026-08-04 19:22
Z0446,2026-08-04 19:24
Z0168,2026-08-04 19:28
Z0213,2026-08-04 19:29
Z0245,2026-08-04 19:29
Z0841,2026-08-04 19:31
Z0460,2026-08-04 19:32
Z0306,2026-08-04 19:36
Z0471,2026-08-04 19:36
Z0094,2026-08-04 19:37
Z0083,2026-08-04 19:40
Z0196,2026-08-04 19:41
Z0418,2026-08-04 19:41
Z0528,2026-08-04 19:44
Z0192,2026-08-04 19:49
Z0217,2026-08-04 19:49
Z0286,2026-08-04 19:50
Z0442,2026-08-04 19:50
Z0195,2026-08-04 19:52
Z0103,2026-08-04 19:54
Z0162,2026-08-04 19:56
Z0187,2026-08-04 19:56
Z0201,2026-08-04 19:57
Z0689,2026-08-04 20:05
Z0163,2026-08-04 20:07
Z0372,2026-08-04 20:14
Z0853,2026-08-04 20:18
Z0401,2026-08-04 20:21
Z0128,2026-08-04 20:26
Z0221,2026-08-04 20:27
Z0303,2026-08-04 20:31
Z0644,2026-08-04 20:31
Z0065,2026-08-04 20:32
Z0609,2026-08-04 20:32
Z0641,2026-08-04 20:35
Z0653,2026-08-04 20:37
Z0820,2026-08-04 20:45
Z0045,2026-08-04 20:46
Z0863,2026-08-04 20:51
Z0175,2026-08-04 20:53
Z0347,2026-08-04 20:53
Z0304,2026-08-04 20:57
Z0115,2026-08-05 06:00
Z0240,2026-08-05 06:02
Z0275,2026-08-05 06:02
Z0377,2026-08-05 06:04
Z0136,2026-08-05 06:06
Z0260,2026-08-05 06:08
Z0179,2026-08-05 06:13
Z0212,2026-08-05 06:13
Z0026,2026-08-05 06:17
Z0045,2026-08-05 06:19
Z0406,2026-08-05 06:19
Z0371,2026-08-05 06:21
Z0774,2026-08-05 06:21
Z0243,2026-08-05 06:22
Z0248,2026-08-05 06:24
Z0495,2026-08-05 06:24
Z0159,2026-08-05 06:25
Z0801,2026-08-05 06:26
Z0839,2026-08-05 06:27
Z0015,2026-08-05 06:28
Z0410,2026-08-05 06:28
Z0317,2026-08-05 06:29
Z0028,2026-08-05 06:33
Z0435,2026-08-05 06:33
Z0070,2026-08-05 06:35
Z0057,2026-08-05 06:36
Z0443,2026-08-05 06:36
Z0445,2026-08-05 06:38
Z0181,2026-08-05 06:39
Z0261,2026-08-05 06:39
Z0681,2026-08-05 06:43
Z0110,2026-08-05 06:46
Z0112,2026-08-05 06:47
Z0206,2026-08-05 06:56
Z0153,2026-08-05 06:57
Z0217,2026-08-05 06:57
Z0227,2026-08-05 06:57
Z0486,2026-08-05 06:57
Z0069,2026-08-05 06:59
Z0202,2026-08-05 07:00
Z0798,2026-08-05 07:01
Z0832,2026-08-05 07:03
Z0068,2026-08-05 07:05
Z0244,2026-08-05 07:07
Z0253,2026-08-05 07:07
Z0330,2026-08-05 07:07
Z0381,2026-08-05 07:07
Z0001,2026-08-05 07:08
Z0838,2026-08-05 07:10
Z0059,2026-08-05 07:11
Z0413,2026-08-05 07:13
Z0323,2026-08-05 07:14
Z0152,2026-08-05 07:17
Z0359,2026-08-05 07:18
Z0036,2026-08-05 07:19
Z0011,2026-08-05 07:22
Z0319,2026-08-05 07:22
Z0364,2026-08-05 07:22
Z0430,2026-08-05 07:22
Z0559,2026-08-05 07:22
Z0141,2026-08-05 07:23
Z0353,2026-08-05 07:23
Z0080,2026-08-05 07:24
Z0237,2026-08-05 07:24
Z0051,2026-08-05 07:25
Z0163,2026-08-05 07:25
Z0411,2026-08-05 07:25
Z0008,2026-08-05 07:27
Z0326,2026-08-05 07:28
Z0498,2026-08-05 07:28
Z0120,2026-08-05 07:29
Z0108,2026-08-05 07:31
Z0314,2026-08-05 07:31
Z0027,2026-08-05 07:32
Z0205,2026-08-05 07:32
Z0271,2026-08-05 07:32
Z0279,2026-08-05 07:32
Z0096,2026-08-05 07:33
Z0432,2026-08-05 07:33
Z0114,2026-08-05 07:34
Z0481,2026-08-05 07:35
Z0144,2026-08-05 07:36
Z0204,2026-08-05 07:36
Z0605,2026-08-05 07:37
Z0836,2026-08-05 07:38
Z0291,2026-08-05 07:40
Z0892,2026-08-05 07:42
Z0302,2026-08-05 07:43
Z0423,2026-08-05 07:49
Z0315,2026-08-05 07:51
Z0099,2026-08-05 07:52
Z0758,2026-08-05 07:52
Z0229,2026-08-05 07:53
Z0235,2026-08-05 07:53
Z0060,2026-08-05 07:56
Z0048,2026-08-05 07:59
Z0230,2026-08-05 07:59
Z0643,2026-08-05 07:59
Z0805,2026-08-05 08:03
Z0079,2026-08-05 08:09
Z0327,2026-08-05 08:09
Z0187,2026-08-05 08:10
Z0065,2026-08-05 08:13
Z0269,2026-08-05 08:15
Z0143,2026-08-05 08:16
Z0667,2026-08-05 08:16
Z0165,2026-08-05 08:20
Z0833,2026-08-05 08:22
Z0369,2026-08-05 08:27
Z0307,2026-08-05 08:28
Z0852,2026-08-05 08:30
Z0484,2026-08-05 08:32
Z0298,2026-08-05 08:33
Z0077,2026-08-05 08:34
Z0085,2026-08-05 08:34
Z0425,2026-08-05 08:36
Z0404,2026-08-05 08:40
Z0135,2026-08-05 08:42
Z0195,2026-08-05 08:44
Z0084,2026-08-05 08:47
Z0282,2026-08-05 08:51
Z0351,2026-08-05 08:54
Z0263,2026-08-05 08:55
Z0444,2026-08-05 08:57
Z0154,2026-08-05 09:00
Z0024,2026-08-05 09:07
Z0255,2026-08-05 09:33
Z0382,2026-08-05 09:35
Z0310,2026-08-05 09:40
Z0543,2026-08-05 09:42
Z0030,2026-08-05 09:46
Z0156,2026-08-05 09:50
Z0788,2026-08-05 12:01
Z0258,2026-08-05 12:06
Z0426,2026-08-05 12:06
Z0477,2026-08-05 12:06
Z0823,2026-08-05 12:06
Z0196,2026-08-05 12:09
Z0148,2026-08-05 12:10
Z0790,2026-08-05 12:14
Z0786,2026-08-05 12:18
Z0398,2026-08-05 12:25
Z0064,2026-08-05 12:31
Z0123,2026-08-05 12:34
Z0800,2026-08-05 12:39
Z0770,2026-08-05 12:42
Z0490,2026-08-05 12:51
Z0297,2026-08-05 12:52
Z0246,2026-08-05 12:54
Z0772,2026-08-05 12:57
Z0106,2026-08-05 13:03
Z0344,2026-08-05 13:04
Z0293,2026-08-05 13:14
Z0388,2026-08-05 13:22
Z0185,2026-08-05 13:31
Z0058,2026-08-05 13:42
Z0850,2026-08-05 13:46
Z0138,2026-08-05 13:48
Z0358,2026-08-05 13:50
Z0222,2026-08-05 13:51
Z0101,2026-08-05 13:54
Z0614,2026-08-05 13:56
Z0047,2026-08-05 13:58
Z0050,2026-08-05 17:01
Z0087,2026-08-05 17:01
Z0162,2026-08-05 17:01
Z0116,2026-08-05 17:12
Z0760,2026-08-05 17:15
Z0091,2026-08-05 17:27
Z0837,2026-08-05 17:27
Z0224,2026-08-05 17:34
Z0691,2026-08-05 17:35
Z0018,2026-08-05 17:39
Z0089,2026-08-05 17:40
Z0092,2026-08-05 17:40
Z0170,2026-08-05 17:40
Z0270,2026-08-05 17:41
Z0571,2026-08-05 17:42
Z0819,2026-08-05 17:46
Z0811,2026-08-05 17:55
Z0208,2026-08-05 18:01
Z0182,2026-08-05 18:04
Z0534,2026-08-05 18:06
Z0822,2026-08-05 18:06
Z0762,2026-08-05 18:07
Z0370,2026-08-05 18:09
Z0020,2026-08-05 18:11
Z0238,2026-08-05 18:12
Z0304,2026-08-05 18:12
Z0419,2026-08-05 18:12
Z0400,2026-08-05 18:13
Z0649,2026-08-05 18:13
Z0897,2026-08-05 18:13
Z0393,2026-08-05 18:14
Z0049,2026-08-05 18:17
Z0134,2026-08-05 18:17
Z0472,2026-08-05 18:17
Z0094,2026-08-05 18:18
Z0007,2026-08-05 18:19
Z0199,2026-08-05 18:19
Z0265,2026-08-05 18:19
Z0305,2026-08-05 18:24
Z0171,2026-08-05 18:32
Z0211,2026-08-05 18:32
Z0301,2026-08-05 18:32
Z0093,2026-08-05 18:33
Z0422,2026-08-05 18:33
Z0081,2026-08-05 18:36
Z0794,2026-08-05 18:36
Z0190,2026-08-05 18:41
Z0500,2026-08-05 18:41
Z0628,2026-08-05 18:45
Z0526,2026-08-05 18:47
Z0155,2026-08-05 18:50
Z0090,2026-08-05 18:51
Z0289,2026-08-05 18:51
Z0142,2026-08-05 18:52
Z0197,2026-08-05 18:53
Z0161,2026-08-05 18:56
Z0169,2026-08-05 18:58
Z0625,2026-08-05 18:58
Z0818,2026-08-05 19:03
Z0016,2026-08-05 19:05
Z0496,2026-08-05 19:07
Z0524,2026-08-05 19:07
Z0784,2026-08-05 19:07
Z0313,2026-08-05 19:10
Z0062,2026-08-05 19:12
Z0502,2026-08-05 19:12
Z0510,2026-08-05 19:13
Z0280,2026-08-05 19:23
Z0578,2026-08-05 19:25
Z0039,2026-08-05 19:26
Z0137,2026-08-05 19:28
Z0012,2026-08-05 19:29
Z0391,2026-08-05 19:34
Z0139,2026-08-05 19:35
Z0272,2026-08-05 19:38
Z0215,2026-08-05 19:40
Z0529,2026-08-05 19:40
Z0067,2026-08-05 19:46
Z0567,2026-08-05 19:47
Z0341,2026-08-05 19:49
Z0635,2026-08-05 19:49
Z0424,2026-08-05 19:52
Z0146,2026-08-05 19:53
Z0218,2026-08-05 19:57
Z0457,2026-08-05 20:03
Z0014,2026-08-05 20:04
Z0213,2026-08-05 20:04
Z0283,2026-08-05 20:09
Z0389,2026-08-05 20:12
Z0580,2026-08-05 20:12
Z0854,2026-08-05 20:18
Z0003,2026-08-05 20:20
Z0122,2026-08-05 20:25
Z0231,2026-08-05 20:31
Z0439,2026-08-05 20:35
Z0408,2026-08-05 20:36
Z0149,2026-08-05 20:43
Z0111,2026-08-05 20:45
Z0178,2026-08-05 20:45
Z0339,2026-08-05 20:45
Z0236,2026-08-05 20:53
Z0071,2026-08-05 20:55
Z0073,2026-08-05 20:55
Z0247,2026-08-05 20:58
Z0284,2026-08-05 20:59
Z0126,2026-08-06 06:00
Z0415,2026-08-06 06:00
Z0100,2026-08-06 06:03
Z0166,2026-08-06 06:03
Z0307,2026-08-06 06:03
Z0614,2026-08-06 06:05
Z0062,2026-08-06 06:06
Z0023,2026-08-06 06:09
Z0157,2026-08-06 06:11
Z0067,2026-08-06 06:12
Z0004,2026-08-06 06:13
Z0030,2026-08-06 06:13
Z0028,2026-08-06 06:14
Z0312,2026-08-06 06:20
Z0206,2026-08-06 06:25
Z0221,2026-08-06 06:25
Z0142,2026-08-06 06:26
Z0161,2026-08-06 06:26
Z0295,2026-08-06 06:27
Z0276,2026-08-06 06:31
Z0585,2026-08-06 06:32
Z0262,2026-08-06 06:34
Z0302,2026-08-06 06:35
Z0306,2026-08-06 06:35
Z0322,2026-08-06 06:38
Z0848,2026-08-06 06:39
Z0042,2026-08-06 06:43
Z0256,2026-08-06 06:48
Z0801,2026-08-06 06:48
Z0181,2026-08-06 06:52
Z0812,2026-08-06 06:57
Z0896,2026-08-06 06:58
Z0032,2026-08-06 07:00
Z0150,2026-08-06 07:03
Z0242,2026-08-06 07:03
Z0275,2026-08-06 07:05
Z0758,2026-08-06 07:05
Z0069,2026-08-06 07:07
Z0407,2026-08-06 07:08
Z0539,2026-08-06 07:09
Z0197,2026-08-06 07:13
Z0314,2026-08-06 07:13
Z0394,2026-08-06 07:13
Z0464,2026-08-06 07:14
Z0540,2026-08-06 07:16
Z0764,2026-08-06 07:18
Z0076,2026-08-06 07:20
Z0125,2026-08-06 07:20
Z0095,2026-08-06 07:22
Z0123,2026-08-06 07:24
Z0210,2026-08-06 07:24
Z0135,2026-08-06 07:25
Z0203,2026-08-06 07:25
Z0078,2026-08-06 07:26
Z0204,2026-08-06 07:26
Z0290,2026-08-06 07:26
Z0857,2026-08-06 07:26
Z0118,2026-08-06 07:27
Z0241,2026-08-06 07:27
Z0366,2026-08-06 07:27
Z0810,2026-08-06 07:27
Z0001,2026-08-06 07:29
Z0313,2026-08-06 07:29
Z0595,2026-08-06 07:30
Z0800,2026-08-06 07:30
Z0189,2026-08-06 07:32
Z0144,2026-08-06 07:35
Z0349,2026-08-06 07:35
Z0109,2026-08-06 07:36
Z0040,2026-08-06 07:37
Z0107,2026-08-06 07:37
Z0374,2026-08-06 07:38
Z0041,2026-08-06 07:39
Z0356,2026-08-06 07:39
Z0756,2026-08-06 07:40
Z0260,2026-08-06 07:41
Z0320,2026-08-06 07:41
Z0512,2026-08-06 07:41
Z0337,2026-08-06 07:44
Z0029,2026-08-06 07:45
Z0291,2026-08-06 07:45
Z0546,2026-08-06 07:45
Z0625,2026-08-06 07:45
Z0005,2026-08-06 07:48
Z0240,2026-08-06 07:50
Z0569,2026-08-06 07:51
Z0102,2026-08-06 07:53
Z0270,2026-08-06 07:54
Z0120,2026-08-06 07:55
Z0179,2026-08-06 07:55
Z0114,2026-08-06 07:59
Z0132,2026-08-06 07:59
Z0205,2026-08-06 07:59
Z0219,2026-08-06 07:59
Z0249,2026-08-06 08:00
Z0498,2026-08-06 08:01
Z0762,2026-08-06 08:01
Z0168,2026-08-06 08:03
Z0819,2026-08-06 08:06
Z0117,2026-08-06 08:07
Z0353,2026-08-06 08:10
Z0683,2026-08-06 08:14
Z0054,2026-08-06 08:15
Z0199,2026-08-06 08:17
Z0405,2026-08-06 08:18
Z0301,2026-08-06 08:21
Z0480,2026-08-06 08:22
Z0091,2026-08-06 08:25
Z0252,2026-08-06 08:26
Z0778,2026-08-06 08:28
Z0106,2026-08-06 08:32
Z0046,2026-08-06 08:33
Z0035,2026-08-06 08:36
Z0229,2026-08-06 08:37
Z0328,2026-08-06 08:39
Z0072,2026-08-06 08:42
Z0529,2026-08-06 08:43
Z0289,2026-08-06 08:44
Z0564,2026-08-06 08:44
Z0622,2026-08-06 08:44
Z0823,2026-08-06 08:48
Z0375,2026-08-06 08:52
Z0523,2026-08-06 08:52
Z0255,2026-08-06 08:53
Z0234,2026-08-06 08:56
Z0080,2026-08-06 09:01
Z0838,2026-08-06 09:04
Z0237,2026-08-06 09:05
Z0891,2026-08-06 09:18
Z0056,2026-08-06 09:21
Z0298,2026-08-06 09:22
Z0063,2026-08-06 09:34
Z0070,2026-08-06 09:36
Z0766,2026-08-06 12:00
Z0052,2026-08-06 12:02
Z0139,2026-08-06 12:11
Z0318,2026-08-06 12:15
Z0027,2026-08-06 12:17
Z0473,2026-08-06 12:20
Z0786,2026-08-06 12:26
Z0805,2026-08-06 12:31
Z0134,2026-08-06 12:32
Z0840,2026-08-06 12:37
Z0303,2026-08-06 12:38
Z0031,2026-08-06 12:40
Z0172,2026-08-06 12:43
Z0324,2026-08-06 12:44
Z0164,2026-08-06 12:46
Z0833,2026-08-06 12:52
Z0287,2026-08-06 12:54
Z0226,2026-08-06 13:04
Z0338,2026-08-06 13:13
Z0335,2026-08-06 13:15
Z0007,2026-08-06 13:18
Z0011,2026-08-06 13:21
Z0017,2026-08-06 13:21
Z0191,2026-08-06 13:26
Z0521,2026-08-06 13:30
Z0856,2026-08-06 13:33
Z0629,2026-08-06 13:34
Z0183,2026-08-06 13:37
Z0423,2026-08-06 13:38
Z0369,2026-08-06 13:39
Z0865,2026-08-06 13:41
Z0358,2026-08-06 13:45
Z0200,2026-08-06 13:46
Z0345,2026-08-06 13:46
Z0230,2026-08-06 13:49
Z0264,2026-08-06 13:50
Z0448,2026-08-06 13:54
Z0507,2026-08-06 17:02
Z0098,2026-08-06 17:16
Z0515,2026-08-06 17:16
Z0198,2026-08-06 17:45
Z0845,2026-08-06 17:47
Z0305,2026-08-06 17:48
Z0014,2026-08-06 17:52
Z0177,2026-08-06 17:52
Z0456,2026-08-06 17:59
Z0121,2026-08-06 18:00
Z0195,2026-08-06 18:00
Z0311,2026-08-06 18:02
Z0363,2026-08-06 18:03
Z0130,2026-08-06 18:05
Z0462,2026-08-06 18:05
Z0385,2026-08-06 18:07
Z0634,2026-08-06 18:10
Z0361,2026-08-06 18:13
Z0790,2026-08-06 18:13
Z0170,2026-08-06 18:15
Z0504,2026-08-06 18:16
Z0597,2026-08-06 18:18
Z0129,2026-08-06 18:19
Z0207,2026-08-06 18:20
Z0059,2026-08-06 18:21
Z0421,2026-08-06 18:21
Z0344,2026-08-06 18:22
Z0397,2026-08-06 18:24
Z0147,2026-08-06 18:27
Z0019,2026-08-06 18:31
Z0608,2026-08-06 18:31
Z0418,2026-08-06 18:33
Z0064,2026-08-06 18:42
Z0263,2026-08-06 18:43
Z0265,2026-08-06 18:44
Z0124,2026-08-06 18:45
Z0212,2026-08-06 18:49
Z0593,2026-08-06 18:49
Z0065,2026-08-06 18:52
Z0097,2026-08-06 18:52
Z0440,2026-08-06 18:52
Z0832,2026-08-06 18:53
Z0419,2026-08-06 18:54
Z0119,2026-08-06 18:56
Z0136,2026-08-06 18:57
Z0140,2026-08-06 18:57
Z0185,2026-08-06 18:57
Z0334,2026-08-06 18:57
Z0329,2026-08-06 18:58
Z0025,2026-08-06 19:00
Z0089,2026-08-06 19:00
Z0039,2026-08-06 19:03
Z0010,2026-08-06 19:07
Z0268,2026-08-06 19:10
Z0530,2026-08-06 19:13
Z0192,2026-08-06 19:14
Z0090,2026-08-06 19:20
Z0020,2026-08-06 19:23
Z0483,2026-08-06 19:23
Z0193,2026-08-06 19:24
Z0155,2026-08-06 19:26
Z0253,2026-08-06 19:30
Z0428,2026-08-06 19:32
Z0267,2026-08-06 19:37
Z0257,2026-08-06 19:40
Z0478,2026-08-06 19:41
Z0190,2026-08-06 19:42
Z0243,2026-08-06 19:42
Z0115,2026-08-06 19:44
Z0171,2026-08-06 19:45
Z0589,2026-08-06 19:45
Z0317,2026-08-06 19:47
Z0574,2026-08-06 19:48
Z0248,2026-08-06 19:52
Z0280,2026-08-06 19:53
Z0826,2026-08-06 19:53
Z0050,2026-08-06 19:55
Z0173,2026-08-06 19:57
Z0151,2026-08-06 19:59
Z0836,2026-08-06 20:02
Z0145,2026-08-06 20:05
Z0413,2026-08-06 20:09
Z0429,2026-08-06 20:09
Z0047,2026-08-06 20:25
Z0505,2026-08-06 20:26
Z0088,2026-08-06 20:27
Z0561,2026-08-06 20:28
Z0002,2026-08-06 20:40
Z0847,2026-08-06 20:44
Z0116,2026-08-06 20:48
Z0104,2026-08-06 20:49
Z0488,2026-08-06 20:52
Z0034,2026-08-06 20:55
Z0021,2026-08-06 20:59
Z0196,2026-08-07 06:00
Z0864,2026-08-07 06:04
Z0374,2026-08-07 06:05
Z0310,2026-08-07 06:09
Z0009,2026-08-07 06:10
Z0134,2026-08-07 06:10
Z0556,2026-08-07 06:12
Z0063,2026-08-07 06:14
Z0488,2026-08-07 06:15
Z0333,2026-08-07 06:17
Z0325,2026-08-07 06:18
Z0132,2026-08-07 06:19
Z0174,2026-08-07 06:21
Z0250,2026-08-07 06:23
Z0608,2026-08-07 06:26
Z0788,2026-08-07 06:28
Z0806,2026-08-07 06:28
Z0352,2026-08-07 06:31
Z0441,2026-08-07 06:32
Z0341,2026-08-07 06:35
Z0080,2026-08-07 06:40
Z0222,2026-08-07 06:40
Z0360,2026-08-07 06:40
Z0113,2026-08-07 06:43
Z0157,2026-08-07 06:45
Z0144,2026-08-07 06:47
Z0833,2026-08-07 06:50
Z0047,2026-08-07 06:52
Z0201,2026-08-07 06:53
Z0782,2026-08-07 06:54
Z0275,2026-08-07 06:55
Z0043,2026-08-07 06:57
Z0801,2026-08-07 06:58
Z0295,2026-08-07 06:59
Z0018,2026-08-07 07:00
Z0519,2026-08-07 07:00
Z0843,2026-08-07 07:01
Z0050,2026-08-07 07:02
Z0326,2026-08-07 07:02
Z0097,2026-08-07 07:03
Z0116,2026-08-07 07:03
Z0088,2026-08-07 07:05
Z0262,2026-08-07 07:05
Z0252,2026-08-07 07:08
Z0042,2026-08-07 07:09
Z0897,2026-08-07 07:09
Z0217,2026-08-07 07:10
Z0299,2026-08-07 07:11
Z0283,2026-08-07 07:12
Z0377,2026-08-07 07:12
Z0396,2026-08-07 07:12
Z0023,2026-08-07 07:14
Z0119,2026-08-07 07:17
Z0166,2026-08-07 07:19
Z0274,2026-08-07 07:20
Z0319,2026-08-07 07:22
Z0160,2026-08-07 07:23
Z0514,2026-08-07 07:24
Z0373,2026-08-07 07:25
Z0183,2026-08-07 07:26
Z0266,2026-08-07 07:29
Z0077,2026-08-07 07:33
Z0218,2026-08-07 07:36
Z0839,2026-08-07 07:36
Z0159,2026-08-07 07:38
Z0041,2026-08-07 07:39
Z0278,2026-08-07 07:42
Z0156,2026-08-07 07:44
Z0094,2026-08-07 07:45
Z0207,2026-08-07 07:49
Z0140,2026-08-07 07:52
Z0280,2026-08-07 07:53
Z0798,2026-08-07 07:53
Z0603,2026-08-07 07:54
Z0557,2026-08-07 07:55
Z0154,2026-08-07 07:57
Z0336,2026-08-07 07:57
Z0830,2026-08-07 07:57
Z0066,2026-08-07 07:58
Z0121,2026-08-07 07:58
Z0420,2026-08-07 07:58
Z0492,2026-08-07 07:58
Z0137,2026-08-07 07:59
Z0268,2026-08-07 07:59
Z0525,2026-08-07 07:59
Z0591,2026-08-07 08:01
Z0124,2026-08-07 08:07
Z0437,2026-08-07 08:08
Z0821,2026-08-07 08:11
Z0072,2026-08-07 08:12
Z0078,2026-08-07 08:13
Z0418,2026-08-07 08:14
Z0062,2026-08-07 08:15
Z0153,2026-08-07 08:15
Z0247,2026-08-07 08:18
Z0417,2026-08-07 08:19
Z0101,2026-08-07 08:22
Z0226,2026-08-07 08:22
Z0170,2026-08-07 08:24
Z0193,2026-08-07 08:27
Z0151,2026-08-07 08:30
Z0167,2026-08-07 08:35
Z0307,2026-08-07 08:36
Z0049,2026-08-07 08:38
Z0184,2026-08-07 08:38
Z0076,2026-08-07 08:39
Z0794,2026-08-07 08:41
Z0158,2026-08-07 08:42
Z0826,2026-08-07 08:45
Z0075,2026-08-07 08:46
Z0020,2026-08-07 08:48
Z0249,2026-08-07 08:49
Z0298,2026-08-07 08:50
Z0028,2026-08-07 08:51
Z0496,2026-08-07 08:54
Z0205,2026-08-07 09:07
Z0060,2026-08-07 09:09
Z0117,2026-08-07 09:16
Z0032,2026-08-07 09:18
Z0342,2026-08-07 09:29
Z0040,2026-08-07 09:34
Z0165,2026-08-07 09:40
Z0244,2026-08-07 09:46
Z0330,2026-08-07 09:46
Z0237,2026-08-07 09:53
Z0133,2026-08-07 12:00
Z0484,2026-08-07 12:02
Z0064,2026-08-07 12:04
Z0188,2026-08-07 12:05
Z0756,2026-08-07 12:08
Z0415,2026-08-07 12:17
Z0087,2026-08-07 12:20
Z0334,2026-08-07 12:20
Z0376,2026-08-07 12:20
Z0267,2026-08-07 12:22
Z0322,2026-08-07 12:23
Z0006,2026-08-07 12:37
Z0297,2026-08-07 12:38
Z0015,2026-08-07 12:39
Z0340,2026-08-07 12:43
Z0155,2026-08-07 12:46
Z0499,2026-08-07 12:46
Z0657,2026-08-07 13:01
Z0533,2026-08-07 13:02
Z0329,2026-08-07 13:03
Z0805,2026-08-07 13:05
Z0175,2026-08-07 13:07
Z0615,2026-08-07 13:08
Z0489,2026-08-07 13:10
Z0328,2026-08-07 13:11
Z0092,2026-08-07 13:13
Z0195,2026-08-07 13:13
Z0315,2026-08-07 13:17
Z0370,2026-08-07 13:17
Z0257,2026-08-07 13:19
Z0300,2026-08-07 13:20
Z0439,2026-08-07 13:28
Z0027,2026-08-07 13:29
Z0093,2026-08-07 13:31
Z0031,2026-08-07 13:36
Z0029,2026-08-07 13:37
Z0613,2026-08-07 13:37
Z0835,2026-08-07 13:38
Z0455,2026-08-07 13:39
Z0552,2026-08-07 13:40
Z0054,2026-08-07 13:48
Z0046,2026-08-07 13:53
Z0147,2026-08-07 13:53
Z0182,2026-08-07 13:53
Z0232,2026-08-07 13:55
Z0086,2026-08-07 13:58
Z0127,2026-08-07 13:59
Z0180,2026-08-07 13:59
Z0446,2026-08-07 17:00
Z0138,2026-08-07 17:08
Z0212,2026-08-07 17:08
Z0204,2026-08-07 17:15
Z0214,2026-08-07 17:16
Z0366,2026-08-07 17:21
Z0504,2026-08-07 17:21
Z0002,2026-08-07 17:26
Z0302,2026-08-07 17:26
Z0177,2026-08-07 17:28
Z0122,2026-08-07 17:29
Z0497,2026-08-07 17:34
Z0389,2026-08-07 17:36
Z0784,2026-08-07 17:37
Z0570,2026-08-07 17:38
Z0104,2026-08-07 17:44
Z0172,2026-08-07 17:44
Z0199,2026-08-07 17:50
Z0038,2026-08-07 17:53
Z0162,2026-08-07 17:57
Z0778,2026-08-07 17:58
Z0068,2026-08-07 18:02
Z0209,2026-08-07 18:04
Z0301,2026-08-07 18:04
Z0581,2026-08-07 18:08
Z0490,2026-08-07 18:10
Z0227,2026-08-07 18:12
Z0240,2026-08-07 18:13
Z0186,2026-08-07 18:14
Z0802,2026-08-07 18:17
Z0053,2026-08-07 18:25
Z0349,2026-08-07 18:27
Z0039,2026-08-07 18:30
Z0129,2026-08-07 18:30
Z0367,2026-08-07 18:30
Z0261,2026-08-07 18:31
Z0834,2026-08-07 18:38
Z0194,2026-08-07 18:40
Z0044,2026-08-07 18:41
Z0073,2026-08-07 18:44
Z0287,2026-08-07 18:44
Z0071,2026-08-07 18:49
Z0225,2026-08-07 18:52
Z0345,2026-08-07 18:52
Z0354,2026-08-07 18:54
Z0623,2026-08-07 18:55
Z0191,2026-08-07 18:56
Z0630,2026-08-07 18:56
Z0001,2026-08-07 18:58
Z0860,2026-08-07 18:58
Z0051,2026-08-07 19:01
Z0206,2026-08-07 19:01
Z0858,2026-08-07 19:02
Z0130,2026-08-07 19:05
Z0638,2026-08-07 19:14
Z0096,2026-08-07 19:15
Z0192,2026-08-07 19:15
Z0026,2026-08-07 19:19
Z0808,2026-08-07 19:20
Z0037,2026-08-07 19:28
Z0103,2026-08-07 19:28
Z0457,2026-08-07 19:28
Z0109,2026-08-07 19:29
Z0111,2026-08-07 19:30
Z0224,2026-08-07 19:32
Z0428,2026-08-07 19:32
Z0679,2026-08-07 19:32
Z0823,2026-08-07 19:33
Z0304,2026-08-07 19:34
Z0003,2026-08-07 19:35
Z0099,2026-08-07 19:36
Z0239,2026-08-07 19:38
Z0321,2026-08-07 19:39
Z0397,2026-08-07 19:40
Z0152,2026-08-07 19:41
Z0363,2026-08-07 19:41
Z0426,2026-08-07 19:43
Z0081,2026-08-07 19:46
Z0762,2026-08-07 19:46
Z0285,2026-08-07 19:47
Z0416,2026-08-07 19:47
Z0861,2026-08-07 19:48
Z0375,2026-08-07 19:52
Z0017,2026-08-07 20:03
Z0048,2026-08-07 20:08
Z0447,2026-08-07 20:08
Z0486,2026-08-07 20:08
Z0786,2026-08-07 20:10
Z0238,2026-08-07 20:13
Z0825,2026-08-07 20:26
Z0057,2026-08-07 20:27
Z0102,2026-08-07 20:29
Z0033,2026-08-07 20:31
Z0772,2026-08-07 20:34
Z0146,2026-08-07 20:44
Z0776,2026-08-07 20:44
Z0292,2026-08-07 20:46
Z0010,2026-08-07 20:52
Z0233,2026-08-07 20:54
Z0487,2026-08-07 20:57
Z0145,2026-08-07 20:58
Z0131,2026-08-08 06:03
Z0279,2026-08-08 06:03
Z0259,2026-08-08 06:04
Z0284,2026-08-08 06:04
Z0398,2026-08-08 06:04
Z0028,2026-08-08 06:05
Z0132,2026-08-08 06:07
Z0215,2026-08-08 06:07
Z0493,2026-08-08 06:08
Z0290,2026-08-08 06:10
Z0069,2026-08-08 06:11
Z0821,2026-08-08 06:11
Z0112,2026-08-08 06:14
Z0435,2026-08-08 06:15
Z0255,2026-08-08 06:16
Z0104,2026-08-08 06:18
Z0858,2026-08-08 06:21
Z0033,2026-08-08 06:22
Z0165,2026-08-08 06:23
Z0024,2026-08-08 06:24
Z0273,2026-08-08 06:24
Z0780,2026-08-08 06:24
Z0067,2026-08-08 06:28
Z0115,2026-08-08 06:28
Z0003,2026-08-08 06:29
Z0111,2026-08-08 06:30
Z0126,2026-08-08 06:30
Z0304,2026-08-08 06:32
Z0262,2026-08-08 06:34
Z0244,2026-08-08 06:38
Z0056,2026-08-08 06:43
Z0043,2026-08-08 06:44
Z0266,2026-08-08 06:48
Z0482,2026-08-08 06:48
Z0204,2026-08-08 06:51
Z0183,2026-08-08 06:55
Z0235,2026-08-08 06:57
Z0075,2026-08-08 06:59
Z0807,2026-08-08 07:00
Z0381,2026-08-08 07:01
Z0803,2026-08-08 07:01
Z0161,2026-08-08 07:02
Z0025,2026-08-08 07:03
Z0151,2026-08-08 07:03
Z0412,2026-08-08 07:04
Z0113,2026-08-08 07:06
Z0395,2026-08-08 07:06
Z0123,2026-08-08 07:07
Z0108,2026-08-08 07:08
Z0494,2026-08-08 07:09
Z0320,2026-08-08 07:13
Z0007,2026-08-08 07:17
Z0422,2026-08-08 07:17
Z0818,2026-08-08 07:18
Z0354,2026-08-08 07:19
Z0035,2026-08-08 07:20
Z0348,2026-08-08 07:21
Z0296,2026-08-08 07:22
Z0034,2026-08-08 07:26
Z0299,2026-08-08 07:27
Z0251,2026-08-08 07:28
Z0319,2026-08-08 07:28
Z0857,2026-08-08 07:28
Z0208,2026-08-08 07:30
Z0511,2026-08-08 07:32
Z0896,2026-08-08 07:32
Z0246,2026-08-08 07:33
Z0044,2026-08-08 07:36
Z0192,2026-08-08 07:38
Z0318,2026-08-08 07:38
Z0212,2026-08-08 07:40
Z0285,2026-08-08 07:40
Z0170,2026-08-08 07:43
Z0693,2026-08-08 07:44
Z0110,2026-08-08 07:45
Z0468,2026-08-08 07:48
Z0312,2026-08-08 07:49
Z0651,2026-08-08 07:49
Z0521,2026-08-08 07:50
Z0099,2026-08-08 07:51
Z0148,2026-08-08 07:52
Z0861,2026-08-08 07:52
Z0214,2026-08-08 07:53
Z0254,2026-08-08 07:53
Z0480,2026-08-08 07:54
Z0401,2026-08-08 07:56
Z0066,2026-08-08 07:58
Z0417,2026-08-08 08:00
Z0344,2026-08-08 08:03
Z0524,2026-08-08 08:05
Z0764,2026-08-08 08:07
Z0814,2026-08-08 08:12
Z0685,2026-08-08 08:14
Z0072,2026-08-08 08:18
Z0145,2026-08-08 08:18
Z0186,2026-08-08 08:20
Z0117,2026-08-08 08:22
Z0373,2026-08-08 08:29
Z0453,2026-08-08 08:34
Z0387,2026-08-08 08:37
Z0523,2026-08-08 08:40
Z0532,2026-08-08 08:41
Z0140,2026-08-08 08:56
Z0506,2026-08-08 08:56
Z0070,2026-08-08 08:57
Z0197,2026-08-08 08:59
Z0410,2026-08-08 09:03
Z0298,2026-08-08 09:05
Z0241,2026-08-08 09:07
Z0509,2026-08-08 09:20
Z0355,2026-08-08 09:22
Z0307,2026-08-08 09:32
Z0519,2026-08-08 09:52
Z0185,2026-08-08 12:00
Z0017,2026-08-08 12:01
Z0188,2026-08-08 12:01
Z0516,2026-08-08 12:04
Z0174,2026-08-08 12:10
Z0626,2026-08-08 12:15
Z0045,2026-08-08 12:20
Z0356,2026-08-08 12:33
Z0250,2026-08-08 12:42
Z0082,2026-08-08 12:43
Z0049,2026-08-08 12:47
Z0176,2026-08-08 12:55
Z0540,2026-08-08 12:55
Z0855,2026-08-08 12:59
Z0240,2026-08-08 13:04
Z0792,2026-08-08 13:08
Z0293,2026-08-08 13:11
Z0021,2026-08-08 13:17
Z0023,2026-08-08 13:18
Z0177,2026-08-08 13:19
Z0084,2026-08-08 13:23
Z0466,2026-08-08 13:24
Z0248,2026-08-08 13:28
Z0621,2026-08-08 13:39
Z0147,2026-08-08 13:41
Z0164,2026-08-08 13:46
Z0047,2026-08-08 13:50
Z0427,2026-08-08 13:51
Z0450,2026-08-08 13:54
Z0281,2026-08-08 13:58
Z0168,2026-08-08 17:00
Z0120,2026-08-08 17:04
Z0139,2026-08-08 17:06
Z0287,2026-08-08 17:07
Z0302,2026-08-08 17:10
Z0609,2026-08-08 17:10
Z0695,2026-08-08 17:11
Z0138,2026-08-08 17:12
Z0365,2026-08-08 17:12
Z0189,2026-08-08 17:18
Z0828,2026-08-08 17:21
Z0328,2026-08-08 17:23
Z0236,2026-08-08 17:26
Z0367,2026-08-08 17:33
Z0383,2026-08-08 17:38
Z0859,2026-08-08 17:39
Z0277,2026-08-08 17:43
Z0258,2026-08-08 17:47
Z0058,2026-08-08 17:48
Z0336,2026-08-08 17:53
Z0311,2026-08-08 17:54
Z0191,2026-08-08 17:56
Z0029,2026-08-08 18:00
Z0073,2026-08-08 18:00
Z0015,2026-08-08 18:01
Z0091,2026-08-08 18:01
Z0181,2026-08-08 18:03
Z0243,2026-08-08 18:04
Z0272,2026-08-08 18:04
Z0142,2026-08-08 18:05
Z0408,2026-08-08 18:05
Z0011,2026-08-08 18:08
Z0385,2026-08-08 18:09
Z0536,2026-08-08 18:11
Z0199,2026-08-08 18:12
Z0203,2026-08-08 18:15
Z0492,2026-08-08 18:16
Z0391,2026-08-08 18:17
Z0143,2026-08-08 18:20
Z0655,2026-08-08 18:20
Z0802,2026-08-08 18:22
Z0106,2026-08-08 18:23
Z0127,2026-08-08 18:24
Z0141,2026-08-08 18:26
Z0316,2026-08-08 18:26
Z0645,2026-08-08 18:26
Z0270,2026-08-08 18:31
Z0332,2026-08-08 18:31
Z0194,2026-08-08 18:33
Z0449,2026-08-08 18:34
Z0566,2026-08-08 18:34
Z0053,2026-08-08 18:35
Z0811,2026-08-08 18:36
Z0263,2026-08-08 18:39
Z0371,2026-08-08 18:44
Z0768,2026-08-08 18:45
Z0252,2026-08-08 18:48
Z0278,2026-08-08 18:50
Z0388,2026-08-08 18:50
Z0454,2026-08-08 18:50
Z0346,2026-08-08 18:51
Z0374,2026-08-08 18:51
Z0505,2026-08-08 18:51
Z0149,2026-08-08 18:55
Z0231,2026-08-08 18:58
Z0163,2026-08-08 19:03
Z0762,2026-08-08 19:07
Z0226,2026-08-08 19:08
Z0097,2026-08-08 19:10
Z0153,2026-08-08 19:10
Z0022,2026-08-08 19:12
Z0173,2026-08-08 19:13
Z0016,2026-08-08 19:14
Z0271,2026-08-08 19:15
Z0289,2026-08-08 19:15
Z0064,2026-08-08 19:16
Z0119,2026-08-08 19:18
Z0107,2026-08-08 19:20
Z0640,2026-08-08 19:21
Z0335,2026-08-08 19:23
Z0018,2026-08-08 19:24
Z0853,2026-08-08 19:24
Z0329,2026-08-08 19:29
Z0013,2026-08-08 19:32
Z0796,2026-08-08 19:32
Z0019,2026-08-08 19:37
Z0856,2026-08-08 19:37
Z0306,2026-08-08 19:39
Z0152,2026-08-08 19:40
Z0592,2026-08-08 19:41
Z0020,2026-08-08 19:43
Z0303,2026-08-08 19:43
Z0180,2026-08-08 19:48
Z0036,2026-08-08 19:49
Z0054,2026-08-08 19:49
Z0267,2026-08-08 19:55
Z0079,2026-08-08 19:56
Z0230,2026-08-08 19:57
Z0459,2026-08-08 19:57
Z0305,2026-08-08 19:58
Z0341,2026-08-08 19:59
Z0128,2026-08-08 20:03
Z0052,2026-08-08 20:13
Z0002,2026-08-08 20:14
Z0784,2026-08-08 20:14
Z0223,2026-08-08 20:19
Z0137,2026-08-08 20:20
Z0854,2026-08-08 20:23
Z0470,2026-08-08 20:32
Z0518,2026-08-08 20:38
Z0169,2026-08-08 20:43
Z0010,2026-08-08 20:48
Z0840,2026-08-08 20:50
Z0221,2026-08-08 20:51
Z0573,2026-08-08 20:58
Z0360,2026-08-09 06:03
Z0274,2026-08-09 06:05
Z0820,2026-08-09 06:05
Z0378,2026-08-09 06:06
Z0514,2026-08-09 06:06
Z0545,2026-08-09 06:06
Z0223,2026-08-09 06:07
Z0758,2026-08-09 06:08
Z0836,2026-08-09 06:09
Z0214,2026-08-09 06:10
Z0172,2026-08-09 06:12
Z0266,2026-08-09 06:12
Z0308,2026-08-09 06:14
Z0425,2026-08-09 06:15
Z0485,2026-08-09 06:15
Z0677,2026-08-09 06:22
Z0110,2026-08-09 06:23
Z0441,2026-08-09 06:23
Z0355,2026-08-09 06:31
Z0443,2026-08-09 06:33
Z0310,2026-08-09 06:35
Z0497,2026-08-09 06:37
Z0283,2026-08-09 06:39
Z0005,2026-08-09 06:40
Z0116,2026-08-09 06:40
Z0838,2026-08-09 06:40
Z0037,2026-08-09 06:43
Z0368,2026-08-09 06:44
Z0016,2026-08-09 06:45
Z0179,2026-08-09 06:45
Z0147,2026-08-09 06:46
Z0550,2026-08-09 06:46
Z0601,2026-08-09 06:49
Z0527,2026-08-09 06:51
Z0165,2026-08-09 06:53
Z0474,2026-08-09 06:53
Z0078,2026-08-09 06:55
Z0187,2026-08-09 06:56
Z0050,2026-08-09 07:01
Z0151,2026-08-09 07:02
Z0184,2026-08-09 07:02
Z0259,2026-08-09 07:02
Z0040,2026-08-09 07:05
Z0468,2026-08-09 07:06
Z0320,2026-08-09 07:07
Z0852,2026-08-09 07:07
Z0228,2026-08-09 07:08
Z0760,2026-08-09 07:09
Z0127,2026-08-09 07:16
Z0237,2026-08-09 07:16
Z0437,2026-08-09 07:17
Z0251,2026-08-09 07:18
Z0301,2026-08-09 07:21
Z0231,2026-08-09 07:24
Z0285,2026-08-09 07:24
Z0060,2026-08-09 07:25
Z0076,2026-08-09 07:28
Z0124,2026-08-09 07:29
Z0063,2026-08-09 07:31
Z0503,2026-08-09 07:31
Z0080,2026-08-09 07:33
Z0248,2026-08-09 07:33
Z0293,2026-08-09 07:33
Z0330,2026-08-09 07:33
Z0130,2026-08-09 07:36
Z0864,2026-08-09 07:39
Z0200,2026-08-09 07:40
Z0264,2026-08-09 07:42
Z0122,2026-08-09 07:44
Z0263,2026-08-09 07:50
Z0469,2026-08-09 07:50
Z0776,2026-08-09 07:50
Z0154,2026-08-09 07:51
Z0291,2026-08-09 07:52
Z0560,2026-08-09 07:52
Z0245,2026-08-09 07:53
Z0326,2026-08-09 07:54
Z0004,2026-08-09 07:57
Z0210,2026-08-09 07:57
Z0439,2026-08-09 07:57
Z0324,2026-08-09 07:58
Z0444,2026-08-09 07:58
Z0087,2026-08-09 07:59
Z0315,2026-08-09 07:59
Z0415,2026-08-09 07:59
Z0520,2026-08-09 07:59
Z0792,2026-08-09 08:00
Z0554,2026-08-09 08:03
Z0772,2026-08-09 08:03
Z0352,2026-08-09 08:04
Z0013,2026-08-09 08:07
Z0074,2026-08-09 08:07
Z0510,2026-08-09 08:07
Z0255,2026-08-09 08:10
Z0260,2026-08-09 08:11
Z0202,2026-08-09 08:14
Z0043,2026-08-09 08:18
Z0112,2026-08-09 08:22
Z0024,2026-08-09 08:27
Z0822,2026-08-09 08:27
Z0828,2026-08-09 08:29
Z0176,2026-08-09 08:30
Z0041,2026-08-09 08:32
Z0233,2026-08-09 08:35
Z0298,2026-08-09 08:38
Z0030,2026-08-09 08:40
Z0222,2026-08-09 08:41
Z0167,2026-08-09 08:42
Z0362,2026-08-09 08:42
Z0309,2026-08-09 08:48
Z0372,2026-08-09 08:49
Z0218,2026-08-09 08:51
Z0431,2026-08-09 08:52
Z0804,2026-08-09 08:58
Z0389,2026-08-09 08:59
Z0647,2026-08-09 09:00
Z0132,2026-08-09 09:02
Z0619,2026-08-09 09:08
Z0817,2026-08-09 09:15
Z0373,2026-08-09 09:31
Z0157,2026-08-09 09:32
Z0445,2026-08-09 09:39
Z0279,2026-08-09 09:46
Z0893,2026-08-09 09:49
Z0584,2026-08-09 12:00
Z0805,2026-08-09 12:01
Z0081,2026-08-09 12:02
Z0232,2026-08-09 12:05
Z0107,2026-08-09 12:06
Z0197,2026-08-09 12:09
Z0006,2026-08-09 12:16
Z0317,2026-08-09 12:18
Z0128,2026-08-09 12:20
Z0276,2026-08-09 12:20
Z0096,2026-08-09 12:21
Z0009,2026-08-09 12:23
Z0286,2026-08-09 12:27
Z0369,2026-08-09 12:27
Z0833,2026-08-09 12:30
Z0412,2026-08-09 12:32
Z0193,2026-08-09 12:33
Z0604,2026-08-09 12:35
Z0211,2026-08-09 12:47
Z0239,2026-08-09 12:55
Z0479,2026-08-09 12:56
Z0847,2026-08-09 12:56
Z0851,2026-08-09 12:56
Z0162,2026-08-09 12:57
Z0383,2026-08-09 12:59
Z0148,2026-08-09 13:02
Z0830,2026-08-09 13:03
Z0139,2026-08-09 13:17
Z0287,2026-08-09 13:17
Z0046,2026-08-09 13:24
Z0288,2026-08-09 13:24
Z0349,2026-08-09 13:29
Z0089,2026-08-09 13:31
Z0465,2026-08-09 13:34
Z0273,2026-08-09 13:36
Z0194,2026-08-09 13:44
Z0021,2026-08-09 13:45
Z0768,2026-08-09 13:49
Z0097,2026-08-09 13:56
Z0325,2026-08-09 13:57
Z0072,2026-08-09 13:58
Z0158,2026-08-09 17:02
Z0659,2026-08-09 17:04
Z0327,2026-08-09 17:07
Z0311,2026-08-09 17:08
Z0549,2026-08-09 17:10
Z0190,2026-08-09 17:18
Z0458,2026-08-09 17:22
Z0558,2026-08-09 17:22
Z0892,2026-08-09 17:23
Z0067,2026-08-09 17:25
Z0621,2026-08-09 17:27
Z0243,2026-08-09 17:28
Z0003,2026-08-09 17:45
Z0416,2026-08-09 17:47
Z0354,2026-08-09 17:56
Z0047,2026-08-09 18:01
Z0421,2026-08-09 18:03
Z0803,2026-08-09 18:03
Z0201,2026-08-09 18:04
Z0133,2026-08-09 18:05
Z0524,2026-08-09 18:05
Z0174,2026-08-09 18:07
Z0220,2026-08-09 18:07
Z0321,2026-08-09 18:07
Z0066,2026-08-09 18:11
Z0145,2026-08-09 18:11
Z0475,2026-08-09 18:11
Z0837,2026-08-09 18:12
Z0845,2026-08-09 18:12
Z0146,2026-08-09 18:15
Z0351,2026-08-09 18:22
Z0594,2026-08-09 18:25
Z0282,2026-08-09 18:28
Z0361,2026-08-09 18:30
Z0452,2026-08-09 18:30
Z0082,2026-08-09 18:32
Z0387,2026-08-09 18:34
Z0798,2026-08-09 18:34
Z0086,2026-08-09 18:36
Z0489,2026-08-09 18:38
Z0094,2026-08-09 18:39
Z0217,2026-08-09 18:39
Z0492,2026-08-09 18:39
Z0380,2026-08-09 18:40
Z0826,2026-08-09 18:41
Z0103,2026-08-09 18:46
Z0240,2026-08-09 18:46
Z0507,2026-08-09 18:48
Z0230,2026-08-09 18:53
Z0011,2026-08-09 18:57
Z0661,2026-08-09 18:57
Z0150,2026-08-09 18:59
Z0065,2026-08-09 19:00
Z0809,2026-08-09 19:01
Z0522,2026-08-09 19:04
Z0835,2026-08-09 19:05
Z0434,2026-08-09 19:10
Z0031,2026-08-09 19:11
Z0249,2026-08-09 19:12
Z0052,2026-08-09 19:13
Z0185,2026-08-09 19:21
Z0455,2026-08-09 19:21
Z0022,2026-08-09 19:24
Z0216,2026-08-09 19:24
Z0084,2026-08-09 19:25
Z0131,2026-08-09 19:28
Z0477,2026-08-09 19:28
Z0770,2026-08-09 19:28
Z0017,2026-08-09 19:30
Z0268,2026-08-09 19:31
Z0073,2026-08-09 19:32
Z0314,2026-08-09 19:35
Z0357,2026-08-09 19:35
Z0181,2026-08-09 19:38
Z0328,2026-08-09 19:41
Z0318,2026-08-09 19:42
Z0068,2026-08-09 19:43
Z0350,2026-08-09 19:44
Z0101,2026-08-09 19:46
Z0812,2026-08-09 19:47
Z0111,2026-08-09 19:48
Z0225,2026-08-09 19:49
Z0229,2026-08-09 19:49
Z0305,2026-08-09 19:49
Z0790,2026-08-09 19:50
Z0339,2026-08-09 19:51
Z0449,2026-08-09 19:51
Z0090,2026-08-09 19:52
Z0169,2026-08-09 19:52
Z0059,2026-08-09 19:53
Z0823,2026-08-09 19:53
Z0292,2026-08-09 19:57
Z0484,2026-08-09 19:57
Z0289,2026-08-09 19:58
Z0002,2026-08-09 19:59
Z0104,2026-08-09 19:59
Z0199,2026-08-09 19:59
Z0343,2026-08-09 20:01
Z0607,2026-08-09 20:10
Z0409,2026-08-09 20:11
Z0517,2026-08-09 20:11
Z0802,2026-08-09 20:13
Z0329,2026-08-09 20:14
Z0135,2026-08-09 20:16
Z0290,2026-08-09 20:20
Z0149,2026-08-09 20:21
Z0395,2026-08-09 20:21
Z0555,2026-08-09 20:23
Z0095,2026-08-09 20:26
Z0025,2026-08-09 20:29
Z0224,2026-08-09 20:29
Z0618,2026-08-09 20:36
Z0125,2026-08-09 20:38
Z0849,2026-08-09 20:39
Z0466,2026-08-09 20:43
Z0055,2026-08-09 20:45
Z0105,2026-08-09 20:49
Z0432,2026-08-09 20:51
Z0518,2026-08-09 20:52
Z0559,2026-08-09 20:53
Z0392,2026-08-09 20:56
Z0848,2026-08-09 20:58
Z0705,2026-08-10 06:00
Z0460,2026-08-10 06:04
Z0192,2026-08-10 06:06
Z0075,2026-08-10 06:07
Z0382,2026-08-10 06:08
Z0498,2026-08-10 06:09
Z0131,2026-08-10 06:15
Z0144,2026-08-10 06:20
Z0290,2026-08-10 06:21
Z0197,2026-08-10 06:23
Z0119,2026-08-10 06:24
Z0262,2026-08-10 06:24
Z0030,2026-08-10 06:28
Z0159,2026-08-10 06:28
Z0185,2026-08-10 06:29
Z0096,2026-08-10 06:30
Z0210,2026-08-10 06:32
Z0103,2026-08-10 06:36
Z0266,2026-08-10 06:42
Z0543,2026-08-10 06:42
Z0040,2026-08-10 06:44
Z0154,2026-08-10 06:44
Z0282,2026-08-10 06:44
Z0444,2026-08-10 06:46
Z0004,2026-08-10 06:47
Z0076,2026-08-10 06:50
Z0684,2026-08-10 06:50
Z0469,2026-08-10 06:51
Z0248,2026-08-10 06:52
Z0032,2026-08-10 06:53
Z0250,2026-08-10 06:53
Z0043,2026-08-10 06:55
Z0255,2026-08-10 06:57
Z0240,2026-08-10 06:59
Z0053,2026-08-10 07:00
Z0420,2026-08-10 07:00
Z0330,2026-08-10 07:01
Z0027,2026-08-10 07:02
Z0057,2026-08-10 07:02
Z0145,2026-08-10 07:05
Z0163,2026-08-10 07:06
Z0241,2026-08-10 07:06
Z0268,2026-08-10 07:06
Z0539,2026-08-10 07:09
Z0047,2026-08-10 07:10
Z0276,2026-08-10 07:10
Z0106,2026-08-10 07:11
Z0381,2026-08-10 07:11
Z0550,2026-08-10 07:11
Z0319,2026-08-10 07:12
Z0139,2026-08-10 07:13
Z0201,2026-08-10 07:13
Z0513,2026-08-10 07:13
Z0520,2026-08-10 07:13
Z0453,2026-08-10 07:14
Z0113,2026-08-10 07:15
Z0614,2026-08-10 07:16
Z0351,2026-08-10 07:17
Z0152,2026-08-10 07:18
Z0527,2026-08-10 07:18
Z0320,2026-08-10 07:19
Z0211,2026-08-10 07:20
Z0552,2026-08-10 07:23
Z0592,2026-08-10 07:24
Z0489,2026-08-10 07:26
Z0157,2026-08-10 07:28
Z0324,2026-08-10 07:28
Z0603,2026-08-10 07:34
Z0155,2026-08-10 07:35
Z0898,2026-08-10 07:38
Z0118,2026-08-10 07:40
Z0349,2026-08-10 07:41
Z0294,2026-08-10 07:42
Z0273,2026-08-10 07:43
Z0281,2026-08-10 07:43
Z0585,2026-08-10 07:43
Z0308,2026-08-10 07:44
Z0231,2026-08-10 07:47
Z0272,2026-08-10 07:50
Z0090,2026-08-10 07:51
Z0642,2026-08-10 07:51
Z0134,2026-08-10 07:55
Z0584,2026-08-10 07:55
Z0536,2026-08-10 07:56
Z0249,2026-08-10 07:57
Z0622,2026-08-10 07:57
Z0315,2026-08-10 07:59
Z0021,2026-08-10 08:01
Z0127,2026-08-10 08:08
Z0470,2026-08-10 08:09
Z0147,2026-08-10 08:10
Z0042,2026-08-10 08:12
Z0060,2026-08-10 08:15
Z0153,2026-08-10 08:16
Z0214,2026-08-10 08:23
Z0291,2026-08-10 08:35
Z0256,2026-08-10 08:41
Z0085,2026-08-10 08:48
Z0049,2026-08-10 08:49
Z0227,2026-08-10 08:56
Z0191,2026-08-10 08:58
Z0556,2026-08-10 08:59
Z0360,2026-08-10 09:32
Z0110,2026-08-10 09:49
Z0194,2026-08-10 12:00
Z0019,2026-08-10 12:06
Z0312,2026-08-10 12:06
Z0327,2026-08-10 12:06
Z0148,2026-08-10 12:07
Z0618,2026-08-10 12:11
Z0604,2026-08-10 12:12
Z0003,2026-08-10 12:14
Z0164,2026-08-10 12:18
Z0083,2026-08-10 12:20
Z0146,2026-08-10 12:20
Z0084,2026-08-10 12:39
Z0692,2026-08-10 12:42
Z0258,2026-08-10 12:44
Z0496,2026-08-10 12:50
Z0149,2026-08-10 12:58
Z0022,2026-08-10 13:04
Z0234,2026-08-10 13:07
Z0263,2026-08-10 13:10
Z0046,2026-08-10 13:11
Z0087,2026-08-10 13:14
Z0178,2026-08-10 13:18
Z0054,2026-08-10 13:21
Z0092,2026-08-10 13:27
Z0303,2026-08-10 13:28
Z0861,2026-08-10 13:28
Z0198,2026-08-10 13:34
Z0067,2026-08-10 13:39
Z0071,2026-08-10 13:40
Z0737,2026-08-10 13:50
Z0633,2026-08-10 13:51
Z0338,2026-08-10 13:52
Z0354,2026-08-10 13:55
Z0081,2026-08-10 17:00
Z0236,2026-08-10 17:02
Z0120,2026-08-10 17:07
Z0007,2026-08-10 17:12
Z0697,2026-08-10 17:20
Z0359,2026-08-10 17:29
Z0267,2026-08-10 17:33
Z0745,2026-08-10 17:36
Z0357,2026-08-10 17:37
Z0405,2026-08-10 17:40
Z0002,2026-08-10 17:44
Z0138,2026-08-10 17:45
Z0239,2026-08-10 17:49
Z0207,2026-08-10 17:54
Z0124,2026-08-10 17:57
Z0348,2026-08-10 18:00
Z0220,2026-08-10 18:01
Z0137,2026-08-10 18:03
Z0314,2026-08-10 18:04
Z0567,2026-08-10 18:05
Z0245,2026-08-10 18:08
Z0029,2026-08-10 18:10
Z0398,2026-08-10 18:13
Z0532,2026-08-10 18:14
Z0528,2026-08-10 18:21
Z0072,2026-08-10 18:22
Z0492,2026-08-10 18:22
Z0896,2026-08-10 18:30
Z0265,2026-08-10 18:31
Z0190,2026-08-10 18:33
Z0332,2026-08-10 18:33
Z0006,2026-08-10 18:36
Z0150,2026-08-10 18:36
Z0099,2026-08-10 18:38
Z0639,2026-08-10 18:39
Z0587,2026-08-10 18:40
Z0038,2026-08-10 18:42
Z0193,2026-08-10 18:42
Z0375,2026-08-10 18:42
Z0179,2026-08-10 18:43
Z0289,2026-08-10 18:46
Z0116,2026-08-10 18:48
Z0129,2026-08-10 18:49
Z0301,2026-08-10 18:50
Z0321,2026-08-10 18:51
Z0232,2026-08-10 18:56
Z0264,2026-08-10 18:56
Z0089,2026-08-10 19:00
Z0098,2026-08-10 19:01
Z0292,2026-08-10 19:01
Z0039,2026-08-10 19:04
Z0209,2026-08-10 19:06
Z0162,2026-08-10 19:07
Z0311,2026-08-10 19:07
Z0636,2026-08-10 19:09
Z0010,2026-08-10 19:12
Z0406,2026-08-10 19:12
Z0288,2026-08-10 19:16
Z0472,2026-08-10 19:16
Z0328,2026-08-10 19:18
Z0404,2026-08-10 19:21
Z0602,2026-08-10 19:21
Z0242,2026-08-10 19:22
Z0125,2026-08-10 19:26
Z0097,2026-08-10 19:27
Z0323,2026-08-10 19:27
Z0035,2026-08-10 19:28
Z0122,2026-08-10 19:29
Z0161,2026-08-10 19:29
Z0208,2026-08-10 19:29
Z0720,2026-08-10 19:31
Z0115,2026-08-10 19:33
Z0277,2026-08-10 19:36
Z0243,2026-08-10 19:38
Z0854,2026-08-10 19:39
Z0367,2026-08-10 19:41
Z0416,2026-08-10 19:41
Z0044,2026-08-10 19:43
Z0135,2026-08-10 19:43
Z0336,2026-08-10 19:43
Z0101,2026-08-10 19:45
Z0297,2026-08-10 19:45
Z0640,2026-08-10 19:50
Z0524,2026-08-10 19:51
Z0350,2026-08-10 19:54
Z0181,2026-08-10 19:55
Z0036,2026-08-10 20:01
Z0001,2026-08-10 20:04
Z0479,2026-08-10 20:10
Z0436,2026-08-10 20:11
Z0064,2026-08-10 20:14
Z0140,2026-08-10 20:14
Z0442,2026-08-10 20:17
Z0384,2026-08-10 20:18
Z0093,2026-08-10 20:21
Z0059,2026-08-10 20:23
Z0224,2026-08-10 20:29
Z0275,2026-08-10 20:33
Z0126,2026-08-10 20:34
Z0020,2026-08-10 20:35
Z0346,2026-08-10 20:37
Z0575,2026-08-10 20:38
Z0672,2026-08-10 20:39
Z0183,2026-08-10 20:42
Z0013,2026-08-10 20:52
Z0554,2026-08-10 20:53
Z0388,2026-08-10 20:54
Z0562,2026-08-10 20:54
Z0126,2026-08-11 06:00
Z0041,2026-08-11 06:04
Z0514,2026-08-11 06:04
Z0202,2026-08-11 06:08
Z0224,2026-08-11 06:09
Z0471,2026-08-11 06:09
Z0664,2026-08-11 06:10
Z0030,2026-08-11 06:11
Z0285,2026-08-11 06:12
Z0522,2026-08-11 06:12
Z0713,2026-08-11 06:14
Z0391,2026-08-11 06:17
Z0401,2026-08-11 06:20
Z0259,2026-08-11 06:22
Z0443,2026-08-11 06:22
Z0040,2026-08-11 06:23
Z0217,2026-08-11 06:27
Z0028,2026-08-11 06:28
Z0132,2026-08-11 06:28
Z0165,2026-08-11 06:29
Z0117,2026-08-11 06:31
Z0308,2026-08-11 06:31
Z0156,2026-08-11 06:32
Z0610,2026-08-11 06:33
Z0240,2026-08-11 06:35
Z0154,2026-08-11 06:36
Z0476,2026-08-11 06:37
Z0466,2026-08-11 06:38
Z0269,2026-08-11 06:39
Z0566,2026-08-11 06:39
Z0345,2026-08-11 06:40
Z0144,2026-08-11 06:41
Z0113,2026-08-11 06:42
Z0355,2026-08-11 06:46
Z0383,2026-08-11 06:49
Z0455,2026-08-11 06:51
Z0521,2026-08-11 06:51
Z0371,2026-08-11 06:53
Z0235,2026-08-11 06:57
Z0402,2026-08-11 06:59
Z0412,2026-08-11 07:00
Z0385,2026-08-11 07:01
Z0465,2026-08-11 07:02
Z0726,2026-08-11 07:02
Z0022,2026-08-11 07:04
Z0319,2026-08-11 07:04
Z0386,2026-08-11 07:04
Z0593,2026-08-11 07:05
Z0291,2026-08-11 07:06
Z0498,2026-08-11 07:06
Z0309,2026-08-11 07:08
Z0603,2026-08-11 07:08
Z0307,2026-08-11 07:10
Z0645,2026-08-11 07:10
Z0729,2026-08-11 07:11
Z0010,2026-08-11 07:13
Z0268,2026-08-11 07:16
Z0234,2026-08-11 07:17
Z0569,2026-08-11 07:17
Z0032,2026-08-11 07:18
Z0288,2026-08-11 07:19
Z0524,2026-08-11 07:21
Z0099,2026-08-11 07:26
Z0434,2026-08-11 07:26
Z0141,2026-08-11 07:32
Z0249,2026-08-11 07:33
Z0573,2026-08-11 07:33
Z0140,2026-08-11 07:37
Z0613,2026-08-11 07:38
Z0255,2026-08-11 07:40
Z0370,2026-08-11 07:40
Z0732,2026-08-11 07:42
Z0211,2026-08-11 07:44
Z0145,2026-08-11 07:45
Z0324,2026-08-11 07:45
Z0487,2026-08-11 07:45
Z0152,2026-08-11 07:46
Z0007,2026-08-11 07:47
Z0004,2026-08-11 07:48
Z0127,2026-08-11 07:48
Z0195,2026-08-11 07:48
Z0169,2026-08-11 07:50
Z0587,2026-08-11 07:50
Z0051,2026-08-11 07:51
Z0077,2026-08-11 07:51
Z0437,2026-08-11 07:52
Z0394,2026-08-11 07:53
Z0149,2026-08-11 07:54
Z0204,2026-08-11 07:55
Z0598,2026-08-11 07:57
Z0627,2026-08-11 07:57
Z0137,2026-08-11 07:58
Z0115,2026-08-11 07:59
Z0654,2026-08-11 07:59
Z0013,2026-08-11 08:00
Z0210,2026-08-11 08:00
Z0517,2026-08-11 08:05
Z0213,2026-08-11 08:06
Z0451,2026-08-11 08:10
Z0366,2026-08-11 08:12
Z0108,2026-08-11 08:15
Z0070,2026-08-11 08:17
Z0546,2026-08-11 08:19
Z0119,2026-08-11 08:23
Z0329,2026-08-11 08:23
Z0241,2026-08-11 08:28
Z0166,2026-08-11 08:29
Z0539,2026-08-11 08:31
Z0134,2026-08-11 08:35
Z0250,2026-08-11 08:37
Z0537,2026-08-11 08:41
Z0457,2026-08-11 08:43
Z0508,2026-08-11 08:43
Z0320,2026-08-11 08:47
Z0326,2026-08-11 08:48
Z0251,2026-08-11 08:51
Z0380,2026-08-11 08:51
Z0162,2026-08-11 08:52
Z0097,2026-08-11 08:54
Z0020,2026-08-11 08:56
Z0230,2026-08-11 08:56
Z0279,2026-08-11 08:57
Z0322,2026-08-11 08:58
Z0519,2026-08-11 09:00
Z0611,2026-08-11 09:13
Z0495,2026-08-11 09:20
Z0410,2026-08-11 09:31
Z0668,2026-08-11 09:32
Z0043,2026-08-11 09:41
Z0069,2026-08-11 09:43
Z0509,2026-08-11 09:43
Z0396,2026-08-11 09:48
Z0619,2026-08-11 09:59
Z0033,2026-08-11 12:00
Z0865,2026-08-11 12:01
Z0361,2026-08-11 12:04
Z0103,2026-08-11 12:08
Z0312,2026-08-11 12:10
Z0452,2026-08-11 12:17
Z0128,2026-08-11 12:23
Z0449,2026-08-11 12:32
Z0215,2026-08-11 12:35
Z0435,2026-08-11 12:42
Z0090,2026-08-11 12:47
Z0606,2026-08-11 12:51
Z0376,2026-08-11 12:52
Z0423,2026-08-11 12:53
Z0586,2026-08-11 12:59
Z0186,2026-08-11 13:01
Z0191,2026-08-11 13:07
Z0716,2026-08-11 13:09
Z0565,2026-08-11 13:17
Z0025,2026-08-11 13:20
Z0624,2026-08-11 13:22
Z0142,2026-08-11 13:23
Z0096,2026-08-11 13:24
Z0201,2026-08-11 13:28
Z0016,2026-08-11 13:34
Z0896,2026-08-11 13:34
Z0426,2026-08-11 13:38
Z0219,2026-08-11 13:46
Z0623,2026-08-11 13:48
Z0318,2026-08-11 13:49
Z0616,2026-08-11 13:51
Z0628,2026-08-11 13:53
Z0263,2026-08-11 13:56
Z0264,2026-08-11 13:57
Z0203,2026-08-11 17:03
Z0520,2026-08-11 17:06
Z0012,2026-08-11 17:08
Z0170,2026-08-11 17:08
Z0614,2026-08-11 17:10
Z0356,2026-08-11 17:13
Z0648,2026-08-11 17:13
Z0158,2026-08-11 17:18
Z0164,2026-08-11 17:18
Z0299,2026-08-11 17:28
Z0031,2026-08-11 17:36
Z0088,2026-08-11 17:40
Z0461,2026-08-11 17:55
Z0122,2026-08-11 18:00
Z0388,2026-08-11 18:00
Z0027,2026-08-11 18:04
Z0272,2026-08-11 18:05
Z0039,2026-08-11 18:07
Z0133,2026-08-11 18:09
Z0222,2026-08-11 18:09
Z0036,2026-08-11 18:10
Z0053,2026-08-11 18:10
Z0048,2026-08-11 18:13
Z0479,2026-08-11 18:13
Z0454,2026-08-11 18:14
Z0317,2026-08-11 18:16
Z0325,2026-08-11 18:16
Z0176,2026-08-11 18:17
Z0304,2026-08-11 18:19
Z0139,2026-08-11 18:26
Z0223,2026-08-11 18:30
Z0273,2026-08-11 18:30
Z0018,2026-08-11 18:33
Z0379,2026-08-11 18:33
Z0267,2026-08-11 18:34
Z0372,2026-08-11 18:36
Z0017,2026-08-11 18:37
Z0130,2026-08-11 18:37
Z0314,2026-08-11 18:38
Z0011,2026-08-11 18:39
Z0353,2026-08-11 18:39
Z0182,2026-08-11 18:41
Z0085,2026-08-11 18:42
Z0129,2026-08-11 18:42
Z0173,2026-08-11 18:42
Z0094,2026-08-11 18:44
Z0198,2026-08-11 18:47
Z0207,2026-08-11 18:47
Z0643,2026-08-11 18:49
Z0261,2026-08-11 18:51
Z0442,2026-08-11 18:55
Z0074,2026-08-11 18:56
Z0500,2026-08-11 18:57
Z0098,2026-08-11 19:01
Z0563,2026-08-11 19:01
Z0232,2026-08-11 19:02
Z0547,2026-08-11 19:04
Z0228,2026-08-11 19:07
Z0635,2026-08-11 19:12
Z0367,2026-08-11 19:13
Z0009,2026-08-11 19:14
Z0858,2026-08-11 19:14
Z0052,2026-08-11 19:16
Z0066,2026-08-11 19:17
Z0277,2026-08-11 19:18
Z0220,2026-08-11 19:19
Z0374,2026-08-11 19:19
Z0038,2026-08-11 19:21
Z0491,2026-08-11 19:22
Z0690,2026-08-11 19:22
Z0216,2026-08-11 19:24
Z0148,2026-08-11 19:25
Z0608,2026-08-11 19:27
Z0161,2026-08-11 19:29
Z0697,2026-08-11 19:31
Z0284,2026-08-11 19:33
Z0313,2026-08-11 19:35
Z0254,2026-08-11 19:37
Z0021,2026-08-11 19:39
Z0087,2026-08-11 19:41
Z0297,2026-08-11 19:43
Z0002,2026-08-11 19:45
Z0536,2026-08-11 19:48
Z0321,2026-08-11 19:53
Z0023,2026-08-11 19:55
Z0120,2026-08-11 19:57
Z0047,2026-08-11 19:58
Z0123,2026-08-11 19:58
Z0209,2026-08-11 20:03
Z0422,2026-08-11 20:06
Z0229,2026-08-11 20:07
Z0049,2026-08-11 20:13
Z0218,2026-08-11 20:13
Z0107,2026-08-11 20:15
Z0488,2026-08-11 20:15
Z0054,2026-08-11 20:18
Z0258,2026-08-11 20:20
Z0124,2026-08-11 20:22
Z0755,2026-08-11 20:23
Z0095,2026-08-11 20:25
Z0246,2026-08-11 20:25
Z0062,2026-08-11 20:29
Z0427,2026-08-11 20:32
Z0034,2026-08-11 20:33
Z0620,2026-08-11 20:36
Z0100,2026-08-11 20:43
Z0311,2026-08-11 20:46
Z0225,2026-08-11 20:56
Z0390,2026-08-11 20:59
Z0646,2026-08-12 06:00
Z0071,2026-08-12 06:03
Z0237,2026-08-12 06:03
Z0244,2026-08-12 06:06
Z0255,2026-08-12 06:06
Z0262,2026-08-12 06:12
Z0331,2026-08-12 06:16
Z0184,2026-08-12 06:19
Z0202,2026-08-12 06:21
Z0069,2026-08-12 06:26
Z0307,2026-08-12 06:28
Z0525,2026-08-12 06:28
Z0072,2026-08-12 06:29
Z0501,2026-08-12 06:29
Z0631,2026-08-12 06:33
Z0128,2026-08-12 06:36
Z0180,2026-08-12 06:38
Z0417,2026-08-12 06:42
Z0080,2026-08-12 06:43
Z0142,2026-08-12 06:43
Z0214,2026-08-12 06:45
Z0294,2026-08-12 06:45
Z0095,2026-08-12 06:46
Z0051,2026-08-12 06:47
Z0233,2026-08-12 06:47
Z0396,2026-08-12 06:47
Z0414,2026-08-12 06:47
Z0503,2026-08-12 06:52
Z0169,2026-08-12 07:01
Z0352,2026-08-12 07:03
Z0462,2026-08-12 07:03
Z0195,2026-08-12 07:04
Z0309,2026-08-12 07:04
Z0849,2026-08-12 07:06
Z0301,2026-08-12 07:08
Z0028,2026-08-12 07:10
Z0050,2026-08-12 07:11
Z0660,2026-08-12 07:11
Z0242,2026-08-12 07:16
Z0321,2026-08-12 07:17
Z0519,2026-08-12 07:17
Z0206,2026-08-12 07:19
Z0846,2026-08-12 07:20
Z0624,2026-08-12 07:21
Z0062,2026-08-12 07:23
Z0085,2026-08-12 07:24
Z0444,2026-08-12 07:26
Z0074,2026-08-12 07:27
Z0154,2026-08-12 07:29
Z0542,2026-08-12 07:30
Z0123,2026-08-12 07:31
Z0199,2026-08-12 07:31
Z0015,2026-08-12 07:32
Z0596,2026-08-12 07:34
Z0189,2026-08-12 07:35
Z0350,2026-08-12 07:36
Z0098,2026-08-12 07:38
Z0527,2026-08-12 07:39
Z0271,2026-08-12 07:41
Z0077,2026-08-12 07:42
Z0164,2026-08-12 07:42
Z0632,2026-08-12 07:42
Z0219,2026-08-12 07:43
Z0001,2026-08-12 07:44
Z0005,2026-08-12 07:44
Z0031,2026-08-12 07:44
Z0308,2026-08-12 07:44
Z0430,2026-08-12 07:44
Z0432,2026-08-12 07:45
Z0076,2026-08-12 07:49
Z0326,2026-08-12 07:50
Z0857,2026-08-12 07:51
Z0023,2026-08-12 07:55
Z0259,2026-08-12 07:55
Z0277,2026-08-12 07:55
Z0473,2026-08-12 08:00
Z0401,2026-08-12 08:02
Z0133,2026-08-12 08:03
Z0296,2026-08-12 08:05
Z0318,2026-08-12 08:10
Z0386,2026-08-12 08:10
Z0099,2026-08-12 08:11
Z0020,2026-08-12 08:12
Z0011,2026-08-12 08:19
Z0254,2026-08-12 08:19
Z0149,2026-08-12 08:21
Z0310,2026-08-12 08:21
Z0009,2026-08-12 08:22
Z0200,2026-08-12 08:26
Z0662,2026-08-12 08:28
Z0240,2026-08-12 08:29
Z0267,2026-08-12 08:32
Z0322,2026-08-12 08:32
Z0112,2026-08-12 08:33
Z0156,2026-08-12 08:41
Z0523,2026-08-12 08:44
Z0120,2026-08-12 08:48
Z0166,2026-08-12 08:49
Z0113,2026-08-12 08:50
Z0476,2026-08-12 09:24
Z0042,2026-08-12 09:25
Z0157,2026-08-12 09:36
Z0295,2026-08-12 09:37
Z0279,2026-08-12 09:40
Z0399,2026-08-12 09:42
Z0342,2026-08-12 09:44
Z0330,2026-08-12 09:57
Z0389,2026-08-12 12:04
Z0207,2026-08-12 12:05
Z0147,2026-08-12 12:09
Z0304,2026-08-12 12:09
Z0013,2026-08-12 12:10
Z0194,2026-08-12 12:10
Z0702,2026-08-12 12:13
Z0104,2026-08-12 12:15
Z0400,2026-08-12 12:16
Z0560,2026-08-12 12:18
Z0475,2026-08-12 12:19
Z0193,2026-08-12 12:26
Z0135,2026-08-12 12:28
Z0570,2026-08-12 12:28
Z0055,2026-08-12 12:38
Z0276,2026-08-12 12:41
Z0658,2026-08-12 12:41
Z0364,2026-08-12 12:42
Z0305,2026-08-12 12:45
Z0134,2026-08-12 12:49
Z0176,2026-08-12 12:55
Z0248,2026-08-12 12:58
Z0026,2026-08-12 12:59
Z0027,2026-08-12 13:02
Z0045,2026-08-12 13:07
Z0053,2026-08-12 13:15
Z0332,2026-08-12 13:16
Z0002,2026-08-12 13:17
Z0438,2026-08-12 13:18
Z0313,2026-08-12 13:21
Z0403,2026-08-12 13:30
Z0314,2026-08-12 13:32
Z0455,2026-08-12 13:33
Z0270,2026-08-12 13:35
Z0483,2026-08-12 13:41
Z0312,2026-08-12 13:51
Z0345,2026-08-12 13:52
Z0261,2026-08-12 13:53
Z0272,2026-08-12 13:56
Z0426,2026-08-12 13:59
Z0021,2026-08-12 17:00
Z0281,2026-08-12 17:00
Z0078,2026-08-12 17:02
Z0287,2026-08-12 17:02
Z0393,2026-08-12 17:04
Z0188,2026-08-12 17:10
Z0101,2026-08-12 17:11
Z0059,2026-08-12 17:12
Z0007,2026-08-12 17:16
Z0155,2026-08-12 17:21
Z0047,2026-08-12 17:22
Z0485,2026-08-12 17:24
Z0565,2026-08-12 17:28
Z0302,2026-08-12 17:30
Z0148,2026-08-12 17:40
Z0488,2026-08-12 17:40
Z0641,2026-08-12 17:43
Z0119,2026-08-12 17:45
Z0226,2026-08-12 17:57
Z0470,2026-08-12 17:57
Z0227,2026-08-12 17:58
Z0328,2026-08-12 17:58
Z0017,2026-08-12 18:00
Z0264,2026-08-12 18:03
Z0172,2026-08-12 18:05
Z0079,2026-08-12 18:06
Z0158,2026-08-12 18:06
Z0122,2026-08-12 18:08
Z0096,2026-08-12 18:10
Z0115,2026-08-12 18:15
Z0323,2026-08-12 18:18
Z0335,2026-08-12 18:18
Z0130,2026-08-12 18:19
Z0297,2026-08-12 18:21
Z0247,2026-08-12 18:24
Z0273,2026-08-12 18:27
Z0263,2026-08-12 18:28
Z0268,2026-08-12 18:28
Z0065,2026-08-12 18:30
Z0440,2026-08-12 18:31
Z0499,2026-08-12 18:32
Z0126,2026-08-12 18:33
Z0458,2026-08-12 18:33
Z0427,2026-08-12 18:34
Z0484,2026-08-12 18:38
Z0412,2026-08-12 18:46
Z0515,2026-08-12 18:47
Z0143,2026-08-12 18:55
Z0097,2026-08-12 18:56
Z0105,2026-08-12 18:58
Z0299,2026-08-12 18:59
Z0385,2026-08-12 18:59
Z0421,2026-08-12 19:00
Z0419,2026-08-12 19:03
Z0014,2026-08-12 19:05
Z0094,2026-08-12 19:06
Z0423,2026-08-12 19:06
Z0018,2026-08-12 19:07
Z0161,2026-08-12 19:08
Z0163,2026-08-12 19:10
Z0363,2026-08-12 19:10
Z0496,2026-08-12 19:12
Z0325,2026-08-12 19:13
Z0346,2026-08-12 19:13
Z0534,2026-08-12 19:13
Z0288,2026-08-12 19:15
Z0211,2026-08-12 19:17
Z0574,2026-08-12 19:18
Z0173,2026-08-12 19:19
Z0896,2026-08-12 19:22
Z0019,2026-08-12 19:23
Z0293,2026-08-12 19:23
Z0152,2026-08-12 19:26
Z0404,2026-08-12 19:28
Z0374,2026-08-12 19:33
Z0073,2026-08-12 19:34
Z0225,2026-08-12 19:37
Z0466,2026-08-12 19:39
Z0544,2026-08-12 19:43
Z0433,2026-08-12 19:47
Z0853,2026-08-12 19:49
Z0106,2026-08-12 19:56
Z0197,2026-08-12 19:56
Z0136,2026-08-12 19:57
Z0057,2026-08-12 19:58
Z0379,2026-08-12 19:58
Z0487,2026-08-12 20:03
Z0218,2026-08-12 20:04
Z0066,2026-08-12 20:06
Z0644,2026-08-12 20:08
Z0170,2026-08-12 20:11
Z0327,2026-08-12 20:17
Z0850,2026-08-12 20:19
Z0081,2026-08-12 20:20
Z0177,2026-08-12 20:22
Z0316,2026-08-12 20:26
Z0354,2026-08-12 20:27
Z0425,2026-08-12 20:29
Z0479,2026-08-12 20:29
Z0898,2026-08-12 20:32
Z0212,2026-08-12 20:36
Z0856,2026-08-12 20:37
Z0541,2026-08-12 20:48
Z0583,2026-08-12 20:51
Z0280,2026-08-12 20:56
Z0290,2026-08-12 20:58
Z0481,2026-08-12 20:59
Z0113,2026-08-13 06:00
Z0038,2026-08-13 06:01
Z0330,2026-08-13 06:02
Z0447,2026-08-13 06:06
Z0468,2026-08-13 06:08
Z0042,2026-08-13 06:10
Z0235,2026-08-13 06:10
Z0160,2026-08-13 06:15
Z0694,2026-08-13 06:15
Z0090,2026-08-13 06:17
Z0099,2026-08-13 06:20
Z0021,2026-08-13 06:25
Z0150,2026-08-13 06:26
Z0422,2026-08-13 06:29
Z0311,2026-08-13 06:32
Z0417,2026-08-13 06:32
Z0253,2026-08-13 06:36
Z0274,2026-08-13 06:41
Z0433,2026-08-13 06:41
Z0258,2026-08-13 06:44
Z0280,2026-08-13 06:44
Z0582,2026-08-13 06:44
Z0014,2026-08-13 06:47
Z0147,2026-08-13 06:47
Z0076,2026-08-13 06:49
Z0363,2026-08-13 06:49
Z0148,2026-08-13 06:51
Z0082,2026-08-13 06:53
Z0331,2026-08-13 06:58
Z0599,2026-08-13 06:58
Z0060,2026-08-13 06:59
Z0495,2026-08-13 07:00
Z0609,2026-08-13 07:01
Z0109,2026-08-13 07:03
Z0372,2026-08-13 07:03
Z0328,2026-08-13 07:05
Z0505,2026-08-13 07:05
Z0145,2026-08-13 07:06
Z0448,2026-08-13 07:06
Z0100,2026-08-13 07:07
Z0114,2026-08-13 07:07
Z0282,2026-08-13 07:07
Z0290,2026-08-13 07:08
Z0454,2026-08-13 07:08
Z0119,2026-08-13 07:13
Z0117,2026-08-13 07:17
Z0144,2026-08-13 07:18
Z0490,2026-08-13 07:18
Z0078,2026-08-13 07:24
Z0304,2026-08-13 07:26
Z0446,2026-08-13 07:26
Z0551,2026-08-13 07:27
Z0030,2026-08-13 07:28
Z0004,2026-08-13 07:30
Z0136,2026-08-13 07:31
Z0595,2026-08-13 07:31
Z0718,2026-08-13 07:31
Z0259,2026-08-13 07:32
Z0295,2026-08-13 07:34
Z0700,2026-08-13 07:35
Z0002,2026-08-13 07:37
Z0123,2026-08-13 07:37
Z0200,2026-08-13 07:37
Z0576,2026-08-13 07:37
Z0121,2026-08-13 07:38
Z0327,2026-08-13 07:38
Z0420,2026-08-13 07:38
Z0034,2026-08-13 07:39
Z0383,2026-08-13 07:39
Z0298,2026-08-13 07:41
Z0092,2026-08-13 07:42
Z0165,2026-08-13 07:45
Z0190,2026-08-13 07:45
Z0266,2026-08-13 07:45
Z0019,2026-08-13 07:46
Z0293,2026-08-13 07:46
Z0334,2026-08-13 07:47
Z0221,2026-08-13 07:48
Z0035,2026-08-13 07:49
Z0558,2026-08-13 07:49
Z0358,2026-08-13 07:50
Z0564,2026-08-13 07:52
Z0056,2026-08-13 07:53
Z0032,2026-08-13 08:01
Z0245,2026-08-13 08:01
Z0164,2026-08-13 08:03
Z0432,2026-08-13 08:03
Z0028,2026-08-13 08:05
Z0172,2026-08-13 08:06
Z0502,2026-08-13 08:07
Z0583,2026-08-13 08:07
Z0343,2026-08-13 08:08
Z0103,2026-08-13 08:11
Z0368,2026-08-13 08:16
Z0226,2026-08-13 08:18
Z0260,2026-08-13 08:21
Z0104,2026-08-13 08:26
Z0262,2026-08-13 08:26
Z0521,2026-08-13 08:27
Z0033,2026-08-13 08:28
Z0107,2026-08-13 08:33
Z0079,2026-08-13 08:35
Z0110,2026-08-13 08:35
Z0410,2026-08-13 08:36
Z0075,2026-08-13 08:39
Z0257,2026-08-13 08:42
Z0159,2026-08-13 08:46
Z0310,2026-08-13 08:48
Z0151,2026-08-13 08:53
Z0063,2026-08-13 08:58
Z0333,2026-08-13 09:32
Z0205,2026-08-13 09:34
Z0326,2026-08-13 09:42
Z0043,2026-08-13 09:53
Z0184,2026-08-13 09:59
Z0316,2026-08-13 12:00
Z0441,2026-08-13 12:04
Z0515,2026-08-13 12:05
Z0250,2026-08-13 12:07
Z0581,2026-08-13 12:07
Z0424,2026-08-13 12:13
Z0234,2026-08-13 12:16
Z0146,2026-08-13 12:17
Z0283,2026-08-13 12:20
Z0896,2026-08-13 12:24
Z0369,2026-08-13 12:30
Z0898,2026-08-13 12:35
Z0220,2026-08-13 12:39
Z0006,2026-08-13 12:41
Z0656,2026-08-13 12:42
Z0171,2026-08-13 12:44
Z0535,2026-08-13 12:45
Z0324,2026-08-13 12:47
Z0232,2026-08-13 12:50
Z0007,2026-08-13 12:53
Z0224,2026-08-13 12:54
Z0261,2026-08-13 12:57
Z0451,2026-08-13 12:59
Z0340,2026-08-13 13:06
Z0640,2026-08-13 13:07
Z0142,2026-08-13 13:12
Z0197,2026-08-13 13:12
Z0196,2026-08-13 13:16
Z0632,2026-08-13 13:16
Z0302,2026-08-13 13:32
Z0195,2026-08-13 13:37
Z0167,2026-08-13 13:43
Z0214,2026-08-13 13:43
Z0175,2026-08-13 13:44
Z0178,2026-08-13 13:57
Z0421,2026-08-13 13:58
Z0133,2026-08-13 17:06
Z0471,2026-08-13 17:13
Z0612,2026-08-13 17:18
Z0180,2026-08-13 17:22
Z0392,2026-08-13 17:22
Z0048,2026-08-13 17:23
Z0571,2026-08-13 17:24
Z0039,2026-08-13 17:26
Z0243,2026-08-13 17:28
Z0749,2026-08-13 17:28
Z0408,2026-08-13 17:32
Z0559,2026-08-13 17:33
Z0605,2026-08-13 17:37
Z0088,2026-08-13 17:38
Z0044,2026-08-13 17:40
Z0105,2026-08-13 17:40
Z0442,2026-08-13 17:40
Z0249,2026-08-13 17:47
Z0317,2026-08-13 17:50
Z0492,2026-08-13 17:55
Z0083,2026-08-13 18:00
Z0074,2026-08-13 18:01
Z0626,2026-08-13 18:02
Z0059,2026-08-13 18:03
Z0137,2026-08-13 18:03
Z0465,2026-08-13 18:07
Z0003,2026-08-13 18:09
Z0416,2026-08-13 18:09
Z0018,2026-08-13 18:10
Z0054,2026-08-13 18:10
Z0545,2026-08-13 18:10
Z0450,2026-08-13 18:12
Z0497,2026-08-13 18:14
Z0211,2026-08-13 18:16
Z0031,2026-08-13 18:21
Z0084,2026-08-13 18:21
Z0449,2026-08-13 18:21
Z0323,2026-08-13 18:23
Z0207,2026-08-13 18:25
Z0364,2026-08-13 18:25
Z0499,2026-08-13 18:27
Z0607,2026-08-13 18:29
Z0012,2026-08-13 18:34
Z0336,2026-08-13 18:37
Z0426,2026-08-13 18:37
Z0697,2026-08-13 18:40
Z0062,2026-08-13 18:42
Z0199,2026-08-13 18:43
Z0064,2026-08-13 18:44
Z0398,2026-08-13 18:46
Z0185,2026-08-13 18:48
Z0011,2026-08-13 18:52
Z0289,2026-08-13 18:52
Z0219,2026-08-13 18:54
Z0418,2026-08-13 18:54
Z0713,2026-08-13 18:54
Z0524,2026-08-13 18:58
Z0046,2026-08-13 19:00
Z0096,2026-08-13 19:04
Z0512,2026-08-13 19:09
Z0162,2026-08-13 19:11
Z0277,2026-08-13 19:11
Z0050,2026-08-13 19:12
Z0036,2026-08-13 19:14
Z0126,2026-08-13 19:17
Z0177,2026-08-13 19:17
Z0366,2026-08-13 19:18
Z0403,2026-08-13 19:19
Z0027,2026-08-13 19:20
Z0071,2026-08-13 19:24
Z0344,2026-08-13 19:31
Z0225,2026-08-13 19:35
Z0212,2026-08-13 19:36
Z0407,2026-08-13 19:43
Z0183,2026-08-13 19:44
Z0728,2026-08-13 19:45
Z0134,2026-08-13 19:47
Z0579,2026-08-13 19:47
Z0227,2026-08-13 19:48
Z0204,2026-08-13 19:50
Z0130,2026-08-13 19:58
Z0254,2026-08-13 19:58
Z0533,2026-08-13 19:58
Z0300,2026-08-13 20:00
Z0138,2026-08-13 20:02
Z0601,2026-08-13 20:02
Z0174,2026-08-13 20:04
Z0306,2026-08-13 20:04
Z0577,2026-08-13 20:04
Z0125,2026-08-13 20:08
Z0540,2026-08-13 20:08
Z0510,2026-08-13 20:11
Z0073,2026-08-13 20:13
Z0158,2026-08-13 20:13
Z0428,2026-08-13 20:14
Z0213,2026-08-13 20:15
Z0111,2026-08-13 20:16
Z0089,2026-08-13 20:18
Z0058,2026-08-13 20:20
Z0233,2026-08-13 20:20
Z0335,2026-08-13 20:21
Z0128,2026-08-13 20:26
Z0404,2026-08-13 20:26
Z0278,2026-08-13 20:27
Z0376,2026-08-13 20:27
Z0015,2026-08-13 20:28
Z0329,2026-08-13 20:28
Z0057,2026-08-13 20:31
Z0242,2026-08-13 20:42
Z0081,2026-08-13 20:46
Z0102,2026-08-13 20:58
Z0063,2026-08-14 06:07
Z0202,2026-08-14 06:07
Z0418,2026-08-14 06:09
Z0362,2026-08-14 06:10
Z0156,2026-08-14 06:12
Z0451,2026-08-14 06:17
Z0394,2026-08-14 06:18
Z0428,2026-08-14 06:18
Z0203,2026-08-14 06:19
Z0070,2026-08-14 06:20
Z0102,2026-08-14 06:21
Z0688,2026-08-14 06:21
Z0678,2026-08-14 06:26
Z0257,2026-08-14 06:28
Z0298,2026-08-14 06:28
Z0184,2026-08-14 06:30
Z0167,2026-08-14 06:32
Z0373,2026-08-14 06:32
Z0005,2026-08-14 06:35
Z0265,2026-08-14 06:35
Z0360,2026-08-14 06:37
Z0619,2026-08-14 06:41
Z0405,2026-08-14 06:43
Z0707,2026-08-14 06:44
Z0330,2026-08-14 06:50
Z0161,2026-08-14 06:51
Z0215,2026-08-14 06:53
Z0637,2026-08-14 06:55
Z0377,2026-08-14 06:56
Z0198,2026-08-14 07:02
Z0205,2026-08-14 07:02
Z0368,2026-08-14 07:02
Z0196,2026-08-14 07:03
Z0308,2026-08-14 07:03
Z0045,2026-08-14 07:04
Z0256,2026-08-14 07:04
Z0258,2026-08-14 07:05
Z0485,2026-08-14 07:06
Z0898,2026-08-14 07:07
Z0301,2026-08-14 07:08
Z0482,2026-08-14 07:08
Z0312,2026-08-14 07:10
Z0262,2026-08-14 07:11
Z0067,2026-08-14 07:12
Z0408,2026-08-14 07:15
Z0049,2026-08-14 07:17
Z0291,2026-08-14 07:17
Z0201,2026-08-14 07:19
Z0430,2026-08-14 07:19
Z0077,2026-08-14 07:20
Z0149,2026-08-14 07:20
Z0363,2026-08-14 07:22
Z0309,2026-08-14 07:23
Z0500,2026-08-14 07:27
Z0214,2026-08-14 07:28
Z0114,2026-08-14 07:30
Z0229,2026-08-14 07:32
Z0459,2026-08-14 07:34
Z0068,2026-08-14 07:35
Z0014,2026-08-14 07:37
Z0514,2026-08-14 07:40
Z0154,2026-08-14 07:42
Z0289,2026-08-14 07:42
Z0159,2026-08-14 07:44
Z0456,2026-08-14 07:44
Z0251,2026-08-14 07:51
Z0174,2026-08-14 07:55
Z0294,2026-08-14 07:57
Z0274,2026-08-14 07:58
Z0024,2026-08-14 08:00
Z0230,2026-08-14 08:03
Z0060,2026-08-14 08:09
Z0112,2026-08-14 08:09
Z0326,2026-08-14 08:11
Z0276,2026-08-14 08:12
Z0065,2026-08-14 08:13
Z0248,2026-08-14 08:14
Z0303,2026-08-14 08:18
Z0246,2026-08-14 08:24
Z0370,2026-08-14 08:26
Z0855,2026-08-14 08:28
Z0266,2026-08-14 08:29
Z0031,2026-08-14 08:39
Z0557,2026-08-14 08:40
Z0002,2026-08-14 08:46
Z0183,2026-08-14 08:50
Z0314,2026-08-14 08:51
Z0200,2026-08-14 08:54
Z0187,2026-08-14 08:57
Z0210,2026-08-14 09:06
Z0445,2026-08-14 09:08
Z0319,2026-08-14 09:25
Z0028,2026-08-14 09:27
Z0498,2026-08-14 09:31
Z0040,2026-08-14 09:43
Z0041,2026-08-14 09:47
Z0132,2026-08-14 09:48
Z0260,2026-08-14 09:50
Z0165,2026-08-14 09:58
Z0155,2026-08-14 12:00
Z0337,2026-08-14 12:02
Z0341,2026-08-14 12:02
Z0191,2026-08-14 12:04
Z0025,2026-08-14 12:06
Z0182,2026-08-14 12:06
Z0190,2026-08-14 12:06
Z0286,2026-08-14 12:08
Z0163,2026-08-14 12:10
Z0193,2026-08-14 12:11
Z0570,2026-08-14 12:12
Z0364,2026-08-14 12:15
Z0105,2026-08-14 12:16
Z0052,2026-08-14 12:17
Z0125,2026-08-14 12:17
Z0247,2026-08-14 12:19
Z0512,2026-08-14 12:19
Z0238,2026-08-14 12:21
Z0555,2026-08-14 12:24
Z0334,2026-08-14 12:26
Z0851,2026-08-14 12:28
Z0074,2026-08-14 12:29
Z0317,2026-08-14 12:29
Z0859,2026-08-14 12:42
Z0204,2026-08-14 12:45
Z0285,2026-08-14 13:00
Z0061,2026-08-14 13:03
Z0488,2026-08-14 13:07
Z0848,2026-08-14 13:23
Z0172,2026-08-14 13:30
Z0175,2026-08-14 13:30
Z0082,2026-08-14 13:31
Z0153,2026-08-14 13:33
Z0221,2026-08-14 13:38
Z0261,2026-08-14 13:44
Z0020,2026-08-14 13:47
Z0860,2026-08-14 13:53
Z0116,2026-08-14 13:56
Z0150,2026-08-14 13:57
Z0179,2026-08-14 13:58
Z0296,2026-08-14 13:59
Z0440,2026-08-14 17:03
Z0477,2026-08-14 17:03
Z0395,2026-08-14 17:09
Z0217,2026-08-14 17:16
Z0192,2026-08-14 17:17
Z0151,2026-08-14 17:18
Z0001,2026-08-14 17:27
Z0122,2026-08-14 17:28
Z0006,2026-08-14 17:34
Z0278,2026-08-14 17:48
Z0558,2026-08-14 17:49
Z0354,2026-08-14 17:51
Z0136,2026-08-14 17:57
Z0284,2026-08-14 17:58
Z0311,2026-08-14 17:59
Z0755,2026-08-14 18:00
Z0104,2026-08-14 18:03
Z0522,2026-08-14 18:04
Z0636,2026-08-14 18:04
Z0055,2026-08-14 18:06
Z0520,2026-08-14 18:06
Z0098,2026-08-14 18:08
Z0499,2026-08-14 18:10
Z0062,2026-08-14 18:11
Z0253,2026-08-14 18:11
Z0282,2026-08-14 18:11
Z0576,2026-08-14 18:11
Z0170,2026-08-14 18:14
Z0338,2026-08-14 18:16
Z0271,2026-08-14 18:19
Z0347,2026-08-14 18:21
Z0078,2026-08-14 18:22
Z0351,2026-08-14 18:28
Z0213,2026-08-14 18:31
Z0101,2026-08-14 18:32
Z0218,2026-08-14 18:32
Z0037,2026-08-14 18:34
Z0305,2026-08-14 18:34
Z0504,2026-08-14 18:34
Z0222,2026-08-14 18:36
Z0435,2026-08-14 18:37
Z0283,2026-08-14 18:39
Z0017,2026-08-14 18:40
Z0208,2026-08-14 18:40
Z0071,2026-08-14 18:41
Z0450,2026-08-14 18:42
Z0281,2026-08-14 18:49
Z0384,2026-08-14 18:49
Z0236,2026-08-14 18:50
Z0188,2026-08-14 18:51
Z0580,2026-08-14 18:51
Z0628,2026-08-14 18:51
Z0227,2026-08-14 18:52
Z0470,2026-08-14 18:53
Z0026,2026-08-14 18:55
Z0093,2026-08-14 18:57
Z0523,2026-08-14 19:00
Z0219,2026-08-14 19:04
Z0083,2026-08-14 19:06
Z0434,2026-08-14 19:06
Z0353,2026-08-14 19:07
Z0058,2026-08-14 19:09
Z0486,2026-08-14 19:09
Z0516,2026-08-14 19:09
Z0463,2026-08-14 19:10
Z0290,2026-08-14 19:14
Z0397,2026-08-14 19:15
Z0414,2026-08-14 19:15
Z0409,2026-08-14 19:17
Z0464,2026-08-14 19:20
Z0538,2026-08-14 19:21
Z0189,2026-08-14 19:22
Z0169,2026-08-14 19:23
Z0621,2026-08-14 19:24
Z0185,2026-08-14 19:25
Z0050,2026-08-14 19:28
Z0588,2026-08-14 19:29
Z0458,2026-08-14 19:31
Z0046,2026-08-14 19:32
Z0051,2026-08-14 19:32
Z0437,2026-08-14 19:32
Z0143,2026-08-14 19:33
Z0350,2026-08-14 19:36
Z0009,2026-08-14 19:37
Z0138,2026-08-14 19:41
Z0038,2026-08-14 19:42
Z0252,2026-08-14 19:44
Z0088,2026-08-14 19:45
Z0448,2026-08-14 19:45
Z0029,2026-08-14 19:46
Z0263,2026-08-14 19:50
Z0239,2026-08-14 19:51
Z0745,2026-08-14 19:52
Z0216,2026-08-14 19:55
Z0369,2026-08-14 19:55
Z0387,2026-08-14 19:56
Z0181,2026-08-14 19:58
Z0223,2026-08-14 19:59
Z0492,2026-08-14 20:05
Z0072,2026-08-14 20:12
Z0280,2026-08-14 20:14
Z0371,2026-08-14 20:19
Z0393,2026-08-14 20:20
Z0544,2026-08-14 20:20
Z0416,2026-08-14 20:25
Z0199,2026-08-14 20:27
Z0299,2026-08-14 20:32
Z0124,2026-08-14 20:45
Z0590,2026-08-14 20:48
Z0120,2026-08-14 20:50
Z0240,2026-08-14 20:56
Z0076,2026-08-15 06:05
Z0203,2026-08-15 06:06
Z0578,2026-08-15 06:06
Z0251,2026-08-15 06:10
Z0307,2026-08-15 06:11
Z0080,2026-08-15 06:12
Z0486,2026-08-15 06:13
Z0005,2026-08-15 06:15
Z0124,2026-08-15 06:15
Z0306,2026-08-15 06:20
Z0130,2026-08-15 06:21
Z0637,2026-08-15 06:21
Z0099,2026-08-15 06:26
Z0261,2026-08-15 06:27
Z0224,2026-08-15 06:33
Z0075,2026-08-15 06:35
Z0415,2026-08-15 06:35
Z0004,2026-08-15 06:38
Z0260,2026-08-15 06:42
Z0293,2026-08-15 06:45
Z0531,2026-08-15 06:45
Z0394,2026-08-15 06:46
Z0065,2026-08-15 06:52
Z0431,2026-08-15 06:52
Z0144,2026-08-15 06:53
Z0553,2026-08-15 06:53
Z0079,2026-08-15 06:54
Z0303,2026-08-15 06:55
Z0429,2026-08-15 06:58
Z0102,2026-08-15 07:00
Z0174,2026-08-15 07:02
Z0235,2026-08-15 07:02
Z0726,2026-08-15 07:02
Z0034,2026-08-15 07:04
Z0333,2026-08-15 07:08
Z0480,2026-08-15 07:08
Z0169,2026-08-15 07:09
Z0028,2026-08-15 07:13
Z0220,2026-08-15 07:13
Z0310,2026-08-15 07:13
Z0340,2026-08-15 07:14
Z0519,2026-08-15 07:15
Z0119,2026-08-15 07:16
Z0154,2026-08-15 07:16
Z0193,2026-08-15 07:16
Z0187,2026-08-15 07:19
Z0406,2026-08-15 07:19
Z0466,2026-08-15 07:20
Z0108,2026-08-15 07:22
Z0244,2026-08-15 07:23
Z0523,2026-08-15 07:23
Z0210,2026-08-15 07:24
Z0215,2026-08-15 07:24
Z0216,2026-08-15 07:24
Z0111,2026-08-15 07:25
Z0443,2026-08-15 07:27
Z0170,2026-08-15 07:28
Z0024,2026-08-15 07:29
Z0160,2026-08-15 07:30
Z0700,2026-08-15 07:30
Z0001,2026-08-15 07:33
Z0163,2026-08-15 07:33
Z0182,2026-08-15 07:33
Z0022,2026-08-15 07:34
Z0295,2026-08-15 07:34
Z0283,2026-08-15 07:35
Z0186,2026-08-15 07:36
Z0259,2026-08-15 07:36
Z0054,2026-08-15 07:37
Z0101,2026-08-15 07:37
Z0041,2026-08-15 07:39
Z0549,2026-08-15 07:42
Z0732,2026-08-15 07:42
Z0158,2026-08-15 07:43
Z0319,2026-08-15 07:44
Z0209,2026-08-15 07:45
Z0222,2026-08-15 07:46
Z0286,2026-08-15 07:47
Z0157,2026-08-15 07:48
Z0214,2026-08-15 07:48
Z0257,2026-08-15 07:49
Z0068,2026-08-15 07:51
Z0063,2026-08-15 07:52
Z0473,2026-08-15 07:52
Z0274,2026-08-15 07:53
Z0568,2026-08-15 07:53
Z0168,2026-08-15 07:56
Z0267,2026-08-15 07:58
Z0357,2026-08-15 07:58
Z0052,2026-08-15 07:59
Z0327,2026-08-15 07:59
Z0055,2026-08-15 08:01
Z0109,2026-08-15 08:08
Z0202,2026-08-15 08:10
Z0143,2026-08-15 08:12
Z0234,2026-08-15 08:16
Z0475,2026-08-15 08:18
Z0272,2026-08-15 08:24
Z0351,2026-08-15 08:24
Z0141,2026-08-15 08:28
Z0385,2026-08-15 08:28
Z0421,2026-08-15 08:29
Z0200,2026-08-15 08:33
Z0060,2026-08-15 08:36
Z0682,2026-08-15 08:36
Z0413,2026-08-15 08:37
Z0008,2026-08-15 08:44
Z0056,2026-08-15 08:45
Z0249,2026-08-15 08:50
Z0048,2026-08-15 08:51
Z0670,2026-08-15 08:51
Z0012,2026-08-15 08:52
Z0016,2026-08-15 08:52
Z0255,2026-08-15 08:52
Z0388,2026-08-15 08:53
Z0425,2026-08-15 08:53
Z0110,2026-08-15 08:57
Z0530,2026-08-15 08:57
Z0368,2026-08-15 09:21
Z0117,2026-08-15 09:40
Z0030,2026-08-15 09:43
Z0088,2026-08-15 12:01
Z0489,2026-08-15 12:13
Z0265,2026-08-15 12:19
Z0128,2026-08-15 12:20
Z0206,2026-08-15 12:26
Z0615,2026-08-15 12:29
Z0194,2026-08-15 12:34
Z0181,2026-08-15 12:37
Z0339,2026-08-15 12:38
Z0150,2026-08-15 12:46
Z0367,2026-08-15 13:06
Z0086,2026-08-15 13:07
Z0179,2026-08-15 13:09
Z0275,2026-08-15 13:12
Z0067,2026-08-15 13:18
Z0538,2026-08-15 13:29
Z0159,2026-08-15 13:31
Z0226,2026-08-15 13:31
Z0529,2026-08-15 13:34
Z0140,2026-08-15 13:37
Z0246,2026-08-15 13:37
Z0483,2026-08-15 13:37
Z0452,2026-08-15 13:46
Z0238,2026-08-15 13:55
Z0378,2026-08-15 13:56
Z0029,2026-08-15 13:58
Z0131,2026-08-15 17:01
Z0676,2026-08-15 17:03
Z0304,2026-08-15 17:05
Z0713,2026-08-15 17:06
Z0146,2026-08-15 17:07
Z0153,2026-08-15 17:07
Z0518,2026-08-15 17:09
Z0250,2026-08-15 17:10
Z0444,2026-08-15 17:14
Z0464,2026-08-15 17:17
Z0083,2026-08-15 17:25
Z0116,2026-08-15 17:27
Z0371,2026-08-15 17:32
Z0236,2026-08-15 17:35
Z0325,2026-08-15 17:35
Z0729,2026-08-15 17:36
Z0589,2026-08-15 17:42
Z0223,2026-08-15 17:43
Z0403,2026-08-15 17:45
Z0526,2026-08-15 17:46
Z0197,2026-08-15 17:48
Z0472,2026-08-15 17:48
Z0507,2026-08-15 17:48
Z0059,2026-08-15 17:54
Z0045,2026-08-15 18:00
Z0504,2026-08-15 18:01
Z0315,2026-08-15 18:02
Z0296,2026-08-15 18:03
Z0292,2026-08-15 18:04
Z0634,2026-08-15 18:05
Z0082,2026-08-15 18:09
Z0469,2026-08-15 18:11
Z0105,2026-08-15 18:12
Z0278,2026-08-15 18:16
Z0391,2026-08-15 18:19
Z0091,2026-08-15 18:21
Z0572,2026-08-15 18:21
Z0019,2026-08-15 18:23
Z0208,2026-08-15 18:27
Z0192,2026-08-15 18:30
Z0247,2026-08-15 18:32
Z0094,2026-08-15 18:35
Z0720,2026-08-15 18:37
Z0365,2026-08-15 18:41
Z0136,2026-08-15 18:42
Z0412,2026-08-15 18:44
Z0176,2026-08-15 18:49
Z0233,2026-08-15 18:51
Z0617,2026-08-15 18:51
Z0021,2026-08-15 18:53
Z0269,2026-08-15 18:54
Z0270,2026-08-15 18:55
Z0420,2026-08-15 18:55
Z0185,2026-08-15 18:56
Z0199,2026-08-15 18:57
Z0139,2026-08-15 19:00
Z0345,2026-08-15 19:00
Z0409,2026-08-15 19:01
Z0500,2026-08-15 19:03
Z0389,2026-08-15 19:06
Z0522,2026-08-15 19:06
Z0010,2026-08-15 19:07
Z0106,2026-08-15 19:07
Z0023,2026-08-15 19:08
Z0400,2026-08-15 19:10
Z0460,2026-08-15 19:10
Z0061,2026-08-15 19:14
Z0107,2026-08-15 19:15
Z0638,2026-08-15 19:15
Z0287,2026-08-15 19:16
Z0167,2026-08-15 19:19
Z0229,2026-08-15 19:19
Z0248,2026-08-15 19:19
Z0852,2026-08-15 19:22
Z0007,2026-08-15 19:26
Z0321,2026-08-15 19:26
Z0474,2026-08-15 19:28
Z0190,2026-08-15 19:29
Z0652,2026-08-15 19:29
Z0369,2026-08-15 19:33
Z0172,2026-08-15 19:34
Z0145,2026-08-15 19:38
Z0390,2026-08-15 19:38
Z0100,2026-08-15 19:40
Z0273,2026-08-15 19:40
Z0463,2026-08-15 19:47
Z0481,2026-08-15 19:48
Z0025,2026-08-15 19:51
Z0384,2026-08-15 19:54
Z0301,2026-08-15 19:55
Z0231,2026-08-15 19:56
Z0142,2026-08-15 19:58
Z0175,2026-08-15 19:58
Z0505,2026-08-15 20:02
Z0252,2026-08-15 20:07
Z0300,2026-08-15 20:09
Z0164,2026-08-15 20:11
Z0178,2026-08-15 20:15
Z0103,2026-08-15 20:16
Z0680,2026-08-15 20:23
Z0089,2026-08-15 20:28
Z0035,2026-08-15 20:29
Z0324,2026-08-15 20:31
Z0084,2026-08-15 20:32
Z0017,2026-08-15 20:35
Z0039,2026-08-15 20:38
Z0092,2026-08-15 20:49
Z0376,2026-08-15 20:49
Z0188,2026-08-15 20:51
Z0133,2026-08-15 20:53
Z0180,2026-08-15 20:57
Z0322,2026-08-15 20:57
Z0386,2026-08-15 20:57
Z0307,2026-08-16 06:01
Z0249,2026-08-16 06:02
Z0453,2026-08-16 06:02
Z0015,2026-08-16 06:10
Z0019,2026-08-16 06:10
Z0323,2026-08-16 06:10
Z0461,2026-08-16 06:12
Z0862,2026-08-16 06:12
Z0296,2026-08-16 06:13
Z0435,2026-08-16 06:13
Z0084,2026-08-16 06:18
Z0208,2026-08-16 06:18
Z0040,2026-08-16 06:20
Z0231,2026-08-16 06:20
Z0320,2026-08-16 06:23
Z0109,2026-08-16 06:25
Z0166,2026-08-16 06:31
Z0298,2026-08-16 06:31
Z0597,2026-08-16 06:31
Z0113,2026-08-16 06:34
Z0065,2026-08-16 06:35
Z0202,2026-08-16 06:38
Z0612,2026-08-16 06:38
Z0160,2026-08-16 06:39
Z0443,2026-08-16 06:44
Z0117,2026-08-16 06:51
Z0256,2026-08-16 06:51
Z0617,2026-08-16 06:56
Z0700,2026-08-16 06:56
Z0110,2026-08-16 06:59
Z0237,2026-08-16 07:01
Z0112,2026-08-16 07:03
Z0506,2026-08-16 07:04
Z0219,2026-08-16 07:05
Z0557,2026-08-16 07:06
Z0531,2026-08-16 07:11
Z0674,2026-08-16 07:11
Z0003,2026-08-16 07:14
Z0073,2026-08-16 07:18
Z0268,2026-08-16 07:19
Z0034,2026-08-16 07:20
Z0241,2026-08-16 07:20
Z0018,2026-08-16 07:22
Z0373,2026-08-16 07:24
Z0045,2026-08-16 07:28
Z0426,2026-08-16 07:28
Z0393,2026-08-16 07:32
Z0186,2026-08-16 07:33
Z0497,2026-08-16 07:33
Z0111,2026-08-16 07:38
Z0086,2026-08-16 07:39
Z0005,2026-08-16 07:40
Z0168,2026-08-16 07:41
Z0078,2026-08-16 07:47
Z0216,2026-08-16 07:47
Z0239,2026-08-16 07:48
Z0387,2026-08-16 07:50
Z0503,2026-08-16 07:50
Z0286,2026-08-16 07:52
Z0082,2026-08-16 07:53
Z0309,2026-08-16 07:53
Z0591,2026-08-16 07:53
Z0196,2026-08-16 07:54
Z0047,2026-08-16 07:55
Z0063,2026-08-16 07:56
Z0422,2026-08-16 07:57
Z0439,2026-08-16 08:03
Z0077,2026-08-16 08:05
Z0561,2026-08-16 08:07
Z0054,2026-08-16 08:10
Z0037,2026-08-16 08:11
Z0240,2026-08-16 08:11
Z0281,2026-08-16 08:13
Z0074,2026-08-16 08:16
Z0156,2026-08-16 08:16
Z0419,2026-08-16 08:16
Z0139,2026-08-16 08:18
Z0207,2026-08-16 08:18
Z0594,2026-08-16 08:20
Z0354,2026-08-16 08:21
Z0013,2026-08-16 08:25
Z0042,2026-08-16 08:36
Z0228,2026-08-16 08:36
Z0195,2026-08-16 08:37
Z0075,2026-08-16 08:38
Z0244,2026-08-16 08:42
Z0056,2026-08-16 08:49
Z0085,2026-08-16 08:49
Z0032,2026-08-16 08:51
Z0327,2026-08-16 08:56
Z0707,2026-08-16 08:56
Z0211,2026-08-16 08:57
Z0317,2026-08-16 08:57
Z0157,2026-08-16 08:58
Z0295,2026-08-16 09:01
Z0043,2026-08-16 09:18
Z0076,2026-08-16 09:23
Z0165,2026-08-16 09:28
Z0279,2026-08-16 09:41
Z0205,2026-08-16 09:51
Z0039,2026-08-16 12:00
Z0101,2026-08-16 12:04
Z0548,2026-08-16 12:07
Z0091,2026-08-16 12:09
Z0290,2026-08-16 12:09
Z0067,2026-08-16 12:10
Z0504,2026-08-16 12:10
Z0125,2026-08-16 12:15
Z0507,2026-08-16 12:17
Z0131,2026-08-16 12:18
Z0490,2026-08-16 12:20
Z0600,2026-08-16 12:21
Z0288,2026-08-16 12:25
Z0513,2026-08-16 12:28
Z0316,2026-08-16 12:31
Z0230,2026-08-16 12:32
Z0115,2026-08-16 12:38
Z0174,2026-08-16 12:46
Z0413,2026-08-16 12:48
Z0864,2026-08-16 12:59
Z0574,2026-08-16 13:02
Z0072,2026-08-16 13:09
Z0012,2026-08-16 13:12
Z0686,2026-08-16 13:13
Z0644,2026-08-16 13:23
Z0666,2026-08-16 13:24
Z0238,2026-08-16 13:29
Z0629,2026-08-16 13:30
Z0225,2026-08-16 13:31
Z0048,2026-08-16 13:37
Z0358,2026-08-16 13:37
Z0313,2026-08-16 13:45
Z0127,2026-08-16 13:50
Z0283,2026-08-16 13:58
Z0278,2026-08-16 17:01
Z0099,2026-08-16 17:04
Z0401,2026-08-16 17:04
Z0173,2026-08-16 17:05
Z0478,2026-08-16 17:11
Z0247,2026-08-16 17:12
Z0430,2026-08-16 17:22
Z0299,2026-08-16 17:23
Z0061,2026-08-16 17:26
Z0215,2026-08-16 17:35
Z0318,2026-08-16 17:35
Z0428,2026-08-16 17:35
Z0496,2026-08-16 17:38
Z0141,2026-08-16 17:39
Z0008,2026-08-16 17:40
Z0213,2026-08-16 17:46
Z0094,2026-08-16 17:47
Z0146,2026-08-16 17:58
Z0418,2026-08-16 18:02
Z0377,2026-08-16 18:04
Z0271,2026-08-16 18:06
Z0716,2026-08-16 18:08
Z0147,2026-08-16 18:09
Z0305,2026-08-16 18:09
Z0475,2026-08-16 18:09
Z0171,2026-08-16 18:11
Z0135,2026-08-16 18:12
Z0189,2026-08-16 18:17
Z0276,2026-08-16 18:17
Z0233,2026-08-16 18:19
Z0630,2026-08-16 18:22
Z0100,2026-08-16 18:24
Z0118,2026-08-16 18:24
Z0221,2026-08-16 18:24
Z0016,2026-08-16 18:27
Z0275,2026-08-16 18:28
Z0329,2026-08-16 18:29
Z0226,2026-08-16 18:30
Z0001,2026-08-16 18:34
Z0604,2026-08-16 18:35
Z0108,2026-08-16 18:39
Z0293,2026-08-16 18:39
Z0580,2026-08-16 18:40
Z0049,2026-08-16 18:41
Z0203,2026-08-16 18:46
Z0292,2026-08-16 18:52
Z0191,2026-08-16 18:56
Z0246,2026-08-16 18:58
Z0167,2026-08-16 19:00
Z0321,2026-08-16 19:01
Z0502,2026-08-16 19:01
Z0236,2026-08-16 19:05
Z0847,2026-08-16 19:06
Z0199,2026-08-16 19:07
Z0303,2026-08-16 19:08
Z0344,2026-08-16 19:11
Z0312,2026-08-16 19:12
Z0087,2026-08-16 19:13
Z0392,2026-08-16 19:16
Z0516,2026-08-16 19:17
Z0383,2026-08-16 19:18
Z0064,2026-08-16 19:19
Z0121,2026-08-16 19:19
Z0026,2026-08-16 19:20
Z0194,2026-08-16 19:24
Z0273,2026-08-16 19:25
Z0057,2026-08-16 19:26
Z0491,2026-08-16 19:28
Z0150,2026-08-16 19:31
Z0035,2026-08-16 19:32
Z0218,2026-08-16 19:34
Z0097,2026-08-16 19:36
Z0116,2026-08-16 19:36
Z0353,2026-08-16 19:37
Z0486,2026-08-16 19:38
Z0484,2026-08-16 19:39
Z0340,2026-08-16 19:43
Z0010,2026-08-16 19:44
Z0055,2026-08-16 19:47
Z0106,2026-08-16 19:47
Z0188,2026-08-16 19:48
Z0217,2026-08-16 19:49
Z0179,2026-08-16 19:50
Z0014,2026-08-16 19:51
Z0066,2026-08-16 19:51
Z0429,2026-08-16 19:51
Z0095,2026-08-16 19:53
Z0107,2026-08-16 19:53
Z0650,2026-08-16 19:54
Z0863,2026-08-16 19:54
Z0177,2026-08-16 19:55
Z0411,2026-08-16 19:55
Z0436,2026-08-16 19:55
Z0621,2026-08-16 19:55
Z0409,2026-08-16 19:58
Z0025,2026-08-16 19:59
Z0161,2026-08-16 20:04
Z0285,2026-08-16 20:04
Z0102,2026-08-16 20:06
Z0152,2026-08-16 20:12
Z0232,2026-08-16 20:20
Z0089,2026-08-16 20:25
Z0403,2026-08-16 20:28
Z0359,2026-08-16 20:38
Z0252,2026-08-16 20:41
Z0315,2026-08-16 20:42
Z0389,2026-08-16 20:46
Z0162,2026-08-16 20:49
Z0523,2026-08-16 20:53
Z0625,2026-08-16 20:57
Z0131,2026-08-17 06:02
Z0165,2026-08-17 06:03
Z0304,2026-08-17 06:06
Z0277,2026-08-17 06:08
Z0373,2026-08-17 06:09
Z0027,2026-08-17 06:11
Z0333,2026-08-17 06:11
Z0352,2026-08-17 06:11
Z0097,2026-08-17 06:15
Z0115,2026-08-17 06:22
Z0310,2026-08-17 06:22
Z0022,2026-08-17 06:23
Z0256,2026-08-17 06:23
Z0143,2026-08-17 06:24
Z0258,2026-08-17 06:25
Z0259,2026-08-17 06:25
Z0421,2026-08-17 06:26
Z0446,2026-08-17 06:27
Z0039,2026-08-17 06:28
Z0311,2026-08-17 06:29
Z0069,2026-08-17 06:30
Z0157,2026-08-17 06:31
Z0410,2026-08-17 06:32
Z0007,2026-08-17 06:39
Z0293,2026-08-17 06:42
Z0102,2026-08-17 06:43
Z0734,2026-08-17 06:45
Z0056,2026-08-17 06:46
Z0223,2026-08-17 06:49
Z0032,2026-08-17 06:50
Z0005,2026-08-17 06:51
Z0299,2026-08-17 06:53
Z0035,2026-08-17 06:57
Z0021,2026-08-17 06:58
Z0367,2026-08-17 06:59
Z0169,2026-08-17 07:00
Z0202,2026-08-17 07:01
Z0628,2026-08-17 07:02
Z0590,2026-08-17 07:04
Z0205,2026-08-17 07:07
Z0082,2026-08-17 07:08
Z0357,2026-08-17 07:09
Z0620,2026-08-17 07:10
Z0630,2026-08-17 07:10
Z0296,2026-08-17 07:12
Z0080,2026-08-17 07:13
Z0203,2026-08-17 07:16
Z0094,2026-08-17 07:17
Z0004,2026-08-17 07:18
Z0049,2026-08-17 07:20
Z0073,2026-08-17 07:22
Z0149,2026-08-17 07:22
Z0340,2026-08-17 07:24
Z0244,2026-08-17 07:25
Z0394,2026-08-17 07:28
Z0566,2026-08-17 07:30
Z0602,2026-08-17 07:30
Z0707,2026-08-17 07:30
Z0271,2026-08-17 07:31
Z0301,2026-08-17 07:35
Z0261,2026-08-17 07:37
Z0003,2026-08-17 07:41
Z0103,2026-08-17 07:42
Z0525,2026-08-17 07:43
Z0037,2026-08-17 07:44
Z0327,2026-08-17 07:46
Z0088,2026-08-17 07:47
Z0755,2026-08-17 07:50
Z0732,2026-08-17 07:51
Z0251,2026-08-17 07:52
Z0309,2026-08-17 07:52
Z0629,2026-08-17 07:53
Z0110,2026-08-17 07:56
Z0749,2026-08-17 07:56
Z0042,2026-08-17 07:59
Z0698,2026-08-17 07:59
Z0152,2026-08-17 08:00
Z0754,2026-08-17 08:07
Z0322,2026-08-17 08:09
Z0262,2026-08-17 08:10
Z0273,2026-08-17 08:13
Z0054,2026-08-17 08:28
Z0314,2026-08-17 08:29
Z0036,2026-08-17 08:30
Z0067,2026-08-17 08:30
Z0355,2026-08-17 08:30
Z0099,2026-08-17 08:31
Z0184,2026-08-17 08:33
Z0396,2026-08-17 08:34
Z0072,2026-08-17 08:35
Z0332,2026-08-17 08:35
Z0154,2026-08-17 08:40
Z0350,2026-08-17 08:40
Z0441,2026-08-17 08:46
Z0247,2026-08-17 08:49
Z0274,2026-08-17 08:54
Z0051,2026-08-17 08:56
Z0283,2026-08-17 08:58
Z0132,2026-08-17 09:09
Z0619,2026-08-17 09:10
Z0030,2026-08-17 09:26
Z0070,2026-08-17 09:28
Z0134,2026-08-17 12:01
Z0358,2026-08-17 12:01
Z0120,2026-08-17 12:03
Z0313,2026-08-17 12:03
Z0383,2026-08-17 12:04
Z0584,2026-08-17 12:04
Z0135,2026-08-17 12:06
Z0325,2026-08-17 12:17
Z0392,2026-08-17 12:19
Z0153,2026-08-17 12:21
Z0167,2026-08-17 12:28
Z0163,2026-08-17 12:33
Z0430,2026-08-17 12:33
Z0627,2026-08-17 12:33
Z0461,2026-08-17 12:34
Z0204,2026-08-17 12:42
Z0116,2026-08-17 12:46
Z0469,2026-08-17 12:47
Z0044,2026-08-17 12:54
Z0124,2026-08-17 12:56
Z0297,2026-08-17 12:57
Z0344,2026-08-17 12:57
Z0173,2026-08-17 12:59
Z0552,2026-08-17 12:59
Z0600,2026-08-17 13:06
Z0317,2026-08-17 13:07
Z0408,2026-08-17 13:08
Z0470,2026-08-17 13:10
Z0272,2026-08-17 13:13
Z0504,2026-08-17 13:14
Z0388,2026-08-17 13:16
Z0093,2026-08-17 13:24
Z0226,2026-08-17 13:26
Z0045,2026-08-17 13:28
Z0312,2026-08-17 13:29
Z0064,2026-08-17 13:33
Z0480,2026-08-17 13:42
Z0079,2026-08-17 13:44
Z0085,2026-08-17 13:46
Z0703,2026-08-17 13:56
Z0174,2026-08-17 13:58
Z0194,2026-08-17 13:59
Z0019,2026-08-17 17:01
Z0363,2026-08-17 17:04
Z0407,2026-08-17 17:08
Z0239,2026-08-17 17:09
Z0002,2026-08-17 17:12
Z0218,2026-08-17 17:21
Z0414,2026-08-17 17:25
Z0211,2026-08-17 17:28
Z0031,2026-08-17 17:32
Z0122,2026-08-17 17:35
Z0487,2026-08-17 17:39
Z0735,2026-08-17 17:39
Z0078,2026-08-17 17:44
Z0196,2026-08-17 17:46
Z0328,2026-08-17 17:47
Z0158,2026-08-17 17:48
Z0126,2026-08-17 17:49
Z0013,2026-08-17 17:51
Z0343,2026-08-17 18:03
Z0264,2026-08-17 18:04
Z0371,2026-08-17 18:04
Z0623,2026-08-17 18:06
Z0318,2026-08-17 18:09
Z0278,2026-08-17 18:11
Z0089,2026-08-17 18:17
Z0200,2026-08-17 18:18
Z0240,2026-08-17 18:24
Z0588,2026-08-17 18:26
Z0289,2026-08-17 18:28
Z0302,2026-08-17 18:29
Z0119,2026-08-17 18:32
Z0242,2026-08-17 18:33
Z0053,2026-08-17 18:34
Z0129,2026-08-17 18:35
Z0232,2026-08-17 18:35
Z0017,2026-08-17 18:37
Z0177,2026-08-17 18:38
Z0697,2026-08-17 18:38
Z0683,2026-08-17 18:40
Z0578,2026-08-17 18:41
Z0136,2026-08-17 18:47
Z0212,2026-08-17 18:48
Z0704,2026-08-17 18:48
Z0252,2026-08-17 18:49
Z0128,2026-08-17 18:53
Z0429,2026-08-17 18:53
Z0423,2026-08-17 18:54
Z0142,2026-08-17 18:55
Z0096,2026-08-17 18:57
Z0047,2026-08-17 19:03
Z0170,2026-08-17 19:03
Z0238,2026-08-17 19:03
Z0500,2026-08-17 19:04
Z0046,2026-08-17 19:07
Z0448,2026-08-17 19:09
Z0098,2026-08-17 19:17
Z0026,2026-08-17 19:18
Z0225,2026-08-17 19:18
Z0084,2026-08-17 19:21
Z0199,2026-08-17 19:24
Z0253,2026-08-17 19:24
Z0428,2026-08-17 19:27
Z0127,2026-08-17 19:29
Z0130,2026-08-17 19:29
Z0012,2026-08-17 19:31
Z0059,2026-08-17 19:33
Z0083,2026-08-17 19:33
Z0305,2026-08-17 19:34
Z0016,2026-08-17 19:35
Z0190,2026-08-17 19:35
Z0384,2026-08-17 19:35
Z0034,2026-08-17 19:36
Z0071,2026-08-17 19:37
Z0231,2026-08-17 19:37
Z0284,2026-08-17 19:40
Z0508,2026-08-17 19:41
Z0168,2026-08-17 19:43
Z0091,2026-08-17 19:44
Z0214,2026-08-17 19:47
Z0439,2026-08-17 19:47
Z0222,2026-08-17 19:48
Z0275,2026-08-17 19:53
Z0418,2026-08-17 19:53
Z0263,2026-08-17 19:54
Z0281,2026-08-17 19:58
Z0415,2026-08-17 20:01
Z0507,2026-08-17 20:02
Z0050,2026-08-17 20:08
Z0145,2026-08-17 20:09
Z0286,2026-08-17 20:09
Z0499,2026-08-17 20:17
Z0208,2026-08-17 20:22
Z0444,2026-08-17 20:24
Z0463,2026-08-17 20:25
Z0555,2026-08-17 20:26
Z0539,2026-08-17 20:32
Z0268,2026-08-17 20:35
Z0109,2026-08-17 20:41
Z0515,2026-08-17 20:41
Z0456,2026-08-17 20:47
Z0708,2026-08-17 20:48
Z0215,2026-08-17 20:51
Z0182,2026-08-17 20:58
Z0498,2026-08-18 06:02
Z0269,2026-08-18 06:03
Z0085,2026-08-18 06:05
Z0277,2026-08-18 06:05
Z0636,2026-08-18 06:05
Z0393,2026-08-18 06:12
Z0449,2026-08-18 06:18
Z0181,2026-08-18 06:19
Z0259,2026-08-18 06:19
Z0365,2026-08-18 06:21
Z0266,2026-08-18 06:22
Z0430,2026-08-18 06:22
Z0563,2026-08-18 06:23
Z0009,2026-08-18 06:24
Z0246,2026-08-18 06:24
Z0513,2026-08-18 06:24
Z0362,2026-08-18 06:26
Z0032,2026-08-18 06:28
Z0544,2026-08-18 06:28
Z0270,2026-08-18 06:29
Z0357,2026-08-18 06:32
Z0244,2026-08-18 06:33
Z0695,2026-08-18 06:33
Z0021,2026-08-18 06:34
Z0093,2026-08-18 06:35
Z0145,2026-08-18 06:42
Z0338,2026-08-18 06:44
Z0743,2026-08-18 06:44
Z0209,2026-08-18 06:47
Z0432,2026-08-18 06:47
Z0069,2026-08-18 06:48
Z0031,2026-08-18 06:50
Z0433,2026-08-18 06:50
Z0528,2026-08-18 06:51
Z0606,2026-08-18 06:51
Z0468,2026-08-18 06:53
Z0514,2026-08-18 06:55
Z0094,2026-08-18 06:56
Z0237,2026-08-18 06:56
Z0260,2026-08-18 07:00
Z0717,2026-08-18 07:00
Z0623,2026-08-18 07:01
Z0015,2026-08-18 07:02
Z0219,2026-08-18 07:03
Z0333,2026-08-18 07:05
Z0659,2026-08-18 07:05
Z0084,2026-08-18 07:07
Z0152,2026-08-18 07:07
Z0235,2026-08-18 07:08
Z0310,2026-08-18 07:09
Z0227,2026-08-18 07:11
Z0679,2026-08-18 07:11
Z0111,2026-08-18 07:14
Z0169,2026-08-18 07:17
Z0307,2026-08-18 07:22
Z0549,2026-08-18 07:22
Z0507,2026-08-18 07:26
Z0202,2026-08-18 07:27
Z0250,2026-08-18 07:28
Z0406,2026-08-18 07:28
Z0040,2026-08-18 07:29
Z0582,2026-08-18 07:29
Z0612,2026-08-18 07:34
Z0450,2026-08-18 07:35
Z0453,2026-08-18 07:36
Z0077,2026-08-18 07:37
Z0123,2026-08-18 07:39
Z0326,2026-08-18 07:39
Z0346,2026-08-18 07:41
Z0385,2026-08-18 07:41
Z0210,2026-08-18 07:42
Z0477,2026-08-18 07:42
Z0238,2026-08-18 07:43
Z0705,2026-08-18 07:43
Z0314,2026-08-18 07:45
Z0284,2026-08-18 07:46
Z0041,2026-08-18 07:47
Z0499,2026-08-18 07:48
Z0485,2026-08-18 07:49
Z0342,2026-08-18 07:50
Z0489,2026-08-18 07:50
Z0580,2026-08-18 07:53
Z0060,2026-08-18 07:56
Z0143,2026-08-18 07:56
Z0721,2026-08-18 07:59
Z0080,2026-08-18 08:00
Z0068,2026-08-18 08:01
Z0298,2026-08-18 08:04
Z0330,2026-08-18 08:05
Z0476,2026-08-18 08:05
Z0640,2026-08-18 08:07
Z0611,2026-08-18 08:09
Z0410,2026-08-18 08:10
Z0075,2026-08-18 08:12
Z0105,2026-08-18 08:12
Z0431,2026-08-18 08:14
Z0096,2026-08-18 08:16
Z0046,2026-08-18 08:20
Z0038,2026-08-18 08:21
Z0681,2026-08-18 08:25
Z0397,2026-08-18 08:26
Z0118,2026-08-18 08:29
Z0005,2026-08-18 08:31
Z0483,2026-08-18 08:31
Z0018,2026-08-18 08:32
Z0262,2026-08-18 08:32
Z0076,2026-08-18 08:38
Z0545,2026-08-18 08:38
Z0175,2026-08-18 08:39
Z0466,2026-08-18 08:44
Z0380,2026-08-18 08:45
Z0166,2026-08-18 08:47
Z0133,2026-08-18 08:49
Z0482,2026-08-18 08:51
Z0205,2026-08-18 08:52
Z0320,2026-08-18 08:55
Z0700,2026-08-18 08:57
Z0043,2026-08-18 09:02
Z0114,2026-08-18 09:27
Z0509,2026-08-18 09:32
Z0063,2026-08-18 09:39
Z0028,2026-08-18 09:44
Z0154,2026-08-18 09:45
Z0294,2026-08-18 09:45
Z0184,2026-08-18 09:56
Z0002,2026-08-18 12:12
Z0318,2026-08-18 12:13
Z0149,2026-08-18 12:16
Z0195,2026-08-18 12:18
Z0228,2026-08-18 12:20
Z0254,2026-08-18 12:20
Z0197,2026-08-18 12:23
Z0222,2026-08-18 12:28
Z0303,2026-08-18 12:30
Z0116,2026-08-18 12:31
Z0490,2026-08-18 12:32
Z0035,2026-08-18 12:38
Z0091,2026-08-18 12:41
Z0271,2026-08-18 12:41
Z0566,2026-08-18 12:44
Z0081,2026-08-18 12:45
Z0435,2026-08-18 12:47
Z0480,2026-08-18 12:51
Z0687,2026-08-18 13:02
Z0139,2026-08-18 13:04
Z0302,2026-08-18 13:04
Z0176,2026-08-18 13:07
Z0335,2026-08-18 13:08
Z0451,2026-08-18 13:11
Z0412,2026-08-18 13:12
Z0129,2026-08-18 13:15
Z0127,2026-08-18 13:16
Z0064,2026-08-18 13:17
Z0625,2026-08-18 13:18
Z0242,2026-08-18 13:23
Z0296,2026-08-18 13:25
Z0719,2026-08-18 13:34
Z0086,2026-08-18 13:44
Z0147,2026-08-18 13:46
Z0542,2026-08-18 13:49
Z0574,2026-08-18 13:49
Z0479,2026-08-18 13:53
Z0233,2026-08-18 13:58
Z0059,2026-08-18 17:09
Z0049,2026-08-18 17:11
Z0321,2026-08-18 17:15
Z0570,2026-08-18 17:16
Z0014,2026-08-18 17:21
Z0248,2026-08-18 17:21
Z0083,2026-08-18 17:22
Z0226,2026-08-18 17:27
Z0351,2026-08-18 17:27
Z0229,2026-08-18 17:29
Z0583,2026-08-18 17:32
Z0170,2026-08-18 17:36
Z0697,2026-08-18 17:36
Z0273,2026-08-18 17:40
Z0304,2026-08-18 17:49
Z0217,2026-08-18 17:51
Z0253,2026-08-18 17:53
Z0561,2026-08-18 17:55
Z0753,2026-08-18 18:01
Z0500,2026-08-18 18:03
Z0473,2026-08-18 18:06
Z0065,2026-08-18 18:07
Z0104,2026-08-18 18:09
Z0073,2026-08-18 18:12
Z0366,2026-08-18 18:16
Z0438,2026-08-18 18:18
Z0737,2026-08-18 18:19
Z0023,2026-08-18 18:24
Z0285,2026-08-18 18:24
Z0348,2026-08-18 18:24
Z0234,2026-08-18 18:25
Z0424,2026-08-18 18:28
Z0183,2026-08-18 18:29
Z0218,2026-08-18 18:30
Z0607,2026-08-18 18:30
Z0198,2026-08-18 18:36
Z0337,2026-08-18 18:36
Z0236,2026-08-18 18:37
Z0405,2026-08-18 18:37
Z0057,2026-08-18 18:39
Z0347,2026-08-18 18:40
Z0153,2026-08-18 18:41
Z0066,2026-08-18 18:43
Z0734,2026-08-18 18:43
Z0011,2026-08-18 18:45
Z0725,2026-08-18 18:45
Z0052,2026-08-18 18:46
Z0481,2026-08-18 18:47
Z0185,2026-08-18 18:52
Z0568,2026-08-18 18:56
Z0408,2026-08-18 18:57
Z0547,2026-08-18 18:57
Z0072,2026-08-18 18:58
Z0053,2026-08-18 18:59
Z0087,2026-08-18 19:04
Z0231,2026-08-18 19:04
Z0421,2026-08-18 19:06
Z0447,2026-08-18 19:06
Z0044,2026-08-18 19:09
Z0001,2026-08-18 19:12
Z0472,2026-08-18 19:13
Z0061,2026-08-18 19:14
Z0249,2026-08-18 19:14
Z0538,2026-08-18 19:14
Z0200,2026-08-18 19:15
Z0178,2026-08-18 19:16
Z0452,2026-08-18 19:18
Z0007,2026-08-18 19:19
Z0731,2026-08-18 19:20
Z0288,2026-08-18 19:23
Z0301,2026-08-18 19:26
Z0703,2026-08-18 19:26
Z0180,2026-08-18 19:27
Z0508,2026-08-18 19:29
Z0159,2026-08-18 19:30
Z0100,2026-08-18 19:31
Z0101,2026-08-18 19:36
Z0150,2026-08-18 19:36
Z0223,2026-08-18 19:36
Z0252,2026-08-18 19:36
Z0199,2026-08-18 19:38
Z0245,2026-08-18 19:38
Z0474,2026-08-18 19:42
Z0263,2026-08-18 19:43
Z0306,2026-08-18 19:43
Z0204,2026-08-18 19:45
Z0207,2026-08-18 19:45
Z0287,2026-08-18 19:48
Z0425,2026-08-18 19:49
Z0448,2026-08-18 19:49
Z0458,2026-08-18 19:50
Z0045,2026-08-18 19:51
Z0446,2026-08-18 19:52
Z0164,2026-08-18 19:53
Z0736,2026-08-18 19:54
Z0300,2026-08-18 19:55
Z0502,2026-08-18 19:56
Z0126,2026-08-18 19:57
Z0095,2026-08-18 19:58
Z0174,2026-08-18 19:59
Z0191,2026-08-18 20:01
Z0258,2026-08-18 20:05
Z0167,2026-08-18 20:07
Z0050,2026-08-18 20:15
Z0138,2026-08-18 20:15
Z0741,2026-08-18 20:15
Z0558,2026-08-18 20:18
Z0518,2026-08-18 20:21
Z0460,2026-08-18 20:22
Z0163,2026-08-18 20:26
Z0232,2026-08-18 20:26
Z0055,2026-08-18 20:29
Z0541,2026-08-18 20:30
Z0107,2026-08-18 20:31
Z0272,2026-08-18 20:33
Z0305,2026-08-18 20:35
Z0058,2026-08-18 20:36
Z0020,2026-08-18 20:38
Z0312,2026-08-18 20:44
Z0415,2026-08-18 20:44
Z0261,2026-08-18 20:45
Z0243,2026-08-18 20:49
Z0488,2026-08-18 20:53
Z0440,2026-08-18 20:58
Z0586,2026-08-18 20:58
Z0088,2026-08-19 06:00
Z0210,2026-08-19 06:02
Z0585,2026-08-19 06:03
Z0128,2026-08-19 06:05
Z0234,2026-08-19 06:06
Z0061,2026-08-19 06:08
Z0501,2026-08-19 06:08
Z0264,2026-08-19 06:10
Z0154,2026-08-19 06:11
Z0260,2026-08-19 06:13
Z0642,2026-08-19 06:14
Z0628,2026-08-19 06:16
Z0716,2026-08-19 06:16
Z0229,2026-08-19 06:20
Z0134,2026-08-19 06:22
Z0496,2026-08-19 06:22
Z0113,2026-08-19 06:25
Z0251,2026-08-19 06:25
Z0382,2026-08-19 06:25
Z0710,2026-08-19 06:27
Z0211,2026-08-19 06:28
Z0255,2026-08-19 06:29
Z0315,2026-08-19 06:29
Z0707,2026-08-19 06:30
Z0308,2026-08-19 06:32
Z0160,2026-08-19 06:33
Z0066,2026-08-19 06:34
Z0603,2026-08-19 06:35
Z0194,2026-08-19 06:36
Z0385,2026-08-19 06:36
Z0003,2026-08-19 06:39
Z0114,2026-08-19 06:39
Z0280,2026-08-19 06:42
Z0298,2026-08-19 06:45
Z0373,2026-08-19 06:46
Z0471,2026-08-19 06:46
Z0217,2026-08-19 06:47
Z0199,2026-08-19 06:49
Z0413,2026-08-19 06:52
Z0278,2026-08-19 06:54
Z0024,2026-08-19 06:56
Z0165,2026-08-19 06:57
Z0028,2026-08-19 07:00
Z0717,2026-08-19 07:02
Z0157,2026-08-19 07:03
Z0619,2026-08-19 07:03
Z0285,2026-08-19 07:09
Z0463,2026-08-19 07:09
Z0120,2026-08-19 07:10
Z0146,2026-08-19 07:10
Z0075,2026-08-19 07:15
Z0268,2026-08-19 07:15
Z0509,2026-08-19 07:15
Z0537,2026-08-19 07:15
Z0090,2026-08-19 07:16
Z0117,2026-08-19 07:20
Z0354,2026-08-19 07:20
Z0079,2026-08-19 07:21
Z0274,2026-08-19 07:21
Z0205,2026-08-19 07:22
Z0386,2026-08-19 07:22
Z0316,2026-08-19 07:24
Z0392,2026-08-19 07:26
Z0483,2026-08-19 07:28
Z0169,2026-08-19 07:29
Z0753,2026-08-19 07:29
Z0040,2026-08-19 07:30
Z0043,2026-08-19 07:30
Z0503,2026-08-19 07:30
Z0025,2026-08-19 07:35
Z0041,2026-08-19 07:35
Z0042,2026-08-19 07:35
Z0357,2026-08-19 07:35
Z0012,2026-08-19 07:41
Z0250,2026-08-19 07:41
Z0150,2026-08-19 07:42
Z0246,2026-08-19 07:42
Z0144,2026-08-19 07:45
Z0197,2026-08-19 07:45
Z0279,2026-08-19 07:47
Z0387,2026-08-19 07:47
Z0098,2026-08-19 07:48
Z0249,2026-08-19 07:48
Z0082,2026-08-19 07:50
Z0612,2026-08-19 08:01
Z0247,2026-08-19 08:06
Z0187,2026-08-19 08:13
Z0325,2026-08-19 08:13
Z0728,2026-08-19 08:15
Z0060,2026-08-19 08:19
Z0581,2026-08-19 08:20
Z0086,2026-08-19 08:21
Z0136,2026-08-19 08:22
Z0193,2026-08-19 08:25
Z0235,2026-08-19 08:25
Z0405,2026-08-19 08:25
Z0094,2026-08-19 08:26
Z0198,2026-08-19 08:28
Z0080,2026-08-19 08:30
Z0525,2026-08-19 08:33
Z0472,2026-08-19 08:40
Z0575,2026-08-19 08:43
Z0275,2026-08-19 08:47
Z0540,2026-08-19 08:47
Z0320,2026-08-19 08:48
Z0464,2026-08-19 08:49
Z0444,2026-08-19 08:52
Z0256,2026-08-19 08:54
Z0559,2026-08-19 08:55
Z0383,2026-08-19 08:56
Z0132,2026-08-19 09:06
Z0241,2026-08-19 09:11
Z0468,2026-08-19 09:24
Z0032,2026-08-19 09:43
Z0361,2026-08-19 12:00
Z0486,2026-08-19 12:05
Z0252,2026-08-19 12:06
Z0458,2026-08-19 12:10
Z0158,2026-08-19 12:14
Z0059,2026-08-19 12:18
Z0072,2026-08-19 12:19
Z0586,2026-08-19 12:19
Z0111,2026-08-19 12:41
Z0106,2026-08-19 12:52
Z0208,2026-08-19 13:01
Z0074,2026-08-19 13:04
Z0450,2026-08-19 13:12
Z0096,2026-08-19 13:15
Z0174,2026-08-19 13:16
Z0745,2026-08-19 13:16
Z0466,2026-08-19 13:18
Z0175,2026-08-19 13:22
Z0321,2026-08-19 13:25
Z0078,2026-08-19 13:28
Z0130,2026-08-19 13:33
Z0322,2026-08-19 13:36
Z0126,2026-08-19 13:38
Z0488,2026-08-19 13:38
Z0407,2026-08-19 13:40
Z0049,2026-08-19 13:41
Z0573,2026-08-19 13:46
Z0131,2026-08-19 13:50
Z0311,2026-08-19 13:55
Z0505,2026-08-19 13:55
Z0191,2026-08-19 13:56
Z0304,2026-08-19 13:56
Z0265,2026-08-19 13:57
Z0238,2026-08-19 17:00
Z0236,2026-08-19 17:07
Z0046,2026-08-19 17:12
Z0324,2026-08-19 17:15
Z0100,2026-08-19 17:21
Z0035,2026-08-19 17:22
Z0744,2026-08-19 17:23
Z0180,2026-08-19 17:25
Z0697,2026-08-19 17:25
Z0162,2026-08-19 17:31
Z0511,2026-08-19 17:34
Z0002,2026-08-19 17:39
Z0317,2026-08-19 17:40
Z0273,2026-08-19 17:44
Z0290,2026-08-19 17:44
Z0561,2026-08-19 17:45
Z0376,2026-08-19 17:46
Z0653,2026-08-19 17:47
Z0145,2026-08-19 17:49
Z0029,2026-08-19 17:50
Z0016,2026-08-19 17:51
Z0401,2026-08-19 17:51
Z0109,2026-08-19 17:53
Z0137,2026-08-19 17:53
Z0093,2026-08-19 17:56
Z0523,2026-08-19 17:59
Z0200,2026-08-19 18:01
Z0620,2026-08-19 18:06
Z0510,2026-08-19 18:07
Z0303,2026-08-19 18:10
Z0124,2026-08-19 18:12
Z0182,2026-08-19 18:17
Z0302,2026-08-19 18:18
Z0271,2026-08-19 18:25
Z0587,2026-08-19 18:30
Z0339,2026-08-19 18:32
Z0053,2026-08-19 18:33
Z0490,2026-08-19 18:33
Z0242,2026-08-19 18:35
Z0141,2026-08-19 18:38
Z0390,2026-08-19 18:38
Z0576,2026-08-19 18:42
Z0054,2026-08-19 18:44
Z0058,2026-08-19 18:44
Z0087,2026-08-19 18:48
Z0282,2026-08-19 18:51
Z0754,2026-08-19 18:52
Z0263,2026-08-19 18:53
Z0171,2026-08-19 18:54
Z0225,2026-08-19 18:56
Z0300,2026-08-19 18:56
Z0560,2026-08-19 18:56
Z0639,2026-08-19 18:56
Z0017,2026-08-19 18:57
Z0118,2026-08-19 18:57
Z0192,2026-08-19 19:01
Z0691,2026-08-19 19:03
Z0267,2026-08-19 19:04
Z0491,2026-08-19 19:04
Z0027,2026-08-19 19:08
Z0709,2026-08-19 19:11
Z0155,2026-08-19 19:13
Z0696,2026-08-19 19:13
Z0213,2026-08-19 19:16
Z0179,2026-08-19 19:18
Z0257,2026-08-19 19:18
Z0580,2026-08-19 19:18
Z0292,2026-08-19 19:19
Z0142,2026-08-19 19:23
Z0305,2026-08-19 19:27
Z0051,2026-08-19 19:30
Z0148,2026-08-19 19:30
Z0068,2026-08-19 19:31
Z0026,2026-08-19 19:33
Z0353,2026-08-19 19:38
Z0601,2026-08-19 19:38
Z0022,2026-08-19 19:41
Z0223,2026-08-19 19:41
Z0289,2026-08-19 19:42
Z0633,2026-08-19 19:43
Z0127,2026-08-19 19:44
Z0719,2026-08-19 19:47
Z0172,2026-08-19 19:48
Z0313,2026-08-19 19:48
Z0037,2026-08-19 19:49
Z0398,2026-08-19 19:49
Z0455,2026-08-19 19:49
Z0019,2026-08-19 19:50
Z0140,2026-08-19 19:51
Z0411,2026-08-19 19:51
Z0451,2026-08-19 19:57
Z0562,2026-08-19 19:57
Z0196,2026-08-19 20:07
Z0513,2026-08-19 20:09
Z0477,2026-08-19 20:12
Z0269,2026-08-19 20:18
Z0517,2026-08-19 20:18
Z0116,2026-08-19 20:30
Z0065,2026-08-19 20:31
Z0050,2026-08-19 20:32
Z0441,2026-08-19 20:36
Z0437,2026-08-19 20:37
Z0163,2026-08-19 20:38
Z0243,2026-08-19 20:43
Z0535,2026-08-19 20:45
Z0564,2026-08-19 20:54
Z0010,2026-08-19 20:55
Z0521,2026-08-19 20:57
Z0365,2026-08-19 20:58
Z0165,2026-08-20 06:00
Z0114,2026-08-20 06:03
Z0346,2026-08-20 06:06
Z0470,2026-08-20 06:06
Z0318,2026-08-20 06:09
Z0056,2026-08-20 06:10
Z0041,2026-08-20 06:12
Z0721,2026-08-20 06:13
Z0235,2026-08-20 06:14
Z0323,2026-08-20 06:18
Z0006,2026-08-20 06:22
Z0172,2026-08-20 06:22
Z0135,2026-08-20 06:23
Z0443,2026-08-20 06:25
Z0611,2026-08-20 06:29
Z0139,2026-08-20 06:31
Z0410,2026-08-20 06:38
Z0715,2026-08-20 06:38
Z0093,2026-08-20 06:40
Z0295,2026-08-20 06:40
Z0256,2026-08-20 06:42
Z0024,2026-08-20 06:45
Z0154,2026-08-20 06:45
Z0370,2026-08-20 06:46
Z0622,2026-08-20 06:46
Z0112,2026-08-20 06:48
Z0073,2026-08-20 06:52
Z0420,2026-08-20 06:52
Z0673,2026-08-20 07:00
Z0059,2026-08-20 07:03
Z0045,2026-08-20 07:04
Z0249,2026-08-20 07:04
Z0220,2026-08-20 07:05
Z0039,2026-08-20 07:06
Z0089,2026-08-20 07:06
Z0522,2026-08-20 07:06
Z0124,2026-08-20 07:08
Z0327,2026-08-20 07:08
Z0428,2026-08-20 07:08
Z0033,2026-08-20 07:09
Z0330,2026-08-20 07:09
Z0282,2026-08-20 07:11
Z0369,2026-08-20 07:11
Z0503,2026-08-20 07:11
Z0170,2026-08-20 07:12
Z0266,2026-08-20 07:12
Z0184,2026-08-20 07:13
Z0245,2026-08-20 07:16
Z0336,2026-08-20 07:19
Z0496,2026-08-20 07:22
Z0255,2026-08-20 07:29
Z0300,2026-08-20 07:29
Z0156,2026-08-20 07:30
Z0381,2026-08-20 07:32
Z0453,2026-08-20 07:32
Z0501,2026-08-20 07:32
Z0146,2026-08-20 07:33
Z0180,2026-08-20 07:33
Z0310,2026-08-20 07:33
Z0698,2026-08-20 07:36
Z0194,2026-08-20 07:38
Z0325,2026-08-20 07:38
Z0140,2026-08-20 07:39
Z0320,2026-08-20 07:39
Z0464,2026-08-20 07:40
Z0665,2026-08-20 07:42
Z0599,2026-08-20 07:43
Z0130,2026-08-20 07:44
Z0556,2026-08-20 07:44
Z0075,2026-08-20 07:45
Z0206,2026-08-20 07:46
Z0025,2026-08-20 07:48
Z0213,2026-08-20 07:48
Z0273,2026-08-20 07:49
Z0015,2026-08-20 07:50
Z0205,2026-08-20 07:50
Z0416,2026-08-20 07:52
Z0471,2026-08-20 07:53
Z0709,2026-08-20 07:53
Z0391,2026-08-20 07:54
Z0011,2026-08-20 07:56
Z0239,2026-08-20 07:56
Z0198,2026-08-20 07:57
Z0103,2026-08-20 07:58
Z0482,2026-08-20 07:58
Z0283,2026-08-20 08:00
Z0157,2026-08-20 08:01
Z0415,2026-08-20 08:01
Z0379,2026-08-20 08:06
Z0533,2026-08-20 08:06
Z0253,2026-08-20 08:16
Z0306,2026-08-20 08:20
Z0644,2026-08-20 08:20
Z0244,2026-08-20 08:23
Z0063,2026-08-20 08:25
Z0316,2026-08-20 08:27
Z0047,2026-08-20 08:30
Z0009,2026-08-20 08:34
Z0192,2026-08-20 08:34
Z0088,2026-08-20 08:37
Z0233,2026-08-20 08:37
Z0278,2026-08-20 08:39
Z0337,2026-08-20 08:40
Z0377,2026-08-20 08:52
Z0166,2026-08-20 08:54
Z0017,2026-08-20 08:55
Z0062,2026-08-20 08:55
Z0108,2026-08-20 08:56
Z0224,2026-08-20 08:56
Z0514,2026-08-20 09:06
Z0260,2026-08-20 09:07
Z0241,2026-08-20 09:20
Z0362,2026-08-20 09:40
Z0132,2026-08-20 09:45
Z0030,2026-08-20 09:49
Z0445,2026-08-20 09:49
Z0259,2026-08-20 09:59
Z0335,2026-08-20 12:02
Z0289,2026-08-20 12:05
Z0597,2026-08-20 12:09
Z0497,2026-08-20 12:12
Z0462,2026-08-20 12:22
Z0152,2026-08-20 12:23
Z0012,2026-08-20 12:24
Z0121,2026-08-20 12:24
Z0704,2026-08-20 12:28
Z0257,2026-08-20 12:30
Z0457,2026-08-20 12:37
Z0499,2026-08-20 12:39
Z0151,2026-08-20 12:41
Z0091,2026-08-20 12:48
Z0677,2026-08-20 12:51
Z0630,2026-08-20 12:54
Z0193,2026-08-20 13:06
Z0048,2026-08-20 13:09
Z0137,2026-08-20 13:10
Z0669,2026-08-20 13:10
Z0589,2026-08-20 13:13
Z0631,2026-08-20 13:23
Z0579,2026-08-20 13:26
Z0223,2026-08-20 13:27
Z0085,2026-08-20 13:28
Z0149,2026-08-20 13:32
Z0162,2026-08-20 13:34
Z0218,2026-08-20 13:34
Z0267,2026-08-20 13:35
Z0593,2026-08-20 13:40
Z0240,2026-08-20 13:43
Z0141,2026-08-20 13:48
Z0728,2026-08-20 13:50
Z0053,2026-08-20 13:51
Z0465,2026-08-20 13:53
Z0489,2026-08-20 13:54
Z0127,2026-08-20 13:55
Z0524,2026-08-20 13:55
Z0515,2026-08-20 17:02
Z0250,2026-08-20 17:12
Z0299,2026-08-20 17:12
Z0142,2026-08-20 17:14
Z0324,2026-08-20 17:19
Z0094,2026-08-20 17:22
Z0046,2026-08-20 17:25
Z0411,2026-08-20 17:25
Z0092,2026-08-20 17:29
Z0741,2026-08-20 17:29
Z0164,2026-08-20 17:30
Z0016,2026-08-20 17:34
Z0105,2026-08-20 17:36
Z0191,2026-08-20 17:36
Z0475,2026-08-20 17:39
Z0082,2026-08-20 17:43
Z0226,2026-08-20 17:43
Z0086,2026-08-20 17:49
Z0207,2026-08-20 17:55
Z0203,2026-08-20 18:00
Z0195,2026-08-20 18:04
Z0021,2026-08-20 18:06
Z0754,2026-08-20 18:09
Z0187,2026-08-20 18:10
Z0490,2026-08-20 18:11
Z0229,2026-08-20 18:12
Z0286,2026-08-20 18:12
Z0007,2026-08-20 18:15
Z0254,2026-08-20 18:20
Z0227,2026-08-20 18:21
Z0107,2026-08-20 18:23
Z0185,2026-08-20 18:24
Z0116,2026-08-20 18:25
Z0364,2026-08-20 18:26
Z0079,2026-08-20 18:27
Z0317,2026-08-20 18:31
Z0189,2026-08-20 18:32
Z0523,2026-08-20 18:34
Z0703,2026-08-20 18:34
Z0512,2026-08-20 18:36
Z0618,2026-08-20 18:37
Z0029,2026-08-20 18:39
Z0230,2026-08-20 18:40
Z0023,2026-08-20 18:43
Z0404,2026-08-20 18:45
Z0087,2026-08-20 18:47
Z0247,2026-08-20 18:50
Z0221,2026-08-20 18:51
Z0359,2026-08-20 18:51
Z0020,2026-08-20 18:55
Z0243,2026-08-20 18:55
Z0341,2026-08-20 18:57
Z0546,2026-08-20 18:57
Z0122,2026-08-20 18:58
Z0099,2026-08-20 19:03
Z0036,2026-08-20 19:04
Z0038,2026-08-20 19:06
Z0488,2026-08-20 19:07
Z0102,2026-08-20 19:16
Z0074,2026-08-20 19:18
Z0197,2026-08-20 19:18
Z0097,2026-08-20 19:20
Z0037,2026-08-20 19:21
Z0057,2026-08-20 19:21
Z0178,2026-08-20 19:21
Z0366,2026-08-20 19:26
Z0179,2026-08-20 19:27
Z0297,2026-08-20 19:28
Z0353,2026-08-20 19:28
Z0052,2026-08-20 19:29
Z0208,2026-08-20 19:29
Z0228,2026-08-20 19:29
Z0376,2026-08-20 19:29
Z0190,2026-08-20 19:33
Z0513,2026-08-20 19:37
Z0209,2026-08-20 19:40
Z0344,2026-08-20 19:41
Z0109,2026-08-20 19:45
Z0595,2026-08-20 19:46
Z0173,2026-08-20 19:48
Z0159,2026-08-20 19:51
Z0315,2026-08-20 19:52
Z0447,2026-08-20 20:03
Z0055,2026-08-20 20:14
Z0374,2026-08-20 20:15
Z0176,2026-08-20 20:19
Z0461,2026-08-20 20:23
Z0395,2026-08-20 20:24
Z0125,2026-08-20 20:28
Z0101,2026-08-20 20:32
Z0285,2026-08-20 20:35
Z0214,2026-08-20 20:36
Z0008,2026-08-20 20:37
Z0238,2026-08-20 20:37
Z0387,2026-08-20 20:40
Z0746,2026-08-20 20:41
Z0236,2026-08-20 20:48
Z0505,2026-08-20 20:49
Z0222,2026-08-20 20:51
Z0280,2026-08-20 20:54
Z0143,2026-08-20 20:56
Z0701,2026-08-20 20:56
Z0024,2026-08-21 06:00
Z0205,2026-08-21 06:02
Z0647,2026-08-21 06:04
Z0349,2026-08-21 06:05
Z0508,2026-08-21 06:05
Z0052,2026-08-21 06:06
Z0042,2026-08-21 06:09
Z0639,2026-08-21 06:10
Z0551,2026-08-21 06:12
Z0086,2026-08-21 06:13
Z0495,2026-08-21 06:15
Z0693,2026-08-21 06:16
Z0391,2026-08-21 06:17
Z0140,2026-08-21 06:19
Z0301,2026-08-21 06:19
Z0394,2026-08-21 06:19
Z0244,2026-08-21 06:20
Z0225,2026-08-21 06:21
Z0255,2026-08-21 06:21
Z0113,2026-08-21 06:24
Z0266,2026-08-21 06:26
Z0295,2026-08-21 06:27
Z0028,2026-08-21 06:28
Z0192,2026-08-21 06:28
Z0190,2026-08-21 06:29
Z0221,2026-08-21 06:35
Z0250,2026-08-21 06:35
Z0171,2026-08-21 06:36
Z0237,2026-08-21 06:37
Z0032,2026-08-21 06:38
Z0080,2026-08-21 06:40
Z0137,2026-08-21 06:40
Z0319,2026-08-21 06:41
Z0144,2026-08-21 06:44
Z0532,2026-08-21 06:48
Z0125,2026-08-21 06:53
Z0431,2026-08-21 06:55
Z0519,2026-08-21 06:55
Z0359,2026-08-21 06:56
Z0048,2026-08-21 06:58
Z0454,2026-08-21 07:01
Z0187,2026-08-21 07:02
Z0368,2026-08-21 07:02
Z0240,2026-08-21 07:05
Z0121,2026-08-21 07:06
Z0136,2026-08-21 07:07
Z0298,2026-08-21 07:07
Z0248,2026-08-21 07:09
Z0070,2026-08-21 07:10
Z0494,2026-08-21 07:10
Z0517,2026-08-21 07:11
Z0043,2026-08-21 07:12
Z0074,2026-08-21 07:13
Z0037,2026-08-21 07:18
Z0302,2026-08-21 07:18
Z0060,2026-08-21 07:19
Z0462,2026-08-21 07:21
Z0002,2026-08-21 07:22
Z0643,2026-08-21 07:22
Z0720,2026-08-21 07:23
Z0104,2026-08-21 07:24
Z0039,2026-08-21 07:25
Z0413,2026-08-21 07:26
Z0698,2026-08-21 07:26
Z0131,2026-08-21 07:27
Z0348,2026-08-21 07:29
Z0710,2026-08-21 07:30
Z0135,2026-08-21 07:32
Z0437,2026-08-21 07:32
Z0465,2026-08-21 07:32
Z0013,2026-08-21 07:33
Z0241,2026-08-21 07:33
Z0540,2026-08-21 07:34
Z0379,2026-08-21 07:35
Z0252,2026-08-21 07:36
Z0479,2026-08-21 07:37
Z0076,2026-08-21 07:38
Z0328,2026-08-21 07:38
Z0265,2026-08-21 07:39
Z0402,2026-08-21 07:39
Z0141,2026-08-21 07:40
Z0505,2026-08-21 07:40
Z0286,2026-08-21 07:41
Z0224,2026-08-21 07:43
Z0509,2026-08-21 07:45
Z0424,2026-08-21 07:47
Z0729,2026-08-21 07:47
Z0065,2026-08-21 07:51
Z0310,2026-08-21 07:53
Z0251,2026-08-21 07:55
Z0194,2026-08-21 07:56
Z0389,2026-08-21 07:56
Z0492,2026-08-21 07:57
Z0736,2026-08-21 07:57
Z0030,2026-08-21 08:01
Z0198,2026-08-21 08:02
Z0637,2026-08-21 08:02
Z0025,2026-08-21 08:04
Z0468,2026-08-21 08:05
Z0308,2026-08-21 08:08
Z0526,2026-08-21 08:08
Z0011,2026-08-21 08:09
Z0360,2026-08-21 08:09
Z0294,2026-08-21 08:10
Z0408,2026-08-21 08:13
Z0417,2026-08-21 08:13
Z0078,2026-08-21 08:14
Z0299,2026-08-21 08:15
Z0083,2026-08-21 08:16
Z0506,2026-08-21 08:16
Z0425,2026-08-21 08:19
Z0112,2026-08-21 08:20
Z0291,2026-08-21 08:21
Z0122,2026-08-21 08:30
Z0253,2026-08-21 08:30
Z0321,2026-08-21 08:30
Z0164,2026-08-21 08:33
Z0501,2026-08-21 08:34
Z0282,2026-08-21 08:36
Z0152,2026-08-21 08:37
Z0188,2026-08-21 08:45
Z0400,2026-08-21 08:45
Z0235,2026-08-21 08:47
Z0150,2026-08-21 08:48
Z0504,2026-08-21 08:56
Z0183,2026-08-21 08:57
Z0132,2026-08-21 09:05
Z0117,2026-08-21 09:07
Z0307,2026-08-21 09:08
Z0260,2026-08-21 09:13
Z0707,2026-08-21 09:17
Z0004,2026-08-21 09:32
Z0063,2026-08-21 09:44
Z0056,2026-08-21 09:46
Z0156,2026-08-21 09:56
Z0230,2026-08-21 12:00
Z0475,2026-08-21 12:01
Z0601,2026-08-21 12:08
Z0098,2026-08-21 12:13
Z0426,2026-08-21 12:16
Z0275,2026-08-21 12:22
Z0702,2026-08-21 12:25
Z0067,2026-08-21 12:26
Z0081,2026-08-21 12:28
Z0108,2026-08-21 12:28
Z0745,2026-08-21 12:34
Z0053,2026-08-21 12:36
Z0311,2026-08-21 12:37
Z0191,2026-08-21 12:39
Z0029,2026-08-21 12:47
Z0361,2026-08-21 12:47
Z0089,2026-08-21 12:49
Z0007,2026-08-21 12:50
Z0350,2026-08-21 12:50
Z0068,2026-08-21 12:51
Z0280,2026-08-21 12:54
Z0148,2026-08-21 12:55
Z0095,2026-08-21 12:57
Z0168,2026-08-21 13:00
Z0433,2026-08-21 13:01
Z0755,2026-08-21 13:04
Z0515,2026-08-21 13:06
Z0290,2026-08-21 13:17
Z0708,2026-08-21 13:18
Z0317,2026-08-21 13:19
Z0303,2026-08-21 13:23
Z0339,2026-08-21 13:26
Z0090,2026-08-21 13:30
Z0213,2026-08-21 13:30
Z0365,2026-08-21 13:37
Z0003,2026-08-21 13:40
Z0427,2026-08-21 13:43
Z0272,2026-08-21 13:48
Z0281,2026-08-21 13:59
Z0118,2026-08-21 17:01
Z0609,2026-08-21 17:03
Z0588,2026-08-21 17:04
Z0020,2026-08-21 17:06
Z0226,2026-08-21 17:06
Z0447,2026-08-21 17:06
Z0541,2026-08-21 17:06
Z0534,2026-08-21 17:07
Z0143,2026-08-21 17:09
Z0324,2026-08-21 17:19
Z0287,2026-08-21 17:22
Z0334,2026-08-21 17:25
Z0180,2026-08-21 17:26
Z0101,2026-08-21 17:31
Z0353,2026-08-21 17:32
Z0204,2026-08-21 17:35
Z0033,2026-08-21 17:46
Z0066,2026-08-21 17:48
Z0178,2026-08-21 17:48
Z0218,2026-08-21 17:48
Z0297,2026-08-21 17:50
Z0329,2026-08-21 17:51
Z0661,2026-08-21 17:52
Z0749,2026-08-21 17:52
Z0554,2026-08-21 17:58
Z0375,2026-08-21 18:01
Z0283,2026-08-21 18:06
Z0474,2026-08-21 18:08
Z0632,2026-08-21 18:08
Z0212,2026-08-21 18:09
Z0238,2026-08-21 18:10
Z0145,2026-08-21 18:11
Z0044,2026-08-21 18:12
Z0367,2026-08-21 18:13
Z0313,2026-08-21 18:15
Z0635,2026-08-21 18:15
Z0175,2026-08-21 18:16
Z0155,2026-08-21 18:17
Z0269,2026-08-21 18:17
Z0493,2026-08-21 18:18
Z0177,2026-08-21 18:19
Z0094,2026-08-21 18:20
Z0459,2026-08-21 18:21
Z0096,2026-08-21 18:23
Z0625,2026-08-21 18:23
Z0085,2026-08-21 18:24
Z0036,2026-08-21 18:25
Z0203,2026-08-21 18:25
Z0553,2026-08-21 18:26
Z0008,2026-08-21 18:34
Z0288,2026-08-21 18:35
Z0271,2026-08-21 18:37
Z0016,2026-08-21 18:40
Z0562,2026-08-21 18:42
Z0099,2026-08-21 18:49
Z0105,2026-08-21 18:49
Z0181,2026-08-21 18:51
Z0014,2026-08-21 18:53
Z0315,2026-08-21 18:53
Z0597,2026-08-21 18:53
Z0151,2026-08-21 18:55
Z0128,2026-08-21 18:57
Z0134,2026-08-21 18:57
Z0097,2026-08-21 19:00
Z0232,2026-08-21 19:00
Z0234,2026-08-21 19:02
Z0017,2026-08-21 19:08
Z0270,2026-08-21 19:08
Z0123,2026-08-21 19:12
Z0617,2026-08-21 19:14
Z0018,2026-08-21 19:17
Z0292,2026-08-21 19:19
Z0604,2026-08-21 19:20
Z0276,2026-08-21 19:21
Z0621,2026-08-21 19:25
Z0092,2026-08-21 19:27
Z0119,2026-08-21 19:27
Z0126,2026-08-21 19:32
Z0087,2026-08-21 19:33
Z0035,2026-08-21 19:35
Z0520,2026-08-21 19:35
Z0169,2026-08-21 19:36
Z0572,2026-08-21 19:38
Z0153,2026-08-21 19:43
Z0071,2026-08-21 19:44
Z0001,2026-08-21 19:45
Z0228,2026-08-21 19:45
Z0023,2026-08-21 19:47
Z0189,2026-08-21 19:47
Z0357,2026-08-21 19:47
Z0170,2026-08-21 19:49
Z0744,2026-08-21 19:49
Z0064,2026-08-21 19:53
Z0062,2026-08-21 19:55
Z0186,2026-08-21 19:55
Z0484,2026-08-21 19:56
Z0209,2026-08-21 19:57
Z0491,2026-08-21 19:58
Z0176,2026-08-21 20:10
Z0129,2026-08-21 20:12
Z0100,2026-08-21 20:23
Z0197,2026-08-21 20:28
Z0219,2026-08-21 20:28
Z0430,2026-08-21 20:34
Z0657,2026-08-21 20:36
Z0072,2026-08-21 20:43
Z0605,2026-08-21 20:46
Z0323,2026-08-21 20:52
Z0103,2026-08-21 20:57
Z0115,2026-08-21 20:58
Z0291,2026-08-22 06:00
Z0160,2026-08-22 06:02
Z0080,2026-08-22 06:06
Z0117,2026-08-22 06:06
Z0368,2026-08-22 06:11
Z0005,2026-08-22 06:12
Z0148,2026-08-22 06:21
Z0202,2026-08-22 06:21
Z0645,2026-08-22 06:21
Z0702,2026-08-22 06:21
Z0451,2026-08-22 06:23
Z0399,2026-08-22 06:24
Z0598,2026-08-22 06:24
Z0308,2026-08-22 06:26
Z0144,2026-08-22 06:33
Z0309,2026-08-22 06:33
Z0188,2026-08-22 06:35
Z0295,2026-08-22 06:37
Z0307,2026-08-22 06:37
Z0069,2026-08-22 06:44
Z0629,2026-08-22 06:45
Z0102,2026-08-22 06:49
Z0362,2026-08-22 06:50
Z0113,2026-08-22 06:52
Z0329,2026-08-22 06:54
Z0498,2026-08-22 06:55
Z0571,2026-08-22 06:55
Z0591,2026-08-22 06:56
Z0592,2026-08-22 06:56
Z0494,2026-08-22 06:58
Z0235,2026-08-22 07:01
Z0037,2026-08-22 07:02
Z0060,2026-08-22 07:03
Z0077,2026-08-22 07:04
Z0134,2026-08-22 07:04
Z0478,2026-08-22 07:07
Z0213,2026-08-22 07:08
Z0360,2026-08-22 07:08
Z0211,2026-08-22 07:10
Z0056,2026-08-22 07:13
Z0320,2026-08-22 07:13
Z0014,2026-08-22 07:16
Z0132,2026-08-22 07:17
Z0181,2026-08-22 07:21
Z0290,2026-08-22 07:23
Z0550,2026-08-22 07:24
Z0569,2026-08-22 07:26
Z0268,2026-08-22 07:28
Z0162,2026-08-22 07:29
Z0270,2026-08-22 07:29
Z0356,2026-08-22 07:30
Z0355,2026-08-22 07:31
Z0260,2026-08-22 07:33
Z0529,2026-08-22 07:34
Z0063,2026-08-22 07:35
Z0523,2026-08-22 07:36
Z0004,2026-08-22 07:37
Z0048,2026-08-22 07:38
Z0104,2026-08-22 07:39
Z0038,2026-08-22 07:41
Z0377,2026-08-22 07:42
Z0649,2026-08-22 07:42
Z0305,2026-08-22 07:43
Z0347,2026-08-22 07:43
Z0155,2026-08-22 07:44
Z0035,2026-08-22 07:45
Z0042,2026-08-22 07:45
Z0286,2026-08-22 07:45
Z0644,2026-08-22 07:45
Z0016,2026-08-22 07:48
Z0227,2026-08-22 07:50
Z0252,2026-08-22 07:50
Z0052,2026-08-22 07:52
Z0267,2026-08-22 07:53
Z0643,2026-08-22 07:54
Z0013,2026-08-22 07:56
Z0294,2026-08-22 07:57
Z0655,2026-08-22 07:57
Z0477,2026-08-22 07:58
Z0082,2026-08-22 07:59
Z0386,2026-08-22 07:59
Z0622,2026-08-22 07:59
Z0166,2026-08-22 08:03
Z0330,2026-08-22 08:10
Z0401,2026-08-22 08:13
Z0071,2026-08-22 08:15
Z0319,2026-08-22 08:16
Z0076,2026-08-22 08:19
Z0258,2026-08-22 08:19
Z0254,2026-08-22 08:21
Z0331,2026-08-22 08:21
Z0409,2026-08-22 08:21
Z0261,2026-08-22 08:26
Z0026,2026-08-22 08:29
Z0054,2026-08-22 08:32
Z0528,2026-08-22 08:33
Z0024,2026-08-22 08:34
Z0105,2026-08-22 08:39
Z0718,2026-08-22 08:39
Z0389,2026-08-22 08:44
Z0179,2026-08-22 08:46
Z0316,2026-08-22 08:47
Z0161,2026-08-22 08:48
Z0616,2026-08-22 08:48
Z0512,2026-08-22 08:52
Z0349,2026-08-22 08:53
Z0246,2026-08-22 08:55
Z0732,2026-08-22 08:56
Z0125,2026-08-22 08:57
Z0070,2026-08-22 09:00
Z0114,2026-08-22 09:03
Z0251,2026-08-22 09:05
Z0610,2026-08-22 09:09
Z0110,2026-08-22 09:24
Z0501,2026-08-22 09:39
Z0626,2026-08-22 12:06
Z0226,2026-08-22 12:07
Z0388,2026-08-22 12:07
Z0292,2026-08-22 12:08
Z0201,2026-08-22 12:15
Z0193,2026-08-22 12:17
Z0095,2026-08-22 12:20
Z0511,2026-08-22 12:22
Z0735,2026-08-22 12:23
Z0229,2026-08-22 12:25
Z0452,2026-08-22 12:25
Z0359,2026-08-22 12:28
Z0225,2026-08-22 12:34
Z0236,2026-08-22 12:34
Z0437,2026-08-22 12:34
Z0185,2026-08-22 12:35
Z0173,2026-08-22 12:47
Z0312,2026-08-22 12:49
Z0196,2026-08-22 12:51
Z0278,2026-08-22 12:52
Z0689,2026-08-22 13:00
Z0363,2026-08-22 13:02
Z0109,2026-08-22 13:04
Z0123,2026-08-22 13:07
Z0324,2026-08-22 13:07
Z0621,2026-08-22 13:09
Z0249,2026-08-22 13:11
Z0284,2026-08-22 13:16
Z0010,2026-08-22 13:20
Z0079,2026-08-22 13:21
Z0084,2026-08-22 13:21
Z0526,2026-08-22 13:21
Z0011,2026-08-22 13:22
Z0006,2026-08-22 13:23
Z0340,2026-08-22 13:24
Z0195,2026-08-22 13:26
Z0207,2026-08-22 13:27
Z0108,2026-08-22 13:33
Z0607,2026-08-22 13:37
Z0297,2026-08-22 13:41
Z0067,2026-08-22 13:45
Z0044,2026-08-22 13:50
Z0311,2026-08-22 13:54
Z0224,2026-08-22 17:06
Z0322,2026-08-22 17:12
Z0416,2026-08-22 17:13
Z0559,2026-08-22 17:15
Z0074,2026-08-22 17:20
Z0147,2026-08-22 17:25
Z0222,2026-08-22 17:26
Z0057,2026-08-22 17:27
Z0153,2026-08-22 17:31
Z0420,2026-08-22 17:41
Z0034,2026-08-22 17:42
Z0086,2026-08-22 17:43
Z0127,2026-08-22 17:58
Z0088,2026-08-22 17:59
Z0518,2026-08-22 18:02
Z0047,2026-08-22 18:04
Z0187,2026-08-22 18:04
Z0111,2026-08-22 18:08
Z0003,2026-08-22 18:09
Z0130,2026-08-22 18:10
Z0121,2026-08-22 18:11
Z0283,2026-08-22 18:11
Z0206,2026-08-22 18:14
Z0328,2026-08-22 18:17
Z0263,2026-08-22 18:18
Z0022,2026-08-22 18:19
Z0287,2026-08-22 18:19
Z0120,2026-08-22 18:21
Z0019,2026-08-22 18:22
Z0163,2026-08-22 18:25
Z0454,2026-08-22 18:26
Z0372,2026-08-22 18:28
Z0460,2026-08-22 18:28
Z0049,2026-08-22 18:29
Z0135,2026-08-22 18:30
Z0220,2026-08-22 18:31
Z0242,2026-08-22 18:33
Z0191,2026-08-22 18:37
Z0538,2026-08-22 18:37
Z0473,2026-08-22 18:41
Z0199,2026-08-22 18:44
Z0490,2026-08-22 18:45
Z0143,2026-08-22 18:46
Z0248,2026-08-22 18:47
Z0364,2026-08-22 18:49
Z0614,2026-08-22 18:53
Z0215,2026-08-22 18:54
Z0374,2026-08-22 18:54
Z0323,2026-08-22 18:56
Z0208,2026-08-22 18:57
Z0216,2026-08-22 18:58
Z0306,2026-08-22 18:58
Z0675,2026-08-22 18:58
Z0734,2026-08-22 18:59
Z0151,2026-08-22 19:03
Z0425,2026-08-22 19:03
Z0146,2026-08-22 19:04
Z0033,2026-08-22 19:10
Z0713,2026-08-22 19:13
Z0302,2026-08-22 19:18
Z0685,2026-08-22 19:20
Z0172,2026-08-22 19:21
Z0233,2026-08-22 19:21
Z0239,2026-08-22 19:21
Z0194,2026-08-22 19:23
Z0570,2026-08-22 19:23
Z0168,2026-08-22 19:25
Z0214,2026-08-22 19:25
Z0293,2026-08-22 19:25
Z0296,2026-08-22 19:25
Z0027,2026-08-22 19:26
Z0175,2026-08-22 19:34
Z0737,2026-08-22 19:34
Z0131,2026-08-22 19:38
Z0164,2026-08-22 19:42
Z0099,2026-08-22 19:43
Z0618,2026-08-22 19:46
Z0663,2026-08-22 19:46
Z0092,2026-08-22 19:48
Z0055,2026-08-22 19:51
Z0327,2026-08-22 19:51
Z0081,2026-08-22 19:53
Z0065,2026-08-22 19:59
Z0641,2026-08-22 20:01
Z0596,2026-08-22 20:03
Z0640,2026-08-22 20:09
Z0212,2026-08-22 20:13
Z0129,2026-08-22 20:20
Z0089,2026-08-22 20:33
Z0530,2026-08-22 20:36
Z0115,2026-08-22 20:37
Z0073,2026-08-22 20:38
Z0217,2026-08-22 20:45
Z0021,2026-08-22 20:48
Z0504,2026-08-22 20:51
Z0435,2026-08-22 20:57
Z0754,2026-08-22 20:57
Z0285,2026-08-22 20:58
Z0271,2026-08-22 20:59
Z0032,2026-08-23 06:02
Z0005,2026-08-23 06:03
Z0193,2026-08-23 06:05
Z0705,2026-08-23 06:05
Z0568,2026-08-23 06:08
Z0319,2026-08-23 06:09
Z0291,2026-08-23 06:10
Z0453,2026-08-23 06:15
Z0061,2026-08-23 06:17
Z0076,2026-08-23 06:17
Z0321,2026-08-23 06:17
Z0043,2026-08-23 06:20
Z0577,2026-08-23 06:20
Z0060,2026-08-23 06:23
Z0204,2026-08-23 06:25
Z0525,2026-08-23 06:25
Z0298,2026-08-23 06:30
Z0092,2026-08-23 06:39
Z0326,2026-08-23 06:41
Z0320,2026-08-23 06:43
Z0624,2026-08-23 06:43
Z0496,2026-08-23 06:44
Z0207,2026-08-23 06:45
Z0077,2026-08-23 06:48
Z0156,2026-08-23 06:52
Z0016,2026-08-23 06:54
Z0267,2026-08-23 06:54
Z0274,2026-08-23 06:54
Z0323,2026-08-23 06:54
Z0171,2026-08-23 06:55
Z0419,2026-08-23 06:55
Z0098,2026-08-23 06:56
Z0009,2026-08-23 06:57
Z0040,2026-08-23 07:00
Z0027,2026-08-23 07:01
Z0608,2026-08-23 07:01
Z0421,2026-08-23 07:02
Z0095,2026-08-23 07:04
Z0154,2026-08-23 07:05
Z0185,2026-08-23 07:05
Z0220,2026-08-23 07:05
Z0396,2026-08-23 07:06
Z0110,2026-08-23 07:07
Z0241,2026-08-23 07:07
Z0345,2026-08-23 07:09
Z0168,2026-08-23 07:13
Z0543,2026-08-23 07:13
Z0379,2026-08-23 07:14
Z0236,2026-08-23 07:15
Z0066,2026-08-23 07:16
Z0216,2026-08-23 07:18
Z0487,2026-08-23 07:19
Z0753,2026-08-23 07:19
Z0467,2026-08-23 07:20
Z0210,2026-08-23 07:23
Z0521,2026-08-23 07:23
Z0667,2026-08-23 07:23
Z0031,2026-08-23 07:24
Z0227,2026-08-23 07:24
Z0485,2026-08-23 07:24
Z0531,2026-08-23 07:25
Z0133,2026-08-23 07:30
Z0259,2026-08-23 07:31
Z0106,2026-08-23 07:32
Z0184,2026-08-23 07:32
Z0277,2026-08-23 07:35
Z0517,2026-08-23 07:36
Z0163,2026-08-23 07:37
Z0497,2026-08-23 07:37
Z0575,2026-08-23 07:39
Z0445,2026-08-23 07:40
Z0025,2026-08-23 07:43
Z0308,2026-08-23 07:44
Z0510,2026-08-23 07:44
Z0037,2026-08-23 07:46
Z0015,2026-08-23 07:47
Z0195,2026-08-23 07:48
Z0699,2026-08-23 07:48
Z0527,2026-08-23 07:51
Z0314,2026-08-23 07:56
Z0533,2026-08-23 07:56
Z0718,2026-08-23 07:57
Z0378,2026-08-23 07:59
Z0519,2026-08-23 08:00
Z0567,2026-08-23 08:02
Z0613,2026-08-23 08:06
Z0058,2026-08-23 08:07
Z0029,2026-08-23 08:08
Z0634,2026-08-23 08:08
Z0038,2026-08-23 08:10
Z0472,2026-08-23 08:19
Z0749,2026-08-23 08:23
Z0160,2026-08-23 08:24
Z0279,2026-08-23 08:36
Z0303,2026-08-23 08:36
Z0158,2026-08-23 08:40
Z0511,2026-08-23 08:41
Z0709,2026-08-23 08:47
Z0006,2026-08-23 08:49
Z0214,2026-08-23 08:51
Z0237,2026-08-23 08:51
Z0400,2026-08-23 08:54
Z0307,2026-08-23 09:01
Z0557,2026-08-23 09:01
Z0394,2026-08-23 09:03
Z0352,2026-08-23 09:07
Z0599,2026-08-23 09:07
Z0651,2026-08-23 09:09
Z0113,2026-08-23 09:14
Z0157,2026-08-23 09:34
Z0295,2026-08-23 09:38
Z0070,2026-08-23 09:58
Z0343,2026-08-23 12:09
Z0091,2026-08-23 12:13
Z0064,2026-08-23 12:18
Z0140,2026-08-23 12:18
Z0336,2026-08-23 12:19
Z0288,2026-08-23 12:25
Z0116,2026-08-23 12:26
Z0150,2026-08-23 12:26
Z0188,2026-08-23 12:33
Z0317,2026-08-23 12:37
Z0174,2026-08-23 12:39
Z0128,2026-08-23 12:40
Z0725,2026-08-23 12:42
Z0369,2026-08-23 12:49
Z0380,2026-08-23 12:54
Z0253,2026-08-23 12:57
Z0209,2026-08-23 12:58
Z0372,2026-08-23 13:08
Z0258,2026-08-23 13:10
Z0125,2026-08-23 13:12
Z0126,2026-08-23 13:14
Z0213,2026-08-23 13:15
Z0283,2026-08-23 13:15
Z0638,2026-08-23 13:15
Z0351,2026-08-23 13:19
Z0183,2026-08-23 13:24
Z0460,2026-08-23 13:32
Z0470,2026-08-23 13:37
Z0007,2026-08-23 13:38
Z0120,2026-08-23 13:40
Z0547,2026-08-23 13:40
Z0573,2026-08-23 13:45
Z0084,2026-08-23 13:46
Z0139,2026-08-23 13:52
Z0349,2026-08-23 13:53
Z0720,2026-08-23 13:56
Z0123,2026-08-23 13:59
Z0556,2026-08-23 17:06
Z0480,2026-08-23 17:08
Z0405,2026-08-23 17:11
Z0072,2026-08-23 17:13
Z0250,2026-08-23 17:15
Z0177,2026-08-23 17:17
Z0261,2026-08-23 17:20
Z0371,2026-08-23 17:20
Z0026,2026-08-23 17:22
Z0287,2026-08-23 17:26
Z0036,2026-08-23 17:28
Z0548,2026-08-23 17:30
Z0182,2026-08-23 17:31
Z0457,2026-08-23 17:35
Z0481,2026-08-23 17:40
Z0565,2026-08-23 17:43
Z0697,2026-08-23 17:58
Z0615,2026-08-23 18:00
Z0122,2026-08-23 18:05
Z0067,2026-08-23 18:06
Z0558,2026-08-23 18:07
Z0411,2026-08-23 18:09
Z0329,2026-08-23 18:10
Z0413,2026-08-23 18:11
Z0138,2026-08-23 18:14
Z0518,2026-08-23 18:14
Z0083,2026-08-23 18:15
Z0137,2026-08-23 18:15
Z0404,2026-08-23 18:15
Z0458,2026-08-23 18:16
Z0719,2026-08-23 18:16
Z0001,2026-08-23 18:20
Z0520,2026-08-23 18:20
Z0078,2026-08-23 18:21
Z0008,2026-08-23 18:26
Z0234,2026-08-23 18:26
Z0304,2026-08-23 18:26
Z0365,2026-08-23 18:30
Z0104,2026-08-23 18:35
Z0119,2026-08-23 18:35
Z0257,2026-08-23 18:35
Z0341,2026-08-23 18:39
Z0147,2026-08-23 18:41
Z0155,2026-08-23 18:42
Z0062,2026-08-23 18:44
Z0022,2026-08-23 18:47
Z0124,2026-08-23 18:48
Z0293,2026-08-23 18:50
Z0264,2026-08-23 18:52
Z0671,2026-08-23 18:55
Z0324,2026-08-23 18:56
Z0442,2026-08-23 18:56
Z0594,2026-08-23 18:58
Z0153,2026-08-23 19:00
Z0316,2026-08-23 19:02
Z0233,2026-08-23 19:05
Z0019,2026-08-23 19:06
Z0100,2026-08-23 19:10
Z0052,2026-08-23 19:11
Z0494,2026-08-23 19:14
Z0703,2026-08-23 19:15
Z0516,2026-08-23 19:18
Z0186,2026-08-23 19:20
Z0254,2026-08-23 19:21
Z0384,2026-08-23 19:25
Z0306,2026-08-23 19:26
Z0175,2026-08-23 19:30
Z0176,2026-08-23 19:30
Z0328,2026-08-23 19:32
Z0502,2026-08-23 19:35
Z0198,2026-08-23 19:36
Z0161,2026-08-23 19:37
Z0268,2026-08-23 19:38
Z0167,2026-08-23 19:39
Z0398,2026-08-23 19:44
Z0239,2026-08-23 19:45
Z0053,2026-08-23 19:47
Z0190,2026-08-23 19:47
Z0284,2026-08-23 19:47
Z0278,2026-08-23 19:48
Z0034,2026-08-23 19:49
Z0536,2026-08-23 19:49
Z0315,2026-08-23 19:51
Z0696,2026-08-23 19:58
Z0276,2026-08-23 20:22
Z0215,2026-08-23 20:23
Z0230,2026-08-23 20:26
Z0265,2026-08-23 20:31
Z0201,2026-08-23 20:34
Z0418,2026-08-23 20:34
Z0286,2026-08-23 20:36
Z0427,2026-08-23 20:40
Z0281,2026-08-23 20:45
Z0181,2026-08-23 20:51
Z0491,2026-08-23 20:52
Z0102,2026-08-23 20:54
Z0353,2026-08-23 20:58
Z0171,2026-08-24 06:01
Z0116,2026-08-24 06:02
Z0775,2026-08-24 06:04
Z0014,2026-08-24 06:06
Z0062,2026-08-24 06:06
Z0023,2026-08-24 06:08
Z0141,2026-08-24 06:08
Z0368,2026-08-24 06:08
Z0622,2026-08-24 06:14
Z0012,2026-08-24 06:24
Z0726,2026-08-24 06:24
Z0732,2026-08-24 06:24
Z0256,2026-08-24 06:25
Z0010,2026-08-24 06:29
Z0184,2026-08-24 06:31
Z0109,2026-08-24 06:35
Z0225,2026-08-24 06:35
Z0390,2026-08-24 06:37
Z0136,2026-08-24 06:38
Z0112,2026-08-24 06:39
Z0251,2026-08-24 06:39
Z0024,2026-08-24 06:40
Z0255,2026-08-24 06:40
Z0207,2026-08-24 06:41
Z0252,2026-08-24 06:41
Z0005,2026-08-24 06:43
Z0320,2026-08-24 06:43
Z0259,2026-08-24 06:44
Z0370,2026-08-24 06:45
Z0779,2026-08-24 06:45
Z0634,2026-08-24 06:47
Z0019,2026-08-24 06:48
Z0329,2026-08-24 06:51
Z0157,2026-08-24 06:54
Z0468,2026-08-24 06:56
Z0298,2026-08-24 06:58
Z0074,2026-08-24 06:59
Z0080,2026-08-24 07:01
Z0057,2026-08-24 07:04
Z0166,2026-08-24 07:04
Z0211,2026-08-24 07:08
Z0221,2026-08-24 07:09
Z0266,2026-08-24 07:10
Z0206,2026-08-24 07:11
Z0200,2026-08-24 07:13
Z0324,2026-08-24 07:13
Z0295,2026-08-24 07:17
Z0271,2026-08-24 07:18
Z0067,2026-08-24 07:21
Z0151,2026-08-24 07:21
Z0710,2026-08-24 07:21
Z0123,2026-08-24 07:22
Z0411,2026-08-24 07:22
Z0355,2026-08-24 07:23
Z0121,2026-08-24 07:24
Z0122,2026-08-24 07:24
Z0054,2026-08-24 07:26
Z0205,2026-08-24 07:27
Z0216,2026-08-24 07:27
Z0507,2026-08-24 07:28
Z0060,2026-08-24 07:29
Z0486,2026-08-24 07:29
Z0314,2026-08-24 07:30
Z0781,2026-08-24 07:30
Z0049,2026-08-24 07:31
Z0114,2026-08-24 07:31
Z0458,2026-08-24 07:31
Z0291,2026-08-24 07:33
Z0331,2026-08-24 07:33
Z0371,2026-08-24 07:33
Z0218,2026-08-24 07:35
Z0031,2026-08-24 07:36
Z0138,2026-08-24 07:36
Z0198,2026-08-24 07:38
Z0449,2026-08-24 07:38
Z0088,2026-08-24 07:44
Z0028,2026-08-24 07:45
Z0098,2026-08-24 07:45
Z0126,2026-08-24 07:47
Z0349,2026-08-24 07:47
Z0727,2026-08-24 07:48
Z0177,2026-08-24 07:49
Z0547,2026-08-24 07:49
Z0393,2026-08-24 07:51
Z0500,2026-08-24 07:51
Z0466,2026-08-24 07:52
Z0042,2026-08-24 07:53
Z0097,2026-08-24 07:53
Z0799,2026-08-24 07:54
Z0644,2026-08-24 07:55
Z0336,2026-08-24 08:08
Z0243,2026-08-24 08:13
Z0446,2026-08-24 08:14
Z0038,2026-08-24 08:15
Z0357,2026-08-24 08:18
Z0436,2026-08-24 08:18
Z0274,2026-08-24 08:22
Z0416,2026-08-24 08:23
Z0050,2026-08-24 08:28
Z0396,2026-08-24 08:32
Z0612,2026-08-24 08:33
Z0561,2026-08-24 08:34
Z0092,2026-08-24 08:35
Z0070,2026-08-24 08:36
Z0084,2026-08-24 08:37
Z0341,2026-08-24 08:38
Z0237,2026-08-24 08:42
Z0399,2026-08-24 08:42
Z0319,2026-08-24 08:44
Z0026,2026-08-24 08:47
Z0316,2026-08-24 08:51
Z0308,2026-08-24 08:54
Z0229,2026-08-24 08:58
Z0514,2026-08-24 08:58
Z0283,2026-08-24 08:59
Z0525,2026-08-24 09:04
Z0495,2026-08-24 09:07
Z0241,2026-08-24 09:15
Z0132,2026-08-24 09:29
Z0476,2026-08-24 09:29
Z0582,2026-08-24 09:42
Z0310,2026-08-24 09:44
Z0154,2026-08-24 09:54
Z0133,2026-08-24 12:02
Z0421,2026-08-24 12:04
Z0146,2026-08-24 12:13
Z0073,2026-08-24 12:15
Z0190,2026-08-24 12:25
Z0286,2026-08-24 12:26
Z0253,2026-08-24 12:33
Z0278,2026-08-24 12:39
Z0312,2026-08-24 12:41
Z0296,2026-08-24 12:42
Z0079,2026-08-24 12:43
Z0115,2026-08-24 12:48
Z0130,2026-08-24 12:51
Z0120,2026-08-24 12:54
Z0537,2026-08-24 12:55
Z0302,2026-08-24 12:57
Z0091,2026-08-24 12:59
Z0608,2026-08-24 13:02
Z0696,2026-08-24 13:05
Z0625,2026-08-24 13:07
Z0203,2026-08-24 13:20
Z0022,2026-08-24 13:23
Z0199,2026-08-24 13:32
Z0499,2026-08-24 13:38
Z0581,2026-08-24 13:43
Z0037,2026-08-24 13:45
Z0197,2026-08-24 13:49
Z0248,2026-08-24 13:52
Z0231,2026-08-24 13:54
Z0325,2026-08-24 17:03
Z0102,2026-08-24 17:06
Z0740,2026-08-24 17:11
Z0003,2026-08-24 17:14
Z0051,2026-08-24 17:19
Z0053,2026-08-24 17:20
Z0072,2026-08-24 17:20
Z0215,2026-08-24 17:20
Z0149,2026-08-24 17:22
Z0534,2026-08-24 17:22
Z0047,2026-08-24 17:28
Z0630,2026-08-24 17:29
Z0139,2026-08-24 17:31
Z0261,2026-08-24 17:39
Z0094,2026-08-24 17:43
Z0254,2026-08-24 17:43
Z0380,2026-08-24 18:01
Z0275,2026-08-24 18:02
Z0398,2026-08-24 18:07
Z0173,2026-08-24 18:09
Z0412,2026-08-24 18:09
Z0155,2026-08-24 18:10
Z0033,2026-08-24 18:12
Z0272,2026-08-24 18:12
Z0082,2026-08-24 18:15
Z0563,2026-08-24 18:15
Z0001,2026-08-24 18:18
Z0204,2026-08-24 18:19
Z0282,2026-08-24 18:19
Z0140,2026-08-24 18:20
Z0284,2026-08-24 18:21
Z0488,2026-08-24 18:22
Z0161,2026-08-24 18:26
Z0441,2026-08-24 18:26
Z0224,2026-08-24 18:29
Z0489,2026-08-24 18:29
Z0388,2026-08-24 18:30
Z0007,2026-08-24 18:32
Z0234,2026-08-24 18:32
Z0167,2026-08-24 18:33
Z0551,2026-08-24 18:34
Z0741,2026-08-24 18:35
Z0232,2026-08-24 18:36
Z0101,2026-08-24 18:37
Z0347,2026-08-24 18:37
Z0105,2026-08-24 18:41
Z0303,2026-08-24 18:43
Z0068,2026-08-24 18:44
Z0182,2026-08-24 18:44
Z0044,2026-08-24 18:48
Z0208,2026-08-24 18:48
Z0791,2026-08-24 18:51
Z0448,2026-08-24 18:52
Z0426,2026-08-24 18:56
Z0187,2026-08-24 19:03
Z0058,2026-08-24 19:11
Z0258,2026-08-24 19:16
Z0293,2026-08-24 19:17
Z0104,2026-08-24 19:19
Z0107,2026-08-24 19:19
Z0530,2026-08-24 19:19
Z0217,2026-08-24 19:20
Z0287,2026-08-24 19:21
Z0584,2026-08-24 19:23
Z0638,2026-08-24 19:23
Z0191,2026-08-24 19:24
Z0111,2026-08-24 19:25
Z0268,2026-08-24 19:30
Z0169,2026-08-24 19:33
Z0052,2026-08-24 19:36
Z0162,2026-08-24 19:36
Z0450,2026-08-24 19:36
Z0055,2026-08-24 19:39
Z0066,2026-08-24 19:40
Z0771,2026-08-24 19:41
Z0185,2026-08-24 19:44
Z0290,2026-08-24 19:44
Z0143,2026-08-24 19:51
Z0773,2026-08-24 19:51
Z0265,2026-08-24 19:53
Z0751,2026-08-24 19:53
Z0245,2026-08-24 19:55
Z0214,2026-08-24 19:56
Z0137,2026-08-24 19:59
Z0212,2026-08-24 20:00
Z0269,2026-08-24 20:01
Z0461,2026-08-24 20:01
Z0757,2026-08-24 20:14
Z0134,2026-08-24 20:18
Z0564,2026-08-24 20:19
Z0496,2026-08-24 20:27
Z0533,2026-08-24 20:29
Z0787,2026-08-24 20:29
Z0777,2026-08-24 20:32
Z0538,2026-08-24 20:37
Z0129,2026-08-24 20:38
Z0304,2026-08-24 20:39
Z0305,2026-08-24 20:40
Z0288,2026-08-24 20:45
Z0600,2026-08-24 20:45
Z0311,2026-08-24 20:47
Z0249,2026-08-24 20:48
Z0351,2026-08-24 20:51
Z0006,2026-08-24 20:56
Z0184,2026-08-25 06:01
Z0472,2026-08-25 06:02
Z0514,2026-08-25 06:02
Z0072,2026-08-25 06:04
Z0035,2026-08-25 06:05
Z0025,2026-08-25 06:08
Z0242,2026-08-25 06:10
Z0769,2026-08-25 06:10
Z0264,2026-08-25 06:12
Z0448,2026-08-25 06:12
Z0445,2026-08-25 06:14
Z0498,2026-08-25 06:14
Z0298,2026-08-25 06:17
Z0309,2026-08-25 06:19
Z0747,2026-08-25 06:24
Z0707,2026-08-25 06:27
Z0144,2026-08-25 06:28
Z0710,2026-08-25 06:31
Z0041,2026-08-25 06:32
Z0237,2026-08-25 06:34
Z0159,2026-08-25 06:35
Z0233,2026-08-25 06:38
Z0449,2026-08-25 06:40
Z0118,2026-08-25 06:41
Z0095,2026-08-25 06:44
Z0489,2026-08-25 06:45
Z0179,2026-08-25 06:46
Z0422,2026-08-25 06:47
Z0030,2026-08-25 06:50
Z0442,2026-08-25 06:50
Z0701,2026-08-25 06:50
Z0005,2026-08-25 06:52
Z0164,2026-08-25 06:54
Z0235,2026-08-25 06:54
Z0244,2026-08-25 06:58
Z0694,2026-08-25 06:59
Z0287,2026-08-25 07:00
Z0400,2026-08-25 07:00
Z0063,2026-08-25 07:01
Z0071,2026-08-25 07:02
Z0393,2026-08-25 07:02
Z0717,2026-08-25 07:02
Z0311,2026-08-25 07:03
Z0618,2026-08-25 07:05
Z0156,2026-08-25 07:07
Z0299,2026-08-25 07:07
Z0125,2026-08-25 07:08
Z0599,2026-08-25 07:09
Z0202,2026-08-25 07:10
Z0229,2026-08-25 07:10
Z0399,2026-08-25 07:11
Z0149,2026-08-25 07:12
Z0439,2026-08-25 07:13
Z0068,2026-08-25 07:14
Z0032,2026-08-25 07:15
Z0215,2026-08-25 07:15
Z0453,2026-08-25 07:15
Z0504,2026-08-25 07:15
Z0509,2026-08-25 07:16
Z0086,2026-08-25 07:17
Z0759,2026-08-25 07:18
Z0354,2026-08-25 07:19
Z0371,2026-08-25 07:19
Z0562,2026-08-25 07:19
Z0387,2026-08-25 07:25
Z0220,2026-08-25 07:26
Z0506,2026-08-25 07:27
Z0007,2026-08-25 07:28
Z0175,2026-08-25 07:28
Z0343,2026-08-25 07:31
Z0435,2026-08-25 07:32
Z0043,2026-08-25 07:33
Z0296,2026-08-25 07:33
Z0688,2026-08-25 07:33
Z0015,2026-08-25 07:34
Z0045,2026-08-25 07:34
Z0291,2026-08-25 07:34
Z0228,2026-08-25 07:35
Z0128,2026-08-25 07:37
Z0347,2026-08-25 07:38
Z0722,2026-08-25 07:38
Z0258,2026-08-25 07:39
Z0239,2026-08-25 07:42
Z0503,2026-08-25 07:42
Z0344,2026-08-25 07:43
Z0310,2026-08-25 07:45
Z0495,2026-08-25 07:46
Z0297,2026-08-25 07:47
Z0486,2026-08-25 07:51
Z0571,2026-08-25 07:52
Z0643,2026-08-25 07:57
Z0294,2026-08-25 07:59
Z0321,2026-08-25 08:03
Z0219,2026-08-25 08:04
Z0116,2026-08-25 08:05
Z0318,2026-08-25 08:05
Z0279,2026-08-25 08:07
Z0397,2026-08-25 08:11
Z0142,2026-08-25 08:14
Z0793,2026-08-25 08:14
Z0197,2026-08-25 08:24
Z0247,2026-08-25 08:24
Z0464,2026-08-25 08:25
Z0029,2026-08-25 08:26
Z0265,2026-08-25 08:26
Z0686,2026-08-25 08:32
Z0333,2026-08-25 08:33
Z0531,2026-08-25 08:34
Z0797,2026-08-25 08:36
Z0591,2026-08-25 08:42
Z0146,2026-08-25 08:43
Z0470,2026-08-25 08:44
Z0787,2026-08-25 08:44
Z0110,2026-08-25 08:50
Z0097,2026-08-25 08:56
Z0550,2026-08-25 08:56
Z0133,2026-08-25 08:58
Z0154,2026-08-25 09:00
Z0241,2026-08-25 09:09
Z0056,2026-08-25 09:21
Z0210,2026-08-25 09:32
Z0080,2026-08-25 09:38
Z0205,2026-08-25 09:43
Z0668,2026-08-25 09:56
Z0098,2026-08-25 12:03
Z0415,2026-08-25 12:03
Z0322,2026-08-25 12:08
Z0720,2026-08-25 12:08
Z0058,2026-08-25 12:13
Z0180,2026-08-25 12:31
Z0730,2026-08-25 12:32
Z0066,2026-08-25 12:34
Z0226,2026-08-25 12:35
Z0359,2026-08-25 12:35
Z0420,2026-08-25 12:39
Z0201,2026-08-25 12:44
Z0026,2026-08-25 12:47
Z0750,2026-08-25 12:49
Z0575,2026-08-25 12:50
Z0524,2026-08-25 12:51
Z0452,2026-08-25 12:56
Z0011,2026-08-25 12:59
Z0062,2026-08-25 13:08
Z0109,2026-08-25 13:23
Z0078,2026-08-25 13:30
Z0014,2026-08-25 13:31
Z0278,2026-08-25 13:33
Z0012,2026-08-25 13:34
Z0231,2026-08-25 13:35
Z0711,2026-08-25 13:37
Z0065,2026-08-25 13:48
Z0161,2026-08-25 13:49
Z0573,2026-08-25 13:49
Z0168,2026-08-25 13:50
Z0208,2026-08-25 13:50
Z0597,2026-08-25 13:50
Z0096,2026-08-25 13:51
Z0049,2026-08-25 13:53
Z0196,2026-08-25 13:56
Z0018,2026-08-25 13:57
Z0031,2026-08-25 13:58
Z0108,2026-08-25 17:02
Z0145,2026-08-25 17:02
Z0631,2026-08-25 17:03
Z0648,2026-08-25 17:07
Z0703,2026-08-25 17:09
Z0174,2026-08-25 17:18
Z0369,2026-08-25 17:18
Z0698,2026-08-25 17:19
Z0339,2026-08-25 17:27
Z0081,2026-08-25 17:32
Z0580,2026-08-25 17:33
Z0607,2026-08-25 17:39
Z0734,2026-08-25 17:40
Z0213,2026-08-25 17:42
Z0702,2026-08-25 17:42
Z0317,2026-08-25 17:43
Z0337,2026-08-25 17:44
Z0390,2026-08-25 17:48
Z0500,2026-08-25 17:50
Z0718,2026-08-25 17:50
Z0016,2026-08-25 17:55
Z0547,2026-08-25 17:59
Z0357,2026-08-25 18:04
Z0155,2026-08-25 18:06
Z0163,2026-08-25 18:06
Z0275,2026-08-25 18:08
Z0508,2026-08-25 18:09
Z0207,2026-08-25 18:11
Z0370,2026-08-25 18:11
Z0272,2026-08-25 18:12
Z0120,2026-08-25 18:18
Z0795,2026-08-25 18:18
Z0775,2026-08-25 18:21
Z0609,2026-08-25 18:22
Z0082,2026-08-25 18:23
Z0001,2026-08-25 18:25
Z0286,2026-08-25 18:26
Z0127,2026-08-25 18:30
Z0254,2026-08-25 18:30
Z0592,2026-08-25 18:30
Z0209,2026-08-25 18:31
Z0141,2026-08-25 18:32
Z0469,2026-08-25 18:32
Z0719,2026-08-25 18:34
Z0335,2026-08-25 18:35
Z0027,2026-08-25 18:36
Z0126,2026-08-25 18:36
Z0588,2026-08-25 18:36
Z0173,2026-08-25 18:40
Z0276,2026-08-25 18:41
Z0122,2026-08-25 18:42
Z0050,2026-08-25 18:45
Z0281,2026-08-25 18:45
Z0314,2026-08-25 18:48
Z0627,2026-08-25 18:49
Z0572,2026-08-25 18:51
Z0304,2026-08-25 18:55
Z0540,2026-08-25 18:56
Z0102,2026-08-25 18:58
Z0740,2026-08-25 19:02
Z0570,2026-08-25 19:04
Z0194,2026-08-25 19:05
Z0313,2026-08-25 19:05
Z0021,2026-08-25 19:06
Z0530,2026-08-25 19:08
Z0186,2026-08-25 19:09
Z0329,2026-08-25 19:13
Z0051,2026-08-25 19:15
Z0300,2026-08-25 19:15
Z0061,2026-08-25 19:17
Z0338,2026-08-25 19:18
Z0428,2026-08-25 19:19
Z0227,2026-08-25 19:23
Z0537,2026-08-25 19:23
Z0549,2026-08-25 19:25
Z0010,2026-08-25 19:30
Z0224,2026-08-25 19:31
Z0303,2026-08-25 19:32
Z0052,2026-08-25 19:33
Z0150,2026-08-25 19:33
Z0178,2026-08-25 19:34
Z0480,2026-08-25 19:41
Z0236,2026-08-25 19:43
Z0079,2026-08-25 19:44
Z0586,2026-08-25 19:45
Z0316,2026-08-25 19:47
Z0280,2026-08-25 19:48
Z0138,2026-08-25 19:49
Z0240,2026-08-25 19:50
Z0089,2026-08-25 19:54
Z0284,2026-08-25 19:54
Z0218,2026-08-25 19:55
Z0212,2026-08-25 19:56
Z0325,2026-08-25 19:56
Z0167,2026-08-25 19:59
Z0245,2026-08-25 20:05
Z0749,2026-08-25 20:05
Z0203,2026-08-25 20:08
Z0491,2026-08-25 20:09
Z0177,2026-08-25 20:10
Z0188,2026-08-25 20:13
Z0465,2026-08-25 20:15
Z0087,2026-08-25 20:17
Z0521,2026-08-25 20:23
Z0419,2026-08-25 20:27
Z0139,2026-08-25 20:38
Z0351,2026-08-25 20:40
Z0067,2026-08-25 20:41
Z0699,2026-08-25 20:46
Z0374,2026-08-25 20:47
Z0172,2026-08-25 20:49
Z0789,2026-08-25 20:49
Z0467,2026-08-25 20:51
Z0656,2026-08-25 20:53
Z0658,2026-08-25 20:59
Z0308,2026-08-26 06:00
Z0473,2026-08-26 06:08
Z0629,2026-08-26 06:10
Z0158,2026-08-26 06:13
Z0162,2026-08-26 06:16
Z0361,2026-08-26 06:16
Z0110,2026-08-26 06:17
Z0380,2026-08-26 06:17
Z0546,2026-08-26 06:17
Z0704,2026-08-26 06:19
Z0320,2026-08-26 06:21
Z0024,2026-08-26 06:23
Z0723,2026-08-26 06:23
Z0777,2026-08-26 06:26
Z0706,2026-08-26 06:27
Z0113,2026-08-26 06:28
Z0042,2026-08-26 06:30
Z0619,2026-08-26 06:33
Z0070,2026-08-26 06:38
Z0625,2026-08-26 06:38
Z0142,2026-08-26 06:39
Z0101,2026-08-26 06:45
Z0575,2026-08-26 06:45
Z0291,2026-08-26 06:46
Z0134,2026-08-26 06:47
Z0520,2026-08-26 06:47
Z0043,2026-08-26 06:49
Z0543,2026-08-26 06:49
Z0266,2026-08-26 06:52
Z0077,2026-08-26 06:57
Z0560,2026-08-26 07:00
Z0265,2026-08-26 07:02
Z0003,2026-08-26 07:03
Z0242,2026-08-26 07:03
Z0345,2026-08-26 07:03
Z0418,2026-08-26 07:03
Z0326,2026-08-26 07:04
Z0759,2026-08-26 07:04
Z0732,2026-08-26 07:06
Z0403,2026-08-26 07:08
Z0581,2026-08-26 07:08
Z0278,2026-08-26 07:09
Z0305,2026-08-26 07:09
Z0376,2026-08-26 07:09
Z0526,2026-08-26 07:10
Z0722,2026-08-26 07:11
Z0161,2026-08-26 07:13
Z0373,2026-08-26 07:13
Z0517,2026-08-26 07:13
Z0589,2026-08-26 07:13
Z0143,2026-08-26 07:14
Z0431,2026-08-26 07:15
Z0389,2026-08-26 07:18
Z0588,2026-08-26 07:19
Z0424,2026-08-26 07:20
Z0137,2026-08-26 07:21
Z0093,2026-08-26 07:22
Z0294,2026-08-26 07:22
Z0269,2026-08-26 07:28
Z0726,2026-08-26 07:28
Z0059,2026-08-26 07:31
Z0086,2026-08-26 07:32
Z0171,2026-08-26 07:32
Z0194,2026-08-26 07:32
Z0342,2026-08-26 07:35
Z0224,2026-08-26 07:42
Z0306,2026-08-26 07:42
Z0333,2026-08-26 07:42
Z0523,2026-08-26 07:43
Z0076,2026-08-26 07:45
Z0485,2026-08-26 07:49
Z0761,2026-08-26 07:50
Z0026,2026-08-26 07:51
Z0095,2026-08-26 07:53
Z0325,2026-08-26 07:53
Z0057,2026-08-26 07:55
Z0316,2026-08-26 07:55
Z0697,2026-08-26 07:55
Z0155,2026-08-26 07:57
Z0054,2026-08-26 07:59
Z0115,2026-08-26 07:59
Z0313,2026-08-26 07:59
Z0020,2026-08-26 08:01
Z0225,2026-08-26 08:01
Z0172,2026-08-26 08:04
Z0220,2026-08-26 08:05
Z0738,2026-08-26 08:10
Z0300,2026-08-26 08:11
Z0255,2026-08-26 08:14
Z0396,2026-08-26 08:14
Z0010,2026-08-26 08:16
Z0028,2026-08-26 08:19
Z0200,2026-08-26 08:19
Z0210,2026-08-26 08:19
Z0440,2026-08-26 08:19
Z0132,2026-08-26 08:22
Z0277,2026-08-26 08:24
Z0387,2026-08-26 08:26
Z0226,2026-08-26 08:27
Z0398,2026-08-26 08:30
Z0154,2026-08-26 08:33
Z0251,2026-08-26 08:33
Z0165,2026-08-26 08:35
Z0182,2026-08-26 08:44
Z0022,2026-08-26 08:45
Z0147,2026-08-26 08:45
Z0310,2026-08-26 08:46
Z0327,2026-08-26 08:48
Z0735,2026-08-26 08:53
Z0410,2026-08-26 08:57
Z0157,2026-08-26 08:58
Z0241,2026-08-26 09:02
Z0184,2026-08-26 09:05
Z0295,2026-08-26 09:11
Z0279,2026-08-26 09:14
Z0360,2026-08-26 09:17
Z0382,2026-08-26 09:17
Z0362,2026-08-26 09:21
Z0307,2026-08-26 09:23
Z0506,2026-08-26 09:23
Z0476,2026-08-26 09:28
Z0144,2026-08-26 09:37
Z0030,2026-08-26 09:44
Z0063,2026-08-26 09:53
Z0228,2026-08-26 12:04
Z0267,2026-08-26 12:18
Z0131,2026-08-26 12:19
Z0153,2026-08-26 12:19
Z0229,2026-08-26 12:22
Z0146,2026-08-26 12:24
Z0632,2026-08-26 12:27
Z0250,2026-08-26 12:36
Z0222,2026-08-26 12:37
Z0234,2026-08-26 12:39
Z0263,2026-08-26 12:40
Z0204,2026-08-26 12:47
Z0245,2026-08-26 12:50
Z0343,2026-08-26 12:53
Z0339,2026-08-26 12:55
Z0119,2026-08-26 12:58
Z0511,2026-08-26 13:02
Z0213,2026-08-26 13:03
Z0739,2026-08-26 13:05
Z0791,2026-08-26 13:05
Z0199,2026-08-26 13:10
Z0750,2026-08-26 13:15
Z0365,2026-08-26 13:16
Z0108,2026-08-26 13:18
Z0296,2026-08-26 13:19
Z0140,2026-08-26 13:22
Z0034,2026-08-26 13:23
Z0053,2026-08-26 13:23
Z0072,2026-08-26 13:23
Z0287,2026-08-26 13:30
Z0558,2026-08-26 13:33
Z0029,2026-08-26 13:34
Z0504,2026-08-26 13:34
Z0163,2026-08-26 13:39
Z0401,2026-08-26 13:42
Z0009,2026-08-26 13:46
Z0151,2026-08-26 13:49
Z0577,2026-08-26 13:55
Z0012,2026-08-26 17:00
Z0055,2026-08-26 17:00
Z0051,2026-08-26 17:07
Z0736,2026-08-26 17:09
Z0221,2026-08-26 17:12
Z0193,2026-08-26 17:17
Z0745,2026-08-26 17:22
Z0129,2026-08-26 17:32
Z0050,2026-08-26 17:42
Z0139,2026-08-26 17:43
Z0742,2026-08-26 17:44
Z0407,2026-08-26 17:50
Z0046,2026-08-26 17:55
Z0185,2026-08-26 17:55
Z0201,2026-08-26 17:56
Z0406,2026-08-26 17:58
Z0036,2026-08-26 18:06
Z0434,2026-08-26 18:10
Z0002,2026-08-26 18:12
Z0432,2026-08-26 18:13
Z0621,2026-08-26 18:13
Z0065,2026-08-26 18:15
Z0741,2026-08-26 18:15
Z0311,2026-08-26 18:21
Z0425,2026-08-26 18:21
Z0170,2026-08-26 18:22
Z0708,2026-08-26 18:22
Z0491,2026-08-26 18:24
Z0283,2026-08-26 18:25
Z0126,2026-08-26 18:28
Z0334,2026-08-26 18:29
Z0763,2026-08-26 18:30
Z0771,2026-08-26 18:30
Z0111,2026-08-26 18:32
Z0285,2026-08-26 18:35
Z0021,2026-08-26 18:38
Z0192,2026-08-26 18:39
Z0505,2026-08-26 18:39
Z0442,2026-08-26 18:40
Z0206,2026-08-26 18:41
Z0191,2026-08-26 18:50
Z0670,2026-08-26 18:50
Z0044,2026-08-26 18:51
Z0328,2026-08-26 18:52
Z0487,2026-08-26 18:53
Z0230,2026-08-26 18:54
Z0479,2026-08-26 18:54
Z0797,2026-08-26 18:55
Z0426,2026-08-26 18:56
Z0177,2026-08-26 18:58
Z0454,2026-08-26 18:58
Z0702,2026-08-26 19:00
Z0238,2026-08-26 19:02
Z0626,2026-08-26 19:04
Z0049,2026-08-26 19:06
Z0106,2026-08-26 19:09
Z0349,2026-08-26 19:09
Z0088,2026-08-26 19:12
Z0264,2026-08-26 19:12
Z0793,2026-08-26 19:13
Z0027,2026-08-26 19:19
Z0178,2026-08-26 19:21
Z0252,2026-08-26 19:21
Z0449,2026-08-26 19:21
Z0261,2026-08-26 19:23
Z0323,2026-08-26 19:24
Z0085,2026-08-26 19:27
Z0197,2026-08-26 19:27
Z0719,2026-08-26 19:27
Z0247,2026-08-26 19:28
Z0754,2026-08-26 19:30
Z0419,2026-08-26 19:31
Z0436,2026-08-26 19:33
Z0011,2026-08-26 19:34
Z0100,2026-08-26 19:34
Z0322,2026-08-26 19:34
Z0127,2026-08-26 19:36
Z0058,2026-08-26 19:39
Z0081,2026-08-26 19:40
Z0340,2026-08-26 19:41
Z0130,2026-08-26 19:44
Z0239,2026-08-26 19:51
Z0033,2026-08-26 19:52
Z0198,2026-08-26 19:56
Z0219,2026-08-26 19:59
Z0377,2026-08-26 19:59
Z0189,2026-08-26 20:07
Z0302,2026-08-26 20:15
Z0211,2026-08-26 20:16
Z0138,2026-08-26 20:18
Z0602,2026-08-26 20:23
Z0559,2026-08-26 20:24
Z0321,2026-08-26 20:28
Z0016,2026-08-26 20:30
Z0257,2026-08-26 20:32
Z0324,2026-08-26 20:34
Z0148,2026-08-26 20:36
Z0039,2026-08-26 20:37
Z0522,2026-08-26 20:41
Z0510,2026-08-26 20:46
Z0757,2026-08-26 20:47
Z0233,2026-08-26 20:52
Z0344,2026-08-26 20:53
Z0494,2026-08-26 20:59
Z0131,2026-08-27 06:00
Z0320,2026-08-27 06:00
Z0726,2026-08-27 06:01
Z0036,2026-08-27 06:02
Z0294,2026-08-27 06:02
Z0004,2026-08-27 06:03
Z0032,2026-08-27 06:03
Z0250,2026-08-27 06:04
Z0077,2026-08-27 06:05
Z0411,2026-08-27 06:06
Z0771,2026-08-27 06:06
Z0030,2026-08-27 06:07
Z0086,2026-08-27 06:11
Z0056,2026-08-27 06:13
Z0241,2026-08-27 06:13
Z0081,2026-08-27 06:16
Z0239,2026-08-27 06:19
Z0259,2026-08-27 06:19
Z0528,2026-08-27 06:19
Z0235,2026-08-27 06:21
Z0262,2026-08-27 06:25
Z0180,2026-08-27 06:29
Z0426,2026-08-27 06:30
Z0260,2026-08-27 06:34
Z0266,2026-08-27 06:34
Z0274,2026-08-27 06:39
Z0511,2026-08-27 06:39
Z0226,2026-08-27 06:40
Z0090,2026-08-27 06:42
Z0096,2026-08-27 06:42
Z0418,2026-08-27 06:42
Z0217,2026-08-27 06:44
Z0703,2026-08-27 06:49
Z0713,2026-08-27 06:51
Z0263,2026-08-27 06:52
Z0503,2026-08-27 06:54
Z0326,2026-08-27 06:56
Z0166,2026-08-27 06:57
Z0060,2026-08-27 07:01
Z0172,2026-08-27 07:02
Z0066,2026-08-27 07:03
Z0013,2026-08-27 07:04
Z0237,2026-08-27 07:05
Z0110,2026-08-27 07:10
Z0202,2026-08-27 07:10
Z0040,2026-08-27 07:14
Z0257,2026-08-27 07:14
Z0491,2026-08-27 07:14
Z0297,2026-08-27 07:15
Z0063,2026-08-27 07:17
Z0308,2026-08-27 07:19
Z0455,2026-08-27 07:20
Z0245,2026-08-27 07:22
Z0485,2026-08-27 07:22
Z0533,2026-08-27 07:22
Z0305,2026-08-27 07:23
Z0290,2026-08-27 07:26
Z0130,2026-08-27 07:29
Z0789,2026-08-27 07:30
Z0284,2026-08-27 07:31
Z0024,2026-08-27 07:34
Z0417,2026-08-27 07:34
Z0206,2026-08-27 07:37
Z0076,2026-08-27 07:41
Z0112,2026-08-27 07:41
Z0690,2026-08-27 07:42
Z0493,2026-08-27 07:44
Z0144,2026-08-27 07:45
Z0329,2026-08-27 07:45
Z0008,2026-08-27 07:50
Z0089,2026-08-27 07:53
Z0091,2026-08-27 07:53
Z0142,2026-08-27 07:53
Z0044,2026-08-27 07:54
Z0791,2026-08-27 07:55
Z0403,2026-08-27 07:57
Z0047,2026-08-27 07:59
Z0410,2026-08-27 08:02
Z0304,2026-08-27 08:03
Z0210,2026-08-27 08:12
Z0088,2026-08-27 08:15
Z0281,2026-08-27 08:15
Z0119,2026-08-27 08:17
Z0783,2026-08-27 08:17
Z0423,2026-08-27 08:19
Z0452,2026-08-27 08:20
Z0229,2026-08-27 08:22
Z0261,2026-08-27 08:23
Z0539,2026-08-27 08:28
Z0117,2026-08-27 08:29
Z0134,2026-08-27 08:29
Z0313,2026-08-27 08:33
Z0327,2026-08-27 08:41
Z0037,2026-08-27 08:42
Z0186,2026-08-27 08:42
Z0155,2026-08-27 08:44
Z0484,2026-08-27 08:52
Z0156,2026-08-27 08:56
Z0684,2026-08-27 09:10
Z0114,2026-08-27 09:12
Z0298,2026-08-27 09:13
Z0710,2026-08-27 09:20
Z0005,2026-08-27 09:39
Z0075,2026-08-27 09:39
Z0712,2026-08-27 09:39
Z0309,2026-08-27 09:46
Z0244,2026-08-27 09:47
Z0759,2026-08-27 09:54
Z0598,2026-08-27 09:55
Z0392,2026-08-27 12:01
Z0138,2026-08-27 12:11
Z0021,2026-08-27 12:13
Z0376,2026-08-27 12:14
Z0212,2026-08-27 12:17
Z0414,2026-08-27 12:18
Z0045,2026-08-27 12:21
Z0109,2026-08-27 12:21
Z0267,2026-08-27 12:26
Z0223,2026-08-27 12:38
Z0395,2026-08-27 12:42
Z0538,2026-08-27 12:48
Z0438,2026-08-27 12:52
Z0147,2026-08-27 12:56
Z0524,2026-08-27 13:01
Z0650,2026-08-27 13:05
Z0604,2026-08-27 13:22
Z0046,2026-08-27 13:28
Z0477,2026-08-27 13:28
Z0249,2026-08-27 13:30
Z0268,2026-08-27 13:32
Z0243,2026-08-27 13:33
Z0029,2026-08-27 13:34
Z0328,2026-08-27 13:39
Z0120,2026-08-27 13:40
Z0236,2026-08-27 13:42
Z0594,2026-08-27 13:43
Z0152,2026-08-27 13:47
Z0027,2026-08-27 13:51
Z0359,2026-08-27 17:01
Z0322,2026-08-27 17:09
Z0574,2026-08-27 17:16
Z0502,2026-08-27 17:20
Z0216,2026-08-27 17:25
Z0128,2026-08-27 17:28
Z0198,2026-08-27 17:28
Z0421,2026-08-27 17:28
Z0015,2026-08-27 17:30
Z0083,2026-08-27 17:30
Z0093,2026-08-27 17:34
Z0153,2026-08-27 17:34
Z0405,2026-08-27 17:34
Z0731,2026-08-27 17:38
Z0209,2026-08-27 17:40
Z0248,2026-08-27 17:44
Z0568,2026-08-27 17:46
Z0062,2026-08-27 17:48
Z0763,2026-08-27 17:48
Z0038,2026-08-27 17:53
Z0375,2026-08-27 17:55
Z0033,2026-08-27 17:57
Z0271,2026-08-27 17:59
Z0716,2026-08-27 17:59
Z0408,2026-08-27 18:02
Z0520,2026-08-27 18:11
Z0779,2026-08-27 18:11
Z0515,2026-08-27 18:14
Z0193,2026-08-27 18:15
Z0289,2026-08-27 18:17
Z0612,2026-08-27 18:21
Z0006,2026-08-27 18:22
Z0464,2026-08-27 18:22
Z0640,2026-08-27 18:22
Z0749,2026-08-27 18:26
Z0187,2026-08-27 18:31
Z0100,2026-08-27 18:33
Z0516,2026-08-27 18:33
Z0315,2026-08-27 18:35
Z0233,2026-08-27 18:37
Z0158,2026-08-27 18:42
Z0386,2026-08-27 18:45
Z0765,2026-08-27 18:45
Z0064,2026-08-27 18:46
Z0481,2026-08-27 18:46
Z0232,2026-08-27 18:48
Z0270,2026-08-27 18:49
Z0280,2026-08-27 18:51
Z0341,2026-08-27 18:51
Z0011,2026-08-27 18:52
Z0055,2026-08-27 18:56
Z0163,2026-08-27 19:01
Z0214,2026-08-27 19:01
Z0292,2026-08-27 19:02
Z0472,2026-08-27 19:02
Z0487,2026-08-27 19:02
Z0729,2026-08-27 19:02
Z0475,2026-08-27 19:03
Z0287,2026-08-27 19:04
Z0078,2026-08-27 19:05
Z0367,2026-08-27 19:07
Z0714,2026-08-27 19:07
Z0018,2026-08-27 19:08
Z0467,2026-08-27 19:08
Z0121,2026-08-27 19:09
Z0397,2026-08-27 19:09
Z0354,2026-08-27 19:10
Z0019,2026-08-27 19:12
Z0505,2026-08-27 19:13
Z0106,2026-08-27 19:15
Z0643,2026-08-27 19:17
Z0101,2026-08-27 19:18
Z0312,2026-08-27 19:21
Z0720,2026-08-27 19:24
Z0388,2026-08-27 19:25
Z0672,2026-08-27 19:25
Z0479,2026-08-27 19:26
Z0213,2026-08-27 19:28
Z0462,2026-08-27 19:29
Z0727,2026-08-27 19:29
Z0406,2026-08-27 19:30
Z0199,2026-08-27 19:31
Z0378,2026-08-27 19:31
Z0103,2026-08-27 19:33
Z0082,2026-08-27 19:34
Z0048,2026-08-27 19:35
Z0092,2026-08-27 19:35
Z0366,2026-08-27 19:38
Z0614,2026-08-27 19:38
Z0743,2026-08-27 19:38
Z0150,2026-08-27 19:40
Z0413,2026-08-27 19:40
Z0189,2026-08-27 19:41
Z0253,2026-08-27 19:43
Z0596,2026-08-27 19:43
Z0215,2026-08-27 19:44
Z0282,2026-08-27 19:44
Z0191,2026-08-27 19:49
Z0597,2026-08-27 19:49
Z0321,2026-08-27 19:50
Z0230,2026-08-27 19:51
Z0240,2026-08-27 19:51
Z0179,2026-08-27 19:54
Z0145,2026-08-27 19:55
Z0170,2026-08-27 19:57
Z0536,2026-08-27 19:58
Z0698,2026-08-27 19:59
Z0662,2026-08-27 20:01
Z0444,2026-08-27 20:02
Z0124,2026-08-27 20:03
Z0171,2026-08-27 20:03
Z0105,2026-08-27 20:06
Z0084,2026-08-27 20:08
Z0014,2026-08-27 20:10
Z0218,2026-08-27 20:10
Z0548,2026-08-27 20:11
Z0565,2026-08-27 20:18
Z0188,2026-08-27 20:21
Z0391,2026-08-27 20:24
Z0068,2026-08-27 20:30
Z0169,2026-08-27 20:32
Z0497,2026-08-27 20:32
Z0361,2026-08-27 20:37
Z0372,2026-08-27 20:41
Z0736,2026-08-27 20:43
Z0242,2026-08-27 20:45
Z0590,2026-08-27 20:51
Z0183,2026-08-27 20:54
Z0551,2026-08-27 20:55
Z0181,2026-08-27 20:56
Z0015,2026-08-28 06:00
Z0706,2026-08-28 06:03
Z0678,2026-08-28 06:07
Z0027,2026-08-28 06:08
Z0199,2026-08-28 06:10
Z0195,2026-08-28 06:11
Z0570,2026-08-28 06:13
Z0525,2026-08-28 06:14
Z0266,2026-08-28 06:15
Z0682,2026-08-28 06:16
Z0255,2026-08-28 06:17
Z0326,2026-08-28 06:17
Z0097,2026-08-28 06:20
Z0009,2026-08-28 06:21
Z0165,2026-08-28 06:21
Z0083,2026-08-28 06:24
Z0298,2026-08-28 06:25
Z0251,2026-08-28 06:26
Z0183,2026-08-28 06:27
Z0205,2026-08-28 06:29
Z0306,2026-08-28 06:35
Z0700,2026-08-28 06:38
Z0005,2026-08-28 06:40
Z0584,2026-08-28 06:40
Z0077,2026-08-28 06:41
Z0265,2026-08-28 06:51
Z0309,2026-08-28 06:52
Z0187,2026-08-28 06:58
Z0248,2026-08-28 06:58
Z0100,2026-08-28 07:00
Z0013,2026-08-28 07:01
Z0171,2026-08-28 07:01
Z0065,2026-08-28 07:02
Z0399,2026-08-28 07:02
Z0216,2026-08-28 07:03
Z0415,2026-08-28 07:04
Z0259,2026-08-28 07:05
Z0312,2026-08-28 07:05
Z0042,2026-08-28 07:08
Z0069,2026-08-28 07:08
Z0110,2026-08-28 07:08
Z0719,2026-08-28 07:08
Z0024,2026-08-28 07:10
Z0473,2026-08-28 07:11
Z0323,2026-08-28 07:12
Z0275,2026-08-28 07:14
Z0276,2026-08-28 07:14
Z0610,2026-08-28 07:16
Z0620,2026-08-28 07:16
Z0139,2026-08-28 07:21
Z0328,2026-08-28 07:21
Z0099,2026-08-28 07:22
Z0001,2026-08-28 07:23
Z0076,2026-08-28 07:23
Z0429,2026-08-28 07:23
Z0020,2026-08-28 07:24
Z0196,2026-08-28 07:24
Z0781,2026-08-28 07:24
Z0029,2026-08-28 07:25
Z0556,2026-08-28 07:26
Z0320,2026-08-28 07:27
Z0611,2026-08-28 07:28
Z0377,2026-08-28 07:31
Z0381,2026-08-28 07:32
Z0061,2026-08-28 07:34
Z0319,2026-08-28 07:36
Z0036,2026-08-28 07:37
Z0160,2026-08-28 07:39
Z0124,2026-08-28 07:40
Z0369,2026-08-28 07:40
Z0637,2026-08-28 07:42
Z0371,2026-08-28 07:43
Z0108,2026-08-28 07:44
Z0090,2026-08-28 07:45
Z0135,2026-08-28 07:45
Z0234,2026-08-28 07:45
Z0749,2026-08-28 07:46
Z0288,2026-08-28 07:47
Z0425,2026-08-28 07:52
Z0082,2026-08-28 07:53
Z0509,2026-08-28 07:53
Z0603,2026-08-28 07:53
Z0002,2026-08-28 07:54
Z0181,2026-08-28 07:57
Z0018,2026-08-28 07:58
Z0482,2026-08-28 07:58
Z0193,2026-08-28 07:59
Z0738,2026-08-28 08:00
Z0094,2026-08-28 08:04
Z0049,2026-08-28 08:07
Z0531,2026-08-28 08:08
Z0189,2026-08-28 08:09
Z0330,2026-08-28 08:12
Z0447,2026-08-28 08:13
Z0117,2026-08-28 08:18
Z0078,2026-08-28 08:21
Z0121,2026-08-28 08:21
Z0006,2026-08-28 08:24
Z0017,2026-08-28 08:28
Z0056,2026-08-28 08:28
Z0190,2026-08-28 08:29
Z0785,2026-08-28 08:29
Z0769,2026-08-28 08:31
Z0143,2026-08-28 08:33
Z0080,2026-08-28 08:36
Z0123,2026-08-28 08:39
Z0176,2026-08-28 08:42
Z0783,2026-08-28 08:44
Z0170,2026-08-28 08:45
Z0105,2026-08-28 08:48
Z0348,2026-08-28 08:52
Z0414,2026-08-28 08:52
Z0487,2026-08-28 08:54
Z0433,2026-08-28 08:58
Z0443,2026-08-28 09:13
Z0114,2026-08-28 09:15
Z0202,2026-08-28 09:15
Z0113,2026-08-28 09:16
Z0307,2026-08-28 09:22
Z0032,2026-08-28 09:46
Z0241,2026-08-28 09:54
Z0156,2026-08-28 09:58
Z0317,2026-08-28 12:01
Z0638,2026-08-28 12:03
Z0209,2026-08-28 12:12
Z0358,2026-08-28 12:15
Z0198,2026-08-28 12:20
Z0527,2026-08-28 12:20
Z0532,2026-08-28 12:23
Z0332,2026-08-28 12:26
Z0735,2026-08-28 12:26
Z0092,2026-08-28 12:31
Z0173,2026-08-28 12:38
Z0334,2026-08-28 12:39
Z0142,2026-08-28 12:42
Z0224,2026-08-28 12:52
Z0168,2026-08-28 12:53
Z0481,2026-08-28 12:55
Z0188,2026-08-28 12:56
Z0520,2026-08-28 12:56
Z0014,2026-08-28 13:02
Z0174,2026-08-28 13:02
Z0140,2026-08-28 13:06
Z0226,2026-08-28 13:10
Z0016,2026-08-28 13:11
Z0201,2026-08-28 13:11
Z0400,2026-08-28 13:14
Z0450,2026-08-28 13:19
Z0451,2026-08-28 13:19
Z0119,2026-08-28 13:21
Z0227,2026-08-28 13:39
Z0212,2026-08-28 13:40
Z0022,2026-08-28 13:42
Z0624,2026-08-28 13:56
Z0133,2026-08-28 17:01
Z0636,2026-08-28 17:02
Z0089,2026-08-28 17:11
Z0243,2026-08-28 17:12
Z0324,2026-08-28 17:21
Z0746,2026-08-28 17:21
Z0502,2026-08-28 17:24
Z0163,2026-08-28 17:32
Z0286,2026-08-28 17:32
Z0554,2026-08-28 17:34
Z0480,2026-08-28 17:35
Z0258,2026-08-28 17:37
Z0088,2026-08-28 17:41
Z0311,2026-08-28 17:43
Z0025,2026-08-28 17:45
Z0293,2026-08-28 17:49
Z0131,2026-08-28 17:55
Z0239,2026-08-28 17:55
Z0325,2026-08-28 17:57
Z0238,2026-08-28 18:01
Z0280,2026-08-28 18:03
Z0264,2026-08-28 18:06
Z0152,2026-08-28 18:07
Z0595,2026-08-28 18:07
Z0475,2026-08-28 18:08
Z0477,2026-08-28 18:10
Z0345,2026-08-28 18:11
Z0474,2026-08-28 18:11
Z0389,2026-08-28 18:12
Z0118,2026-08-28 18:14
Z0470,2026-08-28 18:21
Z0228,2026-08-28 18:22
Z0797,2026-08-28 18:24
Z0742,2026-08-28 18:26
Z0137,2026-08-28 18:27
Z0282,2026-08-28 18:27
Z0204,2026-08-28 18:28
Z0424,2026-08-28 18:32
Z0660,2026-08-28 18:35
Z0136,2026-08-28 18:36
Z0252,2026-08-28 18:36
Z0267,2026-08-28 18:36
Z0365,2026-08-28 18:36
Z0292,2026-08-28 18:39
Z0221,2026-08-28 18:40
Z0751,2026-08-28 18:44
Z0087,2026-08-28 18:45
Z0047,2026-08-28 18:46
Z0058,2026-08-28 18:49
Z0064,2026-08-28 18:49
Z0301,2026-08-28 18:50
Z0539,2026-08-28 18:50
Z0755,2026-08-28 18:50
Z0225,2026-08-28 18:54
Z0272,2026-08-28 18:54
Z0427,2026-08-28 18:56
Z0130,2026-08-28 18:58
Z0363,2026-08-28 19:03
Z0141,2026-08-28 19:04
Z0044,2026-08-28 19:05
Z0151,2026-08-28 19:05
Z0364,2026-08-28 19:06
Z0246,2026-08-28 19:08
Z0263,2026-08-28 19:09
Z0353,2026-08-28 19:14
Z0516,2026-08-28 19:15
Z0497,2026-08-28 19:17
Z0630,2026-08-28 19:17
Z0038,2026-08-28 19:18
Z0203,2026-08-28 19:18
Z0261,2026-08-28 19:19
Z0011,2026-08-28 19:23
Z0035,2026-08-28 19:23
Z0757,2026-08-28 19:24
Z0217,2026-08-28 19:26
Z0615,2026-08-28 19:27
Z0512,2026-08-28 19:29
Z0375,2026-08-28 19:30
Z0616,2026-08-28 19:34
Z0269,2026-08-28 19:36
Z0067,2026-08-28 19:41
Z0285,2026-08-28 19:43
Z0315,2026-08-28 19:44
Z0606,2026-08-28 19:47
Z0107,2026-08-28 19:48
Z0180,2026-08-28 19:48
Z0270,2026-08-28 19:48
Z0589,2026-08-28 19:55
Z0182,2026-08-28 19:56
Z0250,2026-08-28 19:57
Z0273,2026-08-28 19:57
Z0799,2026-08-28 20:00
Z0795,2026-08-28 20:02
Z0219,2026-08-28 20:07
Z0522,2026-08-28 20:08
Z0313,2026-08-28 20:11
Z0046,2026-08-28 20:12
Z0104,2026-08-28 20:12
Z0033,2026-08-28 20:21
Z0697,2026-08-28 20:22
Z0222,2026-08-28 20:31
Z0150,2026-08-28 20:32
Z0568,2026-08-28 20:34
Z0327,2026-08-28 20:38
Z0057,2026-08-28 20:40
Z0277,2026-08-28 20:41
Z0504,2026-08-28 20:41
Z0566,2026-08-28 20:45
Z0223,2026-08-28 20:53
Z0299,2026-08-28 20:53
Z0386,2026-08-28 20:53
Z0220,2026-08-28 20:54
Z0192,2026-08-28 20:55
Z0028,2026-08-29 06:00
Z0034,2026-08-29 06:00
Z0705,2026-08-29 06:00
Z0493,2026-08-29 06:05
Z0060,2026-08-29 06:07
Z0321,2026-08-29 06:09
Z0495,2026-08-29 06:09
Z0116,2026-08-29 06:11
Z0290,2026-08-29 06:11
Z0360,2026-08-29 06:11
Z0394,2026-08-29 06:11
Z0023,2026-08-29 06:12
Z0215,2026-08-29 06:19
Z0064,2026-08-29 06:20
Z0244,2026-08-29 06:21
Z0005,2026-08-29 06:25
Z0010,2026-08-29 06:27
Z0073,2026-08-29 06:27
Z0501,2026-08-29 06:31
Z0246,2026-08-29 06:32
Z0680,2026-08-29 06:33
Z0458,2026-08-29 06:36
Z0277,2026-08-29 06:37
Z0477,2026-08-29 06:37
Z0733,2026-08-29 06:41
Z0166,2026-08-29 06:45
Z0274,2026-08-29 06:46
Z0272,2026-08-29 06:53
Z0077,2026-08-29 06:55
Z0087,2026-08-29 06:55
Z0093,2026-08-29 06:56
Z0255,2026-08-29 06:56
Z0076,2026-08-29 06:57
Z0262,2026-08-29 06:59
Z0279,2026-08-29 06:59
Z0783,2026-08-29 06:59
Z0043,2026-08-29 07:00
Z0260,2026-08-29 07:10
Z0047,2026-08-29 07:11
Z0544,2026-08-29 07:11
Z0781,2026-08-29 07:13
Z0510,2026-08-29 07:15
Z0384,2026-08-29 07:16
Z0004,2026-08-29 07:18
Z0284,2026-08-29 07:18
Z0012,2026-08-29 07:19
Z0635,2026-08-29 07:19
Z0280,2026-08-29 07:20
Z0243,2026-08-29 07:22
Z0490,2026-08-29 07:23
Z0109,2026-08-29 07:26
Z0310,2026-08-29 07:26
Z0402,2026-08-29 07:27
Z0268,2026-08-29 07:29
Z0540,2026-08-29 07:30
Z0196,2026-08-29 07:31
Z0252,2026-08-29 07:35
Z0256,2026-08-29 07:35
Z0789,2026-08-29 07:35
Z0108,2026-08-29 07:36
Z0299,2026-08-29 07:36
Z0295,2026-08-29 07:37
Z0222,2026-08-29 07:38
Z0235,2026-08-29 07:42
Z0340,2026-08-29 07:43
Z0079,2026-08-29 07:45
Z0307,2026-08-29 07:46
Z0464,2026-08-29 07:47
Z0086,2026-08-29 07:49
Z0585,2026-08-29 07:49
Z0511,2026-08-29 07:50
Z0117,2026-08-29 07:54
Z0219,2026-08-29 07:54
Z0011,2026-08-29 07:55
Z0236,2026-08-29 07:55
Z0314,2026-08-29 07:56
Z0605,2026-08-29 07:56
Z0036,2026-08-29 07:57
Z0113,2026-08-29 07:58
Z0182,2026-08-29 07:58
Z0099,2026-08-29 07:59
Z0132,2026-08-29 07:59
Z0451,2026-08-29 07:59
Z0315,2026-08-29 08:00
Z0217,2026-08-29 08:01
Z0330,2026-08-29 08:02
Z0095,2026-08-29 08:14
Z0492,2026-08-29 08:15
Z0063,2026-08-29 08:19
Z0152,2026-08-29 08:19
Z0761,2026-08-29 08:22
Z0301,2026-08-29 08:25
Z0488,2026-08-29 08:25
Z0289,2026-08-29 08:26
Z0069,2026-08-29 08:28
Z0238,2026-08-29 08:29
Z0535,2026-08-29 08:31
Z0193,2026-08-29 08:34
Z0025,2026-08-29 08:35
Z0091,2026-08-29 08:37
Z0096,2026-08-29 08:39
Z0094,2026-08-29 08:41
Z0409,2026-08-29 08:46
Z0041,2026-08-29 08:52
Z0283,2026-08-29 08:52
Z0613,2026-08-29 08:54
Z0513,2026-08-29 08:55
Z0767,2026-08-29 08:57
Z0160,2026-08-29 09:32
Z0717,2026-08-29 09:34
Z0342,2026-08-29 09:42
Z0557,2026-08-29 09:46
Z0008,2026-08-29 12:00
Z0401,2026-08-29 12:02
Z0186,2026-08-29 12:03
Z0473,2026-08-29 12:04
Z0351,2026-08-29 12:06
Z0185,2026-08-29 12:07
Z0306,2026-08-29 12:16
Z0098,2026-08-29 12:17
Z0020,2026-08-29 12:19
Z0127,2026-08-29 12:19
Z0771,2026-08-29 12:20
Z0631,2026-08-29 12:24
Z0078,2026-08-29 12:25
Z0487,2026-08-29 12:32
Z0763,2026-08-29 12:37
Z0168,2026-08-29 12:39
Z0059,2026-08-29 12:42
Z0053,2026-08-29 12:45
Z0107,2026-08-29 12:50
Z0526,2026-08-29 12:51
Z0106,2026-08-29 12:59
Z0248,2026-08-29 13:03
Z0404,2026-08-29 13:05
Z0126,2026-08-29 13:08
Z0389,2026-08-29 13:10
Z0512,2026-08-29 13:10
Z0068,2026-08-29 13:13
Z0015,2026-08-29 13:19
Z0103,2026-08-29 13:23
Z0552,2026-08-29 13:24
Z0037,2026-08-29 13:27
Z0478,2026-08-29 13:32
Z0587,2026-08-29 13:41
Z0204,2026-08-29 13:44
Z0039,2026-08-29 13:50
Z0323,2026-08-29 13:54
Z0102,2026-08-29 13:57
Z0273,2026-08-29 13:57
Z0593,2026-08-29 17:03
Z0583,2026-08-29 17:05
Z0017,2026-08-29 17:10
Z0743,2026-08-29 17:12
Z0088,2026-08-29 17:18
Z0125,2026-08-29 17:18
Z0054,2026-08-29 17:21
Z0414,2026-08-29 17:21
Z0363,2026-08-29 17:22
Z0071,2026-08-29 17:23
Z0378,2026-08-29 17:26
Z0150,2026-08-29 17:27
Z0206,2026-08-29 17:34
Z0553,2026-08-29 17:39
Z0026,2026-08-29 17:41
Z0128,2026-08-29 17:43
Z0175,2026-08-29 17:45
Z0708,2026-08-29 17:47
Z0787,2026-08-29 17:55
Z0569,2026-08-29 17:57
Z0090,2026-08-29 17:59
Z0542,2026-08-29 18:02
Z0548,2026-08-29 18:03
Z0050,2026-08-29 18:04
Z0176,2026-08-29 18:04
Z0232,2026-08-29 18:05
Z0554,2026-08-29 18:05
Z0139,2026-08-29 18:06
Z0456,2026-08-29 18:06
Z0130,2026-08-29 18:13
Z0136,2026-08-29 18:14
Z0765,2026-08-29 18:14
Z0642,2026-08-29 18:16
Z0172,2026-08-29 18:17
Z0135,2026-08-29 18:25
Z0190,2026-08-29 18:27
Z0624,2026-08-29 18:28
Z0250,2026-08-29 18:30
Z0052,2026-08-29 18:31
Z0579,2026-08-29 18:31
Z0483,2026-08-29 18:33
Z0484,2026-08-29 18:33
Z0151,2026-08-29 18:37
Z0337,2026-08-29 18:38
Z0604,2026-08-29 18:38
Z0463,2026-08-29 18:39
Z0122,2026-08-29 18:41
Z0769,2026-08-29 18:44
Z0062,2026-08-29 18:45
Z0602,2026-08-29 18:45
Z0372,2026-08-29 18:47
Z0646,2026-08-29 18:47
Z0120,2026-08-29 18:52
Z0748,2026-08-29 18:54
Z0460,2026-08-29 18:55
Z0009,2026-08-29 18:56
Z0208,2026-08-29 18:59
Z0433,2026-08-29 19:01
Z0192,2026-08-29 19:02
Z0300,2026-08-29 19:02
Z0318,2026-08-29 19:02
Z0230,2026-08-29 19:05
Z0316,2026-08-29 19:06
Z0141,2026-08-29 19:07
Z0725,2026-08-29 19:07
Z0297,2026-08-29 19:08
Z0536,2026-08-29 19:08
Z0146,2026-08-29 19:09
Z0633,2026-08-29 19:09
Z0170,2026-08-29 19:10
Z0247,2026-08-29 19:11
Z0755,2026-08-29 19:12
Z0744,2026-08-29 19:15
Z0057,2026-08-29 19:18
Z0711,2026-08-29 19:19
Z0518,2026-08-29 19:22
Z0239,2026-08-29 19:23
Z0074,2026-08-29 19:26
Z0148,2026-08-29 19:27
Z0617,2026-08-29 19:27
Z0529,2026-08-29 19:29
Z0437,2026-08-29 19:33
Z0183,2026-08-29 19:37
Z0261,2026-08-29 19:37
Z0420,2026-08-29 19:37
Z0225,2026-08-29 19:38
Z0285,2026-08-29 19:38
Z0145,2026-08-29 19:41
Z0198,2026-08-29 19:41
Z0620,2026-08-29 19:42
Z0288,2026-08-29 19:44
Z0469,2026-08-29 19:45
Z0121,2026-08-29 19:48
Z0286,2026-08-29 19:48
Z0045,2026-08-29 19:49
Z0386,2026-08-29 19:49
Z0388,2026-08-29 19:53
Z0751,2026-08-29 19:53
Z0195,2026-08-29 19:54
Z0213,2026-08-29 19:56
Z0447,2026-08-29 19:56
Z0666,2026-08-29 19:56
Z0674,2026-08-29 19:56
Z0578,2026-08-29 19:57
Z0111,2026-08-29 20:00
Z0021,2026-08-29 20:03
Z0159,2026-08-29 20:05
Z0580,2026-08-29 20:07
Z0507,2026-08-29 20:08
Z0258,2026-08-29 20:09
Z0278,2026-08-29 20:11
Z0523,2026-08-29 20:14
Z0628,2026-08-29 20:15
Z0367,2026-08-29 20:17
Z0181,2026-08-29 20:23
Z0281,2026-08-29 20:25
Z0038,2026-08-29 20:29
Z0101,2026-08-29 20:32
Z0296,2026-08-29 20:37
Z0085,2026-08-29 20:47
Z0282,2026-08-29 20:53
Z0207,2026-08-29 20:54
Z0385,2026-08-29 20:55
Z0253,2026-08-29 20:58
Z0785,2026-08-29 20:58
Z0210,2026-08-30 06:03
Z0361,2026-08-30 06:03
Z0501,2026-08-30 06:03
Z0721,2026-08-30 06:03
Z0317,2026-08-30 06:04
Z0308,2026-08-30 06:05
Z0175,2026-08-30 06:08
Z0253,2026-08-30 06:09
Z0737,2026-08-30 06:09
Z0495,2026-08-30 06:13
Z0475,2026-08-30 06:14
Z0742,2026-08-30 06:17
Z0471,2026-08-30 06:18
Z0238,2026-08-30 06:20
Z0326,2026-08-30 06:22
Z0767,2026-08-30 06:23
Z0381,2026-08-30 06:26
Z0307,2026-08-30 06:27
Z0157,2026-08-30 06:28
Z0295,2026-08-30 06:29
Z0002,2026-08-30 06:32
Z0255,2026-08-30 06:32
Z0035,2026-08-30 06:33
Z0549,2026-08-30 06:34
Z0279,2026-08-30 06:37
Z0535,2026-08-30 06:37
Z0491,2026-08-30 06:41
Z0699,2026-08-30 06:41
Z0030,2026-08-30 06:43
Z0251,2026-08-30 06:45
Z0396,2026-08-30 06:49
Z0632,2026-08-30 06:51
Z0522,2026-08-30 06:52
Z0294,2026-08-30 06:54
Z0132,2026-08-30 06:56
Z0578,2026-08-30 06:57
Z0773,2026-08-30 07:00
Z0474,2026-08-30 07:03
Z0482,2026-08-30 07:03
Z0623,2026-08-30 07:03
Z0262,2026-08-30 07:04
Z0293,2026-08-30 07:06
Z0453,2026-08-30 07:06
Z0394,2026-08-30 07:07
Z0004,2026-08-30 07:09
Z0069,2026-08-30 07:11
Z0260,2026-08-30 07:11
Z0459,2026-08-30 07:14
Z0056,2026-08-30 07:15
Z0208,2026-08-30 07:15
Z0309,2026-08-30 07:18
Z0335,2026-08-30 07:18
Z0750,2026-08-30 07:18
Z0040,2026-08-30 07:19
Z0373,2026-08-30 07:19
Z0478,2026-08-30 07:21
Z0714,2026-08-30 07:25
Z0438,2026-08-30 07:27
Z0142,2026-08-30 07:28
Z0723,2026-08-30 07:28
Z0041,2026-08-30 07:29
Z0243,2026-08-30 07:29
Z0498,2026-08-30 07:29
Z0257,2026-08-30 07:30
Z0789,2026-08-30 07:34
Z0223,2026-08-30 07:37
Z0133,2026-08-30 07:38
Z0166,2026-08-30 07:38
Z0060,2026-08-30 07:39
Z0064,2026-08-30 07:39
Z0404,2026-08-30 07:39
Z0664,2026-08-30 07:40
Z0048,2026-08-30 07:42
Z0191,2026-08-30 07:43
Z0450,2026-08-30 07:44
Z0409,2026-08-30 07:46
Z0676,2026-08-30 07:46
Z0728,2026-08-30 07:46
Z0754,2026-08-30 07:48
Z0314,2026-08-30 07:49
Z0196,2026-08-30 07:50
Z0187,2026-08-30 07:51
Z0793,2026-08-30 07:52
Z0031,2026-08-30 07:53
Z0692,2026-08-30 07:54
Z0287,2026-08-30 07:58
Z0154,2026-08-30 07:59
Z0561,2026-08-30 07:59
Z0486,2026-08-30 08:02
Z0781,2026-08-30 08:02
Z0330,2026-08-30 08:03
Z0744,2026-08-30 08:03
Z0001,2026-08-30 08:05
Z0292,2026-08-30 08:05
Z0028,2026-08-30 08:06
Z0267,2026-08-30 08:07
Z0075,2026-08-30 08:13
Z0352,2026-08-30 08:17
Z0263,2026-08-30 08:28
Z0008,2026-08-30 08:38
Z0310,2026-08-30 08:40
Z0446,2026-08-30 08:40
Z0160,2026-08-30 08:42
Z0619,2026-08-30 08:43
Z0076,2026-08-30 08:45
Z0559,2026-08-30 08:48
Z0070,2026-08-30 08:49
Z0288,2026-08-30 08:52
Z0587,2026-08-30 08:55
Z0016,2026-08-30 08:56
Z0603,2026-08-30 09:08
Z0319,2026-08-30 09:22
Z0259,2026-08-30 09:24
Z0333,2026-08-30 09:27
Z0032,2026-08-30 09:38
Z0291,2026-08-30 09:39
Z0256,2026-08-30 09:48
Z0431,2026-08-30 09:48
Z0114,2026-08-30 09:49
Z0237,2026-08-30 09:51
Z0271,2026-08-30 12:01
Z0061,2026-08-30 12:06
Z0178,2026-08-30 12:06
Z0085,2026-08-30 12:20
Z0236,2026-08-30 12:22
Z0211,2026-08-30 12:29
Z0083,2026-08-30 12:32
Z0176,2026-08-30 12:37
Z0639,2026-08-30 12:37
Z0106,2026-08-30 12:38
Z0397,2026-08-30 12:38
Z0051,2026-08-30 12:47
Z0496,2026-08-30 12:48
Z0013,2026-08-30 12:49
Z0430,2026-08-30 12:53
Z0466,2026-08-30 12:53
Z0383,2026-08-30 13:01
Z0183,2026-08-30 13:02
Z0185,2026-08-30 13:03
Z0515,2026-08-30 13:03
Z0168,2026-08-30 13:04
Z0195,2026-08-30 13:06
Z0652,2026-08-30 13:07
Z0194,2026-08-30 13:10
Z0073,2026-08-30 13:12
Z0297,2026-08-30 13:24
Z0645,2026-08-30 13:25
Z0224,2026-08-30 13:26
Z0129,2026-08-30 13:29
Z0483,2026-08-30 13:31
Z0270,2026-08-30 13:34
Z0499,2026-08-30 13:34
Z0641,2026-08-30 13:37
Z0371,2026-08-30 13:38
Z0725,2026-08-30 13:44
Z0284,2026-08-30 13:47
Z0437,2026-08-30 13:48
Z0082,2026-08-30 13:49
Z0379,2026-08-30 13:49
Z0571,2026-08-30 13:50
Z0452,2026-08-30 13:55
Z0200,2026-08-30 13:58
Z0761,2026-08-30 13:59
Z0218,2026-08-30 17:00
Z0159,2026-08-30 17:02
Z0149,2026-08-30 17:05
Z0701,2026-08-30 17:05
Z0189,2026-08-30 17:09
Z0207,2026-08-30 17:10
Z0456,2026-08-30 17:11
Z0709,2026-08-30 17:11
Z0007,2026-08-30 17:12
Z0162,2026-08-30 17:12
Z0221,2026-08-30 17:17
Z0250,2026-08-30 17:18
Z0084,2026-08-30 17:31
Z0545,2026-08-30 17:32
Z0779,2026-08-30 17:36
Z0147,2026-08-30 17:44
Z0248,2026-08-30 17:44
Z0143,2026-08-30 17:46
Z0716,2026-08-30 17:48
Z0481,2026-08-30 17:51
Z0086,2026-08-30 17:53
Z0318,2026-08-30 17:59
Z0118,2026-08-30 18:00
Z0087,2026-08-30 18:07
Z0103,2026-08-30 18:07
Z0567,2026-08-30 18:08
Z0164,2026-08-30 18:09
Z0613,2026-08-30 18:10
Z0105,2026-08-30 18:11
Z0765,2026-08-30 18:11
Z0163,2026-08-30 18:13
Z0249,2026-08-30 18:13
Z0576,2026-08-30 18:15
Z0449,2026-08-30 18:20
Z0138,2026-08-30 18:24
Z0188,2026-08-30 18:24
Z0153,2026-08-30 18:25
Z0289,2026-08-30 18:26
Z0057,2026-08-30 18:27
Z0392,2026-08-30 18:27
Z0465,2026-08-30 18:27
Z0219,2026-08-30 18:30
Z0019,2026-08-30 18:31
Z0276,2026-08-30 18:31
Z0302,2026-08-30 18:32
Z0072,2026-08-30 18:35
Z0402,2026-08-30 18:36
Z0480,2026-08-30 18:39
Z0148,2026-08-30 18:40
Z0059,2026-08-30 18:43
Z0348,2026-08-30 18:43
Z0231,2026-08-30 18:44
Z0134,2026-08-30 18:45
Z0177,2026-08-30 18:46
Z0541,2026-08-30 18:47
Z0036,2026-08-30 18:48
Z0488,2026-08-30 18:49
Z0230,2026-08-30 18:52
Z0137,2026-08-30 18:59
Z0517,2026-08-30 19:03
Z0098,2026-08-30 19:04
Z0344,2026-08-30 19:04
Z0123,2026-08-30 19:05
Z0102,2026-08-30 19:06
Z0797,2026-08-30 19:06
Z0280,2026-08-30 19:08
Z0555,2026-08-30 19:09
Z0240,2026-08-30 19:11
Z0654,2026-08-30 19:12
Z0426,2026-08-30 19:18
Z0485,2026-08-30 19:23
Z0601,2026-08-30 19:23
Z0101,2026-08-30 19:24
Z0104,2026-08-30 19:27
Z0403,2026-08-30 19:28
Z0799,2026-08-30 19:32
Z0206,2026-08-30 19:34
Z0045,2026-08-30 19:36
Z0015,2026-08-30 19:40
Z0324,2026-08-30 19:41
Z0158,2026-08-30 19:42
Z0740,2026-08-30 19:42
Z0290,2026-08-30 19:44
Z0155,2026-08-30 19:54
Z0065,2026-08-30 19:55
Z0125,2026-08-30 19:55
Z0130,2026-08-30 19:57
Z0460,2026-08-30 19:57
Z0489,2026-08-30 19:58
Z0140,2026-08-30 19:59
Z0455,2026-08-30 20:01
Z0521,2026-08-30 20:06
Z0513,2026-08-30 20:08
Z0512,2026-08-30 20:12
Z0111,2026-08-30 20:14
Z0395,2026-08-30 20:14
Z0131,2026-08-30 20:21
Z0053,2026-08-30 20:23
Z0071,2026-08-30 20:30
Z0303,2026-08-30 20:31
Z0408,2026-08-30 20:33
Z0234,2026-08-30 20:34
Z0115,2026-08-30 20:38
Z0186,2026-08-30 20:40
Z0703,2026-08-30 20:40
Z0100,2026-08-30 20:42
Z0246,2026-08-30 20:42
Z0316,2026-08-30 20:42
Z0366,2026-08-30 20:42
Z0305,2026-08-30 20:46
Z0277,2026-08-30 20:47
Z0097,2026-08-30 20:50
Z0215,2026-08-30 20:54
Z0325,2026-08-30 20:55
Z0405,2026-08-30 20:58
Z0766,2026-08-31 06:00
Z0355,2026-08-31 06:03
Z0298,2026-08-31 06:06
Z0077,2026-08-31 06:08
Z0399,2026-08-31 06:08
Z0761,2026-08-31 06:09
Z0164,2026-08-31 06:10
Z0344,2026-08-31 06:10
Z0706,2026-08-31 06:13
Z0705,2026-08-31 06:14
Z0002,2026-08-31 06:15
Z0221,2026-08-31 06:15
Z0217,2026-08-31 06:18
Z0330,2026-08-31 06:25
Z0219,2026-08-31 06:29
Z0319,2026-08-31 06:30
Z0503,2026-08-31 06:31
Z0114,2026-08-31 06:33
Z0239,2026-08-31 06:35
Z0011,2026-08-31 06:36
Z0402,2026-08-31 06:36
Z0723,2026-08-31 06:36
Z0256,2026-08-31 06:37
Z0245,2026-08-31 06:39
Z0493,2026-08-31 06:39
Z0726,2026-08-31 06:39
Z0279,2026-08-31 06:40
Z0398,2026-08-31 06:40
Z0490,2026-08-31 06:41
Z0745,2026-08-31 06:42
Z0233,2026-08-31 06:46
Z0459,2026-08-31 06:48
Z0780,2026-08-31 06:49
Z0237,2026-08-31 06:51
Z0382,2026-08-31 06:51
Z0814,2026-08-31 06:53
Z0757,2026-08-31 06:54
Z0040,2026-08-31 06:56
Z0476,2026-08-31 07:00
Z0750,2026-08-31 07:00
Z0790,2026-08-31 07:02
Z0186,2026-08-31 07:03
Z0728,2026-08-31 07:03
Z0017,2026-08-31 07:05
Z0362,2026-08-31 07:05
Z0412,2026-08-31 07:05
Z0435,2026-08-31 07:06
Z0272,2026-08-31 07:09
Z0043,2026-08-31 07:10
Z0482,2026-08-31 07:11
Z0013,2026-08-31 07:18
Z0032,2026-08-31 07:18
Z0429,2026-08-31 07:18
Z0051,2026-08-31 07:19
Z0117,2026-08-31 07:19
Z0183,2026-08-31 07:19
Z0063,2026-08-31 07:22
Z0215,2026-08-31 07:24
Z0234,2026-08-31 07:24
Z0012,2026-08-31 07:25
Z0316,2026-08-31 07:25
Z0288,2026-08-31 07:27
Z0377,2026-08-31 07:27
Z0603,2026-08-31 07:27
Z0027,2026-08-31 07:28
Z0325,2026-08-31 07:28
Z0409,2026-08-31 07:28
Z0282,2026-08-31 07:31
Z0286,2026-08-31 07:31
Z0329,2026-08-31 07:31
Z0474,2026-08-31 07:31
Z0522,2026-08-31 07:31
Z0789,2026-08-31 07:31
Z0169,2026-08-31 07:32
Z0118,2026-08-31 07:33
Z0515,2026-08-31 07:33
Z0236,2026-08-31 07:34
Z0285,2026-08-31 07:34
Z0253,2026-08-31 07:35
Z0025,2026-08-31 07:37
Z0071,2026-08-31 07:38
Z0366,2026-08-31 07:38
Z0524,2026-08-31 07:38
Z0861,2026-08-31 07:38
Z0798,2026-08-31 07:40
Z0516,2026-08-31 07:42
Z0324,2026-08-31 07:43
Z0167,2026-08-31 07:44
Z0636,2026-08-31 07:48
Z0323,2026-08-31 07:52
Z0491,2026-08-31 07:52
Z0230,2026-08-31 07:53
Z0469,2026-08-31 07:53
Z0480,2026-08-31 07:54
Z0464,2026-08-31 07:55
Z0327,2026-08-31 07:56
Z0501,2026-08-31 07:56
Z0543,2026-08-31 07:56
Z0800,2026-08-31 07:57
Z0145,2026-08-31 07:58
Z0211,2026-08-31 08:11
Z0151,2026-08-31 08:14
Z0106,2026-08-31 08:16
Z0031,2026-08-31 08:18
Z0142,2026-08-31 08:21
Z0203,2026-08-31 08:21
Z0512,2026-08-31 08:22
Z0320,2026-08-31 08:23
Z0296,2026-08-31 08:24
Z0158,2026-08-31 08:26
Z0249,2026-08-31 08:26
Z0289,2026-08-31 08:28
Z0195,2026-08-31 08:30
Z0442,2026-08-31 08:31
Z0166,2026-08-31 08:34
Z0729,2026-08-31 08:36
Z0224,2026-08-31 08:38
Z0641,2026-08-31 08:41
Z0318,2026-08-31 08:47
Z0015,2026-08-31 08:49
Z0863,2026-08-31 08:49
Z0083,2026-08-31 08:58
Z0016,2026-08-31 08:59
Z0767,2026-08-31 09:08
Z0782,2026-08-31 09:09
Z0028,2026-08-31 09:26
Z0041,2026-08-31 09:27
Z0525,2026-08-31 09:30
Z0410,2026-08-31 09:34
Z0210,2026-08-31 09:36
Z0110,2026-08-31 09:52
Z0791,2026-08-31 12:01
Z0093,2026-08-31 12:04
Z0322,2026-08-31 12:04
Z0444,2026-08-31 12:11
Z0192,2026-08-31 12:36
Z0420,2026-08-31 12:49
Z0261,2026-08-31 12:54
Z0579,2026-08-31 12:54
Z0744,2026-08-31 13:04
Z0438,2026-08-31 13:07
Z0581,2026-08-31 13:07
Z0796,2026-08-31 13:08
Z0190,2026-08-31 13:13
Z0570,2026-08-31 13:13
Z0139,2026-08-31 13:15
Z0057,2026-08-31 13:16
Z0270,2026-08-31 13:20
Z0334,2026-08-31 13:21
Z0452,2026-08-31 13:21
Z0439,2026-08-31 13:27
Z0388,2026-08-31 13:28
Z0432,2026-08-31 13:28
Z0539,2026-08-31 13:28
Z0771,2026-08-31 13:28
Z0734,2026-08-31 13:30
Z0153,2026-08-31 13:34
Z0001,2026-08-31 13:35
Z0359,2026-08-31 13:36
Z0225,2026-08-31 13:39
Z0037,2026-08-31 13:41
Z0532,2026-08-31 13:44
Z0269,2026-08-31 13:45
Z0441,2026-08-31 13:47
Z0243,2026-08-31 13:53
Z0275,2026-08-31 13:58
Z0762,2026-08-31 17:08
Z0430,2026-08-31 17:11
Z0096,2026-08-31 17:12
Z0740,2026-08-31 17:15
Z0122,2026-08-31 17:19
Z0088,2026-08-31 17:20
Z0141,2026-08-31 17:20
Z0593,2026-08-31 17:23
Z0121,2026-08-31 17:24
Z0199,2026-08-31 17:25
Z0709,2026-08-31 17:25
Z0546,2026-08-31 17:27
Z0560,2026-08-31 17:27
Z0196,2026-08-31 17:30
Z0263,2026-08-31 17:31
Z0696,2026-08-31 17:33
Z0050,2026-08-31 17:35
Z0280,2026-08-31 17:40
Z0091,2026-08-31 17:44
Z0052,2026-08-31 17:46
Z0099,2026-08-31 17:46
Z0775,2026-08-31 17:46
Z0115,2026-08-31 17:48
Z0504,2026-08-31 17:49
Z0273,2026-08-31 18:00
Z0176,2026-08-31 18:01
Z0238,2026-08-31 18:02
Z0346,2026-08-31 18:05
Z0385,2026-08-31 18:05
Z0163,2026-08-31 18:06
Z0590,2026-08-31 18:06
Z0422,2026-08-31 18:07
Z0567,2026-08-31 18:07
Z0671,2026-08-31 18:09
Z0123,2026-08-31 18:11
Z0187,2026-08-31 18:11
Z0200,2026-08-31 18:15
Z0240,2026-08-31 18:15
Z0340,2026-08-31 18:16
Z0794,2026-08-31 18:18
Z0414,2026-08-31 18:20
Z0815,2026-08-31 18:20
Z0065,2026-08-31 18:24
Z0147,2026-08-31 18:24
Z0475,2026-08-31 18:24
Z0009,2026-08-31 18:29
Z0062,2026-08-31 18:30
Z0436,2026-08-31 18:35
Z0460,2026-08-31 18:35
Z0555,2026-08-31 18:35
Z0188,2026-08-31 18:37
Z0287,2026-08-31 18:38
Z0101,2026-08-31 18:40
Z0054,2026-08-31 18:43
Z0720,2026-08-31 18:48
Z0369,2026-08-31 18:49
Z0103,2026-08-31 18:53
Z0102,2026-08-31 18:54
Z0168,2026-08-31 18:55
Z0023,2026-08-31 18:57
Z0725,2026-08-31 18:59
Z0130,2026-08-31 19:00
Z0180,2026-08-31 19:01
Z0770,2026-08-31 19:02
Z0010,2026-08-31 19:03
Z0175,2026-08-31 19:05
Z0541,2026-08-31 19:08
Z0162,2026-08-31 19:15
Z0214,2026-08-31 19:15
Z0542,2026-08-31 19:15
Z0178,2026-08-31 19:16
Z0850,2026-08-31 19:16
Z0044,2026-08-31 19:17
Z0473,2026-08-31 19:19
Z0021,2026-08-31 19:20
Z0097,2026-08-31 19:20
Z0066,2026-08-31 19:24
Z0085,2026-08-31 19:25
Z0397,2026-08-31 19:25
Z0227,2026-08-31 19:30
Z0223,2026-08-31 19:31
Z0665,2026-08-31 19:32
Z0049,2026-08-31 19:33
Z0038,2026-08-31 19:40
Z0090,2026-08-31 19:42
Z0191,2026-08-31 19:42
Z0401,2026-08-31 19:42
Z0098,2026-08-31 19:43
Z0446,2026-08-31 19:44
Z0171,2026-08-31 19:45
Z0695,2026-08-31 19:46
Z0194,2026-08-31 19:47
Z0226,2026-08-31 19:47
Z0008,2026-08-31 19:48
Z0456,2026-08-31 19:48
Z0185,2026-08-31 19:49
Z0332,2026-08-31 19:50
Z0345,2026-08-31 19:55
Z0425,2026-08-31 19:58
Z0138,2026-08-31 20:00
Z0061,2026-08-31 20:09
Z0321,2026-08-31 20:10
Z0278,2026-08-31 20:14
Z0265,2026-08-31 20:26
Z0006,2026-08-31 20:27
Z0134,2026-08-31 20:30
Z0306,2026-08-31 20:30
Z0773,2026-08-31 20:40
Z0149,2026-08-31 20:46
Z0034,2026-08-31 20:49
Z0390,2026-08-31 20:51
Z0779,2026-08-31 20:51
Z0392,2026-08-31 20:56
Z0760,2026-08-31 20:57
Z0148,2026-08-31 20:58
Z0367,2026-08-31 20:59
Z0131,2026-09-01 06:01
Z0298,2026-09-01 06:01
Z0166,2026-09-01 06:02
Z0279,2026-09-01 06:03
Z0156,2026-09-01 06:05
Z0479,2026-09-01 06:05
Z0070,2026-09-01 06:06
Z0710,2026-09-01 06:07
Z0154,2026-09-01 06:09
Z0033,2026-09-01 06:13
Z0152,2026-09-01 06:13
Z0066,2026-09-01 06:14
Z0160,2026-09-01 06:14
Z0102,2026-09-01 06:16
Z0569,2026-09-01 06:18
Z0707,2026-09-01 06:18
Z0640,2026-09-01 06:20
Z0266,2026-09-01 06:22
Z0150,2026-09-01 06:23
Z0373,2026-09-01 06:23
Z0733,2026-09-01 06:23
Z0442,2026-09-01 06:25
Z0457,2026-09-01 06:25
Z0012,2026-09-01 06:28
Z0309,2026-09-01 06:28
Z0002,2026-09-01 06:29
Z0758,2026-09-01 06:29
Z0110,2026-09-01 06:30
Z0251,2026-09-01 06:34
Z0169,2026-09-01 06:35
Z0173,2026-09-01 06:38
Z0742,2026-09-01 06:42
Z0814,2026-09-01 06:42
Z0294,2026-09-01 06:44
Z0032,2026-09-01 06:45
Z0075,2026-09-01 06:45
Z0165,2026-09-01 06:46
Z0255,2026-09-01 06:46
Z0488,2026-09-01 06:47
Z0224,2026-09-01 06:49
Z0204,2026-09-01 06:50
Z0128,2026-09-01 06:52
Z0322,2026-09-01 06:53
Z0394,2026-09-01 06:53
Z0497,2026-09-01 06:53
Z0188,2026-09-01 06:54
Z0220,2026-09-01 06:54
Z0005,2026-09-01 06:56
Z0762,2026-09-01 07:01
Z0077,2026-09-01 07:02
Z0042,2026-09-01 07:03
Z0308,2026-09-01 07:03
Z0310,2026-09-01 07:03
Z0528,2026-09-01 07:03
Z0582,2026-09-01 07:03
Z0105,2026-09-01 07:04
Z0356,2026-09-01 07:05
Z0525,2026-09-01 07:06
Z0716,2026-09-01 07:06
Z0106,2026-09-01 07:11
Z0109,2026-09-01 07:11
Z0769,2026-09-01 07:11
Z0013,2026-09-01 07:12
Z0112,2026-09-01 07:12
Z0844,2026-09-01 07:12
Z0697,2026-09-01 07:13
Z0785,2026-09-01 07:14
Z0259,2026-09-01 07:15
Z0753,2026-09-01 07:16
Z0330,2026-09-01 07:17
Z0700,2026-09-01 07:17
Z0829,2026-09-01 07:19
Z0067,2026-09-01 07:21
Z0080,2026-09-01 07:21
Z0334,2026-09-01 07:22
Z0205,2026-09-01 07:23
Z0320,2026-09-01 07:23
Z0007,2026-09-01 07:25
Z0022,2026-09-01 07:25
Z0511,2026-09-01 07:27
Z0787,2026-09-01 07:27
Z0619,2026-09-01 07:28
Z0326,2026-09-01 07:31
Z0341,2026-09-01 07:31
Z0768,2026-09-01 07:31
Z0143,2026-09-01 07:32
Z0383,2026-09-01 07:33
Z0307,2026-09-01 07:39
Z0570,2026-09-01 07:39
Z0786,2026-09-01 07:39
Z0045,2026-09-01 07:40
Z0745,2026-09-01 07:41
Z0286,2026-09-01 07:42
Z0207,2026-09-01 07:44
Z0056,2026-09-01 07:45
Z0514,2026-09-01 07:45
Z0260,2026-09-01 07:47
Z0295,2026-09-01 07:47
Z0030,2026-09-01 07:50
Z0179,2026-09-01 07:50
Z0327,2026-09-01 07:51
Z0093,2026-09-01 07:52
Z0443,2026-09-01 07:54
Z0378,2026-09-01 07:55
Z0311,2026-09-01 07:56
Z0236,2026-09-01 07:57
Z0765,2026-09-01 07:57
Z0170,2026-09-01 08:02
Z0133,2026-09-01 08:03
Z0344,2026-09-01 08:04
Z0278,2026-09-01 08:05
Z0389,2026-09-01 08:05
Z0577,2026-09-01 08:05
Z0101,2026-09-01 08:09
Z0780,2026-09-01 08:15
Z0072,2026-09-01 08:25
Z0819,2026-09-01 08:26
Z0069,2026-09-01 08:28
Z0783,2026-09-01 08:29
Z0089,2026-09-01 08:30
Z0397,2026-09-01 08:32
Z0085,2026-09-01 08:35
Z0215,2026-09-01 08:46
Z0775,2026-09-01 08:52
Z0804,2026-09-01 08:54
Z0508,2026-09-01 08:57
Z0598,2026-09-01 09:01
Z0781,2026-09-01 09:05
Z0144,2026-09-01 09:22
Z0043,2026-09-01 09:23
Z0241,2026-09-01 09:24
Z0503,2026-09-01 09:32
Z0203,2026-09-01 12:03
Z0192,2026-09-01 12:16
Z0515,2026-09-01 12:17
Z0631,2026-09-01 12:18
Z0438,2026-09-01 12:22
Z0039,2026-09-01 12:24
Z0265,2026-09-01 12:26
Z0242,2026-09-01 12:27
Z0620,2026-09-01 12:27
Z0276,2026-09-01 12:29
Z0576,2026-09-01 12:31
Z0197,2026-09-01 12:35
Z0799,2026-09-01 12:36
Z0137,2026-09-01 12:41
Z0193,2026-09-01 12:42
Z0238,2026-09-01 12:42
Z0300,2026-09-01 12:42
Z0068,2026-09-01 12:44
Z0084,2026-09-01 12:47
Z0418,2026-09-01 12:49
Z0027,2026-09-01 12:54
Z0199,2026-09-01 12:55
Z0416,2026-09-01 12:55
Z0149,2026-09-01 12:57
Z0001,2026-09-01 12:59
Z0108,2026-09-01 13:05
Z0321,2026-09-01 13:05
Z0446,2026-09-01 13:06
Z0779,2026-09-01 13:11
Z0206,2026-09-01 13:16
Z0227,2026-09-01 13:19
Z0377,2026-09-01 13:20
Z0035,2026-09-01 13:23
Z0472,2026-09-01 13:25
Z0010,2026-09-01 13:27
Z0795,2026-09-01 13:27
Z0148,2026-09-01 13:33
Z0832,2026-09-01 13:34
Z0727,2026-09-01 13:36
Z0797,2026-09-01 13:36
Z0793,2026-09-01 13:39
Z0284,2026-09-01 13:41
Z0563,2026-09-01 13:41
Z0151,2026-09-01 13:44
Z0290,2026-09-01 13:46
Z0296,2026-09-01 13:46
Z0230,2026-09-01 13:49
Z0277,2026-09-01 13:50
Z0329,2026-09-01 13:55
Z0862,2026-09-01 13:59
Z0218,2026-09-01 17:01
Z0763,2026-09-01 17:04
Z0094,2026-09-01 17:08
Z0792,2026-09-01 17:15
Z0064,2026-09-01 17:19
Z0020,2026-09-01 17:23
Z0073,2026-09-01 17:24
Z0127,2026-09-01 17:26
Z0513,2026-09-01 17:27
Z0050,2026-09-01 17:36
Z0185,2026-09-01 17:37
Z0226,2026-09-01 17:37
Z0642,2026-09-01 17:38
Z0391,2026-09-01 17:44
Z0225,2026-09-01 17:45
Z0095,2026-09-01 17:46
Z0571,2026-09-01 17:50
Z0198,2026-09-01 18:01
Z0306,2026-09-01 18:01
Z0772,2026-09-01 18:02
Z0465,2026-09-01 18:05
Z0746,2026-09-01 18:05
Z0773,2026-09-01 18:08
Z0200,2026-09-01 18:12
Z0437,2026-09-01 18:13
Z0741,2026-09-01 18:14
Z0008,2026-09-01 18:16
Z0349,2026-09-01 18:18
Z0048,2026-09-01 18:20
Z0467,2026-09-01 18:21
Z0124,2026-09-01 18:22
Z0162,2026-09-01 18:25
Z0507,2026-09-01 18:25
Z0176,2026-09-01 18:28
Z0794,2026-09-01 18:29
Z0272,2026-09-01 18:33
Z0415,2026-09-01 18:34
Z0602,2026-09-01 18:34
Z0597,2026-09-01 18:40
Z0107,2026-09-01 18:42
Z0178,2026-09-01 18:42
Z0059,2026-09-01 18:43
Z0698,2026-09-01 18:43
Z0789,2026-09-01 18:43
Z0655,2026-09-01 18:44
Z0348,2026-09-01 18:45
Z0354,2026-09-01 18:46
Z0340,2026-09-01 18:53
Z0591,2026-09-01 18:53
Z0081,2026-09-01 18:56
Z0430,2026-09-01 18:57
Z0305,2026-09-01 18:58
Z0633,2026-09-01 18:58
Z0052,2026-09-01 18:59
Z0471,2026-09-01 19:00
Z0512,2026-09-01 19:03
Z0174,2026-09-01 19:08
Z0681,2026-09-01 19:09
Z0036,2026-09-01 19:11
Z0248,2026-09-01 19:15
Z0301,2026-09-01 19:16
Z0304,2026-09-01 19:17
Z0123,2026-09-01 19:21
Z0254,2026-09-01 19:21
Z0082,2026-09-01 19:22
Z0051,2026-09-01 19:23
Z0219,2026-09-01 19:24
Z0757,2026-09-01 19:24
Z0087,2026-09-01 19:28
Z0029,2026-09-01 19:29
Z0037,2026-09-01 19:30
Z0216,2026-09-01 19:30
Z0302,2026-09-01 19:30
Z0252,2026-09-01 19:35
Z0851,2026-09-01 19:35
Z0644,2026-09-01 19:36
Z0730,2026-09-01 19:36
Z0612,2026-09-01 19:37
Z0699,2026-09-01 19:37
Z0736,2026-09-01 19:37
Z0824,2026-09-01 19:40
Z0493,2026-09-01 19:42
Z0268,2026-09-01 19:43
Z0025,2026-09-01 19:45
Z0125,2026-09-01 19:45
Z0083,2026-09-01 19:48
Z0257,2026-09-01 19:49
Z0485,2026-09-01 19:49
Z0261,2026-09-01 19:50
Z0385,2026-09-01 19:54
Z0209,2026-09-01 19:55
Z0181,2026-09-01 19:57
Z0258,2026-09-01 19:58
Z0392,2026-09-01 19:59
Z0413,2026-09-01 19:59
Z0703,2026-09-01 20:00
Z0115,2026-09-01 20:06
Z0135,2026-09-01 20:09
Z0788,2026-09-01 20:12
Z0839,2026-09-01 20:15
Z0271,2026-09-01 20:16
Z0840,2026-09-01 20:18
Z0492,2026-09-01 20:19
Z0458,2026-09-01 20:20
Z0505,2026-09-01 20:20
Z0047,2026-09-01 20:23
Z0584,2026-09-01 20:24
Z0281,2026-09-01 20:29
Z0405,2026-09-01 20:31
Z0679,2026-09-01 20:31
Z0608,2026-09-01 20:37
Z0180,2026-09-01 20:39
Z0100,2026-09-01 20:45
Z0408,2026-09-01 20:48
Z0190,2026-09-01 20:51
Z0079,2026-09-01 20:55
Z0122,2026-09-01 20:55
Z0748,2026-09-01 20:55
Z0294,2026-09-02 06:01
Z0026,2026-09-02 06:02
Z0141,2026-09-02 06:02
Z0022,2026-09-02 06:03
Z0089,2026-09-02 06:05
Z0758,2026-09-02 06:07
Z0056,2026-09-02 06:08
Z0394,2026-09-02 06:08
Z0756,2026-09-02 06:08
Z0025,2026-09-02 06:15
Z0046,2026-09-02 06:16
Z0139,2026-09-02 06:18
Z0368,2026-09-02 06:19
Z0144,2026-09-02 06:20
Z0030,2026-09-02 06:21
Z0049,2026-09-02 06:24
Z0244,2026-09-02 06:24
Z0127,2026-09-02 06:26
Z0255,2026-09-02 06:27
Z0290,2026-09-02 06:28
Z0453,2026-09-02 06:29
Z0717,2026-09-02 06:31
Z0223,2026-09-02 06:32
Z0274,2026-09-02 06:36
Z0700,2026-09-02 06:38
Z0068,2026-09-02 06:39
Z0465,2026-09-02 06:41
Z0040,2026-09-02 06:42
Z0291,2026-09-02 06:42
Z0431,2026-09-02 06:47
Z0279,2026-09-02 06:48
Z0623,2026-09-02 06:48
Z0159,2026-09-02 06:49
Z0235,2026-09-02 06:49
Z0479,2026-09-02 06:49
Z0106,2026-09-02 06:50
Z0140,2026-09-02 06:50
Z0145,2026-09-02 06:52
Z0260,2026-09-02 06:55
Z0262,2026-09-02 06:56
Z0797,2026-09-02 06:56
Z0216,2026-09-02 06:57
Z0752,2026-09-02 06:57
Z0157,2026-09-02 06:58
Z0421,2026-09-02 06:58
Z0512,2026-09-02 07:05
Z0156,2026-09-02 07:06
Z0603,2026-09-02 07:06
Z0198,2026-09-02 07:07
Z0184,2026-09-02 07:09
Z0468,2026-09-02 07:09
Z0511,2026-09-02 07:09
Z0313,2026-09-02 07:11
Z0041,2026-09-02 07:14
Z0001,2026-09-02 07:15
Z0356,2026-09-02 07:17
Z0448,2026-09-02 07:17
Z0761,2026-09-02 07:18
Z0142,2026-09-02 07:19
Z0146,2026-09-02 07:19
Z0802,2026-09-02 07:19
Z0065,2026-09-02 07:20
Z0278,2026-09-02 07:22
Z0486,2026-09-02 07:23
Z0182,2026-09-02 07:26
Z0561,2026-09-02 07:27
Z0069,2026-09-02 07:29
Z0408,2026-09-02 07:29
Z0199,2026-09-02 07:30
Z0221,2026-09-02 07:30
Z0234,2026-09-02 07:30
Z0090,2026-09-02 07:31
Z0259,2026-09-02 07:33
Z0232,2026-09-02 07:35
Z0231,2026-09-02 07:36
Z0738,2026-09-02 07:39
Z0242,2026-09-02 07:44
Z0013,2026-09-02 07:46
Z0054,2026-09-02 07:47
Z0742,2026-09-02 07:47
Z0122,2026-09-02 07:48
Z0033,2026-09-02 07:51
Z0519,2026-09-02 07:51
Z0117,2026-09-02 07:52
Z0137,2026-09-02 07:53
Z0004,2026-09-02 07:54
Z0101,2026-09-02 07:54
Z0247,2026-09-02 07:54
Z0501,2026-09-02 07:54
Z0550,2026-09-02 07:54
Z0800,2026-09-02 07:54
Z0098,2026-09-02 07:55
Z0202,2026-09-02 07:56
Z0132,2026-09-02 07:57
Z0201,2026-09-02 07:58
Z0037,2026-09-02 07:59
Z0323,2026-09-02 07:59
Z0241,2026-09-02 08:01
Z0060,2026-09-02 08:03
Z0222,2026-09-02 08:05
Z0396,2026-09-02 08:06
Z0455,2026-09-02 08:08
Z0129,2026-09-02 08:10
Z0536,2026-09-02 08:11
Z0723,2026-09-02 08:12
Z0774,2026-09-02 08:12
Z0042,2026-09-02 08:17
Z0113,2026-09-02 08:17
Z0303,2026-09-02 08:18
Z0181,2026-09-02 08:21
Z0330,2026-09-02 08:22
Z0502,2026-09-02 08:23
Z0376,2026-09-02 08:28
Z0789,2026-09-02 08:29
Z0305,2026-09-02 08:30
Z0002,2026-09-02 08:32
Z0293,2026-09-02 08:33
Z0489,2026-09-02 08:40
Z0034,2026-09-02 08:41
Z0119,2026-09-02 08:41
Z0415,2026-09-02 08:42
Z0850,2026-09-02 08:43
Z0245,2026-09-02 08:44
Z0381,2026-09-02 08:45
Z0751,2026-09-02 08:48
Z0210,2026-09-02 08:57
Z0819,2026-09-02 08:59
Z0251,2026-09-02 09:00
Z0165,2026-09-02 09:04
Z0308,2026-09-02 09:04
Z0005,2026-09-02 09:16
Z0075,2026-09-02 09:25
Z0080,2026-09-02 09:32
Z0333,2026-09-02 09:41
Z0309,2026-09-02 09:43
Z0032,2026-09-02 09:46
Z0295,2026-09-02 09:51
Z0399,2026-09-02 09:54
Z0625,2026-09-02 12:02
Z0057,2026-09-02 12:06
Z0172,2026-09-02 12:10
Z0544,2026-09-02 12:15
Z0197,2026-09-02 12:16
Z0120,2026-09-02 12:28
Z0162,2026-09-02 12:42
Z0771,2026-09-02 12:42
Z0773,2026-09-02 12:45
Z0507,2026-09-02 12:49
Z0211,2026-09-02 12:53
Z0728,2026-09-02 12:58
Z0151,2026-09-02 13:07
Z0762,2026-09-02 13:09
Z0386,2026-09-02 13:12
Z0209,2026-09-02 13:16
Z0856,2026-09-02 13:16
Z0461,2026-09-02 13:17
Z0171,2026-09-02 13:20
Z0178,2026-09-02 13:22
Z0176,2026-09-02 13:30
Z0537,2026-09-02 13:33
Z0187,2026-09-02 13:35
Z0297,2026-09-02 13:37
Z0484,2026-09-02 13:37
Z0438,2026-09-02 13:40
Z0133,2026-09-02 13:41
Z0240,2026-09-02 13:42
Z0404,2026-09-02 13:49
Z0207,2026-09-02 13:55
Z0252,2026-09-02 13:55
Z0462,2026-09-02 13:59
Z0053,2026-09-02 17:07
Z0403,2026-09-02 17:16
Z0174,2026-09-02 17:18
Z0289,2026-09-02 17:18
Z0418,2026-09-02 17:19
Z0023,2026-09-02 17:25
Z0778,2026-09-02 17:26
Z0029,2026-09-02 17:28
Z0267,2026-09-02 17:28
Z0277,2026-09-02 17:37
Z0066,2026-09-02 17:38
Z0624,2026-09-02 17:47
Z0299,2026-09-02 17:48
Z0135,2026-09-02 17:49
Z0795,2026-09-02 17:52
Z0155,2026-09-02 17:53
Z0563,2026-09-02 17:53
Z0338,2026-09-02 17:54
Z0152,2026-09-02 18:02
Z0183,2026-09-02 18:02
Z0447,2026-09-02 18:02
Z0835,2026-09-02 18:05
Z0079,2026-09-02 18:07
Z0280,2026-09-02 18:09
Z0258,2026-09-02 18:11
Z0285,2026-09-02 18:12
Z0314,2026-09-02 18:12
Z0078,2026-09-02 18:13
Z0168,2026-09-02 18:18
Z0261,2026-09-02 18:19
Z0724,2026-09-02 18:20
Z0105,2026-09-02 18:21
Z0517,2026-09-02 18:21
Z0317,2026-09-02 18:22
Z0061,2026-09-02 18:23
Z0161,2026-09-02 18:23
Z0722,2026-09-02 18:23
Z0011,2026-09-02 18:25
Z0213,2026-09-02 18:25
Z0094,2026-09-02 18:29
Z0081,2026-09-02 18:32
Z0109,2026-09-02 18:32
Z0058,2026-09-02 18:35
Z0657,2026-09-02 18:36
Z0126,2026-09-02 18:37
Z0606,2026-09-02 18:38
Z0358,2026-09-02 18:40
Z0086,2026-09-02 18:41
Z0130,2026-09-02 18:41
Z0088,2026-09-02 18:42
Z0562,2026-09-02 18:42
Z0792,2026-09-02 18:42
Z0365,2026-09-02 18:46
Z0586,2026-09-02 18:46
Z0328,2026-09-02 18:49
Z0488,2026-09-02 18:50
Z0009,2026-09-02 18:51
Z0364,2026-09-02 18:55
Z0150,2026-09-02 18:57
Z0270,2026-09-02 19:00
Z0246,2026-09-02 19:01
Z0818,2026-09-02 19:02
Z0276,2026-09-02 19:03
Z0108,2026-09-02 19:06
Z0374,2026-09-02 19:10
Z0378,2026-09-02 19:12
Z0336,2026-09-02 19:16
Z0192,2026-09-02 19:17
Z0228,2026-09-02 19:17
Z0466,2026-09-02 19:22
Z0587,2026-09-02 19:22
Z0121,2026-09-02 19:30
Z0575,2026-09-02 19:30
Z0796,2026-09-02 19:30
Z0239,2026-09-02 19:32
Z0092,2026-09-02 19:37
Z0831,2026-09-02 19:37
Z0233,2026-09-02 19:40
Z0459,2026-09-02 19:42
Z0204,2026-09-02 19:45
Z0776,2026-09-02 19:45
Z0435,2026-09-02 19:51
Z0779,2026-09-02 19:51
Z0134,2026-09-02 19:52
Z0564,2026-09-02 19:55
Z0653,2026-09-02 19:56
Z0627,2026-09-02 19:58
Z0748,2026-09-02 19:58
Z0439,2026-09-02 20:02
Z0470,2026-09-02 20:02
Z0217,2026-09-02 20:03
Z0193,2026-09-02 20:13
Z0039,2026-09-02 20:18
Z0116,2026-09-02 20:22
Z0225,2026-09-02 20:23
Z0312,2026-09-02 20:26
Z0186,2026-09-02 20:31
Z0566,2026-09-02 20:32
Z0229,2026-09-02 20:36
Z0301,2026-09-02 20:36
Z0337,2026-09-02 20:38
Z0494,2026-09-02 20:40
Z0083,2026-09-02 20:43
Z0269,2026-09-02 20:48
Z0074,2026-09-02 20:49
Z0282,2026-09-02 20:49
Z0354,2026-09-02 20:49
Z0170,2026-09-02 20:57
Z0021,2026-09-02 20:58
Z0595,2026-09-02 20:58
Z0136,2026-09-02 20:59
Z0309,2026-09-03 06:07
Z0005,2026-09-03 06:13
Z0493,2026-09-03 06:13
Z0781,2026-09-03 06:16
Z0622,2026-09-03 06:18
Z0617,2026-09-03 06:19
Z0165,2026-09-03 06:22
Z0716,2026-09-03 06:22
Z0230,2026-09-03 06:23
Z0294,2026-09-03 06:23
Z0228,2026-09-03 06:25
Z0839,2026-09-03 06:26
Z0176,2026-09-03 06:27
Z0099,2026-09-03 06:28
Z0248,2026-09-03 06:29
Z0113,2026-09-03 06:31
Z0384,2026-09-03 06:32
Z0156,2026-09-03 06:35
Z0201,2026-09-03 06:35
Z0821,2026-09-03 06:35
Z0048,2026-09-03 06:38
Z0620,2026-09-03 06:38
Z0307,2026-09-03 06:39
Z0515,2026-09-03 06:43
Z0549,2026-09-03 06:43
Z0759,2026-09-03 06:44
Z0210,2026-09-03 06:45
Z0209,2026-09-03 06:47
Z0256,2026-09-03 06:47
Z0795,2026-09-03 06:48
Z0352,2026-09-03 06:49
Z0431,2026-09-03 06:50
Z0026,2026-09-03 06:51
Z0251,2026-09-03 06:56
Z0370,2026-09-03 06:59
Z0274,2026-09-03 07:00
Z0417,2026-09-03 07:00
Z0761,2026-09-03 07:02
Z0799,2026-09-03 07:02
Z0260,2026-09-03 07:06
Z0331,2026-09-03 07:06
Z0505,2026-09-03 07:07
Z0069,2026-09-03 07:09
Z0112,2026-09-03 07:09
Z0241,2026-09-03 07:11
Z0700,2026-09-03 07:11
Z0051,2026-09-03 07:17
Z0559,2026-09-03 07:17
Z0184,2026-09-03 07:18
Z0160,2026-09-03 07:19
Z0177,2026-09-03 07:19
Z0557,2026-09-03 07:19
Z0013,2026-09-03 07:21
Z0752,2026-09-03 07:21
Z0406,2026-09-03 07:22
Z0148,2026-09-03 07:23
Z0235,2026-09-03 07:23
Z0243,2026-09-03 07:23
Z0320,2026-09-03 07:24
Z0137,2026-09-03 07:25
Z0767,2026-09-03 07:25
Z0194,2026-09-03 07:26
Z0443,2026-09-03 07:26
Z0794,2026-09-03 07:26
Z0070,2026-09-03 07:27
Z0463,2026-09-03 07:27
Z0144,2026-09-03 07:30
Z0219,2026-09-03 07:32
Z0698,2026-09-03 07:32
Z0020,2026-09-03 07:33
Z0310,2026-09-03 07:34
Z0396,2026-09-03 07:34
Z0544,2026-09-03 07:35
Z0163,2026-09-03 07:36
Z0673,2026-09-03 07:38
Z0288,2026-09-03 07:39
Z0245,2026-09-03 07:40
Z0498,2026-09-03 07:42
Z0848,2026-09-03 07:42
Z0169,2026-09-03 07:45
Z0017,2026-09-03 07:46
Z0246,2026-09-03 07:47
Z0142,2026-09-03 07:49
Z0295,2026-09-03 07:49
Z0523,2026-09-03 07:51
Z0375,2026-09-03 07:56
Z0314,2026-09-03 07:57
Z0596,2026-09-03 07:58
Z0308,2026-09-03 07:59
Z0361,2026-09-03 07:59
Z0514,2026-09-03 08:01
Z0159,2026-09-03 08:06
Z0712,2026-09-03 08:08
Z0623,2026-09-03 08:10
Z0765,2026-09-03 08:17
Z0255,2026-09-03 08:22
Z0482,2026-09-03 08:24
Z0422,2026-09-03 08:25
Z0117,2026-09-03 08:28
Z0123,2026-09-03 08:28
Z0011,2026-09-03 08:30
Z0223,2026-09-03 08:31
Z0063,2026-09-03 08:32
Z0029,2026-09-03 08:36
Z0043,2026-09-03 08:38
Z0225,2026-09-03 08:38
Z0708,2026-09-03 08:38
Z0816,2026-09-03 08:40
Z0707,2026-09-03 08:41
Z0753,2026-09-03 08:42
Z0055,2026-09-03 08:43
Z0337,2026-09-03 08:45
Z0003,2026-09-03 08:46
Z0249,2026-09-03 08:52
Z0236,2026-09-03 08:54
Z0311,2026-09-03 08:55
Z0172,2026-09-03 08:57
Z0357,2026-09-03 08:59
Z0110,2026-09-03 09:15
Z0041,2026-09-03 09:29
Z0506,2026-09-03 09:33
Z0028,2026-09-03 09:42
Z0710,2026-09-03 09:49
Z0330,2026-09-03 09:56
Z0259,2026-09-03 09:58
Z0329,2026-09-03 12:02
Z0398,2026-09-03 12:03
Z0789,2026-09-03 12:04
Z0145,2026-09-03 12:05
Z0327,2026-09-03 12:07
Z0499,2026-09-03 12:07
Z0186,2026-09-03 12:10
Z0494,2026-09-03 12:11
Z0064,2026-09-03 12:12
Z0441,2026-09-03 12:12
Z0016,2026-09-03 12:15
Z0268,2026-09-03 12:17
Z0348,2026-09-03 12:18
Z0491,2026-09-03 12:21
Z0601,2026-09-03 12:21
Z0050,2026-09-03 12:22
Z0084,2026-09-03 12:27
Z0267,2026-09-03 12:29
Z0203,2026-09-03 12:30
Z0108,2026-09-03 12:39
Z0170,2026-09-03 12:39
Z0107,2026-09-03 12:40
Z0740,2026-09-03 12:40
Z0322,2026-09-03 12:46
Z0409,2026-09-03 12:46
Z0164,2026-09-03 12:49
Z0496,2026-09-03 12:53
Z0454,2026-09-03 12:58
Z0574,2026-09-03 13:04
Z0579,2026-09-03 13:04
Z0408,2026-09-03 13:06
Z0150,2026-09-03 13:09
Z0053,2026-09-03 13:10
Z0284,2026-09-03 13:11
Z0285,2026-09-03 13:13
Z0748,2026-09-03 13:16
Z0428,2026-09-03 13:26
Z0206,2026-09-03 13:29
Z0538,2026-09-03 13:29
Z0829,2026-09-03 13:31
Z0615,2026-09-03 13:32
Z0121,2026-09-03 13:41
Z0419,2026-09-03 13:45
Z0683,2026-09-03 13:46
Z0258,2026-09-03 13:47
Z0800,2026-09-03 13:57
Z0097,2026-09-03 17:02
Z0116,2026-09-03 17:09
Z0269,2026-09-03 17:13
Z0059,2026-09-03 17:17
Z0128,2026-09-03 17:17
Z0677,2026-09-03 17:27
Z0449,2026-09-03 17:36
Z0451,2026-09-03 17:46
Z0138,2026-09-03 17:58
Z0131,2026-09-03 17:59
Z0111,2026-09-03 18:00
Z0158,2026-09-03 18:02
Z0323,2026-09-03 18:02
Z0179,2026-09-03 18:03
Z0424,2026-09-03 18:04
Z0174,2026-09-03 18:09
Z0411,2026-09-03 18:09
Z0349,2026-09-03 18:10
Z0809,2026-09-03 18:13
Z0129,2026-09-03 18:14
Z0736,2026-09-03 18:17
Z0234,2026-09-03 18:18
Z0469,2026-09-03 18:19
Z0784,2026-09-03 18:19
Z0535,2026-09-03 18:21
Z0380,2026-09-03 18:23
Z0317,2026-09-03 18:26
Z0321,2026-09-03 18:26
Z0772,2026-09-03 18:27
Z0371,2026-09-03 18:29
Z0263,2026-09-03 18:30
Z0300,2026-09-03 18:30
Z0524,2026-09-03 18:31
Z0018,2026-09-03 18:32
Z0511,2026-09-03 18:34
Z0565,2026-09-03 18:35
Z0461,2026-09-03 18:37
Z0475,2026-09-03 18:37
Z0315,2026-09-03 18:38
Z0366,2026-09-03 18:38
Z0450,2026-09-03 18:38
Z0786,2026-09-03 18:38
Z0802,2026-09-03 18:38
Z0019,2026-09-03 18:39
Z0189,2026-09-03 18:41
Z0297,2026-09-03 18:41
Z0354,2026-09-03 18:41
Z0548,2026-09-03 18:45
Z0277,2026-09-03 18:47
Z0301,2026-09-03 18:47
Z0324,2026-09-03 18:47
Z0773,2026-09-03 18:48
Z0153,2026-09-03 18:49
Z0100,2026-09-03 18:50
Z0632,2026-09-03 18:51
Z0067,2026-09-03 18:52
Z0731,2026-09-03 18:57
Z0015,2026-09-03 18:58
Z0022,2026-09-03 18:59
Z0290,2026-09-03 18:59
Z0275,2026-09-03 19:00
Z0770,2026-09-03 19:03
Z0776,2026-09-03 19:06
Z0777,2026-09-03 19:07
Z0250,2026-09-03 19:09
Z0253,2026-09-03 19:15
Z0124,2026-09-03 19:18
Z0569,2026-09-03 19:18
Z0771,2026-09-03 19:18
Z0178,2026-09-03 19:19
Z0273,2026-09-03 19:20
Z0604,2026-09-03 19:20
Z0379,2026-09-03 19:21
Z0760,2026-09-03 19:21
Z0211,2026-09-03 19:22
Z0261,2026-09-03 19:22
Z0193,2026-09-03 19:23
Z0147,2026-09-03 19:24
Z0643,2026-09-03 19:25
Z0264,2026-09-03 19:26
Z0697,2026-09-03 19:26
Z0038,2026-09-03 19:27
Z0190,2026-09-03 19:29
Z0573,2026-09-03 19:29
Z0480,2026-09-03 19:30
Z0109,2026-09-03 19:31
Z0079,2026-09-03 19:34
Z0518,2026-09-03 19:35
Z0339,2026-09-03 19:36
Z0208,2026-09-03 19:39
Z0073,2026-09-03 19:45
Z0609,2026-09-03 19:45
Z0072,2026-09-03 19:49
Z0247,2026-09-03 19:50
Z0007,2026-09-03 19:51
Z0135,2026-09-03 19:51
Z0238,2026-09-03 19:51
Z0427,2026-09-03 19:52
Z0091,2026-09-03 19:55
Z0578,2026-09-03 19:56
Z0085,2026-09-03 20:06
Z0045,2026-09-03 20:08
Z0735,2026-09-03 20:08
Z0167,2026-09-03 20:11
Z0536,2026-09-03 20:13
Z0162,2026-09-03 20:14
Z0508,2026-09-03 20:15
Z0027,2026-09-03 20:18
Z0639,2026-09-03 20:18
Z0442,2026-09-03 20:20
Z0778,2026-09-03 20:20
Z0181,2026-09-03 20:25
Z0426,2026-09-03 20:26
Z0621,2026-09-03 20:26
Z0421,2026-09-03 20:31
Z0031,2026-09-03 20:33
Z0081,2026-09-03 20:37
Z0561,2026-09-03 20:43
Z0232,2026-09-03 20:46
Z0218,2026-09-03 20:47
Z0851,2026-09-03 20:50
Z0044,2026-09-03 20:51
Z0061,2026-09-03 20:56
Z0614,2026-09-03 20:57
Z0204,2026-09-03 20:58
Z0589,2026-09-03 20:59
Z0162,2026-09-04 06:03
Z0319,2026-09-04 06:03
Z0013,2026-09-04 06:04
Z0308,2026-09-04 06:06
Z0440,2026-09-04 06:13
Z0395,2026-09-04 06:14
Z0701,2026-09-04 06:14
Z0060,2026-09-04 06:16
Z0033,2026-09-04 06:19
Z0239,2026-09-04 06:21
Z0478,2026-09-04 06:21
Z0361,2026-09-04 06:25
Z0264,2026-09-04 06:28
Z0639,2026-09-04 06:33
Z0004,2026-09-04 06:37
Z0266,2026-09-04 06:40
Z0024,2026-09-04 06:41
Z0381,2026-09-04 06:41
Z0529,2026-09-04 06:41
Z0295,2026-09-04 06:42
Z0042,2026-09-04 06:43
Z0073,2026-09-04 06:43
Z0191,2026-09-04 06:46
Z0254,2026-09-04 06:47
Z0792,2026-09-04 06:47
Z0501,2026-09-04 06:49
Z0531,2026-09-04 06:51
Z0434,2026-09-04 06:52
Z0599,2026-09-04 06:52
Z0182,2026-09-04 06:54
Z0647,2026-09-04 06:54
Z0001,2026-09-04 06:56
Z0036,2026-09-04 06:56
Z0107,2026-09-04 06:57
Z0263,2026-09-04 06:59
Z0524,2026-09-04 06:59
Z0640,2026-09-04 06:59
Z0168,2026-09-04 07:02
Z0377,2026-09-04 07:03
Z0140,2026-09-04 07:04
Z0572,2026-09-04 07:04
Z0155,2026-09-04 07:05
Z0353,2026-09-04 07:06
Z0034,2026-09-04 07:07
Z0525,2026-09-04 07:07
Z0038,2026-09-04 07:08
Z0133,2026-09-04 07:08
Z0299,2026-09-04 07:08
Z0222,2026-09-04 07:09
Z0205,2026-09-04 07:10
Z0237,2026-09-04 07:10
Z0316,2026-09-04 07:10
Z0483,2026-09-04 07:10
Z0270,2026-09-04 07:12
Z0176,2026-09-04 07:13
Z0110,2026-09-04 07:15
Z0173,2026-09-04 07:16
Z0360,2026-09-04 07:18
Z0157,2026-09-04 07:19
Z0093,2026-09-04 07:22
Z0211,2026-09-04 07:22
Z0342,2026-09-04 07:23
Z0144,2026-09-04 07:24
Z0288,2026-09-04 07:24
Z0740,2026-09-04 07:24
Z0171,2026-09-04 07:25
Z0253,2026-09-04 07:25
Z0071,2026-09-04 07:27
Z0087,2026-09-04 07:28
Z0534,2026-09-04 07:30
Z0321,2026-09-04 07:31
Z0325,2026-09-04 07:31
Z0605,2026-09-04 07:33
Z0109,2026-09-04 07:34
Z0250,2026-09-04 07:35
Z0049,2026-09-04 07:38
Z0114,2026-09-04 07:47
Z0278,2026-09-04 07:48
Z0082,2026-09-04 07:49
Z0021,2026-09-04 07:52
Z0607,2026-09-04 07:52
Z0821,2026-09-04 07:52
Z0378,2026-09-04 07:53
Z0357,2026-09-04 07:54
Z0433,2026-09-04 07:56
Z0463,2026-09-04 07:58
Z0818,2026-09-04 07:59
Z0215,2026-09-04 08:07
Z0385,2026-09-04 08:09
Z0708,2026-09-04 08:09
Z0048,2026-09-04 08:11
Z0362,2026-09-04 08:11
Z0402,2026-09-04 08:12
Z0719,2026-09-04 08:14
Z0070,2026-09-04 08:18
Z0262,2026-09-04 08:18
Z0031,2026-09-04 08:19
Z0112,2026-09-04 08:20
Z0202,2026-09-04 08:25
Z0172,2026-09-04 08:27
Z0367,2026-09-04 08:28
Z0643,2026-09-04 08:29
Z0638,2026-09-04 08:31
Z0352,2026-09-04 08:33
Z0509,2026-09-04 08:33
Z0788,2026-09-04 08:33
Z0712,2026-09-04 08:37
Z0320,2026-09-04 08:38
Z0429,2026-09-04 08:38
Z0132,2026-09-04 08:39
Z0094,2026-09-04 08:40
Z0161,2026-09-04 08:43
Z0519,2026-09-04 08:44
Z0255,2026-09-04 08:48
Z0086,2026-09-04 08:52
Z0244,2026-09-04 08:53
Z0383,2026-09-04 08:53
Z0209,2026-09-04 08:54
Z0634,2026-09-04 08:56
Z0163,2026-09-04 08:57
Z0423,2026-09-04 08:58
Z0326,2026-09-04 09:04
Z0241,2026-09-04 09:15
Z0235,2026-09-04 09:23
Z0154,2026-09-04 09:55
Z0062,2026-09-04 12:01
Z0164,2026-09-04 12:01
Z0736,2026-09-04 12:01
Z0497,2026-09-04 12:02
Z0556,2026-09-04 12:04
Z0027,2026-09-04 12:08
Z0297,2026-09-04 12:10
Z0428,2026-09-04 12:13
Z0757,2026-09-04 12:14
Z0054,2026-09-04 12:19
Z0303,2026-09-04 12:20
Z0374,2026-09-04 12:23
Z0104,2026-09-04 12:26
Z0203,2026-09-04 12:29
Z0551,2026-09-04 12:29
Z0526,2026-09-04 12:34
Z0188,2026-09-04 12:35
Z0765,2026-09-04 12:39
Z0273,2026-09-04 12:40
Z0835,2026-09-04 12:41
Z0015,2026-09-04 12:42
Z0224,2026-09-04 12:47
Z0229,2026-09-04 12:47
Z0234,2026-09-04 12:47
Z0277,2026-09-04 12:47
Z0088,2026-09-04 12:49
Z0770,2026-09-04 12:49
Z0405,2026-09-04 12:51
Z0268,2026-09-04 12:55
Z0860,2026-09-04 12:56
Z0084,2026-09-04 12:59
Z0099,2026-09-04 13:00
Z0022,2026-09-04 13:02
Z0057,2026-09-04 13:07
Z0122,2026-09-04 13:13
Z0285,2026-09-04 13:29
Z0252,2026-09-04 13:31
Z0709,2026-09-04 13:31
Z0774,2026-09-04 13:32
Z0137,2026-09-04 13:34
Z0095,2026-09-04 13:36
Z0018,2026-09-04 13:42
Z0329,2026-09-04 13:44
Z0119,2026-09-04 13:45
Z0221,2026-09-04 13:54
Z0201,2026-09-04 13:58
Z0455,2026-09-04 13:58
Z0312,2026-09-04 17:03
Z0315,2026-09-04 17:05
Z0111,2026-09-04 17:06
Z0187,2026-09-04 17:07
Z0197,2026-09-04 17:09
Z0850,2026-09-04 17:12
Z0348,2026-09-04 17:15
Z0317,2026-09-04 17:19
Z0421,2026-09-04 17:21
Z0167,2026-09-04 17:24
Z0185,2026-09-04 17:24
Z0296,2026-09-04 17:24
Z0014,2026-09-04 17:25
Z0500,2026-09-04 17:29
Z0131,2026-09-04 17:44
Z0006,2026-09-04 17:48
Z0504,2026-09-04 17:48
Z0220,2026-09-04 17:54
Z0779,2026-09-04 17:56
Z0798,2026-09-04 17:57
Z0304,2026-09-04 17:59
Z0198,2026-09-04 18:00
Z0158,2026-09-04 18:03
Z0051,2026-09-04 18:04
Z0283,2026-09-04 18:05
Z0523,2026-09-04 18:05
Z0376,2026-09-04 18:08
Z0179,2026-09-04 18:10
Z0050,2026-09-04 18:11
Z0106,2026-09-04 18:12
Z0552,2026-09-04 18:12
Z0743,2026-09-04 18:12
Z0025,2026-09-04 18:15
Z0192,2026-09-04 18:15
Z0120,2026-09-04 18:21
Z0480,2026-09-04 18:22
Z0247,2026-09-04 18:26
Z0600,2026-09-04 18:27
Z0003,2026-09-04 18:28
Z0174,2026-09-04 18:34
Z0195,2026-09-04 18:41
Z0318,2026-09-04 18:41
Z0462,2026-09-04 18:44
Z0284,2026-09-04 18:46
Z0287,2026-09-04 18:46
Z0289,2026-09-04 18:46
Z0775,2026-09-04 18:46
Z0521,2026-09-04 18:47
Z0488,2026-09-04 18:49
Z0855,2026-09-04 18:51
Z0358,2026-09-04 18:52
Z0379,2026-09-04 18:52
Z0219,2026-09-04 18:54
Z0517,2026-09-04 18:54
Z0011,2026-09-04 18:55
Z0136,2026-09-04 18:56
Z0261,2026-09-04 18:59
Z0471,2026-09-04 19:02
Z0129,2026-09-04 19:07
Z0124,2026-09-04 19:11
Z0761,2026-09-04 19:11
Z0096,2026-09-04 19:12
Z0406,2026-09-04 19:12
Z0345,2026-09-04 19:13
Z0427,2026-09-04 19:13
Z0444,2026-09-04 19:13
Z0200,2026-09-04 19:14
Z0627,2026-09-04 19:15
Z0233,2026-09-04 19:16
Z0370,2026-09-04 19:17
Z0386,2026-09-04 19:17
Z0479,2026-09-04 19:17
Z0149,2026-09-04 19:18
Z0125,2026-09-04 19:20
Z0336,2026-09-04 19:20
Z0735,2026-09-04 19:26
Z0092,2026-09-04 19:28
Z0178,2026-09-04 19:28
Z0412,2026-09-04 19:28
Z0748,2026-09-04 19:28
Z0143,2026-09-04 19:29
Z0148,2026-09-04 19:29
Z0023,2026-09-04 19:30
Z0100,2026-09-04 19:33
Z0208,2026-09-04 19:33
Z0465,2026-09-04 19:34
Z0226,2026-09-04 19:36
Z0190,2026-09-04 19:37
Z0613,2026-09-04 19:37
Z0010,2026-09-04 19:39
Z0293,2026-09-04 19:39
Z0074,2026-09-04 19:41
Z0196,2026-09-04 19:41
Z0081,2026-09-04 19:42
Z0669,2026-09-04 19:43
Z0365,2026-09-04 19:47
Z0127,2026-09-04 19:48
Z0693,2026-09-04 19:50
Z0065,2026-09-04 19:52
Z0617,2026-09-04 19:53
Z0641,2026-09-04 19:54
Z0369,2026-09-04 19:55
Z0213,2026-09-04 19:56
Z0637,2026-09-04 19:58
Z0840,2026-09-04 20:00
Z0090,2026-09-04 20:02
Z0150,2026-09-04 20:04
Z0189,2026-09-04 20:06
Z0019,2026-09-04 20:09
Z0763,2026-09-04 20:09
Z0292,2026-09-04 20:15
Z0477,2026-09-04 20:15
Z0267,2026-09-04 20:17
Z0562,2026-09-04 20:21
Z0067,2026-09-04 20:27
Z0102,2026-09-04 20:28
Z0487,2026-09-04 20:28
Z0046,2026-09-04 20:41
Z0389,2026-09-04 20:41
Z0363,2026-09-04 20:51
Z0146,2026-09-04 20:59
Z0027,2026-09-05 06:02
Z0205,2026-09-05 06:02
Z0306,2026-09-05 06:02
Z0416,2026-09-05 06:11
Z0053,2026-09-05 06:12
Z0632,2026-09-05 06:13
Z0004,2026-09-05 06:14
Z0124,2026-09-05 06:14
Z0199,2026-09-05 06:14
Z0251,2026-09-05 06:14
Z0040,2026-09-05 06:15
Z0069,2026-09-05 06:18
Z0506,2026-09-05 06:18
Z0767,2026-09-05 06:18
Z0783,2026-09-05 06:18
Z0478,2026-09-05 06:21
Z0017,2026-09-05 06:25
Z0437,2026-09-05 06:26
Z0156,2026-09-05 06:27
Z0755,2026-09-05 06:28
Z0495,2026-09-05 06:32
Z0515,2026-09-05 06:33
Z0076,2026-09-05 06:35
Z0386,2026-09-05 06:36
Z0731,2026-09-05 06:36
Z0433,2026-09-05 06:38
Z0494,2026-09-05 06:41
Z0410,2026-09-05 06:42
Z0241,2026-09-05 06:43
Z0072,2026-09-05 06:47
Z0551,2026-09-05 06:47
Z0030,2026-09-05 06:48
Z0287,2026-09-05 06:49
Z0611,2026-09-05 06:50
Z0117,2026-09-05 06:51
Z0527,2026-09-05 06:56
Z0080,2026-09-05 06:58
Z0262,2026-09-05 07:01
Z0060,2026-09-05 07:03
Z0144,2026-09-05 07:03
Z0609,2026-09-05 07:03
Z0766,2026-09-05 07:05
Z0408,2026-09-05 07:06
Z0431,2026-09-05 07:07
Z0294,2026-09-05 07:08
Z0302,2026-09-05 07:08
Z0237,2026-09-05 07:10
Z0320,2026-09-05 07:10
Z0220,2026-09-05 07:11
Z0309,2026-09-05 07:11
Z0018,2026-09-05 07:15
Z0219,2026-09-05 07:16
Z0112,2026-09-05 07:17
Z0081,2026-09-05 07:21
Z0152,2026-09-05 07:22
Z0530,2026-09-05 07:23
Z0284,2026-09-05 07:27
Z0732,2026-09-05 07:27
Z0314,2026-09-05 07:29
Z0452,2026-09-05 07:30
Z0316,2026-09-05 07:31
Z0545,2026-09-05 07:32
Z0432,2026-09-05 07:33
Z0301,2026-09-05 07:34
Z0151,2026-09-05 07:35
Z0242,2026-09-05 07:35
Z0522,2026-09-05 07:35
Z0113,2026-09-05 07:36
Z0299,2026-09-05 07:36
Z0553,2026-09-05 07:36
Z0289,2026-09-05 07:37
Z0291,2026-09-05 07:37
Z0782,2026-09-05 07:37
Z0097,2026-09-05 07:38
Z0210,2026-09-05 07:38
Z0260,2026-09-05 07:38
Z0769,2026-09-05 07:41
Z0052,2026-09-05 07:42
Z0428,2026-09-05 07:42
Z0058,2026-09-05 07:44
Z0290,2026-09-05 07:44
Z0409,2026-09-05 07:44
Z0132,2026-09-05 07:45
Z0489,2026-09-05 07:47
Z0701,2026-09-05 07:47
Z0057,2026-09-05 07:49
Z0065,2026-09-05 07:49
Z0153,2026-09-05 07:50
Z0585,2026-09-05 07:50
Z0616,2026-09-05 07:50
Z0705,2026-09-05 07:51
Z0796,2026-09-05 07:51
Z0249,2026-09-05 07:52
Z0397,2026-09-05 07:52
Z0861,2026-09-05 07:52
Z0274,2026-09-05 07:53
Z0788,2026-09-05 07:53
Z0405,2026-09-05 07:56
Z0381,2026-09-05 07:58
Z0509,2026-09-05 07:59
Z0031,2026-09-05 08:00
Z0137,2026-09-05 08:00
Z0467,2026-09-05 08:03
Z0470,2026-09-05 08:03
Z0443,2026-09-05 08:04
Z0800,2026-09-05 08:08
Z0580,2026-09-05 08:09
Z0231,2026-09-05 08:12
Z0802,2026-09-05 08:13
Z0728,2026-09-05 08:14
Z0298,2026-09-05 08:19
Z0034,2026-09-05 08:22
Z0697,2026-09-05 08:22
Z0809,2026-09-05 08:23
Z0228,2026-09-05 08:24
Z0208,2026-09-05 08:29
Z0147,2026-09-05 08:32
Z0230,2026-09-05 08:37
Z0661,2026-09-05 08:37
Z0253,2026-09-05 08:40
Z0319,2026-09-05 08:42
Z0024,2026-09-05 08:45
Z0083,2026-09-05 08:47
Z0651,2026-09-05 08:49
Z0074,2026-09-05 08:50
Z0610,2026-09-05 08:51
Z0202,2026-09-05 08:56
Z0327,2026-09-05 08:56
Z0172,2026-09-05 08:57
Z0706,2026-09-05 09:05
Z0781,2026-09-05 09:05
Z0759,2026-09-05 09:12
Z0352,2026-09-05 09:14
Z0114,2026-09-05 09:30
Z0154,2026-09-05 09:35
Z0256,2026-09-05 09:54
Z0244,2026-09-05 09:56
Z0255,2026-09-05 09:56
Z0751,2026-09-05 12:02
Z0799,2026-09-05 12:03
Z0128,2026-09-05 12:08
Z0418,2026-09-05 12:10
Z0369,2026-09-05 12:14
Z0068,2026-09-05 12:20
Z0689,2026-09-05 12:21
Z0768,2026-09-05 12:21
Z0400,2026-09-05 12:23
Z0087,2026-09-05 12:31
Z0323,2026-09-05 12:34
Z0499,2026-09-05 12:39
Z0125,2026-09-05 12:40
Z0359,2026-09-05 12:41
Z0518,2026-09-05 12:42
Z0462,2026-09-05 12:44
Z0626,2026-09-05 12:45
Z0709,2026-09-05 12:53
Z0079,2026-09-05 12:55
Z0198,2026-09-05 12:55
Z0312,2026-09-05 13:01
Z0568,2026-09-05 13:05
Z0555,2026-09-05 13:10
Z0764,2026-09-05 13:10
Z0201,2026-09-05 13:12
Z0532,2026-09-05 13:15
Z0092,2026-09-05 13:20
Z0177,2026-09-05 13:21
Z0142,2026-09-05 13:22
Z0134,2026-09-05 13:23
Z0082,2026-09-05 13:32
Z0612,2026-09-05 13:36
Z0094,2026-09-05 13:39
Z0791,2026-09-05 13:39
Z0140,2026-09-05 13:51
Z0510,2026-09-05 13:54
Z0460,2026-09-05 13:57
Z0793,2026-09-05 13:58
Z0100,2026-09-05 17:02
Z0763,2026-09-05 17:02
Z0713,2026-09-05 17:13
Z0659,2026-09-05 17:20
Z0261,2026-09-05 17:22
Z0111,2026-09-05 17:24
Z0183,2026-09-05 17:26
Z0276,2026-09-05 17:28
Z0361,2026-09-05 17:31
Z0737,2026-09-05 17:31
Z0426,2026-09-05 17:33
Z0257,2026-09-05 17:38
Z0393,2026-09-05 17:38
Z0424,2026-09-05 17:39
Z0747,2026-09-05 17:42
Z0595,2026-09-05 17:44
Z0469,2026-09-05 17:45
Z0554,2026-09-05 17:46
Z0524,2026-09-05 17:49
Z0324,2026-09-05 17:50
Z0218,2026-09-05 17:53
Z0404,2026-09-05 17:57
Z0485,2026-09-05 18:01
Z0816,2026-09-05 18:02
Z0835,2026-09-05 18:03
Z0240,2026-09-05 18:04
Z0239,2026-09-05 18:06
Z0194,2026-09-05 18:07
Z0196,2026-09-05 18:11
Z0232,2026-09-05 18:11
Z0559,2026-09-05 18:11
Z0101,2026-09-05 18:17
Z0777,2026-09-05 18:18
Z0785,2026-09-05 18:20
Z0293,2026-09-05 18:22
Z0456,2026-09-05 18:22
Z0264,2026-09-05 18:24
Z0047,2026-09-05 18:25
Z0318,2026-09-05 18:25
Z0026,2026-09-05 18:29
Z0213,2026-09-05 18:32
Z0332,2026-09-05 18:32
Z0434,2026-09-05 18:32
Z0425,2026-09-05 18:33
Z0061,2026-09-05 18:35
Z0126,2026-09-05 18:35
Z0271,2026-09-05 18:36
Z0797,2026-09-05 18:36
Z0049,2026-09-05 18:39
Z0729,2026-09-05 18:40
Z0533,2026-09-05 18:41
Z0315,2026-09-05 18:43
Z0750,2026-09-05 18:44
Z0175,2026-09-05 18:46
Z0774,2026-09-05 18:46
Z0649,2026-09-05 18:50
Z0036,2026-09-05 18:51
Z0398,2026-09-05 18:51
Z0448,2026-09-05 18:55
Z0628,2026-09-05 18:55
Z0192,2026-09-05 18:57
Z0292,2026-09-05 18:57
Z0714,2026-09-05 19:00
Z0214,2026-09-05 19:01
Z0039,2026-09-05 19:02
Z0089,2026-09-05 19:02
Z0304,2026-09-05 19:03
Z0277,2026-09-05 19:04
Z0540,2026-09-05 19:04
Z0046,2026-09-05 19:05
Z0186,2026-09-05 19:07
Z0798,2026-09-05 19:07
Z0227,2026-09-05 19:09
Z0250,2026-09-05 19:11
Z0350,2026-09-05 19:11
Z0071,2026-09-05 19:13
Z0520,2026-09-05 19:13
Z0159,2026-09-05 19:14
Z0645,2026-09-05 19:15
Z0281,2026-09-05 19:18
Z0121,2026-09-05 19:20
Z0095,2026-09-05 19:23
Z0180,2026-09-05 19:23
Z0718,2026-09-05 19:26
Z0247,2026-09-05 19:27
Z0370,2026-09-05 19:27
Z0578,2026-09-05 19:28
Z0190,2026-09-05 19:30
Z0021,2026-09-05 19:31
Z0009,2026-09-05 19:34
Z0811,2026-09-05 19:37
Z0116,2026-09-05 19:38
Z0516,2026-09-05 19:40
Z0779,2026-09-05 19:48
Z0727,2026-09-05 19:50
Z0118,2026-09-05 19:52
Z0280,2026-09-05 19:53
Z0164,2026-09-05 19:54
Z0189,2026-09-05 19:55
Z0493,2026-09-05 20:01
Z0169,2026-09-05 20:03
Z0105,2026-09-05 20:04
Z0760,2026-09-05 20:08
Z0395,2026-09-05 20:10
Z0103,2026-09-05 20:11
Z0064,2026-09-05 20:16
Z0215,2026-09-05 20:17
Z0317,2026-09-05 20:20
Z0403,2026-09-05 20:22
Z0015,2026-09-05 20:24
Z0795,2026-09-05 20:26
Z0856,2026-09-05 20:26
Z0141,2026-09-05 20:27
Z0583,2026-09-05 20:42
Z0744,2026-09-05 20:43
Z0337,2026-09-05 20:44
Z0084,2026-09-05 20:49
Z0019,2026-09-05 20:52
Z0471,2026-09-05 20:53
Z0739,2026-09-05 20:53
Z0507,2026-09-05 20:55
Z0212,2026-09-05 20:56
Z0254,2026-09-06 06:00
Z0145,2026-09-06 06:01
Z0078,2026-09-06 06:02
Z0592,2026-09-06 06:05
Z0767,2026-09-06 06:05
Z0821,2026-09-06 06:07
Z0487,2026-09-06 06:09
Z0449,2026-09-06 06:13
Z0102,2026-09-06 06:15
Z0758,2026-09-06 06:19
Z0291,2026-09-06 06:23
Z0294,2026-09-06 06:26
Z0016,2026-09-06 06:27
Z0436,2026-09-06 06:28
Z0764,2026-09-06 06:28
Z0860,2026-09-06 06:30
Z0467,2026-09-06 06:34
Z0315,2026-09-06 06:36
Z0099,2026-09-06 06:38
Z0003,2026-09-06 06:42
Z0236,2026-09-06 06:43
Z0182,2026-09-06 06:45
Z0244,2026-09-06 06:45
Z0318,2026-09-06 06:45
Z0717,2026-09-06 06:46
Z0043,2026-09-06 06:50
Z0113,2026-09-06 06:51
Z0259,2026-09-06 06:53
Z0056,2026-09-06 06:54
Z0698,2026-09-06 06:54
Z0849,2026-09-06 06:54
Z0165,2026-09-06 06:55
Z0476,2026-09-06 06:55
Z0629,2026-09-06 06:56
Z0777,2026-09-06 06:56
Z0588,2026-09-06 06:58
Z0716,2026-09-06 06:58
Z0263,2026-09-06 06:59
Z0129,2026-09-06 07:00
Z0326,2026-09-06 07:01
Z0287,2026-09-06 07:03
Z0070,2026-09-06 07:04
Z0265,2026-09-06 07:05
Z0423,2026-09-06 07:05
Z0298,2026-09-06 07:07
Z0307,2026-09-06 07:07
Z0811,2026-09-06 07:08
Z0491,2026-09-06 07:09
Z0635,2026-09-06 07:11
Z0558,2026-09-06 07:13
Z0746,2026-09-06 07:13
Z0040,2026-09-06 07:15
Z0325,2026-09-06 07:15
Z0152,2026-09-06 07:16
Z0279,2026-09-06 07:16
Z0233,2026-09-06 07:17
Z0249,2026-09-06 07:17
Z0186,2026-09-06 07:19
Z0464,2026-09-06 07:21
Z0114,2026-09-06 07:22
Z0122,2026-09-06 07:22
Z0157,2026-09-06 07:22
Z0029,2026-09-06 07:23
Z0400,2026-09-06 07:23
Z0184,2026-09-06 07:24
Z0075,2026-09-06 07:25
Z0183,2026-09-06 07:27
Z0112,2026-09-06 07:28
Z0521,2026-09-06 07:30
Z0433,2026-09-06 07:31
Z0223,2026-09-06 07:32
Z0347,2026-09-06 07:32
Z0103,2026-09-06 07:33
Z0547,2026-09-06 07:33
Z0453,2026-09-06 07:34
Z0296,2026-09-06 07:37
Z0331,2026-09-06 07:37
Z0342,2026-09-06 07:37
Z0266,2026-09-06 07:39
Z0759,2026-09-06 07:39
Z0209,2026-09-06 07:42
Z0310,2026-09-06 07:42
Z0781,2026-09-06 07:46
Z0516,2026-09-06 07:48
Z0028,2026-09-06 07:49
Z0519,2026-09-06 07:50
Z0793,2026-09-06 07:51
Z0267,2026-09-06 07:55
Z0077,2026-09-06 07:57
Z0286,2026-09-06 07:57
Z0008,2026-09-06 07:58
Z0120,2026-09-06 07:59
Z0272,2026-09-06 07:59
Z0417,2026-09-06 08:00
Z0730,2026-09-06 08:01
Z0780,2026-09-06 08:04
Z0095,2026-09-06 08:05
Z0360,2026-09-06 08:10
Z0207,2026-09-06 08:14
Z0498,2026-09-06 08:17
Z0127,2026-09-06 08:19
Z0235,2026-09-06 08:19
Z0786,2026-09-06 08:20
Z0445,2026-09-06 08:21
Z0258,2026-09-06 08:22
Z0685,2026-09-06 08:23
Z0327,2026-09-06 08:24
Z0147,2026-09-06 08:26
Z0675,2026-09-06 08:26
Z0045,2026-09-06 08:31
Z0121,2026-09-06 08:32
Z0628,2026-09-06 08:33
Z0637,2026-09-06 08:36
Z0792,2026-09-06 08:36
Z0292,2026-09-06 08:39
Z0687,2026-09-06 08:39
Z0711,2026-09-06 08:39
Z0250,2026-09-06 08:40
Z0804,2026-09-06 08:42
Z0273,2026-09-06 08:44
Z0420,2026-09-06 08:50
Z0076,2026-09-06 08:52
Z0451,2026-09-06 08:56
Z0202,2026-09-06 09:08
Z0362,2026-09-06 09:10
Z0274,2026-09-06 09:15
Z0063,2026-09-06 09:21
Z0132,2026-09-06 09:39
Z0373,2026-09-06 09:50
Z0514,2026-09-06 09:57
Z0151,2026-09-06 12:06
Z0046,2026-09-06 12:26
Z0058,2026-09-06 12:31
Z0305,2026-09-06 12:32
Z0269,2026-09-06 12:38
Z0438,2026-09-06 12:40
Z0175,2026-09-06 12:54
Z0529,2026-09-06 13:00
Z0148,2026-09-06 13:03
Z0087,2026-09-06 13:06
Z0691,2026-09-06 13:08
Z0571,2026-09-06 13:12
Z0304,2026-09-06 13:14
Z0772,2026-09-06 13:22
Z0118,2026-09-06 13:25
Z0285,2026-09-06 13:28
Z0019,2026-09-06 13:29
Z0535,2026-09-06 13:30
Z0297,2026-09-06 13:32
Z0593,2026-09-06 13:32
Z0553,2026-09-06 13:34
Z0017,2026-09-06 13:38
Z0699,2026-09-06 13:41
Z0447,2026-09-06 13:42
Z0091,2026-09-06 13:47
Z0787,2026-09-06 13:51
Z0106,2026-09-06 13:53
Z0528,2026-09-06 13:53
Z0351,2026-09-06 13:54
Z0477,2026-09-06 13:54
Z0407,2026-09-06 13:58
Z0594,2026-09-06 17:03
Z0663,2026-09-06 17:03
Z0645,2026-09-06 17:05
Z0253,2026-09-06 17:07
Z0316,2026-09-06 17:07
Z0172,2026-09-06 17:08
Z0311,2026-09-06 17:13
Z0228,2026-09-06 17:16
Z0135,2026-09-06 17:17
Z0136,2026-09-06 17:17
Z0037,2026-09-06 17:18
Z0221,2026-09-06 17:22
Z0275,2026-09-06 17:22
Z0243,2026-09-06 17:27
Z0035,2026-09-06 17:32
Z0283,2026-09-06 17:39
Z0238,2026-09-06 17:42
Z0229,2026-09-06 17:49
Z0104,2026-09-06 17:51
Z0072,2026-09-06 18:08
Z0605,2026-09-06 18:10
Z0618,2026-09-06 18:12
Z0418,2026-09-06 18:14
Z0174,2026-09-06 18:16
Z0798,2026-09-06 18:17
Z0022,2026-09-06 18:19
Z0064,2026-09-06 18:19
Z0146,2026-09-06 18:20
Z0196,2026-09-06 18:20
Z0039,2026-09-06 18:21
Z0234,2026-09-06 18:21
Z0188,2026-09-06 18:24
Z0313,2026-09-06 18:26
Z0851,2026-09-06 18:27
Z0124,2026-09-06 18:29
Z0217,2026-09-06 18:29
Z0335,2026-09-06 18:34
Z0225,2026-09-06 18:40
Z0432,2026-09-06 18:42
Z0303,2026-09-06 18:46
Z0006,2026-09-06 18:47
Z0131,2026-09-06 18:49
Z0282,2026-09-06 18:50
Z0391,2026-09-06 18:52
Z0119,2026-09-06 18:54
Z0133,2026-09-06 18:54
Z0289,2026-09-06 18:57
Z0328,2026-09-06 19:00
Z0009,2026-09-06 19:01
Z0092,2026-09-06 19:02
Z0338,2026-09-06 19:02
Z0775,2026-09-06 19:03
Z0052,2026-09-06 19:05
Z0293,2026-09-06 19:05
Z0314,2026-09-06 19:07
Z0300,2026-09-06 19:08
Z0363,2026-09-06 19:09
Z0212,2026-09-06 19:10
Z0201,2026-09-06 19:11
Z0247,2026-09-06 19:11
Z0194,2026-09-06 19:13
Z0774,2026-09-06 19:13
Z0299,2026-09-06 19:14
Z0369,2026-09-06 19:14
Z0062,2026-09-06 19:16
Z0374,2026-09-06 19:16
Z0440,2026-09-06 19:16
Z0567,2026-09-06 19:16
Z0554,2026-09-06 19:19
Z0011,2026-09-06 19:20
Z0474,2026-09-06 19:20
Z0123,2026-09-06 19:22
Z0346,2026-09-06 19:26
Z0796,2026-09-06 19:27
Z0696,2026-09-06 19:29
Z0738,2026-09-06 19:29
Z0461,2026-09-06 19:30
Z0784,2026-09-06 19:30
Z0343,2026-09-06 19:31
Z0336,2026-09-06 19:32
Z0158,2026-09-06 19:38
Z0739,2026-09-06 19:38
Z0036,2026-09-06 19:44
Z0454,2026-09-06 19:48
Z0014,2026-09-06 19:50
Z0191,2026-09-06 19:52
Z0768,2026-09-06 19:52
Z0785,2026-09-06 19:53
Z0415,2026-09-06 19:54
Z0741,2026-09-06 19:55
Z0667,2026-09-06 19:57
Z0788,2026-09-06 19:58
Z0059,2026-09-06 20:01
Z0115,2026-09-06 20:03
Z0053,2026-09-06 20:08
Z0384,2026-09-06 20:09
Z0483,2026-09-06 20:09
Z0055,2026-09-06 20:12
Z0489,2026-09-06 20:15
Z0246,2026-09-06 20:18
Z0193,2026-09-06 20:20
Z0163,2026-09-06 20:23
Z0575,2026-09-06 20:23
Z0630,2026-09-06 20:24
Z0364,2026-09-06 20:26
Z0393,2026-09-06 20:26
Z0248,2026-09-06 20:27
Z0048,2026-09-06 20:30
Z0312,2026-09-06 20:31
Z0038,2026-09-06 20:32
Z0044,2026-09-06 20:34
Z0134,2026-09-06 20:43
Z0216,2026-09-06 20:43
Z0179,2026-09-06 20:48
Z0204,2026-09-06 20:50
Z0756,2026-09-06 20:51
Z0740,2026-09-06 20:55
Z0279,2026-09-07 06:01
Z0076,2026-09-07 06:02
Z0166,2026-09-07 06:02
Z0330,2026-09-07 06:02
Z0112,2026-09-07 06:08
Z0694,2026-09-07 06:08
Z0498,2026-09-07 06:09
Z0060,2026-09-07 06:11
Z0157,2026-09-07 06:11
Z0351,2026-09-07 06:11
Z0709,2026-09-07 06:11
Z0043,2026-09-07 06:16
Z0382,2026-09-07 06:16
Z0465,2026-09-07 06:18
Z0736,2026-09-07 06:20
Z0625,2026-09-07 06:21
Z0411,2026-09-07 06:22
Z0185,2026-09-07 06:23
Z0371,2026-09-07 06:23
Z0320,2026-09-07 06:26
Z0236,2026-09-07 06:28
Z0468,2026-09-07 06:29
Z0618,2026-09-07 06:29
Z0329,2026-09-07 06:31
Z0139,2026-09-07 06:32
Z0025,2026-09-07 06:33
Z0766,2026-09-07 06:36
Z0402,2026-09-07 06:37
Z0186,2026-09-07 06:38
Z0100,2026-09-07 06:40
Z0159,2026-09-07 06:43
Z0331,2026-09-07 06:45
Z0244,2026-09-07 06:46
Z0260,2026-09-07 06:46
Z0241,2026-09-07 06:47
Z0261,2026-09-07 06:49
Z0412,2026-09-07 06:51
Z0004,2026-09-07 06:52
Z0707,2026-09-07 06:52
Z0240,2026-09-07 06:54
Z0654,2026-09-07 06:55
Z0516,2026-09-07 06:57
Z0844,2026-09-07 06:57
Z0063,2026-09-07 07:00
Z0265,2026-09-07 07:00
Z0439,2026-09-07 07:01
Z0154,2026-09-07 07:02
Z0217,2026-09-07 07:03
Z0555,2026-09-07 07:03
Z0716,2026-09-07 07:04
Z0214,2026-09-07 07:07
Z0003,2026-09-07 07:08
Z0782,2026-09-07 07:09
Z0272,2026-09-07 07:10
Z0336,2026-09-07 07:10
Z0476,2026-09-07 07:10
Z0021,2026-09-07 07:12
Z0309,2026-09-07 07:13
Z0778,2026-09-07 07:14
Z0569,2026-09-07 07:15
Z0187,2026-09-07 07:18
Z0289,2026-09-07 07:18
Z0451,2026-09-07 07:18
Z0426,2026-09-07 07:20
Z0270,2026-09-07 07:21
Z0113,2026-09-07 07:23
Z0130,2026-09-07 07:23
Z0200,2026-09-07 07:23
Z0262,2026-09-07 07:23
Z0429,2026-09-07 07:24
Z0829,2026-09-07 07:24
Z0257,2026-09-07 07:25
Z0271,2026-09-07 07:25
Z0442,2026-09-07 07:28
Z0557,2026-09-07 07:29
Z0404,2026-09-07 07:30
Z0256,2026-09-07 07:32
Z0149,2026-09-07 07:33
Z0178,2026-09-07 07:33
Z0022,2026-09-07 07:35
Z0339,2026-09-07 07:36
Z0533,2026-09-07 07:36
Z0599,2026-09-07 07:37
Z0578,2026-09-07 07:39
Z0032,2026-09-07 07:46
Z0443,2026-09-07 07:47
Z0375,2026-09-07 07:48
Z0070,2026-09-07 07:49
Z0798,2026-09-07 07:52
Z0495,2026-09-07 07:55
Z0417,2026-09-07 07:56
Z0727,2026-09-07 07:57
Z0298,2026-09-07 07:58
Z0232,2026-09-07 07:59
Z0062,2026-09-07 08:02
Z0210,2026-09-07 08:03
Z0222,2026-09-07 08:03
Z0352,2026-09-07 08:05
Z0018,2026-09-07 08:06
Z0605,2026-09-07 08:07
Z0373,2026-09-07 08:08
Z0366,2026-09-07 08:11
Z0316,2026-09-07 08:16
Z0195,2026-09-07 08:17
Z0383,2026-09-07 08:17
Z0111,2026-09-07 08:19
Z0115,2026-09-07 08:20
Z0705,2026-09-07 08:20
Z0084,2026-09-07 08:22
Z0101,2026-09-07 08:22
Z0525,2026-09-07 08:24
Z0165,2026-09-07 08:25
Z0477,2026-09-07 08:27
Z0231,2026-09-07 08:28
Z0307,2026-09-07 08:29
Z0559,2026-09-07 08:29
Z0024,2026-09-07 08:31
Z0034,2026-09-07 08:32
Z0163,2026-09-07 08:34
Z0137,2026-09-07 08:35
Z0767,2026-09-07 08:37
Z0235,2026-09-07 08:38
Z0338,2026-09-07 08:38
Z0381,2026-09-07 08:38
Z0090,2026-09-07 08:40
Z0580,2026-09-07 08:40
Z0786,2026-09-07 08:41
Z0042,2026-09-07 08:46
Z0697,2026-09-07 08:47
Z0150,2026-09-07 08:51
Z0181,2026-09-07 08:55
Z0080,2026-09-07 09:10
Z0156,2026-09-07 09:19
Z0453,2026-09-07 09:36
Z0509,2026-09-07 09:39
Z0255,2026-09-07 09:50
Z0026,2026-09-07 12:06
Z0174,2026-09-07 12:12
Z0419,2026-09-07 12:12
Z0213,2026-09-07 12:14
Z0099,2026-09-07 12:17
Z0226,2026-09-07 12:17
Z0020,2026-09-07 12:18
Z0158,2026-09-07 12:18
Z0504,2026-09-07 12:24
Z0790,2026-09-07 12:24
Z0123,2026-09-07 12:25
Z0479,2026-09-07 12:27
Z0180,2026-09-07 12:28
Z0044,2026-09-07 12:31
Z0553,2026-09-07 12:36
Z0739,2026-09-07 12:39
Z0227,2026-09-07 12:44
Z0840,2026-09-07 12:44
Z0341,2026-09-07 12:46
Z0474,2026-09-07 12:50
Z0229,2026-09-07 12:53
Z0340,2026-09-07 13:04
Z0199,2026-09-07 13:06
Z0014,2026-09-07 13:09
Z0462,2026-09-07 13:11
Z0818,2026-09-07 13:11
Z0335,2026-09-07 13:17
Z0624,2026-09-07 13:22
Z0791,2026-09-07 13:23
Z0193,2026-09-07 13:35
Z0145,2026-09-07 13:37
Z0638,2026-09-07 13:40
Z0793,2026-09-07 13:44
Z0189,2026-09-07 13:51
Z0141,2026-09-07 13:55
Z0108,2026-09-07 17:05
Z0167,2026-09-07 17:05
Z0343,2026-09-07 17:12
Z0590,2026-09-07 17:20
Z0539,2026-09-07 17:25
Z0097,2026-09-07 17:26
Z0753,2026-09-07 17:32
Z0104,2026-09-07 17:38
Z0741,2026-09-07 17:40
Z0776,2026-09-07 17:41
Z0430,2026-09-07 17:43
Z0089,2026-09-07 17:45
Z0328,2026-09-07 17:47
Z0253,2026-09-07 17:51
Z0035,2026-09-07 17:54
Z0460,2026-09-07 17:57
Z0225,2026-09-07 18:01
Z0461,2026-09-07 18:03
Z0762,2026-09-07 18:04
Z0059,2026-09-07 18:07
Z0252,2026-09-07 18:07
Z0300,2026-09-07 18:08
Z0719,2026-09-07 18:10
Z0425,2026-09-07 18:16
Z0532,2026-09-07 18:17
Z0207,2026-09-07 18:19
Z0374,2026-09-07 18:20
Z0573,2026-09-07 18:22
Z0248,2026-09-07 18:23
Z0314,2026-09-07 18:26
Z0067,2026-09-07 18:27
Z0050,2026-09-07 18:28
Z0763,2026-09-07 18:28
Z0269,2026-09-07 18:30
Z0427,2026-09-07 18:30
Z0851,2026-09-07 18:32
Z0190,2026-09-07 18:35
Z0481,2026-09-07 18:35
Z0212,2026-09-07 18:37
Z0016,2026-09-07 18:40
Z0054,2026-09-07 18:42
Z0254,2026-09-07 18:42
Z0455,2026-09-07 18:42
Z0802,2026-09-07 18:42
Z0146,2026-09-07 18:45
Z0323,2026-09-07 18:46
Z0350,2026-09-07 18:46
Z0565,2026-09-07 18:48
Z0083,2026-09-07 18:49
Z0138,2026-09-07 18:49
Z0568,2026-09-07 18:50
Z0142,2026-09-07 18:51
Z0768,2026-09-07 18:57
Z0170,2026-09-07 18:58
Z0292,2026-09-07 18:58
Z0037,2026-09-07 19:01
Z0662,2026-09-07 19:01
Z0135,2026-09-07 19:02
Z0312,2026-09-07 19:02
Z0772,2026-09-07 19:02
Z0208,2026-09-07 19:03
Z0714,2026-09-07 19:03
Z0194,2026-09-07 19:04
Z0401,2026-09-07 19:07
Z0635,2026-09-07 19:07
Z0055,2026-09-07 19:09
Z0485,2026-09-07 19:09
Z0140,2026-09-07 19:10
Z0233,2026-09-07 19:11
Z0031,2026-09-07 19:14
Z0082,2026-09-07 19:14
Z0614,2026-09-07 19:14
Z0831,2026-09-07 19:14
Z0147,2026-09-07 19:15
Z0699,2026-09-07 19:17
Z0296,2026-09-07 19:18
Z0534,2026-09-07 19:20
Z0072,2026-09-07 19:22
Z0278,2026-09-07 19:24
Z0472,2026-09-07 19:24
Z0437,2026-09-07 19:27
Z0173,2026-09-07 19:28
Z0153,2026-09-07 19:30
Z0754,2026-09-07 19:30
Z0127,2026-09-07 19:31
Z0554,2026-09-07 19:33
Z0247,2026-09-07 19:36
Z0486,2026-09-07 19:36
Z0002,2026-09-07 19:39
Z0019,2026-09-07 19:41
Z0116,2026-09-07 19:43
Z0211,2026-09-07 19:43
Z0483,2026-09-07 19:43
Z0045,2026-09-07 19:47
Z0105,2026-09-07 19:47
Z0743,2026-09-07 19:50
Z0572,2026-09-07 19:51
Z0567,2026-09-07 19:52
Z0469,2026-09-07 19:53
Z0120,2026-09-07 19:54
Z0267,2026-09-07 19:55
Z0372,2026-09-07 20:01
Z0109,2026-09-07 20:03
Z0601,2026-09-07 20:13
Z0103,2026-09-07 20:15
Z0416,2026-09-07 20:20
Z0507,2026-09-07 20:20
Z0510,2026-09-07 20:22
Z0175,2026-09-07 20:24
Z0698,2026-09-07 20:25
Z0283,2026-09-07 20:30
Z0006,2026-09-07 20:33
Z0171,2026-09-07 20:34
Z0007,2026-09-07 20:36
Z0346,2026-09-07 20:39
Z0344,2026-09-07 20:40
Z0493,2026-09-07 20:43
Z0505,2026-09-07 20:47
Z0183,2026-09-07 20:52
Z0370,2026-09-07 20:54
Z0046,2026-09-07 20:55
Z0660,2026-09-08 06:04
Z0063,2026-09-08 06:06
Z0128,2026-09-08 06:06
Z0676,2026-09-08 06:06
Z0027,2026-09-08 06:09
Z0030,2026-09-08 06:10
Z0756,2026-09-08 06:10
Z0500,2026-09-08 06:11
Z0149,2026-09-08 06:16
Z0211,2026-09-08 06:16
Z0585,2026-09-08 06:16
Z0024,2026-09-08 06:18
Z0040,2026-09-08 06:18
Z0056,2026-09-08 06:19
Z0038,2026-09-08 06:22
Z0003,2026-09-08 06:26
Z0237,2026-09-08 06:30
Z0761,2026-09-08 06:32
Z0201,2026-09-08 06:35
Z0028,2026-09-08 06:37
Z0279,2026-09-08 06:39
Z0431,2026-09-08 06:39
Z0048,2026-09-08 06:42
Z0005,2026-09-08 06:43
Z0011,2026-09-08 06:43
Z0256,2026-09-08 06:44
Z0390,2026-09-08 06:44
Z0664,2026-09-08 06:44
Z0614,2026-09-08 06:48
Z0518,2026-09-08 06:50
Z0326,2026-09-08 06:51
Z0506,2026-09-08 06:51
Z0287,2026-09-08 06:52
Z0394,2026-09-08 06:54
Z0044,2026-09-08 07:01
Z0171,2026-09-08 07:01
Z0184,2026-09-08 07:02
Z0760,2026-09-08 07:03
Z0344,2026-09-08 07:04
Z0179,2026-09-08 07:05
Z0168,2026-09-08 07:06
Z0472,2026-09-08 07:07
Z0276,2026-09-08 07:08
Z0485,2026-09-08 07:08
Z0091,2026-09-08 07:09
Z0789,2026-09-08 07:09
Z0176,2026-09-08 07:11
Z0795,2026-09-08 07:13
Z0445,2026-09-08 07:14
Z0111,2026-09-08 07:15
Z0855,2026-09-08 07:15
Z0821,2026-09-08 07:16
Z0126,2026-09-08 07:18
Z0157,2026-09-08 07:18
Z0409,2026-09-08 07:18
Z0046,2026-09-08 07:19
Z0509,2026-09-08 07:19
Z0580,2026-09-08 07:21
Z0060,2026-09-08 07:22
Z0109,2026-09-08 07:22
Z0146,2026-09-08 07:22
Z0089,2026-09-08 07:23
Z0342,2026-09-08 07:25
Z0284,2026-09-08 07:26
Z0075,2026-09-08 07:27
Z0047,2026-09-08 07:28
Z0210,2026-09-08 07:28
Z0513,2026-09-08 07:28
Z0033,2026-09-08 07:33
Z0703,2026-09-08 07:33
Z0362,2026-09-08 07:35
Z0451,2026-09-08 07:38
Z0620,2026-09-08 07:38
Z0076,2026-09-08 07:40
Z0632,2026-09-08 07:41
Z0041,2026-09-08 07:42
Z0197,2026-09-08 07:42
Z0066,2026-09-08 07:44
Z0370,2026-09-08 07:44
Z0288,2026-09-08 07:45
Z0772,2026-09-08 07:45
Z0023,2026-09-08 07:47
Z0726,2026-09-08 07:47
Z0162,2026-09-08 07:48
Z0294,2026-09-08 07:52
Z0720,2026-09-08 07:53
Z0202,2026-09-08 07:56
Z0422,2026-09-08 07:56
Z0759,2026-09-08 07:56
Z0070,2026-09-08 07:57
Z0480,2026-09-08 07:57
Z0241,2026-09-08 07:58
Z0839,2026-09-08 07:59
Z0191,2026-09-08 08:00
Z0261,2026-09-08 08:05
Z0065,2026-09-08 08:08
Z0227,2026-09-08 08:09
Z0246,2026-09-08 08:09
Z0550,2026-09-08 08:14
Z0856,2026-09-08 08:18
Z0073,2026-09-08 08:19
Z0134,2026-09-08 08:20
Z0045,2026-09-08 08:21
Z0080,2026-09-08 08:22
Z0563,2026-09-08 08:22
Z0124,2026-09-08 08:24
Z0561,2026-09-08 08:24
Z0026,2026-09-08 08:27
Z0615,2026-09-08 08:29
Z0277,2026-09-08 08:34
Z0385,2026-09-08 08:35
Z0434,2026-09-08 08:36
Z0087,2026-09-08 08:37
Z0281,2026-09-08 08:37
Z0286,2026-09-08 08:39
Z0272,2026-09-08 08:40
Z0414,2026-09-08 08:40
Z0459,2026-09-08 08:40
Z0368,2026-09-08 08:46
Z0050,2026-09-08 08:50
Z0090,2026-09-08 08:51
Z0733,2026-09-08 08:51
Z0723,2026-09-08 08:53
Z0207,2026-09-08 08:55
Z0619,2026-09-08 08:55
Z0049,2026-09-08 08:56
Z0308,2026-09-08 08:58
Z0039,2026-09-08 08:59
Z0330,2026-09-08 09:00
Z0767,2026-09-08 09:03
Z0443,2026-09-08 09:05
Z0309,2026-09-08 09:11
Z0710,2026-09-08 09:26
Z0453,2026-09-08 09:27
Z0077,2026-09-08 09:28
Z0399,2026-09-08 09:39
Z0782,2026-09-08 09:46
Z0780,2026-09-08 09:51
Z0260,2026-09-08 09:57
Z0062,2026-09-08 12:07
Z0238,2026-09-08 12:11
Z0249,2026-09-08 12:11
Z0292,2026-09-08 12:15
Z0299,2026-09-08 12:16
Z0185,2026-09-08 12:17
Z0728,2026-09-08 12:18
Z0086,2026-09-08 12:20
Z0863,2026-09-08 12:21
Z0177,2026-09-08 12:30
Z0232,2026-09-08 12:41
Z0478,2026-09-08 12:43
Z0818,2026-09-08 12:46
Z0104,2026-09-08 12:50
Z0607,2026-09-08 12:57
Z0787,2026-09-08 12:57
Z0349,2026-09-08 12:58
Z0564,2026-09-08 13:04
Z0221,2026-09-08 13:06
Z0322,2026-09-08 13:09
Z0318,2026-09-08 13:12
Z0560,2026-09-08 13:13
Z0784,2026-09-08 13:22
Z0141,2026-09-08 13:25
Z0775,2026-09-08 13:26
Z0536,2026-09-08 13:30
Z0137,2026-09-08 13:32
Z0200,2026-09-08 13:33
Z0098,2026-09-08 13:34
Z0303,2026-09-08 13:40
Z0579,2026-09-08 13:59
Z0317,2026-09-08 17:04
Z0015,2026-09-08 17:12
Z0031,2026-09-08 17:12
Z0068,2026-09-08 17:15
Z0053,2026-09-08 17:17
Z0175,2026-09-08 17:20
Z0384,2026-09-08 17:26
Z0219,2026-09-08 17:29
Z0228,2026-09-08 17:33
Z0602,2026-09-08 17:46
Z0766,2026-09-08 17:48
Z0084,2026-09-08 17:49
Z0161,2026-09-08 17:49
Z0122,2026-09-08 17:54
Z0421,2026-09-08 17:57
Z0072,2026-09-08 18:01
Z0106,2026-09-08 18:05
Z0143,2026-09-08 18:07
Z0574,2026-09-08 18:12
Z0164,2026-09-08 18:15
Z0517,2026-09-08 18:15
Z0254,2026-09-08 18:16
Z0273,2026-09-08 18:16
Z0592,2026-09-08 18:16
Z0596,2026-09-08 18:16
Z0067,2026-09-08 18:18
Z0764,2026-09-08 18:20
Z0010,2026-09-08 18:21
Z0082,2026-09-08 18:21
Z0442,2026-09-08 18:22
Z0538,2026-09-08 18:22
Z0339,2026-09-08 18:26
Z0290,2026-09-08 18:28
Z0367,2026-09-08 18:29
Z0535,2026-09-08 18:29
Z0765,2026-09-08 18:29
Z0224,2026-09-08 18:34
Z0464,2026-09-08 18:34
Z0523,2026-09-08 18:35
Z0181,2026-09-08 18:37
Z0195,2026-09-08 18:37
Z0301,2026-09-08 18:40
Z0214,2026-09-08 18:43
Z0736,2026-09-08 18:44
Z0083,2026-09-08 18:47
Z0862,2026-09-08 18:49
Z0057,2026-09-08 18:53
Z0173,2026-09-08 18:55
Z0465,2026-09-08 18:56
Z0311,2026-09-08 18:57
Z0486,2026-09-08 18:57
Z0452,2026-09-08 19:01
Z0234,2026-09-08 19:02
Z0226,2026-09-08 19:03
Z0696,2026-09-08 19:03
Z0835,2026-09-08 19:06
Z0605,2026-09-08 19:07
Z0666,2026-09-08 19:08
Z0861,2026-09-08 19:08
Z0036,2026-09-08 19:10
Z0008,2026-09-08 19:11
Z0400,2026-09-08 19:11
Z0779,2026-09-08 19:12
Z0840,2026-09-08 19:12
Z0121,2026-09-08 19:13
Z0019,2026-09-08 19:14
Z0094,2026-09-08 19:14
Z0115,2026-09-08 19:14
Z0800,2026-09-08 19:14
Z0483,2026-09-08 19:18
Z0768,2026-09-08 19:20
Z0269,2026-09-08 19:21
Z0136,2026-09-08 19:23
Z0413,2026-09-08 19:23
Z0139,2026-09-08 19:27
Z0534,2026-09-08 19:27
Z0745,2026-09-08 19:28
Z0762,2026-09-08 19:28
Z0581,2026-09-08 19:33
Z0006,2026-09-08 19:37
Z0263,2026-09-08 19:37
Z0456,2026-09-08 19:38
Z0052,2026-09-08 19:39
Z0105,2026-09-08 19:42
Z0297,2026-09-08 19:48
Z0618,2026-09-08 19:48
Z0645,2026-09-08 19:49
Z0771,2026-09-08 19:53
Z0306,2026-09-08 19:54
Z0315,2026-09-08 19:55
Z0316,2026-09-08 19:59
Z0196,2026-09-08 20:02
Z0007,2026-09-08 20:04
Z0099,2026-09-08 20:06
Z0504,2026-09-08 20:06
Z0407,2026-09-08 20:10
Z0753,2026-09-08 20:10
Z0095,2026-09-08 20:19
Z0547,2026-09-08 20:20
Z0778,2026-09-08 20:20
Z0391,2026-09-08 20:23
Z0324,2026-09-08 20:27
Z0378,2026-09-08 20:28
Z0401,2026-09-08 20:28
Z0521,2026-09-08 20:29
Z0424,2026-09-08 20:30
Z0145,2026-09-08 20:42
Z0264,2026-09-08 20:49
Z0230,2026-09-08 20:53
Z0188,2026-09-08 20:54
Z0773,2026-09-08 20:55
Z0001,2026-09-09 06:02
Z0331,2026-09-09 06:02
Z0148,2026-09-09 06:04
Z0548,2026-09-09 06:07
Z0530,2026-09-09 06:09
Z0814,2026-09-09 06:09
Z0072,2026-09-09 06:10
Z0770,2026-09-09 06:11
Z0430,2026-09-09 06:13
Z0525,2026-09-09 06:16
Z0120,2026-09-09 06:19
Z0393,2026-09-09 06:21
Z0123,2026-09-09 06:22
Z0417,2026-09-09 06:23
Z0245,2026-09-09 06:24
Z0229,2026-09-09 06:25
Z0787,2026-09-09 06:25
Z0717,2026-09-09 06:27
Z0398,2026-09-09 06:28
Z0725,2026-09-09 06:31
Z0042,2026-09-09 06:32
Z0117,2026-09-09 06:35
Z0575,2026-09-09 06:38
Z0267,2026-09-09 06:41
Z0225,2026-09-09 06:42
Z0453,2026-09-09 06:42
Z0202,2026-09-09 06:43
Z0498,2026-09-09 06:44
Z0759,2026-09-09 06:46
Z0769,2026-09-09 06:46
Z0032,2026-09-09 06:48
Z0399,2026-09-09 06:49
Z0844,2026-09-09 06:59
Z0272,2026-09-09 07:00
Z0400,2026-09-09 07:00
Z0211,2026-09-09 07:01
Z0719,2026-09-09 07:01
Z0092,2026-09-09 07:06
Z0147,2026-09-09 07:06
Z0293,2026-09-09 07:06
Z0039,2026-09-09 07:08
Z0788,2026-09-09 07:08
Z0210,2026-09-09 07:09
Z0556,2026-09-09 07:10
Z0125,2026-09-09 07:11
Z0133,2026-09-09 07:11
Z0310,2026-09-09 07:11
Z0772,2026-09-09 07:12
Z0199,2026-09-09 07:14
Z0504,2026-09-09 07:14
Z0382,2026-09-09 07:15
Z0706,2026-09-09 07:15
Z0080,2026-09-09 07:17
Z0247,2026-09-09 07:17
Z0153,2026-09-09 07:21
Z0035,2026-09-09 07:23
Z0074,2026-09-09 07:25
Z0159,2026-09-09 07:25
Z0291,2026-09-09 07:25
Z0319,2026-09-09 07:26
Z0279,2026-09-09 07:28
Z0290,2026-09-09 07:28
Z0322,2026-09-09 07:29
Z0073,2026-09-09 07:30
Z0244,2026-09-09 07:30
Z0721,2026-09-09 07:32
Z0318,2026-09-09 07:33
Z0250,2026-09-09 07:35
Z0299,2026-09-09 07:35
Z0746,2026-09-09 07:35
Z0251,2026-09-09 07:36
Z0295,2026-09-09 07:37
Z0688,2026-09-09 07:37
Z0294,2026-09-09 07:38
Z0215,2026-09-09 07:40
Z0497,2026-09-09 07:41
Z0246,2026-09-09 07:42
Z0375,2026-09-09 07:43
Z0115,2026-09-09 07:44
Z0397,2026-09-09 07:44
Z0084,2026-09-09 07:46
Z0765,2026-09-09 07:47
Z0821,2026-09-09 07:47
Z0030,2026-09-09 07:50
Z0415,2026-09-09 07:51
Z0341,2026-09-09 07:53
Z0108,2026-09-09 07:54
Z0533,2026-09-09 07:56
Z0184,2026-09-09 07:59
Z0672,2026-09-09 07:59
Z0083,2026-09-09 08:01
Z0070,2026-09-09 08:02
Z0403,2026-09-09 08:03
Z0438,2026-09-09 08:03
Z0327,2026-09-09 08:05
Z0435,2026-09-09 08:23
Z0236,2026-09-09 08:27
Z0730,2026-09-09 08:27
Z0207,2026-09-09 08:30
Z0144,2026-09-09 08:36
Z0157,2026-09-09 08:36
Z0565,2026-09-09 08:36
Z0051,2026-09-09 08:37
Z0362,2026-09-09 08:42
Z0711,2026-09-09 08:42
Z0757,2026-09-09 08:46
Z0237,2026-09-09 08:49
Z0774,2026-09-09 08:51
Z0531,2026-09-09 08:54
Z0670,2026-09-09 08:54
Z0006,2026-09-09 08:55
Z0423,2026-09-09 08:57
Z0308,2026-09-09 09:00
Z0603,2026-09-09 09:01
Z0256,2026-09-09 09:13
Z0514,2026-09-09 09:13
Z0352,2026-09-09 09:16
Z0333,2026-09-09 09:17
Z0260,2026-09-09 09:27
Z0132,2026-09-09 09:42
Z0259,2026-09-09 09:45
Z0255,2026-09-09 09:49
Z0421,2026-09-09 12:03
Z0064,2026-09-09 12:06
Z0631,2026-09-09 12:09
Z0540,2026-09-09 12:11
Z0763,2026-09-09 12:14
Z0012,2026-09-09 12:20
Z0176,2026-09-09 12:23
Z0475,2026-09-09 12:23
Z0749,2026-09-09 12:23
Z0313,2026-09-09 12:24
Z0800,2026-09-09 12:25
Z0213,2026-09-09 12:26
Z0171,2026-09-09 12:29
Z0636,2026-09-09 12:30
Z0232,2026-09-09 12:35
Z0302,2026-09-09 12:36
Z0052,2026-09-09 12:37
Z0484,2026-09-09 12:37
Z0162,2026-09-09 12:39
Z0455,2026-09-09 12:45
Z0755,2026-09-09 12:48
Z0086,2026-09-09 12:54
Z0796,2026-09-09 12:57
Z0761,2026-09-09 13:00
Z0562,2026-09-09 13:01
Z0085,2026-09-09 13:03
Z0027,2026-09-09 13:04
Z0223,2026-09-09 13:09
Z0093,2026-09-09 13:14
Z0524,2026-09-09 13:19
Z0268,2026-09-09 13:21
Z0208,2026-09-09 13:24
Z0607,2026-09-09 13:24
Z0471,2026-09-09 13:25
Z0512,2026-09-09 13:25
Z0065,2026-09-09 13:26
Z0552,2026-09-09 13:26
Z0096,2026-09-09 13:29
Z0395,2026-09-09 13:30
Z0545,2026-09-09 13:33
Z0037,2026-09-09 13:34
Z0143,2026-09-09 13:37
Z0577,2026-09-09 13:42
Z0433,2026-09-09 13:43
Z0018,2026-09-09 13:44
Z0692,2026-09-09 13:48
Z0276,2026-09-09 13:49
Z0033,2026-09-09 13:53
Z0265,2026-09-09 13:55
Z0140,2026-09-09 13:58
Z0100,2026-09-09 17:06
Z0601,2026-09-09 17:08
Z0734,2026-09-09 17:10
Z0238,2026-09-09 17:11
Z0071,2026-09-09 17:12
Z0315,2026-09-09 17:12
Z0478,2026-09-09 17:17
Z0312,2026-09-09 17:21
Z0544,2026-09-09 17:31
Z0496,2026-09-09 17:32
Z0226,2026-09-09 17:39
Z0057,2026-09-09 17:40
Z0541,2026-09-09 17:40
Z0261,2026-09-09 17:41
Z0799,2026-09-09 17:41
Z0193,2026-09-09 17:43
Z0516,2026-09-09 17:54
Z0462,2026-09-09 17:57
Z0263,2026-09-09 17:59
Z0088,2026-09-09 18:01
Z0304,2026-09-09 18:01
Z0289,2026-09-09 18:02
Z0091,2026-09-09 18:03
Z0656,2026-09-09 18:03
Z0264,2026-09-09 18:06
Z0020,2026-09-09 18:07
Z0152,2026-09-09 18:08
Z0777,2026-09-09 18:10
Z0490,2026-09-09 18:17
Z0349,2026-09-09 18:21
Z0058,2026-09-09 18:29
Z0756,2026-09-09 18:29
Z0127,2026-09-09 18:31
Z0388,2026-09-09 18:32
Z0351,2026-09-09 18:34
Z0297,2026-09-09 18:35
Z0203,2026-09-09 18:36
Z0029,2026-09-09 18:38
Z0296,2026-09-09 18:40
Z0641,2026-09-09 18:42
Z0124,2026-09-09 18:43
Z0470,2026-09-09 18:44
Z0273,2026-09-09 18:45
Z0048,2026-09-09 18:48
Z0529,2026-09-09 18:48
Z0011,2026-09-09 18:50
Z0107,2026-09-09 18:50
Z0386,2026-09-09 18:52
Z0784,2026-09-09 18:52
Z0234,2026-09-09 18:53
Z0097,2026-09-09 18:54
Z0187,2026-09-09 18:57
Z0190,2026-09-09 18:57
Z0163,2026-09-09 18:59
Z0151,2026-09-09 19:00
Z0177,2026-09-09 19:02
Z0737,2026-09-09 19:02
Z0015,2026-09-09 19:03
Z0013,2026-09-09 19:05
Z0282,2026-09-09 19:05
Z0323,2026-09-09 19:05
Z0055,2026-09-09 19:10
Z0391,2026-09-09 19:10
Z0217,2026-09-09 19:15
Z0311,2026-09-09 19:16
Z0701,2026-09-09 19:16
Z0831,2026-09-09 19:16
Z0461,2026-09-09 19:19
Z0357,2026-09-09 19:20
Z0595,2026-09-09 19:20
Z0174,2026-09-09 19:22
Z0285,2026-09-09 19:22
Z0286,2026-09-09 19:24
Z0361,2026-09-09 19:25
Z0775,2026-09-09 19:29
Z0855,2026-09-09 19:30
Z0010,2026-09-09 19:33
Z0105,2026-09-09 19:33
Z0009,2026-09-09 19:34
Z0790,2026-09-09 19:40
Z0053,2026-09-09 19:41
Z0321,2026-09-09 19:44
Z0288,2026-09-09 19:46
Z0014,2026-09-09 19:47
Z0348,2026-09-09 19:48
Z0103,2026-09-09 19:49
Z0139,2026-09-09 19:50
Z0066,2026-09-09 19:51
Z0138,2026-09-09 19:52
Z0172,2026-09-09 19:53
Z0385,2026-09-09 19:54
Z0180,2026-09-09 19:55
Z0728,2026-09-09 20:01
Z0278,2026-09-09 20:06
Z0277,2026-09-09 20:08
Z0499,2026-09-09 20:11
Z0129,2026-09-09 20:17
Z0206,2026-09-09 20:22
Z0594,2026-09-09 20:24
Z0082,2026-09-09 20:26
Z0258,2026-09-09 20:27
Z0538,2026-09-09 20:29
Z0576,2026-09-09 20:31
Z0221,2026-09-09 20:36
Z0119,2026-09-09 20:40
Z0049,2026-09-09 20:44
Z0179,2026-09-09 20:47
Z0079,2026-09-09 20:51
Z0212,2026-09-09 20:54
Z0816,2026-09-09 20:56
Z0441,2026-09-09 20:58
Z0168,2026-09-10 06:00
Z0551,2026-09-10 06:00
Z0723,2026-09-10 06:01
Z0102,2026-09-10 06:04
Z0816,2026-09-10 06:05
Z0468,2026-09-10 06:15
Z0506,2026-09-10 06:19
Z0022,2026-09-10 06:21
Z0529,2026-09-10 06:21
Z0622,2026-09-10 06:24
Z0333,2026-09-10 06:25
Z0198,2026-09-10 06:26
Z0232,2026-09-10 06:26
Z0220,2026-09-10 06:27
Z0531,2026-09-10 06:27
Z0060,2026-09-10 06:32
Z0628,2026-09-10 06:32
Z0786,2026-09-10 06:33
Z0479,2026-09-10 06:37
Z0274,2026-09-10 06:39
Z0290,2026-09-10 06:39
Z0165,2026-09-10 06:41
Z0360,2026-09-10 06:41
Z0238,2026-09-10 06:42
Z0282,2026-09-10 06:43
Z0137,2026-09-10 06:44
Z0142,2026-09-10 06:47
Z0245,2026-09-10 06:51
Z0637,2026-09-10 06:54
Z0211,2026-09-10 06:55
Z0316,2026-09-10 06:55
Z0228,2026-09-10 06:59
Z0306,2026-09-10 07:03
Z0076,2026-09-10 07:06
Z0351,2026-09-10 07:07
Z0258,2026-09-10 07:10
Z0773,2026-09-10 07:10
Z0757,2026-09-10 07:12
Z0092,2026-09-10 07:13
Z0184,2026-09-10 07:13
Z0851,2026-09-10 07:14
Z0725,2026-09-10 07:15
Z0739,2026-09-10 07:15
Z0780,2026-09-10 07:15
Z0668,2026-09-10 07:16
Z0733,2026-09-10 07:18
Z0091,2026-09-10 07:19
Z0113,2026-09-10 07:19
Z0122,2026-09-10 07:19
Z0706,2026-09-10 07:19
Z0131,2026-09-10 07:20
Z0602,2026-09-10 07:20
Z0072,2026-09-10 07:22
Z0304,2026-09-10 07:22
Z0277,2026-09-10 07:23
Z0099,2026-09-10 07:26
Z0104,2026-09-10 07:28
Z0040,2026-09-10 07:30
Z0069,2026-09-10 07:30
Z0116,2026-09-10 07:30
Z0430,2026-09-10 07:30
Z0166,2026-09-10 07:31
Z0156,2026-09-10 07:32
Z0081,2026-09-10 07:34
Z0416,2026-09-10 07:34
Z0561,2026-09-10 07:35
Z0313,2026-09-10 07:36
Z0396,2026-09-10 07:36
Z0696,2026-09-10 07:36
Z0148,2026-09-10 07:37
Z0013,2026-09-10 07:38
Z0532,2026-09-10 07:38
Z0598,2026-09-10 07:38
Z0759,2026-09-10 07:38
Z0320,2026-09-10 07:39
Z0223,2026-09-10 07:40
Z0355,2026-09-10 07:40
Z0191,2026-09-10 07:41
Z0437,2026-09-10 07:41
Z0758,2026-09-10 07:43
Z0008,2026-09-10 07:44
Z0446,2026-09-10 07:45
Z0295,2026-09-10 07:46
Z0493,2026-09-10 07:48
Z0209,2026-09-10 07:49
Z0363,2026-09-10 07:49
Z0412,2026-09-10 07:49
Z0259,2026-09-10 07:51
Z0056,2026-09-10 07:55
Z0269,2026-09-10 07:57
Z0486,2026-09-10 07:57
Z0075,2026-09-10 07:58
Z0821,2026-09-10 08:00
Z0844,2026-09-10 08:01
Z0423,2026-09-10 08:03
Z0490,2026-09-10 08:04
Z0473,2026-09-10 08:05
Z0769,2026-09-10 08:09
Z0024,2026-09-10 08:10
Z0064,2026-09-10 08:12
Z0077,2026-09-10 08:13
Z0074,2026-09-10 08:14
Z0576,2026-09-10 08:17
Z0785,2026-09-10 08:19
Z0038,2026-09-10 08:20
Z0804,2026-09-10 08:20
Z0299,2026-09-10 08:30
Z0070,2026-09-10 08:32
Z0700,2026-09-10 08:36
Z0399,2026-09-10 08:40
Z0032,2026-09-10 08:41
Z0139,2026-09-10 08:43
Z0754,2026-09-10 08:43
Z0279,2026-09-10 08:45
Z0188,2026-09-10 08:46
Z0410,2026-09-10 08:48
Z0149,2026-09-10 08:49
Z0233,2026-09-10 08:51
Z0187,2026-09-10 08:52
Z0369,2026-09-10 08:52
Z0106,2026-09-10 08:53
Z0298,2026-09-10 08:55
Z0751,2026-09-10 08:55
Z0007,2026-09-10 08:57
Z0389,2026-09-10 08:57
Z0594,2026-09-10 08:58
Z0721,2026-09-10 08:58
Z0164,2026-09-10 08:59
Z0219,2026-09-10 08:59
Z0317,2026-09-10 08:59
Z0202,2026-09-10 09:03
Z0514,2026-09-10 09:11
Z0041,2026-09-10 09:18
Z0266,2026-09-10 09:23
Z0326,2026-09-10 09:24
Z0309,2026-09-10 09:25
Z0453,2026-09-10 09:25
Z0476,2026-09-10 09:33
Z0112,2026-09-10 09:45
Z0417,2026-09-10 09:48
Z0043,2026-09-10 09:55
Z0519,2026-09-10 09:55
Z0444,2026-09-10 12:05
Z0627,2026-09-10 12:06
Z0058,2026-09-10 12:08
Z0033,2026-09-10 12:14
Z0215,2026-09-10 12:14
Z0234,2026-09-10 12:15
Z0283,2026-09-10 12:20
Z0508,2026-09-10 12:20
Z0334,2026-09-10 12:21
Z0152,2026-09-10 12:22
Z0231,2026-09-10 12:24
Z0385,2026-09-10 12:28
Z0466,2026-09-10 12:30
Z0001,2026-09-10 12:31
Z0161,2026-09-10 12:36
Z0276,2026-09-10 12:36
Z0475,2026-09-10 12:39
Z0548,2026-09-10 12:51
Z0124,2026-09-10 12:59
Z0328,2026-09-10 12:59
Z0227,2026-09-10 13:00
Z0323,2026-09-10 13:04
Z0183,2026-09-10 13:06
Z0332,2026-09-10 13:06
Z0749,2026-09-10 13:08
Z0119,2026-09-10 13:10
Z0176,2026-09-10 13:13
Z0329,2026-09-10 13:18
Z0633,2026-09-10 13:19
Z0155,2026-09-10 13:21
Z0429,2026-09-10 13:23
Z0026,2026-09-10 13:25
Z0286,2026-09-10 13:37
Z0566,2026-09-10 13:41
Z0242,2026-09-10 13:42
Z0590,2026-09-10 13:44
Z0141,2026-09-10 13:50
Z0236,2026-09-10 13:51
Z0715,2026-09-10 13:52
Z0774,2026-09-10 13:52
Z0057,2026-09-10 13:56
Z0771,2026-09-10 13:56
Z0082,2026-09-10 17:00
Z0095,2026-09-10 17:01
Z0136,2026-09-10 17:01
Z0204,2026-09-10 17:01
Z0358,2026-09-10 17:03
Z0724,2026-09-10 17:08
Z0036,2026-09-10 17:12
Z0449,2026-09-10 17:15
Z0067,2026-09-10 17:16
Z0407,2026-09-10 17:16
Z0440,2026-09-10 17:17
Z0301,2026-09-10 17:22
Z0182,2026-09-10 17:24
Z0441,2026-09-10 17:24
Z0597,2026-09-10 17:38
Z0763,2026-09-10 17:41
Z0848,2026-09-10 17:44
Z0740,2026-09-10 17:47
Z0224,2026-09-10 17:50
Z0402,2026-09-10 17:52
Z0318,2026-09-10 17:55
Z0252,2026-09-10 18:00
Z0770,2026-09-10 18:03
Z0066,2026-09-10 18:05
Z0039,2026-09-10 18:10
Z0271,2026-09-10 18:11
Z0078,2026-09-10 18:14
Z0465,2026-09-10 18:14
Z0027,2026-09-10 18:15
Z0115,2026-09-10 18:15
Z0764,2026-09-10 18:15
Z0485,2026-09-10 18:17
Z0280,2026-09-10 18:19
Z0364,2026-09-10 18:20
Z0811,2026-09-10 18:20
Z0172,2026-09-10 18:21
Z0467,2026-09-10 18:21
Z0009,2026-09-10 18:22
Z0174,2026-09-10 18:30
Z0860,2026-09-10 18:32
Z0201,2026-09-10 18:37
Z0034,2026-09-10 18:39
Z0158,2026-09-10 18:40
Z0206,2026-09-10 18:40
Z0247,2026-09-10 18:41
Z0084,2026-09-10 18:44
Z0140,2026-09-10 18:45
Z0284,2026-09-10 18:46
Z0065,2026-09-10 18:49
Z0150,2026-09-10 18:50
Z0325,2026-09-10 18:50
Z0093,2026-09-10 18:55
Z0126,2026-09-10 18:56
Z0037,2026-09-10 18:57
Z0061,2026-09-10 18:59
Z0457,2026-09-10 19:01
Z0130,2026-09-10 19:02
Z0426,2026-09-10 19:02
Z0643,2026-09-10 19:03
Z0762,2026-09-10 19:03
Z0644,2026-09-10 19:05
Z0239,2026-09-10 19:07
Z0263,2026-09-10 19:10
Z0288,2026-09-10 19:14
Z0293,2026-09-10 19:14
Z0230,2026-09-10 19:15
Z0046,2026-09-10 19:16
Z0287,2026-09-10 19:16
Z0456,2026-09-10 19:20
Z0784,2026-09-10 19:21
Z0146,2026-09-10 19:22
Z0391,2026-09-10 19:22
Z0699,2026-09-10 19:22
Z0029,2026-09-10 19:26
Z0270,2026-09-10 19:26
Z0380,2026-09-10 19:28
Z0463,2026-09-10 19:29
Z0023,2026-09-10 19:30
Z0173,2026-09-10 19:33
Z0169,2026-09-10 19:34
Z0747,2026-09-10 19:34
Z0243,2026-09-10 19:36
Z0186,2026-09-10 19:40
Z0658,2026-09-10 19:40
Z0194,2026-09-10 19:41
Z0390,2026-09-10 19:41
Z0133,2026-09-10 19:43
Z0357,2026-09-10 19:43
Z0393,2026-09-10 19:44
Z0094,2026-09-10 19:47
Z0608,2026-09-10 19:49
Z0727,2026-09-10 19:50
Z0354,2026-09-10 19:51
Z0760,2026-09-10 19:51
Z0086,2026-09-10 19:53
Z0795,2026-09-10 19:55
Z0798,2026-09-10 19:55
Z0322,2026-09-10 19:58
Z0192,2026-09-10 19:59
Z0121,2026-09-10 20:00
Z0285,2026-09-10 20:02
Z0212,2026-09-10 20:04
Z0372,2026-09-10 20:04
Z0400,2026-09-10 20:05
Z0511,2026-09-10 20:12
Z0090,2026-09-10 20:18
Z0756,2026-09-10 20:19
Z0129,2026-09-10 20:20
Z0134,2026-09-10 20:21
Z0170,2026-09-10 20:32
Z0248,2026-09-10 20:32
Z0356,2026-09-10 20:37
Z0127,2026-09-10 20:39
Z0052,2026-09-10 20:41
Z0809,2026-09-10 20:43
Z0768,2026-09-10 20:47
Z0208,2026-09-10 20:48
Z0515,2026-09-10 20:56
Z0840,2026-09-11 06:00
Z0262,2026-09-11 06:08
Z0259,2026-09-11 06:10
Z0627,2026-09-11 06:15
Z0776,2026-09-11 06:18
Z0256,2026-09-11 06:19
Z0319,2026-09-11 06:19
Z0718,2026-09-11 06:19
Z0556,2026-09-11 06:20
Z0606,2026-09-11 06:20
Z0608,2026-09-11 06:21
Z0330,2026-09-11 06:22
Z0732,2026-09-11 06:24
Z0678,2026-09-11 06:27
Z0132,2026-09-11 06:28
Z0069,2026-09-11 06:29
Z0503,2026-09-11 06:29
Z0244,2026-09-11 06:30
Z0042,2026-09-11 06:34
Z0076,2026-09-11 06:34
Z0106,2026-09-11 06:34
Z0302,2026-09-11 06:38
Z0294,2026-09-11 06:40
Z0514,2026-09-11 06:42
Z0782,2026-09-11 06:42
Z0157,2026-09-11 06:45
Z0831,2026-09-11 06:47
Z0181,2026-09-11 06:51
Z0040,2026-09-11 06:56
Z0281,2026-09-11 06:57
Z0313,2026-09-11 07:00
Z0075,2026-09-11 07:02
Z0295,2026-09-11 07:04
Z0329,2026-09-11 07:04
Z0476,2026-09-11 07:04
Z0033,2026-09-11 07:05
Z0114,2026-09-11 07:05
Z0253,2026-09-11 07:08
Z0856,2026-09-11 07:08
Z0048,2026-09-11 07:09
Z0716,2026-09-11 07:10
Z0396,2026-09-11 07:11
Z0310,2026-09-11 07:13
Z0752,2026-09-11 07:13
Z0168,2026-09-11 07:14
Z0291,2026-09-11 07:14
Z0020,2026-09-11 07:15
Z0073,2026-09-11 07:16
Z0189,2026-09-11 07:16
Z0560,2026-09-11 07:16
Z0005,2026-09-11 07:19
Z0445,2026-09-11 07:21
Z0113,2026-09-11 07:23
Z0133,2026-09-11 07:23
Z0190,2026-09-11 07:23
Z0173,2026-09-11 07:25
Z0567,2026-09-11 07:25
Z0368,2026-09-11 07:27
Z0174,2026-09-11 07:28
Z0230,2026-09-11 07:29
Z0224,2026-09-11 07:34
Z0708,2026-09-11 07:34
Z0585,2026-09-11 07:37
Z0080,2026-09-11 07:43
Z0144,2026-09-11 07:43
Z0517,2026-09-11 07:43
Z0800,2026-09-11 07:44
Z0360,2026-09-11 07:45
Z0192,2026-09-11 07:46
Z0045,2026-09-11 07:49
Z0117,2026-09-11 07:51
Z0758,2026-09-11 07:51
Z0388,2026-09-11 07:52
Z0684,2026-09-11 07:52
Z0780,2026-09-11 07:52
Z0282,2026-09-11 07:55
Z0743,2026-09-11 07:55
Z0287,2026-09-11 07:56
Z0285,2026-09-11 07:57
Z0705,2026-09-11 07:59
Z0203,2026-09-11 08:00
Z0037,2026-09-11 08:02
Z0433,2026-09-11 08:03
Z0210,2026-09-11 08:05
Z0589,2026-09-11 08:05
Z0098,2026-09-11 08:06
Z0232,2026-09-11 08:06
Z0326,2026-09-11 08:08
Z0067,2026-09-11 08:17
Z0347,2026-09-11 08:19
Z0216,2026-09-11 08:26
Z0156,2026-09-11 08:29
Z0268,2026-09-11 08:32
Z0307,2026-09-11 08:35
Z0015,2026-09-11 08:36
Z0309,2026-09-11 08:36
Z0004,2026-09-11 08:39
Z0115,2026-09-11 08:39
Z0274,2026-09-11 08:39
Z0622,2026-09-11 08:43
Z0255,2026-09-11 08:46
Z0337,2026-09-11 08:52
Z0127,2026-09-11 08:53
Z0214,2026-09-11 08:55
Z0266,2026-09-11 08:55
Z0254,2026-09-11 08:56
Z0783,2026-09-11 09:16
Z0235,2026-09-11 09:24
Z0165,2026-09-11 09:25
Z0712,2026-09-11 09:28
Z0237,2026-09-11 09:39
Z0652,2026-09-11 12:02
Z0521,2026-09-11 12:04
Z0137,2026-09-11 12:07
Z0497,2026-09-11 12:10
Z0196,2026-09-11 12:13
Z0304,2026-09-11 12:15
Z0178,2026-09-11 12:21
Z0306,2026-09-11 12:24
Z0457,2026-09-11 12:30
Z0062,2026-09-11 12:31
Z0305,2026-09-11 12:31
Z0789,2026-09-11 12:32
Z0074,2026-09-11 12:37
Z0488,2026-09-11 12:42
Z0387,2026-09-11 12:44
Z0142,2026-09-11 12:45
Z0051,2026-09-11 12:46
Z0790,2026-09-11 12:49
Z0376,2026-09-11 12:51
Z0815,2026-09-11 12:52
Z0128,2026-09-11 12:56
Z0317,2026-09-11 12:56
Z0754,2026-09-11 13:08
Z0161,2026-09-11 13:11
Z0770,2026-09-11 13:12
Z0366,2026-09-11 13:15
Z0499,2026-09-11 13:18
Z0198,2026-09-11 13:25
Z0100,2026-09-11 13:27
Z0001,2026-09-11 13:30
Z0248,2026-09-11 13:35
Z0756,2026-09-11 13:36
Z0200,2026-09-11 13:38
Z0155,2026-09-11 13:40
Z0068,2026-09-11 13:41
Z0698,2026-09-11 13:45
Z0791,2026-09-11 13:51
Z0118,2026-09-11 13:58
Z0089,2026-09-11 17:02
Z0286,2026-09-11 17:05
Z0085,2026-09-11 17:07
Z0277,2026-09-11 17:07
Z0761,2026-09-11 17:17
Z0245,2026-09-11 17:18
Z0628,2026-09-11 17:19
Z0713,2026-09-11 17:22
Z0204,2026-09-11 17:26
Z0356,2026-09-11 17:27
Z0212,2026-09-11 17:29
Z0850,2026-09-11 17:36
Z0332,2026-09-11 17:39
Z0630,2026-09-11 17:39
Z0018,2026-09-11 17:42
Z0278,2026-09-11 17:45
Z0046,2026-09-11 17:46
Z0261,2026-09-11 17:49
Z0102,2026-09-11 17:52
Z0272,2026-09-11 17:53
Z0175,2026-09-11 17:54
Z0411,2026-09-11 17:56
Z0108,2026-09-11 18:02
Z0122,2026-09-11 18:05
Z0227,2026-09-11 18:05
Z0026,2026-09-11 18:07
Z0163,2026-09-11 18:07
Z0526,2026-09-11 18:07
Z0392,2026-09-11 18:09
Z0703,2026-09-11 18:09
Z0709,2026-09-11 18:11
Z0088,2026-09-11 18:16
Z0727,2026-09-11 18:16
Z0318,2026-09-11 18:19
Z0634,2026-09-11 18:19
Z0222,2026-09-11 18:20
Z0334,2026-09-11 18:20
Z0546,2026-09-11 18:20
Z0593,2026-09-11 18:20
Z0158,2026-09-11 18:21
Z0162,2026-09-11 18:22
Z0487,2026-09-11 18:25
Z0380,2026-09-11 18:28
Z0138,2026-09-11 18:33
Z0511,2026-09-11 18:35
Z0176,2026-09-11 18:36
Z0327,2026-09-11 18:37
Z0267,2026-09-11 18:38
Z0502,2026-09-11 18:38
Z0010,2026-09-11 18:39
Z0078,2026-09-11 18:40
Z0101,2026-09-11 18:41
Z0351,2026-09-11 18:43
Z0527,2026-09-11 18:44
Z0796,2026-09-11 18:45
Z0119,2026-09-11 18:46
Z0520,2026-09-11 18:46
Z0300,2026-09-11 18:50
Z0029,2026-09-11 18:51
Z0301,2026-09-11 18:53
Z0609,2026-09-11 18:53
Z0233,2026-09-11 18:55
Z0458,2026-09-11 18:55
Z0116,2026-09-11 18:57
Z0193,2026-09-11 18:57
Z0341,2026-09-11 18:57
Z0171,2026-09-11 18:58
Z0794,2026-09-11 18:58
Z0451,2026-09-11 18:59
Z0690,2026-09-11 19:00
Z0284,2026-09-11 19:01
Z0344,2026-09-11 19:02
Z0508,2026-09-11 19:02
Z0027,2026-09-11 19:03
Z0218,2026-09-11 19:05
Z0469,2026-09-11 19:05
Z0246,2026-09-11 19:06
Z0131,2026-09-11 19:07
Z0199,2026-09-11 19:07
Z0773,2026-09-11 19:08
Z0792,2026-09-11 19:08
Z0680,2026-09-11 19:09
Z0275,2026-09-11 19:11
Z0494,2026-09-11 19:11
Z0299,2026-09-11 19:16
Z0324,2026-09-11 19:16
Z0749,2026-09-11 19:17
Z0303,2026-09-11 19:19
Z0059,2026-09-11 19:21
Z0288,2026-09-11 19:21
Z0802,2026-09-11 19:24
Z0044,2026-09-11 19:25
Z0145,2026-09-11 19:29
Z0405,2026-09-11 19:29
Z0111,2026-09-11 19:32
Z0208,2026-09-11 19:33
Z0377,2026-09-11 19:35
Z0036,2026-09-11 19:36
Z0702,2026-09-11 19:37
Z0395,2026-09-11 19:41
Z0428,2026-09-11 19:43
Z0616,2026-09-11 19:43
Z0223,2026-09-11 19:44
Z0345,2026-09-11 19:44
Z0436,2026-09-11 19:49
Z0125,2026-09-11 19:51
Z0250,2026-09-11 19:52
Z0121,2026-09-11 19:55
Z0349,2026-09-11 19:57
Z0136,2026-09-11 19:58
Z0714,2026-09-11 19:58
Z0588,2026-09-11 19:59
Z0408,2026-09-11 20:01
Z0007,2026-09-11 20:02
Z0071,2026-09-11 20:06
Z0066,2026-09-11 20:13
Z0129,2026-09-11 20:13
Z0265,2026-09-11 20:15
Z0159,2026-09-11 20:18
Z0289,2026-09-11 20:18
Z0094,2026-09-11 20:21
Z0188,2026-09-11 20:21
Z0209,2026-09-11 20:22
Z0087,2026-09-11 20:24
Z0240,2026-09-11 20:25
Z0107,2026-09-11 20:29
Z0221,2026-09-11 20:32
Z0249,2026-09-11 20:32
Z0215,2026-09-11 20:40
Z0465,2026-09-11 20:40
Z0096,2026-09-11 20:41
Z0081,2026-09-11 20:42
Z0473,2026-09-11 20:42
Z0475,2026-09-11 20:50
Z0504,2026-09-11 20:50
Z0225,2026-09-11 20:51
Z0448,2026-09-11 20:51
Z0617,2026-09-11 20:55
Z0751,2026-09-11 20:57
Z0793,2026-09-11 20:59
Z0065,2026-09-12 06:04
Z0046,2026-09-12 06:05
Z0040,2026-09-12 06:06
Z0054,2026-09-12 06:08
Z0389,2026-09-12 06:16
Z0222,2026-09-12 06:17
Z0381,2026-09-12 06:17
Z0730,2026-09-12 06:17
Z0800,2026-09-12 06:20
Z0642,2026-09-12 06:21
Z0754,2026-09-12 06:22
Z0002,2026-09-12 06:24
Z0006,2026-09-12 06:24
Z0027,2026-09-12 06:27
Z0240,2026-09-12 06:30
Z0809,2026-09-12 06:31
Z0149,2026-09-12 06:32
Z0705,2026-09-12 06:32
Z0233,2026-09-12 06:34
Z0741,2026-09-12 06:35
Z0150,2026-09-12 06:37
Z0147,2026-09-12 06:38
Z0360,2026-09-12 06:39
Z0511,2026-09-12 06:40
Z0291,2026-09-12 06:42
Z0028,2026-09-12 06:43
Z0024,2026-09-12 06:47
Z0431,2026-09-12 06:47
Z0029,2026-09-12 06:49
Z0069,2026-09-12 06:54
Z0166,2026-09-12 06:57
Z0342,2026-09-12 06:59
Z0172,2026-09-12 07:00
Z0370,2026-09-12 07:01
Z0264,2026-09-12 07:03
Z0524,2026-09-12 07:03
Z0153,2026-09-12 07:04
Z0205,2026-09-12 07:04
Z0424,2026-09-12 07:05
Z0785,2026-09-12 07:05
Z0219,2026-09-12 07:06
Z0759,2026-09-12 07:08
Z0125,2026-09-12 07:12
Z0088,2026-09-12 07:13
Z0245,2026-09-12 07:14
Z0173,2026-09-12 07:15
Z0416,2026-09-12 07:16
Z0005,2026-09-12 07:18
Z0310,2026-09-12 07:19
Z0686,2026-09-12 07:20
Z0316,2026-09-12 07:21
Z0367,2026-09-12 07:21
Z0004,2026-09-12 07:22
Z0777,2026-09-12 07:23
Z0013,2026-09-12 07:27
Z0612,2026-09-12 07:27
Z0273,2026-09-12 07:28
Z0745,2026-09-12 07:30
Z0489,2026-09-12 07:31
Z0076,2026-09-12 07:32
Z0014,2026-09-12 07:33
Z0434,2026-09-12 07:33
Z0185,2026-09-12 07:35
Z0189,2026-09-12 07:36
Z0192,2026-09-12 07:38
Z0075,2026-09-12 07:39
Z0829,2026-09-12 07:40
Z0223,2026-09-12 07:41
Z0501,2026-09-12 07:41
Z0135,2026-09-12 07:42
Z0591,2026-09-12 07:42
Z0243,2026-09-12 07:43
Z0047,2026-09-12 07:44
Z0061,2026-09-12 07:45
Z0202,2026-09-12 07:45
Z0506,2026-09-12 07:45
Z0108,2026-09-12 07:46
Z0148,2026-09-12 07:46
Z0216,2026-09-12 07:46
Z0113,2026-09-12 07:47
Z0463,2026-09-12 07:48
Z0239,2026-09-12 07:49
Z0092,2026-09-12 07:50
Z0592,2026-09-12 07:50
Z0086,2026-09-12 07:51
Z0038,2026-09-12 07:52
Z0623,2026-09-12 07:53
Z0752,2026-09-12 07:54
Z0102,2026-09-12 07:58
Z0184,2026-09-12 07:59
Z0411,2026-09-12 07:59
Z0018,2026-09-12 08:01
Z0346,2026-09-12 08:02
Z0070,2026-09-12 08:03
Z0274,2026-09-12 08:03
Z0275,2026-09-12 08:06
Z0354,2026-09-12 08:14
Z0151,2026-09-12 08:21
Z0260,2026-09-12 08:28
Z0160,2026-09-12 08:29
Z0188,2026-09-12 08:29
Z0516,2026-09-12 08:29
Z0633,2026-09-12 08:31
Z0140,2026-09-12 08:33
Z0251,2026-09-12 08:35
Z0208,2026-09-12 08:36
Z0383,2026-09-12 08:38
Z0209,2026-09-12 08:39
Z0039,2026-09-12 08:44
Z0770,2026-09-12 08:45
Z0130,2026-09-12 08:51
Z0270,2026-09-12 08:54
Z0707,2026-09-12 08:54
Z0132,2026-09-12 08:55
Z0293,2026-09-12 08:55
Z0482,2026-09-12 09:00
Z0543,2026-09-12 09:04
Z0110,2026-09-12 09:13
Z0237,2026-09-12 09:35
Z0781,2026-09-12 09:52
Z0319,2026-09-12 09:53
Z0019,2026-09-12 12:05
Z0552,2026-09-12 12:12
Z0450,2026-09-12 12:13
Z0738,2026-09-12 12:14
Z0769,2026-09-12 12:17
Z0369,2026-09-12 12:33
Z0271,2026-09-12 12:34
Z0015,2026-09-12 12:36
Z0586,2026-09-12 12:36
Z0435,2026-09-12 12:39
Z0191,2026-09-12 12:45
Z0729,2026-09-12 12:46
Z0793,2026-09-12 12:47
Z0301,2026-09-12 12:48
Z0523,2026-09-12 12:48
Z0722,2026-09-12 12:48
Z0066,2026-09-12 12:53
Z0218,2026-09-12 12:54
Z0026,2026-09-12 12:57
Z0058,2026-09-12 12:59
Z0863,2026-09-12 12:59
Z0169,2026-09-12 13:00
Z0436,2026-09-12 13:01
Z0035,2026-09-12 13:02
Z0097,2026-09-12 13:03
Z0467,2026-09-12 13:13
Z0094,2026-09-12 13:15
Z0214,2026-09-12 13:22
Z0012,2026-09-12 13:24
Z0303,2026-09-12 13:47
Z0203,2026-09-12 13:48
Z0079,2026-09-12 13:50
Z0336,2026-09-12 13:57
Z0217,2026-09-12 13:59
Z0697,2026-09-12 17:00
Z0787,2026-09-12 17:07
Z0572,2026-09-12 17:10
Z0052,2026-09-12 17:13
Z0091,2026-09-12 17:14
Z0176,2026-09-12 17:18
Z0428,2026-09-12 17:20
Z0696,2026-09-12 17:22
Z0555,2026-09-12 17:26
Z0646,2026-09-12 17:26
Z0327,2026-09-12 17:29
Z0401,2026-09-12 17:29
Z0010,2026-09-12 17:32
Z0313,2026-09-12 17:32
Z0558,2026-09-12 17:34
Z0269,2026-09-12 17:41
Z0236,2026-09-12 17:43
Z0253,2026-09-12 17:45
Z0068,2026-09-12 17:47
Z0062,2026-09-12 17:50
Z0315,2026-09-12 17:50
Z0152,2026-09-12 17:52
Z0473,2026-09-12 17:52
Z0048,2026-09-12 17:56
Z0287,2026-09-12 17:58
Z0049,2026-09-12 17:59
Z0167,2026-09-12 18:03
Z0337,2026-09-12 18:03
Z0134,2026-09-12 18:06
Z0815,2026-09-12 18:06
Z0322,2026-09-12 18:07
Z0545,2026-09-12 18:09
Z0797,2026-09-12 18:09
Z0267,2026-09-12 18:14
Z0418,2026-09-12 18:15
Z0748,2026-09-12 18:15
Z0792,2026-09-12 18:16
Z0059,2026-09-12 18:17
Z0248,2026-09-12 18:17
Z0193,2026-09-12 18:20
Z0343,2026-09-12 18:24
Z0031,2026-09-12 18:26
Z0099,2026-09-12 18:28
Z0763,2026-09-12 18:28
Z0177,2026-09-12 18:29
Z0358,2026-09-12 18:29
Z0390,2026-09-12 18:32
Z0850,2026-09-12 18:32
Z0464,2026-09-12 18:33
Z0142,2026-09-12 18:34
Z0278,2026-09-12 18:34
Z0493,2026-09-12 18:35
Z0238,2026-09-12 18:38
Z0138,2026-09-12 18:39
Z0280,2026-09-12 18:40
Z0081,2026-09-12 18:41
Z0199,2026-09-12 18:45
Z0398,2026-09-12 18:46
Z0388,2026-09-12 18:48
Z0268,2026-09-12 18:49
Z0194,2026-09-12 18:51
Z0276,2026-09-12 18:52
Z0107,2026-09-12 18:53
Z0600,2026-09-12 18:54
Z0123,2026-09-12 18:57
Z0055,2026-09-12 18:59
Z0071,2026-09-12 18:59
Z0452,2026-09-12 18:59
Z0183,2026-09-12 19:00
Z0120,2026-09-12 19:01
Z0429,2026-09-12 19:01
Z0849,2026-09-12 19:01
Z0304,2026-09-12 19:04
Z0078,2026-09-12 19:05
Z0050,2026-09-12 19:08
Z0118,2026-09-12 19:08
Z0155,2026-09-12 19:08
Z0325,2026-09-12 19:08
Z0515,2026-09-12 19:08
Z0454,2026-09-12 19:11
Z0321,2026-09-12 19:13
Z0799,2026-09-12 19:14
Z0626,2026-09-12 19:15
Z0229,2026-09-12 19:16
Z0306,2026-09-12 19:17
Z0414,2026-09-12 19:19
Z0302,2026-09-12 19:22
Z0571,2026-09-12 19:27
Z0639,2026-09-12 19:27
Z0021,2026-09-12 19:29
Z0481,2026-09-12 19:29
Z0860,2026-09-12 19:29
Z0234,2026-09-12 19:31
Z0305,2026-09-12 19:32
Z0257,2026-09-12 19:39
Z0011,2026-09-12 19:40
Z0101,2026-09-12 19:41
Z0413,2026-09-12 19:42
Z0109,2026-09-12 19:43
Z0022,2026-09-12 19:45
Z0312,2026-09-12 19:47
Z0537,2026-09-12 19:51
Z0708,2026-09-12 19:55
Z0709,2026-09-12 19:55
Z0802,2026-09-12 19:56
Z0143,2026-09-12 19:57
Z0725,2026-09-12 19:57
Z0415,2026-09-12 19:58
Z0587,2026-09-12 19:59
Z0200,2026-09-12 20:03
Z0288,2026-09-12 20:05
Z0744,2026-09-12 20:06
Z0751,2026-09-12 20:07
Z0788,2026-09-12 20:15
Z0182,2026-09-12 20:16
Z0201,2026-09-12 20:16
Z0462,2026-09-12 20:23
Z0272,2026-09-12 20:25
Z0212,2026-09-12 20:31
Z0735,2026-09-12 20:38
Z0087,2026-09-12 20:48
Z0314,2026-09-12 20:54
Z0252,2026-09-12 20:58
Z0243,2026-09-13 06:05
Z0228,2026-09-13 06:08
Z0131,2026-09-13 06:09
Z0185,2026-09-13 06:09
Z0414,2026-09-13 06:12
Z0025,2026-09-13 06:13
Z0519,2026-09-13 06:13
Z0781,2026-09-13 06:14
Z0373,2026-09-13 06:15
Z0239,2026-09-13 06:19
Z0482,2026-09-13 06:19
Z0300,2026-09-13 06:21
Z0147,2026-09-13 06:23
Z0262,2026-09-13 06:25
Z0101,2026-09-13 06:29
Z0320,2026-09-13 06:29
Z0445,2026-09-13 06:42
Z0500,2026-09-13 06:44
Z0294,2026-09-13 06:45
Z0135,2026-09-13 06:47
Z0195,2026-09-13 06:47
Z0486,2026-09-13 06:47
Z0080,2026-09-13 06:48
Z0158,2026-09-13 06:50
Z0128,2026-09-13 06:51
Z0167,2026-09-13 06:51
Z0112,2026-09-13 06:53
Z0144,2026-09-13 06:53
Z0250,2026-09-13 06:54
Z0247,2026-09-13 06:56
Z0471,2026-09-13 06:57
Z0314,2026-09-13 06:58
Z0850,2026-09-13 06:59
Z0016,2026-09-13 07:00
Z0038,2026-09-13 07:00
Z0291,2026-09-13 07:00
Z0085,2026-09-13 07:01
Z0327,2026-09-13 07:02
Z0570,2026-09-13 07:03
Z0186,2026-09-13 07:04
Z0266,2026-09-13 07:05
Z0284,2026-09-13 07:08
Z0009,2026-09-13 07:10
Z0077,2026-09-13 07:11
Z0133,2026-09-13 07:11
Z0165,2026-09-13 07:11
Z0275,2026-09-13 07:12
Z0285,2026-09-13 07:14
Z0002,2026-09-13 07:15
Z0377,2026-09-13 07:15
Z0348,2026-09-13 07:17
Z0104,2026-09-13 07:18
Z0611,2026-09-13 07:18
Z0041,2026-09-13 07:19
Z0017,2026-09-13 07:21
Z0036,2026-09-13 07:21
Z0604,2026-09-13 07:21
Z0242,2026-09-13 07:22
Z0742,2026-09-13 07:23
Z0310,2026-09-13 07:24
Z0735,2026-09-13 07:24
Z0063,2026-09-13 07:25
Z0329,2026-09-13 07:25
Z0768,2026-09-13 07:25
Z0448,2026-09-13 07:26
Z0481,2026-09-13 07:29
Z0125,2026-09-13 07:30
Z0076,2026-09-13 07:31
Z0367,2026-09-13 07:31
Z0060,2026-09-13 07:32
Z0542,2026-09-13 07:33
Z0582,2026-09-13 07:35
Z0075,2026-09-13 07:36
Z0050,2026-09-13 07:37
Z0205,2026-09-13 07:37
Z0861,2026-09-13 07:38
Z0468,2026-09-13 07:40
Z0549,2026-09-13 07:44
Z0799,2026-09-13 07:45
Z0744,2026-09-13 07:46
Z0143,2026-09-13 07:47
Z0777,2026-09-13 07:48
Z0720,2026-09-13 07:50
Z0097,2026-09-13 07:51
Z0028,2026-09-13 07:53
Z0402,2026-09-13 07:54
Z0766,2026-09-13 07:54
Z0170,2026-09-13 07:56
Z0148,2026-09-13 07:57
Z0249,2026-09-13 07:57
Z0013,2026-09-13 07:58
Z0178,2026-09-13 07:59
Z0783,2026-09-13 07:59
Z0225,2026-09-13 08:02
Z0521,2026-09-13 08:05
Z0307,2026-09-13 08:07
Z0437,2026-09-13 08:07
Z0424,2026-09-13 08:12
Z0145,2026-09-13 08:13
Z0263,2026-09-13 08:15
Z0290,2026-09-13 08:15
Z0495,2026-09-13 08:20
Z0067,2026-09-13 08:28
Z0440,2026-09-13 08:30
Z0276,2026-09-13 08:31
Z0259,2026-09-13 08:37
Z0051,2026-09-13 08:38
Z0298,2026-09-13 08:38
Z0105,2026-09-13 08:39
Z0069,2026-09-13 08:42
Z0710,2026-09-13 08:42
Z0784,2026-09-13 08:42
Z0184,2026-09-13 08:43
Z0074,2026-09-13 08:45
Z0197,2026-09-13 08:46
Z0160,2026-09-13 08:50
Z0346,2026-09-13 08:56
Z0274,2026-09-13 08:58
Z0154,2026-09-13 09:12
Z0110,2026-09-13 09:15
Z0814,2026-09-13 09:21
Z0132,2026-09-13 09:23
Z0396,2026-09-13 09:28
Z0331,2026-09-13 09:31
Z0251,2026-09-13 09:32
Z0005,2026-09-13 09:42
Z0040,2026-09-13 09:42
Z0342,2026-09-13 09:51
Z0024,2026-09-13 09:53
Z0279,2026-09-13 09:56
Z0330,2026-09-13 09:59
Z0610,2026-09-13 09:59
Z0771,2026-09-13 12:03
Z0257,2026-09-13 12:08
Z0224,2026-09-13 12:12
Z0014,2026-09-13 12:21
Z0317,2026-09-13 12:22
Z0497,2026-09-13 12:22
Z0644,2026-09-13 12:22
Z0201,2026-09-13 12:30
Z0277,2026-09-13 12:32
Z0460,2026-09-13 12:32
Z0839,2026-09-13 12:33
Z0054,2026-09-13 12:36
Z0439,2026-09-13 12:38
Z0231,2026-09-13 12:40
Z0587,2026-09-13 12:41
Z0620,2026-09-13 12:41
Z0214,2026-09-13 12:43
Z0763,2026-09-13 12:43
Z0258,2026-09-13 12:45
Z0645,2026-09-13 12:46
Z0583,2026-09-13 12:51
Z0650,2026-09-13 12:51
Z0595,2026-09-13 12:55
Z0640,2026-09-13 12:55
Z0462,2026-09-13 13:07
Z0787,2026-09-13 13:07
Z0438,2026-09-13 13:10
Z0480,2026-09-13 13:10
Z0142,2026-09-13 13:36
Z0419,2026-09-13 13:41
Z0172,2026-09-13 13:42
Z0261,2026-09-13 13:42
Z0338,2026-09-13 13:42
Z0220,2026-09-13 13:43
Z0303,2026-09-13 13:45
Z0034,2026-09-13 13:48
Z0118,2026-09-13 13:51
Z0447,2026-09-13 13:52
Z0233,2026-09-13 13:56
Z0164,2026-09-13 17:07
Z0794,2026-09-13 17:08
Z0389,2026-09-13 17:13
Z0254,2026-09-13 17:15
Z0012,2026-09-13 17:17
Z0103,2026-09-13 17:19
Z0776,2026-09-13 17:27
Z0044,2026-09-13 17:29
Z0727,2026-09-13 17:29
Z0324,2026-09-13 17:31
Z0584,2026-09-13 17:33
Z0134,2026-09-13 17:36
Z0446,2026-09-13 17:42
Z0095,2026-09-13 17:44
Z0064,2026-09-13 17:48
Z0281,2026-09-13 17:48
Z0161,2026-09-13 17:55
Z0629,2026-09-13 17:55
Z0613,2026-09-13 17:57
Z0753,2026-09-13 17:58
Z0217,2026-09-13 18:00
Z0318,2026-09-13 18:00
Z0378,2026-09-13 18:01
Z0579,2026-09-13 18:06
Z0206,2026-09-13 18:07
Z0630,2026-09-13 18:07
Z0229,2026-09-13 18:08
Z0323,2026-09-13 18:08
Z0718,2026-09-13 18:08
Z0090,2026-09-13 18:09
Z0029,2026-09-13 18:12
Z0459,2026-09-13 18:12
Z0162,2026-09-13 18:13
Z0311,2026-09-13 18:13
Z0191,2026-09-13 18:16
Z0023,2026-09-13 18:18
Z0832,2026-09-13 18:21
Z0336,2026-09-13 18:23
Z0788,2026-09-13 18:23
Z0126,2026-09-13 18:24
Z0747,2026-09-13 18:24
Z0268,2026-09-13 18:26
Z0236,2026-09-13 18:28
Z0524,2026-09-13 18:30
Z0100,2026-09-13 18:33
Z0704,2026-09-13 18:33
Z0182,2026-09-13 18:35
Z0216,2026-09-13 18:36
Z0081,2026-09-13 18:38
Z0682,2026-09-13 18:39
Z0149,2026-09-13 18:40
Z0089,2026-09-13 18:43
Z0778,2026-09-13 18:43
Z0674,2026-09-13 18:48
Z0478,2026-09-13 18:49
Z0816,2026-09-13 18:51
Z0119,2026-09-13 18:56
Z0528,2026-09-13 18:57
Z0039,2026-09-13 19:00
Z0053,2026-09-13 19:00
Z0179,2026-09-13 19:02
Z0703,2026-09-13 19:06
Z0415,2026-09-13 19:07
Z0760,2026-09-13 19:07
Z0380,2026-09-13 19:08
Z0305,2026-09-13 19:09
Z0219,2026-09-13 19:11
Z0518,2026-09-13 19:12
Z0711,2026-09-13 19:13
Z0819,2026-09-13 19:16
Z0107,2026-09-13 19:19
Z0121,2026-09-13 19:20
Z0287,2026-09-13 19:20
Z0635,2026-09-13 19:20
Z0422,2026-09-13 19:21
Z0731,2026-09-13 19:22
Z0405,2026-09-13 19:25
Z0569,2026-09-13 19:25
Z0643,2026-09-13 19:26
Z0328,2026-09-13 19:28
Z0848,2026-09-13 19:28
Z0491,2026-09-13 19:30
Z0151,2026-09-13 19:31
Z0302,2026-09-13 19:32
Z0065,2026-09-13 19:33
Z0441,2026-09-13 19:33
Z0203,2026-09-13 19:37
Z0461,2026-09-13 19:38
Z0096,2026-09-13 19:39
Z0073,2026-09-13 19:42
Z0299,2026-09-13 19:44
Z0211,2026-09-13 19:45
Z0479,2026-09-13 19:52
Z0198,2026-09-13 19:54
Z0522,2026-09-13 19:55
Z0492,2026-09-13 19:56
Z0059,2026-09-13 19:57
Z0240,2026-09-13 19:58
Z0648,2026-09-13 19:58
Z0779,2026-09-13 19:58
Z0756,2026-09-13 20:01
Z0520,2026-09-13 20:06
Z0181,2026-09-13 20:09
Z0824,2026-09-13 20:09
Z0477,2026-09-13 20:20
Z0120,2026-09-13 20:25
Z0061,2026-09-13 20:30
Z0764,2026-09-13 20:35
Z0123,2026-09-13 20:42
Z0204,2026-09-13 20:47
Z0196,2026-09-13 20:52
Z0606,2026-09-13 20:52
Z0621,2026-09-13 20:53
Z0386,2026-09-13 20:55
Z0418,2026-09-13 20:55
Z0292,2026-09-13 20:58
Z0280,2026-09-13 20:59
